file,cls,px,inside,around,contrast,weber,ring_px
100_1.png,SRF,5401,100.15904235839844,134.8835906982422,-34.72454833984375,-0.25744086556480056,6692
100_10.png,SRF,7646,99.39484405517578,138.43394470214844,-39.039100646972656,-0.2820052605664627,7676
100_11.png,SRF,7907,101.4953842163086,144.59352111816406,-43.09813690185547,-0.2980640942178523,8266
100_12.png,SRF,7781,100.50816345214844,144.9513702392578,-44.443206787109375,-0.3066077037681747,8061
100_13.png,SRF,7831,102.91814422607422,147.50808715820312,-44.589942932128906,-0.3022881239338829,8032
100_14.png,SRF,8014,102.47367095947266,148.5679168701172,-46.09424591064453,-0.3102570654668436,8105
100_15.png,SRF,7861,102.62803649902344,143.1192626953125,-40.49122619628906,-0.28291947173100723,7932
100_16.png,SRF,8127,97.82884216308594,139.7858123779297,-41.95697021484375,-0.3001518501849634,8469
100_17.png,SRF,6902,93.91162109375,141.99179077148438,-48.080169677734375,-0.3386123198848346,9021
100_18.png,SRF,7040,101.10383605957031,146.02232360839844,-44.918487548828125,-0.30761383902703937,8241
100_18.png,SRF,49,149.75509643554688,183.6666717529297,-33.91157531738281,-0.18463652111582343,672
100_19.png,SRF,6511,101.5711898803711,149.87925720214844,-48.308067321777344,-0.3223132288187299,7760
100_19.png,SRF,100,162.02000427246094,172.0353240966797,-10.01531982421875,-0.058216647521705384,736
100_2.png,SRF,6369,96.63887786865234,140.28749084472656,-43.64861297607422,-0.31113688550025825,7621
100_20.png,SRF,5332,93.45967864990234,148.7634735107422,-55.303794860839844,-0.37175654450449735,7703
100_20.png,SRF,114,167.13157653808594,171.2196044921875,-4.0880279541015625,-0.023875933869991466,806
100_21.png,SRF,1528,57.686519622802734,145.96295166015625,-88.27643203735352,-0.6047865642158734,2105
100_21.png,SRF,47,134.44680786132812,176.0859375,-41.639129638671875,-0.23647049974488665,768
100_21.png,SRF,79,42.7088623046875,87.01408386230469,-44.30522155761719,-0.5091729935090499,497
100_21.png,SHRM,922,153.188720703125,112.1604995727539,41.028221130371094,0.3657992010258279,2704
100_21.png,SHRM,249,134.0562286376953,105.7537841796875,28.302444458007812,0.2676258318087114,727
100_21.png,SHRM,1011,162.11770629882812,134.70150756835938,27.41619873046875,0.20353297617367322,1933
100_21.png,SHRM,574,159.5104522705078,131.2302703857422,28.280181884765625,0.21550044667010143,1863
100_22.png,SRF,1373,58.9781494140625,148.0825958251953,-89.10444641113281,-0.6017212618038956,2046
100_22.png,SHRM,2113,155.7733154296875,122.35919189453125,33.41412353515625,0.2730822508533555,4357
100_22.png,SHRM,693,153.40692138671875,144.14981079101562,9.257110595703125,0.06421868016964535,1889
100_23.png,SRF,1074,64.49069213867188,142.0305633544922,-77.53987121582031,-0.5459379262074008,2159
100_23.png,SHRM,445,164.37078857421875,122.95489501953125,41.4158935546875,0.33683810268886516,1552
100_23.png,SHRM,893,143.9070587158203,111.6471176147461,32.25994110107422,0.2889455795212881,1944
100_23.png,SHRM,1208,151.12831115722656,130.1185302734375,21.009780883789062,0.16146647859945906,2067
100_23.png,SHRM,462,169.6212158203125,143.1302032470703,26.491012573242188,0.18508331555649085,1728
100_24.png,SRF,38,70.42105102539062,139.0582733154297,-68.63722229003906,-0.4935860388137236,532
100_24.png,SRF,811,68.18988800048828,147.94688415527344,-79.75699615478516,-0.5390920978847954,1299
100_24.png,SHRM,1482,141.9608612060547,103.30018615722656,38.660675048828125,0.37425561837793014,1639
100_24.png,SHRM,1691,144.76345825195312,114.40679931640625,30.356658935546875,0.26533963992464954,1470
100_24.png,SHRM,497,151.9376220703125,109.16360473632812,42.774017333984375,0.39183404979434305,1143
100_24.png,SHRM,227,184.87664794921875,145.34288024902344,39.53376770019531,0.27200346953672633,1257
100_3.png,SRF,6753,94.9866714477539,136.787109375,-41.800437927246094,-0.30558755220603984,7398
100_4.png,SRF,6975,94.88043212890625,136.17958068847656,-41.29914855957031,-0.303269758584776,8030
100_5.png,SRF,6885,95.7909927368164,138.22760009765625,-42.436607360839844,-0.3070053110294822,7478
100_5.png,SRF,27,49.0,139.71644592285156,-90.71644592285156,-0.6492896761269124,462
100_6.png,SRF,6523,92.55664825439453,139.81468200683594,-47.258033752441406,-0.33800480088443663,7387
100_7.png,SRF,6616,94.80093383789062,139.90496826171875,-45.104034423828125,-0.3223905125331395,7566
100_8.png,SRF,6632,105.09152221679688,139.53759765625,-34.446075439453125,-0.24685873927907814,6622
100_8.png,SRF,746,65.23190307617188,140.78634643554688,-75.554443359375,-0.5366603031634494,1713
100_9.png,SRF,7569,99.09288024902344,139.8638916015625,-40.77101135253906,-0.2915049115656352,7773
101_1.png,SRF,5221,52.04175567626953,113.06314086914062,-61.021385192871094,-0.5397106848773757,5923
101_10.png,SRF,4804,52.23771667480469,107.4229965209961,-55.185279846191406,-0.5137194235259049,4279
101_11.png,SRF,5188,52.937740325927734,106.53540802001953,-53.5976676940918,-0.5030972208227712,4406
101_11.png,SRF,172,67.34302520751953,122.3443374633789,-55.001312255859375,-0.44956156857135143,848
101_12.png,SRF,5400,53.057037353515625,103.4512939453125,-50.394256591796875,-0.4871302684569302,4106
101_12.png,SRF,399,67.79698944091797,115.70281982421875,-47.90583038330078,-0.4140420298838145,1346
101_13.png,SRF,5035,52.842105865478516,107.29771423339844,-54.45560836791992,-0.5075188111600013,4894
101_13.png,SRF,576,59.73090362548828,116.00909423828125,-56.27819061279297,-0.4851187829912563,1430
101_14.png,SRF,4225,54.120235443115234,109.39018249511719,-55.26994705200195,-0.5052550950307539,4544
101_14.png,SRF,874,62.078948974609375,117.57686614990234,-55.49791717529297,-0.47201391730016834,2075
101_15.png,SRF,3935,56.18144989013672,111.69705963134766,-55.51560974121094,-0.4970194374358494,4354
101_15.png,SRF,1060,63.01415252685547,115.16407012939453,-52.14991760253906,-0.4528314911408145,2249
101_16.png,SRF,3158,56.27992248535156,112.59123992919922,-56.311317443847656,-0.5001394200761793,3858
101_16.png,SRF,1289,56.58262252807617,115.275634765625,-58.69301223754883,-0.5091536677016069,2409
101_17.png,SRF,2895,55.505008697509766,109.82315826416016,-54.31814956665039,-0.4945964988185616,3523
101_17.png,SRF,1744,61.518348693847656,115.96359252929688,-54.44524383544922,-0.46950290731717587,2719
101_18.png,SRF,2592,57.16088104248047,115.1943359375,-58.03345489501953,-0.5037873991174899,3494
101_18.png,SRF,1538,54.42457580566406,112.66497039794922,-58.240394592285156,-0.5169343619988673,2158
101_19.png,SRF,2178,59.40312194824219,118.3119125366211,-58.908790588378906,-0.49791089777324715,3206
101_19.png,SRF,1932,53.739646911621094,114.449462890625,-60.709815979003906,-0.5304508596691447,2592
101_2.png,SRF,5225,52.32612609863281,112.54315948486328,-60.21703338623047,-0.5350572496974325,5897
101_20.png,SRF,1903,65.52233123779297,122.42597961425781,-56.903648376464844,-0.4648004333374173,2979
101_20.png,SRF,1795,54.430641174316406,116.50772857666016,-62.07708740234375,-0.5328151888352888,2783
101_21.png,SRF,1791,64.60357666015625,124.11463928222656,-59.51106262207031,-0.4794846358675467,3210
101_21.png,SRF,2020,56.73168182373047,116.46470642089844,-59.73302459716797,-0.5128852030184611,3372
101_22.png,SRF,3884,59.46549987792969,116.13855743408203,-56.673057556152344,-0.487977970523001,6279
101_23.png,SRF,2845,64.02249908447266,123.35030364990234,-59.32780456542969,-0.4809700731164488,4556
101_23.png,SRF,926,53.92872619628906,115.12013244628906,-61.19140625,-0.5315439180766207,2156
101_24.png,SRF,2366,61.38884353637695,121.23912811279297,-59.850284576416016,-0.49365485803176695,3818
101_24.png,SRF,888,54.99211883544922,113.35970306396484,-58.367584228515625,-0.514888294966518,2010
101_25.png,SRF,1796,62.87026596069336,123.65065002441406,-60.7803840637207,-0.49154924823864643,3767
101_25.png,SRF,1008,57.9375,113.34127807617188,-55.403778076171875,-0.4888225985852863,2139
101_3.png,SRF,4560,54.688377380371094,114.33744049072266,-59.64906311035156,-0.5216931816415069,4466
101_3.png,SRF,148,59.216217041015625,108.40288543701172,-49.186668395996094,-0.4537394756394779,762
101_3.png,SRF,112,64.30357360839844,105.74542999267578,-41.441856384277344,-0.39190210288187133,766
101_4.png,SRF,4918,54.22732925415039,110.52882385253906,-56.30149459838867,-0.5093829160210983,4718
101_4.png,SRF,216,60.48611068725586,105.05308532714844,-44.56697463989258,-0.42423289616964077,810
101_5.png,SRF,4604,52.22480392456055,105.69908142089844,-53.47427749633789,-0.5059105223762631,4566
101_6.png,SRF,4454,52.71868133544922,106.84468841552734,-54.126007080078125,-0.506585847951354,4314
101_6.png,SRF,47,60.10638427734375,112.14317321777344,-52.03678894042969,-0.4640210139174342,454
101_7.png,SRF,4480,53.42924118041992,111.04325103759766,-57.614009857177734,-0.5188429672116719,4023
101_8.png,SRF,4631,54.62945556640625,105.89347839355469,-51.26402282714844,-0.484109348421108,4403
101_9.png,SRF,4809,51.09877395629883,108.57069396972656,-57.471920013427734,-0.529350213322326,4456
102_1.png,SRF,292,81.29109954833984,142.36607360839844,-61.074974060058594,-0.4289994976475608,896
102_10.png,SRF,13,69.46154022216797,139.16163635253906,-69.7000961303711,-0.5008571180767046,365
103_1.png,SRF,68,56.72058868408203,112.24577331542969,-55.525184631347656,-0.4946750598377763,651
103_1.png,SRF,160,71.78125,143.80807495117188,-72.02682495117188,-0.5008538287966627,917
103_1.png,SRF,13,73.23076629638672,142.7860870361328,-69.5553207397461,-0.48712953890349786,388
103_1.png,SHRM,10139,119.40901184082031,103.94502258300781,15.4639892578125,0.14877084898859258,4929
103_10.png,SRF,428,56.474300384521484,105.59690856933594,-49.12260818481445,-0.4651898322625617,1424
103_10.png,SHRM,18124,102.6848373413086,92.23603820800781,10.448799133300781,0.11328326038610828,6321
103_10.png,SHRM,298,176.41275024414062,124.67090606689453,51.741844177246094,0.4150274174592349,1100
103_11.png,SRF,519,51.138729095458984,107.06832122802734,-55.92959213256836,-0.5223729249798644,1449
103_11.png,SRF,110,94.80908966064453,157.05848693847656,-62.24939727783203,-0.39634532645291914,530
103_11.png,SHRM,17730,104.57817077636719,90.90105438232422,13.677116394042969,0.15046158140826246,6347
103_11.png,SHRM,184,180.16847229003906,134.57460021972656,45.5938720703125,0.33879998154086394,811
103_12.png,SRF,630,50.82222366333008,119.9841079711914,-69.16188430786133,-0.5764253739709206,1510
103_12.png,SHRM,18182,102.39599609375,93.7463150024414,8.649681091308594,0.09226689167551101,6382
103_12.png,SHRM,81,174.70370483398438,141.6200714111328,33.08363342285156,0.23360836563065626,558
103_12.png,SHRM,128,170.5625,126.23851776123047,44.32398223876953,0.3511129806086967,784
103_13.png,SRF,1105,55.30226135253906,113.48863220214844,-58.186370849609375,-0.5127066008335226,2331
103_13.png,SRF,68,92.64705657958984,160.3390350341797,-67.69197845458984,-0.42218027843413086,584
103_13.png,SRF,99,91.90908813476562,157.95230102539062,-66.043212890625,-0.41812124585642246,650
103_13.png,SRF,91,77.76923370361328,116.9473648071289,-39.178131103515625,-0.3350065319396354,323
103_13.png,SHRM,15773,102.65098571777344,93.4897689819336,9.161216735839844,0.09799165016238516,5523
103_14.png,SRF,1731,54.0109748840332,103.88046264648438,-49.86948776245117,-0.4800660922368245,2769
103_14.png,SRF,75,66.1866683959961,131.72386169433594,-65.53719329833984,-0.49753470977352854,507
103_14.png,SRF,66,59.56060791015625,158.3146514892578,-98.75404357910156,-0.6237833494886754,553
103_14.png,SHRM,15012,105.18951416015625,96.2998046875,8.88970947265625,0.09231285049335267,5707
103_14.png,SHRM,377,164.96286010742188,122.94112396240234,42.02173614501953,0.3418037414223621,2293
103_15.png,SRF,1093,56.185726165771484,112.57537841796875,-56.389652252197266,-0.5009057312944072,2169
103_15.png,SRF,181,79.81768035888672,149.15797424316406,-69.34029388427734,-0.4648782221407463,671
103_15.png,SHRM,14403,101.83690643310547,94.13134002685547,7.70556640625,0.0818597334750745,5543
103_15.png,SHRM,527,177.1518096923828,127.38556671142578,49.76624298095703,0.3906741106211468,1136
103_16.png,SRF,1375,54.013816833496094,122.42024230957031,-68.40642547607422,-0.5587836144213095,1956
103_16.png,SRF,81,92.60493469238281,146.84017944335938,-54.23524475097656,-0.36934880464305553,438
103_16.png,SHRM,9144,117.4546127319336,101.64615631103516,15.808456420898438,0.15552438965350432,5234
103_16.png,SHRM,237,184.70042419433594,127.12154388427734,57.578880310058594,0.45294352594139686,1086
103_17.png,SRF,1419,54.72163391113281,123.36396026611328,-68.64232635498047,-0.5564212287519742,1698
103_17.png,SRF,85,80.3176498413086,114.55204772949219,-34.234397888183594,-0.2988545256652773,317
103_17.png,SHRM,7692,119.9396743774414,108.63593292236328,11.303741455078125,0.1040515891105418,5065
103_17.png,SHRM,172,169.02325439453125,104.94629669189453,64.07695770263672,0.6105690217040852,689
103_17.png,SHRM,151,170.8675537109375,118.51334381103516,52.354209899902344,0.4417579338861543,637
103_17.png,SHRM,341,170.19354248046875,121.11685943603516,49.076683044433594,0.40520108656179465,1121
103_17.png,SHRM,124,149.2903289794922,124.2571029663086,25.033226013183594,0.20146313905267185,704
103_17.png,SHRM,21,193.0,137.91236877441406,55.08763122558594,0.39943938107316423,388
103_18.png,SRF,1191,54.063812255859375,123.47891235351562,-69.41510009765625,-0.5621615770223449,1660
103_18.png,SHRM,5818,130.3214111328125,115.38975524902344,14.931655883789062,0.1294019200540373,4626
103_18.png,SHRM,986,159.0507049560547,125.56928253173828,33.481422424316406,0.26663704489872997,1530
103_18.png,SHRM,352,157.625,123.9924545288086,33.632545471191406,0.2712467109309234,928
103_19.png,SRF,1062,58.62711715698242,121.62786102294922,-63.0007438659668,-0.5179795429772425,1529
103_19.png,SHRM,6903,144.17079162597656,126.43207550048828,17.73871612548828,0.14030234064630043,5955
103_19.png,SHRM,195,154.76409912109375,113.47721099853516,41.286888122558594,0.3638341809712926,702
103_19.png,SHRM,629,169.27662658691406,117.64105224609375,51.63557434082031,0.4389247916008407,989
103_2.png,SRF,118,65.40677642822266,104.52601623535156,-39.119239807128906,-0.37425361853500405,884
103_2.png,SRF,208,74.77884674072266,144.18789672851562,-69.40904998779297,-0.48137916956011845,1091
103_2.png,SHRM,10795,121.9131088256836,103.87461853027344,18.038490295410156,0.17365638065041827,5240
103_20.png,SRF,906,55.04856491088867,124.73933410644531,-69.69076919555664,-0.5586912075070609,1477
103_20.png,SRF,42,64.07142639160156,160.1422576904297,-96.07083129882812,-0.5999093099120798,239
103_20.png,SHRM,4849,137.48731994628906,125.7625961303711,11.724723815917969,0.09322902179725678,4187
103_20.png,SHRM,918,170.64488220214844,136.705322265625,33.93955993652344,0.24826802185928976,1897
103_21.png,SRF,957,51.11494064331055,120.12396240234375,-69.0090217590332,-0.5744817301971281,1686
103_21.png,SHRM,4141,140.2371368408203,129.34950256347656,10.88763427734375,0.08417221606245287,4000
103_3.png,SRF,137,55.54014587402344,100.15819549560547,-44.61804962158203,-0.4454757736079589,866
103_3.png,SRF,326,83.58895874023438,157.2494354248047,-73.66047668457031,-0.4684307863209729,1331
103_3.png,SHRM,11809,121.21051788330078,97.7051010131836,23.505416870117188,0.2405751248028037,5351
103_4.png,SRF,108,61.74074172973633,105.69947052001953,-43.9587287902832,-0.4158840964293894,752
103_4.png,SRF,283,76.44522857666016,151.68028259277344,-75.23505401611328,-0.4960107716709761,1248
103_4.png,SHRM,12030,119.0755615234375,99.45211791992188,19.623443603515625,0.1973154922584583,5649
103_5.png,SRF,217,51.299537658691406,100.27999877929688,-48.98046112060547,-0.4884369935863785,925
103_5.png,SRF,181,89.34254455566406,145.4740447998047,-56.131500244140625,-0.38585233758631277,1021
103_5.png,SRF,25,80.68000030517578,142.2860107421875,-61.60601043701172,-0.4329730668226941,479
103_5.png,SHRM,13347,112.23383331298828,94.21332550048828,18.0205078125,0.19127345008542984,5419
103_6.png,SRF,185,59.967567443847656,100.0650634765625,-40.097496032714844,-0.4007142417104106,830
103_6.png,SRF,687,80.28092956542969,151.6249237060547,-71.343994140625,-0.47052946439686216,1773
103_6.png,SHRM,15366,106.42887115478516,94.95134735107422,11.477523803710938,0.12087794564171699,5714
103_7.png,SRF,336,61.494049072265625,105.42377471923828,-43.929725646972656,-0.41669657308292274,1161
103_7.png,SRF,370,65.29459381103516,141.19725036621094,-75.90265655517578,-0.5375646930681278,1237
103_7.png,SHRM,15182,101.95948791503906,93.06330108642578,8.896186828613281,0.09559285695605826,5324
103_8.png,SRF,404,59.01237487792969,109.97850799560547,-50.96613311767578,-0.4634190265584644,1303
103_8.png,SRF,118,70.7966079711914,139.4839324951172,-68.68732452392578,-0.49243897340168746,498
103_8.png,SHRM,16798,102.68216705322266,94.38399505615234,8.298171997070312,0.08791927055146839,6060
103_8.png,SHRM,469,155.33474731445312,127.55048370361328,27.784263610839844,0.21782954328422327,1337
103_9.png,SRF,424,52.95990753173828,112.66801452636719,-59.708106994628906,-0.5299472724857123,1482
103_9.png,SRF,12,58.83333206176758,144.43902587890625,-85.60569381713867,-0.5926770365296437,369
103_9.png,SHRM,18465,101.8652572631836,91.34496307373047,10.520294189453125,0.11517103773922938,6508
103_9.png,SHRM,299,160.9966583251953,129.72744750976562,31.269210815429688,0.24103774039858297,1031
103_9.png,SHRM,69,173.27536010742188,126.9966049194336,46.27875518798828,0.36440938887576907,589
103_9.png,SHRM,123,197.02438354492188,128.46519470214844,68.55918884277344,0.533679094962107,632
104_10.png,SHRM,548,161.71168518066406,130.13575744628906,31.575927734375,0.24263836745567285,1510
104_10.png,SHRM,53,162.79244995117188,137.13571166992188,25.65673828125,0.1870901311469062,560
104_11.png,SHRM,845,152.46389770507812,124.75418090820312,27.709716796875,0.22211453431981104,1912
104_11.png,SHRM,397,176.58689880371094,123.89525604248047,52.69164276123047,0.42529185090964156,1413
104_12.png,SHRM,909,131.01539611816406,116.06147003173828,14.953926086425781,0.1288448792035502,1399
104_13.png,SHRM,1350,116.83036804199219,113.18720245361328,3.6431655883789062,0.03218708042432588,1875
104_13.png,SHRM,536,169.48507690429688,125.13272857666016,44.35234832763672,0.35444242950768157,1552
104_14.png,SHRM,2141,131.57870483398438,110.54985809326172,21.028846740722656,0.19022047701754957,2497
104_14.png,SHRM,980,156.2755126953125,121.53311157226562,34.742401123046875,0.28586778264447266,1797
104_15.png,SHRM,2357,133.28680419921875,113.41417694091797,19.87262725830078,0.17522172090225754,2581
104_16.png,SHRM,2332,133.1783905029297,115.28005981445312,17.898330688476562,0.15525955414392123,2853
104_17.png,SHRM,3802,138.4734344482422,113.3552474975586,25.118186950683594,0.22158821497191455,4518
104_18.png,SHRM,4241,140.1355743408203,109.52296447753906,30.61260986328125,0.27950859446978604,4964
104_19.png,SHRM,2927,139.098388671875,109.18878936767578,29.90959930419922,0.27392555112488176,3300
104_19.png,SHRM,1333,142.8072052001953,109.23409271240234,33.57311248779297,0.3073501290131658,1760
104_19.png,SHRM,152,166.21710205078125,123.15957641601562,43.057525634765625,0.3496076138596271,752
104_20.png,SHRM,4434,144.83851623535156,112.03892517089844,32.799591064453125,0.2927517468988774,4984
104_21.png,SHRM,4644,141.53575134277344,110.48941802978516,31.04633331298828,0.28098920119770177,5151
104_22.png,SHRM,2670,143.51760864257812,110.93588256835938,32.58172607421875,0.2936987142473193,2901
104_22.png,SHRM,1575,137.9422149658203,108.93550109863281,29.0067138671875,0.26627420422773035,2186
104_23.png,SHRM,2848,141.2995147705078,107.94290161132812,33.35661315917969,0.30902090513823155,2960
104_23.png,SHRM,1819,142.90928649902344,114.6176986694336,28.291587829589844,0.24683437338229058,2362
104_24.png,SRF,130,157.0076904296875,140.625,16.3826904296875,0.11649913194444445,800
104_24.png,SHRM,2492,143.92254638671875,115.16874694824219,28.753799438476562,0.2496666864961096,2803
104_24.png,SHRM,1462,144.6648406982422,114.0522689819336,30.612571716308594,0.2684082656975265,2162
104_25.png,SRF,84,160.54762268066406,140.35394287109375,20.193679809570312,0.14387682594793175,647
104_25.png,SRF,380,156.40525817871094,135.58615112304688,20.819107055664062,0.15354891988024905,1300
104_25.png,SRF,147,157.04762268066406,142.65142822265625,14.396194458007812,0.1009186843579136,525
104_25.png,SHRM,4820,145.28733825683594,110.19281005859375,35.09452819824219,0.31848292261156674,5311
104_26.png,SRF,179,137.65362548828125,133.0467529296875,4.60687255859375,0.0346259676177771,877
104_26.png,SRF,123,134.38211059570312,141.47528076171875,-7.093170166015625,-0.050137169743189075,789
104_26.png,SRF,97,139.2371063232422,154.8630828857422,-15.6259765625,-0.10090188230353665,650
104_26.png,SHRM,4851,144.7039794921875,111.31519317626953,33.38878631591797,0.2999481505013089,5438
104_27.png,SRF,428,147.68692016601562,127.33890533447266,20.34801483154297,0.1597941711380052,1375
104_27.png,SRF,279,143.98208618164062,141.0348663330078,2.9472198486328125,0.020897101016665726,1520
104_27.png,SHRM,4974,147.32850646972656,110.08478546142578,37.24372100830078,0.3383185137909103,5178
104_28.png,SHRM,4742,146.01475524902344,112.99263000488281,33.022125244140625,0.29225025776206487,5158
104_29.png,SHRM,4317,145.2293243408203,113.95315551757812,31.276168823242188,0.2744651403568864,4846
104_30.png,SHRM,4121,141.44285583496094,111.667236328125,29.775619506835938,0.2666459785871545,4688
104_31.png,SHRM,4412,140.10585021972656,109.51968383789062,30.586166381835938,0.2792755175143595,4699
104_32.png,SHRM,4463,140.89401245117188,106.17169189453125,34.722320556640625,0.327039344829628,4741
104_33.png,SHRM,4422,142.3292694091797,107.08130645751953,35.247962951660156,0.3291700868969455,4809
104_34.png,SHRM,4970,140.78208923339844,108.30540466308594,32.4766845703125,0.2998620860273802,4941
104_35.png,SRF,22,63.59090805053711,131.79861450195312,-68.20770645141602,-0.5175145938306146,432
104_35.png,SHRM,5231,142.81533813476562,105.57100677490234,37.24433135986328,0.35278939263386344,5084
104_36.png,SHRM,5380,142.48085021972656,108.56437683105469,33.916473388671875,0.31240886171577154,5204
104_37.png,SHRM,5040,151.11012268066406,114.56244659423828,36.54767608642578,0.31901968902490146,5709
104_38.png,SHRM,470,164.35105895996094,129.448974609375,34.90208435058594,0.26962040028440865,1568
104_38.png,SHRM,5638,150.0340576171875,112.67354583740234,37.360511779785156,0.33158192992079616,5670
104_39.png,SHRM,5572,152.21859741210938,118.03244018554688,34.1861572265625,0.289633571692849,6289
104_40.png,SHRM,4918,151.5538787841797,117.42738342285156,34.126495361328125,0.2906178641351473,5047
104_40.png,SHRM,529,121.01322937011719,116.63348388671875,4.3797454833984375,0.03755135607243201,1105
104_5.png,SHRM,381,153.20472717285156,120.61128234863281,32.59344482421875,0.27023545550246125,1312
104_6.png,SHRM,327,144.65748596191406,126.76136016845703,17.89612579345703,0.14117966050280878,1232
104_6.png,SHRM,405,179.3432159423828,130.90505981445312,48.43815612792969,0.37002508685750335,1264
104_7.png,SRF,122,78.45901489257812,134.37771606445312,-55.918701171875,-0.4161307604383905,736
104_8.png,SRF,102,73.46078491210938,137.488037109375,-64.02725219726562,-0.4656932598894435,752
104_9.png,SHRM,202,184.43069458007812,133.3023223876953,51.12837219238281,0.383551998769245,946
105_10.png,SRF,324,46.1728401184082,140.68316650390625,-94.51032638549805,-0.6717955583042258,808
105_10.png,SHRM,2268,102.90784454345703,98.44287872314453,4.4649658203125,0.04535590464465723,2416
105_11.png,SRF,273,47.336997985839844,142.12339782714844,-94.7863998413086,-0.6669302964216247,778
105_11.png,SHRM,484,135.00827026367188,109.96729278564453,25.040977478027344,0.22771295758675136,1376
105_11.png,SHRM,3521,110.45441436767578,91.07902526855469,19.375389099121094,0.21273162555254646,2784
105_12.png,SRF,200,49.599998474121094,140.4312744140625,-90.8312759399414,-0.6468023331620905,633
105_12.png,SHRM,5874,113.3301010131836,89.27169799804688,24.05840301513672,0.26949641997022483,3526
105_12.png,SHRM,388,161.26031494140625,119.59845733642578,41.66185760498047,0.3483477841840994,1168
105_13.png,SRF,264,50.90151596069336,146.75936889648438,-95.85785293579102,-0.653163431108808,640
105_13.png,SHRM,7999,114.83172607421875,83.04872131347656,31.783004760742188,0.3827031200248554,4064
105_13.png,SHRM,566,162.26678466796875,118.99862670898438,43.268157958984375,0.3636021621056038,1459
105_14.png,SRF,154,41.42856979370117,145.02517700195312,-103.59660720825195,-0.7143353268023025,556
105_14.png,SHRM,11744,106.35192108154297,89.50634002685547,16.8455810546875,0.18820545058185995,5050
105_15.png,SHRM,12906,104.78521728515625,86.26654052734375,18.5186767578125,0.21466812792779918,4686
105_16.png,SRF,88,48.09090805053711,121.7508544921875,-73.65994644165039,-0.6050055808550978,586
105_16.png,SHRM,12583,108.4584732055664,92.62771606445312,15.830757141113281,0.17090734624286502,4467
105_17.png,SRF,170,50.31764602661133,117.89888000488281,-67.58123397827148,-0.5732135366805231,623
105_17.png,SHRM,12207,113.9843521118164,95.3051528930664,18.67919921875,0.19599359165509445,4755
105_18.png,SRF,78,49.089744567871094,127.27053833007812,-78.18079376220703,-0.6142882303164612,499
105_18.png,SHRM,13107,114.4490737915039,89.34980773925781,25.099266052246094,0.2809101293814892,4654
105_19.png,SHRM,10985,116.8077392578125,90.20133972167969,26.606399536132812,0.2949667889438013,5086
105_20.png,SHRM,10900,112.74871826171875,91.96024322509766,20.788475036621094,0.22605937422039715,5257
105_21.png,SHRM,11727,107.27748107910156,89.7122573852539,17.565223693847656,0.1957951366491294,6054
105_21.png,SHRM,186,177.30645751953125,108.35416412353516,68.9522933959961,0.636360346219673,912
105_22.png,SHRM,10244,109.09214782714844,84.03936767578125,25.052780151367188,0.2981076707766208,5588
105_22.png,SHRM,252,176.1746063232422,104.36961364746094,71.80499267578125,0.687987529764398,928
105_23.png,SHRM,7400,115.3727035522461,94.33732604980469,21.035377502441406,0.2229804297329345,5763
105_23.png,SHRM,97,180.0309295654297,118.61627960205078,61.414649963378906,0.5177590307959473,688
105_24.png,SHRM,6000,104.4046630859375,93.90180206298828,10.502861022949219,0.11184940855452398,4613
105_25.png,SHRM,4735,125.67623901367188,95.46188354492188,30.21435546875,0.31650701145585414,4631
105_26.png,SHRM,545,135.2752227783203,98.319580078125,36.95564270019531,0.37587266616507375,1139
105_26.png,SHRM,1289,120.64856719970703,103.37491607666016,17.273651123046875,0.16709712354433431,1531
105_27.png,SHRM,948,116.29957580566406,94.21807861328125,22.081497192382812,0.23436581935635165,1449
105_27.png,SHRM,1087,129.24102783203125,113.45645904541016,15.784568786621094,0.1391244616606925,1470
105_28.png,SHRM,1493,116.95110321044922,98.40752410888672,18.5435791015625,0.1884365984154246,1941
105_28.png,SHRM,1405,139.5081787109375,109.25909423828125,30.24908447265625,0.2768564455301684,2227
105_29.png,SHRM,3961,124.27720642089844,107.49150848388672,16.78569793701172,0.15615836240243983,4004
105_30.png,SHRM,2895,127.23799896240234,116.19209289550781,11.045906066894531,0.09506590157411292,3389
105_5.png,SRF,129,46.75968933105469,131.42137145996094,-84.66168212890625,-0.6442002635370414,992
105_6.png,SRF,307,48.889251708984375,127.31703186035156,-78.42778015136719,-0.6160038370780679,1145
105_6.png,SHRM,250,174.2480010986328,121.9620132446289,52.285987854003906,0.42870715613007915,816
105_7.png,SRF,570,57.82105255126953,137.62637329101562,-79.8053207397461,-0.5798693871776672,1274
105_8.png,SRF,605,61.3636360168457,131.7633819580078,-70.39974594116211,-0.5342891545057494,1251
105_9.png,SRF,411,44.41605758666992,128.53860473632812,-84.1225471496582,-0.6544535575302004,1049
105_9.png,SHRM,257,160.02723693847656,112.76077270507812,47.26646423339844,0.4191747103136853,928
105_9.png,SHRM,1229,100.89259338378906,95.79293823242188,5.0996551513671875,0.05323623270636007,1840
106_1.png,SHRM,383,160.68406677246094,110.67692565917969,50.00714111328125,0.4518298716326296,1040
106_10.png,SHRM,4325,154.0800018310547,124.97441864013672,29.10558319091797,0.23289232714678487,3088
106_11.png,SRF,58,89.53448486328125,154.1912841796875,-64.65679931640625,-0.41932849616232626,528
106_11.png,SHRM,5122,151.5704803466797,126.9316635131836,24.638816833496094,0.19411087944133826,3190
106_12.png,SHRM,5807,151.2441864013672,121.31658172607422,29.92760467529297,0.24669014119494198,3184
106_13.png,SHRM,5704,147.8409881591797,123.25471496582031,24.586273193359375,0.19947531581390116,3023
106_14.png,SHRM,5999,149.05967712402344,115.55168914794922,33.50798797607422,0.28998267548621903,3134
106_16.png,SHRM,177,200.64971923828125,160.1988067626953,40.45091247558594,0.25250445551386924,503
106_17.png,SHRM,759,178.03952026367188,150.5244598388672,27.515060424804688,0.18279461327586824,1165
106_18.png,SHRM,1270,177.4818878173828,135.74586486816406,41.73602294921875,0.30745704843202876,1389
106_19.png,SRF,169,71.52071380615234,147.2663116455078,-75.74559783935547,-0.5143443669702717,736
106_19.png,SHRM,960,180.10104370117188,143.22796630859375,36.873077392578125,0.25744327970930436,1430
106_2.png,SRF,32,60.875,156.5689697265625,-95.6939697265625,-0.6111937115872051,464
106_2.png,SHRM,509,195.42828369140625,140.29739379882812,55.130889892578125,0.392957334415136,1456
106_20.png,SHRM,769,175.63198852539062,149.51329040527344,26.118698120117188,0.17469148093336298,1091
106_21.png,SHRM,958,177.1920623779297,148.99082946777344,28.20123291015625,0.1892816692872775,1200
106_22.png,SHRM,1077,174.19126892089844,131.3610382080078,42.830230712890625,0.326049727508013,1155
106_23.png,SHRM,1782,168.40516662597656,127.01018524169922,41.394981384277344,0.3259185970440329,2160
106_24.png,SHRM,1764,161.9081573486328,116.74288940429688,45.16526794433594,0.38687810602256323,1968
106_25.png,SHRM,1310,160.17556762695312,116.77838134765625,43.397186279296875,0.37162003599023047,1665
106_26.png,SHRM,1225,156.61061096191406,115.25204467773438,41.35856628417969,0.3588532108026868,1591
106_27.png,SHRM,795,142.71446228027344,110.22817993164062,32.48628234863281,0.29471848640501536,1100
106_28.png,SHRM,896,124.49330139160156,110.7331771850586,13.760124206542969,0.12426378937494846,1308
106_3.png,SHRM,484,197.03512573242188,144.0250701904297,53.01005554199219,0.36806130677042814,1316
106_4.png,SRF,47,61.82978820800781,158.74432373046875,-96.91453552246094,-0.6105070924426355,528
106_4.png,SHRM,368,202.11956787109375,144.25306701660156,57.86650085449219,0.4011457229386502,980
106_5.png,SRF,89,52.60674285888672,153.1554412841797,-100.54869842529297,-0.6565140460058811,624
106_5.png,SHRM,112,195.5892791748047,149.6460723876953,45.943206787109375,0.30701244646155557,534
106_6.png,SHRM,455,190.72088623046875,143.48269653320312,47.238189697265625,0.32922568949862396,1098
106_7.png,SHRM,811,177.07151794433594,135.40687561035156,41.664642333984375,0.3076996064356366,1310
106_8.png,SRF,96,61.54166793823242,148.13906860351562,-86.5974006652832,-0.5845682808837916,453
106_8.png,SHRM,2204,166.03131103515625,122.23439025878906,43.79692077636719,0.3583027712875431,2210
106_9.png,SRF,52,53.61538314819336,152.33584594726562,-98.72046279907227,-0.6480448655088475,399
106_9.png,SHRM,3442,156.19320678710938,125.36331176757812,30.82989501953125,0.24592438237982622,2513
107_1.png,SRF,348,60.767242431640625,123.58517456054688,-62.81793212890625,-0.5082966654558592,769
107_1.png,SRF,2221,41.65510940551758,108.31549072265625,-66.66038131713867,-0.6154279583870766,2485
107_10.png,SRF,10786,65.12794494628906,117.02098083496094,-51.893035888671875,-0.44345070019416916,4861
107_11.png,SRF,10919,61.11603546142578,123.1733169555664,-62.057281494140625,-0.5038208195410309,5366
107_12.png,SRF,11923,63.67902374267578,115.57679748535156,-51.89777374267578,-0.44903280651337835,5267
107_13.png,SRF,12004,63.61771011352539,113.28031921386719,-49.6626091003418,-0.43840456528535593,5269
107_14.png,SRF,11820,63.95296096801758,115.83613586425781,-51.883174896240234,-0.44790146450533674,5236
107_15.png,SRF,12562,67.29119873046875,117.62210845947266,-50.330909729003906,-0.42790348165154424,5364
107_16.png,SRF,11863,63.864200592041016,115.93128967285156,-52.06708908081055,-0.44912024379043425,5181
107_17.png,SRF,11087,65.6729507446289,110.44625091552734,-44.77330017089844,-0.40538542322402976,4856
107_18.png,SRF,10670,69.68669128417969,112.76541137695312,-43.07872009277344,-0.3820206884961342,4672
107_19.png,SRF,9607,64.86478424072266,110.10076904296875,-45.235984802246094,-0.4108598440814883,4535
107_2.png,SRF,140,67.67857360839844,128.16339111328125,-60.48481750488281,-0.47193521472462757,459
107_2.png,SRF,3026,46.95241165161133,113.99375915527344,-67.04134750366211,-0.5881141915176566,3045
107_20.png,SRF,9112,62.55202102661133,108.63426971435547,-46.08224868774414,-0.42419623944555873,4640
107_21.png,SRF,8321,61.54056167602539,108.61919403076172,-47.07863235473633,-0.43342829759354806,4438
107_22.png,SRF,7787,60.08629608154297,110.51363372802734,-50.427337646484375,-0.45629969756116623,4402
107_23.png,SRF,6816,58.08494567871094,111.80999755859375,-53.72505187988281,-0.48050311289675446,4400
107_24.png,SRF,7312,56.54814147949219,118.62554168701172,-62.07740020751953,-0.5233055151925715,5787
107_25.png,SRF,7387,59.77934265136719,115.23548126220703,-55.456138610839844,-0.4812418710228219,6077
107_26.png,SRF,7129,57.4253044128418,113.58987426757812,-56.16456985473633,-0.4944504976071387,6303
107_27.png,SRF,6773,59.40646743774414,112.239990234375,-52.83352279663086,-0.4707192390725092,6142
107_28.png,SRF,602,63.21760940551758,130.01873779296875,-66.80112838745117,-0.5137807789967923,1014
107_28.png,SRF,4703,54.489688873291016,110.0696029663086,-55.57991409301758,-0.5049524355060147,4856
107_29.png,SRF,569,64.35149383544922,121.08177185058594,-56.73027801513672,-0.46852864100090547,1015
107_29.png,SRF,4514,53.87749099731445,105.80835723876953,-51.93086624145508,-0.4908011767375493,4832
107_3.png,SRF,3524,48.585697174072266,116.56526947021484,-67.97957229614258,-0.583188908712753,3248
107_30.png,SRF,2886,46.465003967285156,106.02421569824219,-59.55921173095703,-0.5617510239403213,4336
107_31.png,SRF,1847,49.566864013671875,105.44581604003906,-55.87895202636719,-0.5299304811216907,3248
107_4.png,SRF,3709,44.2572135925293,111.27140045166016,-67.01418685913086,-0.6022588606516547,3084
107_5.png,SRF,4369,47.396888732910156,114.56549835205078,-67.16860961914062,-0.5862900313385515,3252
107_6.png,SRF,4967,52.65592956542969,115.3322982788086,-62.676368713378906,-0.5434416000439245,3533
107_7.png,SRF,5907,55.15083694458008,118.00154876708984,-62.850711822509766,-0.5326261602427254,3874
107_7.png,SRF,2,37.0,71.21774291992188,-34.217742919921875,-0.48046654551235546,248
107_8.png,SRF,7498,57.71925735473633,120.1416244506836,-62.422367095947266,-0.5195731902357517,4046
107_9.png,SRF,9578,61.728336334228516,120.09882354736328,-58.370487213134766,-0.4860204745479063,4766
108_12.png,SHRM,2176,116.83087921142578,89.26453399658203,27.56634521484375,0.3088163235792983,3716
108_13.png,SHRM,3997,123.14435577392578,91.3857421875,31.75861358642578,0.3475226312794537,4656
108_14.png,SHRM,4589,132.62649536132812,98.68988800048828,33.936607360839844,0.3438711710836265,4105
108_14.png,SHRM,926,113.05399322509766,84.78304290771484,28.270950317382812,0.3334505267539801,1498
108_15.png,SHRM,8004,122.8925552368164,96.97024536132812,25.92230987548828,0.26732230880614166,6587
108_16.png,SHRM,5369,134.8096466064453,96.34640502929688,38.46324157714844,0.39921823305656906,5456
108_17.png,SHRM,703,164.3342742919922,120.1063232421875,44.22795104980469,0.3682399881696617,1345
108_17.png,SHRM,3239,122.94103240966797,84.25357818603516,38.68745422363281,0.45917876791190304,3916
108_18.png,SHRM,3786,129.42578125,95.01898193359375,34.40679931640625,0.36210448287535063,4530
108_18.png,SHRM,1033,99.94288635253906,86.84236907958984,13.100517272949219,0.15085398304763858,1973
108_19.png,SHRM,2186,89.65050506591797,89.24478912353516,0.4057159423828125,0.0045461023144018975,2304
108_19.png,SHRM,1086,87.85635375976562,78.27727508544922,9.579078674316406,0.12237368589874482,1760
108_20.png,SHRM,612,101.62908172607422,84.27659606933594,17.35248565673828,0.20589922310652017,1504
109_10.png,SRF,1555,62.35048294067383,137.8460693359375,-75.49558639526367,-0.5476803710033784,2800
109_11.png,SRF,1564,65.9430923461914,132.7257080078125,-66.7826156616211,-0.5031626251162294,2450
109_11.png,SHRM,1001,138.293701171875,108.87966918945312,29.414031982421875,0.2701517390840046,1446
109_12.png,SRF,1387,54.57101821899414,132.7532196044922,-78.18220138549805,-0.5889288532392962,2330
109_12.png,SHRM,1220,129.04917907714844,112.06902313232422,16.98015594482422,0.15151515976698657,1753
109_13.png,SRF,1481,51.338958740234375,126.729248046875,-75.39028930664062,-0.5948925797993769,2253
109_13.png,SHRM,1618,142.2904815673828,105.40657043457031,36.8839111328125,0.3499204174915043,2071
109_14.png,SRF,1740,54.83390808105469,123.30847930908203,-68.47457122802734,-0.5553111319813673,2347
109_14.png,SHRM,1369,131.85391235351562,108.94029235839844,22.913619995117188,0.21033191208753652,1792
109_15.png,SRF,2017,50.5726318359375,122.88121795654297,-72.30858612060547,-0.5884429477756109,2753
109_16.png,SRF,2330,53.275108337402344,122.27666473388672,-69.00155639648438,-0.5643068245822203,3047
109_17.png,SRF,2762,54.68863296508789,117.75569915771484,-63.06706619262695,-0.5355754892861597,3422
109_18.png,SRF,3057,53.2859001159668,120.38591766357422,-67.10001754760742,-0.5573743079744801,3848
109_19.png,SRF,3251,51.774532318115234,118.48974609375,-66.71521377563477,-0.5630463054824101,3463
109_20.png,SRF,3240,49.687652587890625,116.85295104980469,-67.16529846191406,-0.5747847859938692,3407
109_21.png,SRF,3519,56.64023971557617,114.56554412841797,-57.9253044128418,-0.5056084257576832,3425
109_22.png,SRF,2541,51.8504524230957,112.36962127685547,-60.519168853759766,-0.5385723309029677,3160
109_23.png,SRF,2255,51.676719665527344,112.52944946289062,-60.85272979736328,-0.5407715943498949,2852
109_24.png,SRF,2163,55.09754943847656,111.1338119506836,-56.03626251220703,-0.5042233459702932,3079
109_25.png,SRF,461,66.87201690673828,114.1763916015625,-47.30437469482422,-0.4143095961545246,1525
109_5.png,SRF,152,80.61842346191406,129.4165802001953,-48.79815673828125,-0.37706263496373554,1025
109_6.png,SRF,758,78.12928771972656,131.70594787597656,-53.57666015625,-0.4067899819277827,1952
109_7.png,SRF,1083,67.16620635986328,134.93508911132812,-67.76888275146484,-0.5022332085581694,2326
109_8.png,SRF,1304,61.727760314941406,136.8243408203125,-75.0965805053711,-0.5488539543120715,2670
109_9.png,SRF,1429,63.523441314697266,137.16029357910156,-73.6368522644043,-0.5368671234429611,2901
10_10.png,SHRM,128,112.96875,95.8203125,17.1484375,0.1789645332246229,768
10_5.png,SHRM,1159,108.51509857177734,84.88359069824219,23.631507873535156,0.27839901303827064,1804
10_6.png,SHRM,1246,104.38201904296875,84.64293670654297,19.73908233642578,0.2332041290682195,1854
10_7.png,SHRM,602,100.39036560058594,83.23628234863281,17.154083251953125,0.20608901272288607,1841
10_8.png,SHRM,405,147.00247192382812,103.3297348022461,43.67273712158203,0.42265411021487215,1204
10_9.png,SHRM,312,132.3621826171875,95.34514617919922,37.01703643798828,0.38824248450377885,1072
110_1.png,SRF,279,98.21147155761719,137.86581420898438,-39.65434265136719,-0.2876299891955595,626
110_1.png,SRF,1016,81.13385772705078,113.06759643554688,-31.933738708496094,-0.28243050807840975,1287
110_1.png,SRF,2853,59.0438117980957,100.64877319335938,-41.60496139526367,-0.4133677945118629,1993
110_1.png,SRF,435,77.53333282470703,134.36669921875,-56.83336639404297,-0.4229721108317011,1039
110_1.png,SHRM,13548,148.6226043701172,117.98397827148438,30.638626098632812,0.2596846330112085,6679
110_10.png,SRF,2748,64.46761322021484,111.6519775390625,-47.184364318847656,-0.422602137094614,2020
110_10.png,SRF,400,72.6675033569336,117.53524017333984,-44.86773681640625,-0.3817385896369101,1504
110_10.png,SRF,404,79.31683349609375,104.25704956054688,-24.940216064453125,-0.2392185101110999,603
110_10.png,SRF,1526,84.09501647949219,131.24559020996094,-47.15057373046875,-0.3592545368955965,2264
110_10.png,SHRM,7265,157.83180236816406,128.04156494140625,29.790237426757812,0.23266067890056072,5366
110_11.png,SRF,2949,68.20447540283203,107.24847412109375,-39.04399871826172,-0.3640517875730085,2129
110_11.png,SRF,315,80.06031799316406,114.05461120605469,-33.994293212890625,-0.2980527736092621,586
110_11.png,SHRM,9080,161.56298828125,114.12947082519531,47.43351745605469,0.4156114727694262,7322
110_12.png,SRF,3066,67.78506469726562,112.06087493896484,-44.27581024169922,-0.3951049843740245,2382
110_12.png,SRF,357,72.2100830078125,117.73919677734375,-45.52911376953125,-0.38669461840844066,648
110_12.png,SHRM,7659,162.19049072265625,120.88549041748047,41.30500030517578,0.34168699785663387,7135
110_13.png,SRF,2794,67.09305572509766,114.2179946899414,-47.12493896484375,-0.4125876933207426,2523
110_13.png,SRF,950,83.54105377197266,113.07984924316406,-29.538795471191406,-0.26122068316231944,1603
110_13.png,SHRM,6157,162.1572265625,121.05304718017578,41.10417938232422,0.33955509869276246,6711
110_2.png,SRF,657,101.34703063964844,123.58847045898438,-22.241439819335938,-0.179963711313324,746
110_2.png,SRF,928,78.4051742553711,108.62825775146484,-30.22308349609375,-0.27822487556821923,1189
110_2.png,SRF,2445,51.668304443359375,110.83992767333984,-59.17162322998047,-0.5338475445812919,1693
110_2.png,SRF,413,78.59806060791016,136.37139892578125,-57.773338317871094,-0.4236470313640593,1112
110_2.png,SHRM,13513,149.12432861328125,116.1051025390625,33.01922607421875,0.28439082651952985,6622
110_3.png,SRF,1510,80.65032958984375,114.20272827148438,-33.552398681640625,-0.29379682245313243,1835
110_3.png,SRF,3132,50.429439544677734,106.73329162597656,-56.30385208129883,-0.5275191200755182,1586
110_3.png,SRF,761,66.47700500488281,134.27537536621094,-67.79837036132812,-0.5049203562188582,1202
110_3.png,SHRM,13536,146.74742126464844,117.69915771484375,29.048263549804688,0.2468009466999035,6874
110_4.png,SRF,1572,80.3288803100586,110.40205383300781,-30.07317352294922,-0.27239686653327455,1654
110_4.png,SRF,3210,47.90342712402344,104.4317626953125,-56.52833557128906,-0.5412944693485134,1612
110_4.png,SRF,887,70.64599609375,132.4866943359375,-61.8406982421875,-0.4667691238893941,1391
110_4.png,SHRM,13278,147.6525115966797,113.14588928222656,34.506622314453125,0.3049745999024427,6032
110_5.png,SRF,1182,69.1463623046875,114.4727554321289,-45.326393127441406,-0.39595791117577755,1762
110_5.png,SRF,3507,46.52153015136719,103.05180358886719,-56.5302734375,-0.548561708468798,2104
110_5.png,SRF,61,61.37704849243164,99.19680786132812,-37.819759368896484,-0.3812598427740387,376
110_5.png,SRF,1225,68.35265350341797,132.15701293945312,-63.804359436035156,-0.48279208206125773,1777
110_5.png,SHRM,10752,148.5491943359375,120.46867370605469,28.080520629882812,0.23309396348464573,6337
110_6.png,SRF,1454,71.45185852050781,105.26471710205078,-33.81285858154297,-0.3212173985017457,2055
110_6.png,SRF,4014,47.885650634765625,104.81197357177734,-56.92632293701172,-0.5431280510907223,2138
110_6.png,SRF,1219,71.90238189697266,130.23553466796875,-58.333152770996094,-0.44790504311833607,1728
110_6.png,SHRM,9438,154.9312286376953,123.82763671875,31.103591918945312,0.25118457190288607,5906
110_7.png,SRF,1794,68.96488189697266,119.18065643310547,-50.21577453613281,-0.4213416508938115,2109
110_7.png,SRF,3413,50.19279098510742,98.06246948242188,-47.86967849731445,-0.4881549358278735,2145
110_7.png,SRF,1123,70.65182495117188,128.40316772460938,-57.7513427734375,-0.4497657168185972,1766
110_7.png,SHRM,9483,151.0514678955078,125.12881469726562,25.922653198242188,0.20716773559278878,6288
110_8.png,SRF,2389,71.72541046142578,104.93684387207031,-33.21143341064453,-0.31648973025273147,1916
110_8.png,SRF,393,75.46819305419922,97.60021209716797,-22.13201904296875,-0.22676199741179606,958
110_8.png,SRF,1683,51.37492752075195,104.47099304199219,-53.096065521240234,-0.5082373965747433,1172
110_8.png,SRF,1095,69.926025390625,130.41033935546875,-60.48431396484375,-0.4637999890482406,2013
110_8.png,SHRM,8819,159.1680450439453,127.86280822753906,31.30523681640625,0.24483457895510022,5445
110_9.png,SRF,3018,74.45361328125,103.02442169189453,-28.57080841064453,-0.277320735622167,2129
110_9.png,SRF,384,77.01822662353516,106.75318145751953,-29.734954833984375,-0.2785392849937391,1021
110_9.png,SRF,1066,57.00469207763672,108.6693344116211,-51.664642333984375,-0.4754298221638814,1001
110_9.png,SRF,1213,68.75762939453125,131.8452606201172,-63.08763122558594,-0.47849752754753105,2055
110_9.png,SHRM,7686,160.0110626220703,130.97010803222656,29.04095458984375,0.22173727292565049,5253
111_10.png,SRF,785,83.47006225585938,132.62234497070312,-49.15228271484375,-0.37061841068864915,1888
111_10.png,SRF,610,71.2983627319336,126.8621826171875,-55.563819885253906,-0.43798568445665403,1872
111_11.png,SRF,578,71.64533233642578,133.87139892578125,-62.22606658935547,-0.4648197231721901,1664
111_11.png,SRF,787,72.74205780029297,125.85664367675781,-53.114585876464844,-0.422024490124502,2016
111_12.png,SRF,608,70.125,132.9685821533203,-62.84358215332031,-0.47261978082054074,1719
111_12.png,SRF,1006,70.38966369628906,131.24398803710938,-60.85432434082031,-0.46367323373024666,2160
111_13.png,SRF,709,68.48660278320312,128.77210998535156,-60.28550720214844,-0.4681565535348159,1900
111_13.png,SRF,1333,72.91822814941406,127.66112518310547,-54.742897033691406,-0.4288141511769788,2588
111_14.png,SRF,644,71.69409942626953,133.61044311523438,-61.916343688964844,-0.4634094629531626,1743
111_14.png,SRF,2088,84.4636001586914,130.2484893798828,-45.784889221191406,-0.35151954114151124,2149
111_14.png,SHRM,2211,117.73677062988281,109.38590240478516,8.350868225097656,0.07634318537863378,2397
111_15.png,SRF,675,76.30815124511719,131.68431091308594,-55.37615966796875,-0.42052207498369365,2002
111_15.png,SRF,1759,70.44854736328125,131.49688720703125,-61.04833984375,-0.46425691999563695,2091
111_15.png,SRF,14,65.57142639160156,102.71428680419922,-37.142860412597656,-0.36161337987384207,217
111_15.png,SHRM,3472,113.3309326171875,105.18135070800781,8.149581909179688,0.07748124410194736,2531
111_16.png,SRF,5229,82.99559783935547,114.47929382324219,-31.48369598388672,-0.2750165111299344,3839
111_16.png,SRF,714,78.79692077636719,145.87948608398438,-67.08256530761719,-0.4598492022997465,1618
111_16.png,SHRM,1135,129.86520385742188,118.8558349609375,11.009368896484375,0.09262792104487469,1311
111_17.png,SRF,676,69.27958679199219,137.69667053222656,-68.41708374023438,-0.49686810491341565,1622
111_17.png,SRF,2560,78.771484375,118.83992767333984,-40.068443298339844,-0.33716314106549783,2174
111_17.png,SHRM,6252,98.79862213134766,104.64559173583984,-5.8469696044921875,-0.05587401731409648,3321
111_18.png,SRF,859,70.46216583251953,138.0973358154297,-67.63516998291016,-0.4897644808536071,1952
111_18.png,SRF,1985,68.53350067138672,123.77130126953125,-55.23780059814453,-0.44628924501533385,2195
111_18.png,SHRM,6899,94.19654846191406,103.32706451416016,-9.130516052246094,-0.08836519352579525,3776
111_19.png,SRF,1278,82.51251983642578,133.52610778808594,-51.013587951660156,-0.38204953920039236,2203
111_19.png,SRF,3142,82.44621276855469,126.86943054199219,-44.4232177734375,-0.3501491067127788,2313
111_19.png,SHRM,7555,92.7647933959961,101.01382446289062,-8.249031066894531,-0.08166239730805333,3761
111_20.png,SRF,1095,78.32968139648438,141.88380432128906,-63.55412292480469,-0.4479307784903302,2272
111_20.png,SRF,5588,81.2462387084961,112.822265625,-31.576026916503906,-0.2798740722106812,3539
111_20.png,SHRM,2406,105.51995086669922,101.01545715332031,4.504493713378906,0.04459212322864636,2070
111_21.png,SRF,1181,84.51227569580078,139.66799926757812,-55.155723571777344,-0.3949059473967917,1994
111_21.png,SRF,2632,73.88601684570312,125.21102905273438,-51.32501220703125,-0.40990807754974207,2829
111_21.png,SHRM,5838,108.73124694824219,102.172119140625,6.5591278076171875,0.06419684609447618,3271
111_22.png,SRF,5881,75.75054931640625,113.8031005859375,-38.05255126953125,-0.3343718323456062,5348
111_22.png,SRF,1107,75.39656829833984,139.50643920898438,-64.10987091064453,-0.45954775474274867,2176
111_22.png,SHRM,3094,118.63251495361328,110.88228607177734,7.7502288818359375,0.06989600554248122,1665
111_23.png,SRF,7908,80.99203491210938,119.09705352783203,-38.105018615722656,-0.3199492975434343,5028
111_23.png,SRF,1652,86.94007110595703,134.18202209472656,-47.24195098876953,-0.3520736254475194,2615
111_23.png,SHRM,1567,127.78685760498047,110.4115219116211,17.375335693359375,0.1573688632538501,955
111_24.png,SRF,8895,78.40180206298828,126.92603302001953,-48.52423095703125,-0.38230321867364847,5408
111_24.png,SRF,1579,77.14566040039062,141.49957275390625,-64.35391235351562,-0.454799340386977,2342
111_25.png,SRF,11675,79.1390151977539,124.5666732788086,-45.42765808105469,-0.36468548838401776,7514
111_26.png,SRF,8674,75.64134216308594,127.78018951416016,-52.13884735107422,-0.40803545173406064,6228
111_27.png,SRF,8454,62.529571533203125,128.69517517089844,-66.16560363769531,-0.5141265284408051,5472
111_28.png,SRF,8563,61.598506927490234,126.1559829711914,-64.55747604370117,-0.5117274228559047,5911
111_29.png,SRF,8521,59.86140060424805,127.92745208740234,-68.0660514831543,-0.5320675927841535,5734
111_3.png,SRF,240,73.10416412353516,120.3580322265625,-47.253868103027344,-0.3926108397491615,1120
111_30.png,SRF,8335,60.704498291015625,127.83438873291016,-67.12989044189453,-0.5251317044441921,5223
111_4.png,SRF,334,93.32634735107422,117.5615234375,-24.23517608642578,-0.20614887743701354,1341
111_4.png,SRF,318,67.10691833496094,122.42655944824219,-55.31964111328125,-0.45185980364553596,1280
111_5.png,SRF,481,82.82744598388672,125.3326644897461,-42.505218505859375,-0.33913919151808086,1488
111_5.png,SRF,351,66.35327911376953,130.81817626953125,-64.46489715576172,-0.49278241750551127,1408
111_6.png,SRF,564,73.20744323730469,124.10021209716797,-50.89276885986328,-0.4100941327966085,1856
111_6.png,SRF,474,74.66666412353516,128.8269805908203,-54.160316467285156,-0.4204112851119977,1520
111_7.png,SRF,367,69.70299530029297,117.29301452636719,-47.59001922607422,-0.40573617634642767,1488
111_7.png,SRF,321,65.77881622314453,130.95339965820312,-65.1745834350586,-0.497692947301624,1266
111_8.png,SRF,395,74.06076049804688,122.07345581054688,-48.0126953125,-0.393309872270789,1552
111_8.png,SRF,443,67.0835189819336,127.9812240600586,-60.897705078125,-0.47583311947029927,1491
111_9.png,SRF,583,76.51629638671875,122.50576782226562,-45.989471435546875,-0.3754065808743759,1821
111_9.png,SRF,422,68.86492919921875,126.7098388671875,-57.84490966796875,-0.4565147441202227,1606
112_1.png,SHRM,5332,146.62884521484375,117.77903747558594,28.849807739257812,0.24494857792701866,5897
112_10.png,SHRM,4264,139.65853881835938,114.85296630859375,24.805572509765625,0.21597676844598462,5332
112_11.png,SHRM,2882,134.2848663330078,111.69036865234375,22.594497680664062,0.2022958465737854,3643
112_11.png,SHRM,629,128.83148193359375,128.3003692626953,0.5311126708984375,0.00413960360325217,1608
112_12.png,SHRM,699,148.29470825195312,119.96417236328125,28.330535888671875,0.23615830735596616,1535
112_12.png,SHRM,1835,129.6490478515625,112.4847183227539,17.164329528808594,0.15259254576749487,2290
112_12.png,SHRM,971,143.62615966796875,124.4886703491211,19.137489318847656,0.15372876314910988,1721
112_12.png,SHRM,417,175.9616241455078,115.98069763183594,59.980926513671875,0.5171630084867459,1088
112_13.png,SHRM,3364,137.7265167236328,111.1187973022461,26.60771942138672,0.23945291046494152,4756
112_13.png,SHRM,694,127.97982788085938,122.70655822753906,5.2732696533203125,0.04297463582624414,1479
112_13.png,SHRM,398,163.8994903564453,108.35227966308594,55.547210693359375,0.5126538257070332,1073
112_14.png,SHRM,4229,141.3797607421875,108.0889663696289,33.290794372558594,0.30799438176432337,4957
112_15.png,SHRM,4122,136.0958251953125,110.04592895507812,26.049896240234375,0.2367184001042711,4703
112_15.png,SHRM,1027,150.919189453125,125.83750915527344,25.081680297851562,0.19931799720306584,1877
112_16.png,SHRM,6263,126.93325805664062,114.77830505371094,12.154953002929688,0.10589939446519733,6545
112_16.png,SHRM,273,185.54945373535156,119.92772674560547,65.6217269897461,0.547177277269209,927
112_16.png,SHRM,473,155.32769775390625,128.14263916015625,27.18505859375,0.21214686049795928,1949
112_17.png,SHRM,4278,133.4569854736328,114.7556381225586,18.70134735107422,0.16296669738441305,6474
112_18.png,SHRM,5261,132.85630798339844,115.51506805419922,17.34123992919922,0.15012102075776623,7399
112_19.png,SHRM,4378,125.71904754638672,107.1890640258789,18.529983520507812,0.17287195936363503,4390
112_19.png,SHRM,463,130.60475158691406,122.37134552001953,8.233406066894531,0.06728214053630369,1061
112_19.png,SHRM,807,159.8934326171875,123.67497253417969,36.21846008300781,0.29285197595656004,1606
112_2.png,SHRM,5355,138.27638244628906,108.9201431274414,29.356239318847656,0.26952075599551456,5460
112_20.png,SHRM,4724,118.30440521240234,102.50818634033203,15.796218872070312,0.1540971451745924,5866
112_21.png,SHRM,4476,138.0601043701172,116.46578979492188,21.594314575195312,0.18541336999662766,5496
112_22.png,SHRM,4126,145.98619079589844,114.70926666259766,31.27692413330078,0.272662575947746,4437
112_23.png,SHRM,4156,150.37945556640625,114.70059967041016,35.678855895996094,0.31106076165703195,5020
112_3.png,SRF,97,66.30928039550781,121.73751831054688,-55.42823791503906,-0.45530941228524263,621
112_3.png,SHRM,6077,133.6751708984375,104.96279907226562,28.712371826171875,0.27354807684200333,5027
112_4.png,SRF,49,60.163265228271484,108.72079467773438,-48.55752944946289,-0.4466259614215945,351
112_4.png,SHRM,5448,132.68923950195312,107.24021911621094,25.449020385742188,0.2373085452032165,5008
112_5.png,SRF,98,60.551021575927734,125.52317810058594,-64.9721565246582,-0.5176108309860815,604
112_5.png,SHRM,4925,137.35166931152344,106.944580078125,30.407089233398438,0.28432566859569225,4475
112_6.png,SHRM,5325,135.15455627441406,105.00079345703125,30.153762817382812,0.2871765233823917,5061
112_7.png,SHRM,4381,141.22779846191406,117.07132720947266,24.156471252441406,0.20633977446261342,5678
112_8.png,SHRM,4134,144.94146728515625,109.87875366210938,35.062713623046875,0.3191036706774907,4462
112_9.png,SHRM,4355,142.494140625,114.33448791503906,28.159652709960938,0.2462918514218223,5211
113_7.png,SHRM,463,114.23973846435547,77.82481384277344,36.41492462158203,0.4679089203496168,1233
114_1.png,SHRM,756,148.71560668945312,104.57042694091797,44.145179748535156,0.42215740185776496,1569
114_10.png,SHRM,885,160.42486572265625,108.4604721069336,51.964393615722656,0.4791090487278149,1872
114_11.png,SHRM,744,160.4475860595703,108.23885345458984,52.20873260498047,0.48234742829093197,1570
114_12.png,SHRM,905,164.96243286132812,110.02542114257812,54.93701171875,0.4993119876138355,1888
114_13.png,SHRM,997,164.4242706298828,104.8871841430664,59.537086486816406,0.5676297535608131,1826
114_14.png,SHRM,2100,154.21524047851562,105.56192016601562,48.6533203125,0.4608984019614617,3472
114_15.png,SHRM,1390,156.24676513671875,111.26226806640625,44.9844970703125,0.40431044461060023,2547
114_16.png,SHRM,1251,147.93844604492188,112.95999908447266,34.97844696044922,0.30965339274030956,2525
114_17.png,SHRM,1109,140.85842895507812,105.71920013427734,35.13922882080078,0.33238265874287093,2297
114_18.png,SHRM,891,130.04713439941406,102.79747009277344,27.249664306640625,0.26508107915543194,2054
114_2.png,SHRM,1231,148.19252014160156,107.74755859375,40.44496154785156,0.3753677770124214,2563
114_3.png,SHRM,1133,140.5225067138672,107.49514770507812,33.02735900878906,0.3072451149088363,2062
114_5.png,SHRM,1169,144.64157104492188,113.75809478759766,30.88347625732422,0.271483768385784,2224
114_6.png,SHRM,965,163.233154296875,111.98643493652344,51.24671936035156,0.45761541912999926,1843
114_7.png,SHRM,1135,152.80088806152344,108.78675842285156,44.014129638671875,0.40459087371268104,1918
114_8.png,SHRM,1127,159.0771942138672,108.10211181640625,50.97508239746094,0.47154566678617504,1939
114_9.png,SHRM,766,167.6253204345703,112.08793640136719,55.537384033203125,0.49548047556459174,1683
115_1.png,SHRM,864,105.84722137451172,101.03672790527344,4.810493469238281,0.047611334699480166,1906
115_1.png,SHRM,220,138.6999969482422,103.07444763183594,35.62554931640625,0.34562930129545333,1088
115_10.png,SRF,879,66.42548370361328,121.7318115234375,-55.30632781982422,-0.4543292926284587,1581
115_10.png,SRF,830,62.1120491027832,101.66084289550781,-39.54879379272461,-0.3890268137297944,1946
115_10.png,SHRM,6669,91.0283432006836,90.02433013916016,1.0040130615234375,0.01115268572364191,5014
115_10.png,SHRM,2542,95.11644744873047,82.87724304199219,12.239204406738281,0.14767871079563938,2900
115_11.png,SRF,981,55.22528076171875,133.07266235351562,-77.84738159179688,-0.5849990540129916,1046
115_11.png,SRF,580,57.062068939208984,99.63728332519531,-42.57521438598633,-0.4273020396093068,1191
115_11.png,SRF,246,61.22764205932617,92.87937927246094,-31.651737213134766,-0.34078325523994557,771
115_11.png,SHRM,9328,88.17045593261719,88.9158935546875,-0.7454376220703125,-0.008383626281749426,6159
115_11.png,SHRM,4237,91.88600158691406,72.61625671386719,19.269744873046875,0.2653640623335384,3187
115_12.png,SRF,717,56.33891296386719,121.9659194946289,-65.62700653076172,-0.5380765938771263,1027
115_12.png,SRF,1007,63.659385681152344,98.40843963623047,-34.749053955078125,-0.3531105064111266,1540
115_12.png,SHRM,10429,88.4433822631836,86.51106262207031,1.9323196411132812,0.02233609878952425,5651
115_12.png,SHRM,5955,93.6209945678711,79.22807312011719,14.392921447753906,0.18166441364707794,4481
115_13.png,SRF,709,68.71086120605469,126.35317993164062,-57.64231872558594,-0.4561999844940308,991
115_13.png,SRF,951,58.2912712097168,95.38805389404297,-37.09678268432617,-0.3889038634285722,1590
115_13.png,SHRM,10985,87.24342346191406,88.12501525878906,-0.881591796875,-0.010003876813934229,7063
115_13.png,SHRM,5187,91.048583984375,72.93986511230469,18.108718872070312,0.24826915767102836,3509
115_14.png,SRF,994,55.291751861572266,128.20973205566406,-72.9179801940918,-0.568739822047467,1068
115_14.png,SRF,1083,51.12372970581055,80.7283706665039,-29.60464096069336,-0.3667191684444217,1329
115_14.png,SRF,874,48.702518463134766,89.03592681884766,-40.33340835571289,-0.4530014994708279,1364
115_14.png,SHRM,10244,86.1275863647461,85.57820129394531,0.5493850708007812,0.0064196847151968646,4891
115_14.png,SHRM,4740,104.99851989746094,84.88058471679688,20.117935180664062,0.23701456873544555,3467
115_14.png,SHRM,941,114.34750366210938,106.10498809814453,8.242515563964844,0.07768263972981852,1524
115_15.png,SRF,854,53.20726013183594,65.74798583984375,-12.540725708007812,-0.190739313878845,992
115_15.png,SRF,898,58.6191520690918,96.34089660644531,-37.721744537353516,-0.39154446207250565,1499
115_15.png,SHRM,21163,89.35127258300781,86.4314193725586,2.9198532104492188,0.03378231240034747,9872
115_16.png,SRF,855,54.528656005859375,73.52701568603516,-18.99835968017578,-0.25838611159332153,1055
115_16.png,SRF,904,59.95022201538086,103.16695404052734,-43.216732025146484,-0.41890092062008094,1761
115_16.png,SHRM,18754,91.49871826171875,86.0992431640625,5.39947509765625,0.06271222486087974,9401
115_2.png,SHRM,1949,103.1939468383789,105.60979461669922,-2.4158477783203125,-0.02287522466157996,3634
115_2.png,SHRM,404,131.3960418701172,97.53488159179688,33.86116027832031,0.3471697481526259,1376
115_3.png,SRF,75,61.266666412353516,115.2564697265625,-53.989803314208984,-0.46843186714199925,811
115_3.png,SHRM,2725,104.02825927734375,105.59627532958984,-1.5680160522460938,-0.014849160610560942,4243
115_3.png,SHRM,498,122.99598693847656,98.30728912353516,24.688697814941406,0.25113801870700586,1152
115_4.png,SRF,231,89.42424011230469,120.7597885131836,-31.335548400878906,-0.2594866121139152,1303
115_4.png,SHRM,2082,107.02161407470703,104.84223175048828,2.17938232421875,0.020787256125999052,3784
115_4.png,SHRM,854,126.25643920898438,99.94387817382812,26.31256103515625,0.2632733641713596,1568
115_5.png,SRF,116,55.318965911865234,112.72798156738281,-57.40901565551758,-0.5092703236347891,897
115_5.png,SHRM,2457,107.08465576171875,103.7238540649414,3.3608016967773438,0.03240143482012488,4179
115_5.png,SHRM,1025,125.06536865234375,102.00907897949219,23.056289672851562,0.22602193749329683,1652
115_6.png,SRF,308,71.11688232421875,118.06666564941406,-46.94978332519531,-0.3976548593707856,1485
115_6.png,SRF,240,70.82917022705078,110.64833068847656,-39.81916046142578,-0.3598713167533827,1200
115_6.png,SHRM,2584,105.85990905761719,101.22563171386719,4.63427734375,0.04578165890680371,3714
115_6.png,SHRM,1070,125.6327133178711,101.12403869628906,24.50867462158203,0.24236249795352985,1685
115_7.png,SRF,635,67.75747680664062,125.078125,-57.320648193359375,-0.45827876132104933,1984
115_7.png,SRF,512,67.80859375,110.3379898071289,-42.529396057128906,-0.3854465368770122,1719
115_7.png,SHRM,2936,98.61376190185547,95.57555389404297,3.0382080078125,0.03178854721763601,3223
115_7.png,SHRM,1351,116.68541717529297,97.60576629638672,19.07965087890625,0.19547667727918408,2047
115_8.png,SRF,874,70.18421173095703,126.4732666015625,-56.28905487060547,-0.4450668222869326,2263
115_8.png,SRF,614,65.13517761230469,103.75174713134766,-38.61656951904297,-0.3722016311701735,2006
115_8.png,SHRM,3458,100.58473205566406,88.14704895019531,12.43768310546875,0.1411015258434377,3373
115_8.png,SHRM,1664,113.6171875,90.40025329589844,23.216934204101562,0.2568237738019141,2396
115_9.png,SRF,807,85.28996276855469,123.46086883544922,-38.17090606689453,-0.3091741247809407,1495
115_9.png,SRF,457,84.36105346679688,108.32572174072266,-23.96466827392578,-0.2212278661875446,1621
115_9.png,SRF,824,60.09223175048828,107.00623321533203,-46.91400146484375,-0.43842307177038203,1926
115_9.png,SHRM,4825,94.99543762207031,91.81806182861328,3.1773757934570312,0.03460512812160957,4606
115_9.png,SHRM,2161,105.39472198486328,84.3982162475586,20.996505737304688,0.24877902248214942,2584
116_10.png,SRF,748,94.41310119628906,119.70185089111328,-25.28874969482422,-0.21126448343583354,1459
116_10.png,SHRM,639,123.55868530273438,100.00737762451172,23.551307678222656,0.2354957027935332,1084
116_10.png,SHRM,95,168.3789520263672,123.21865844726562,45.16029357910156,0.36650531784866813,343
116_11.png,SRF,517,92.58800506591797,112.86627197265625,-20.27826690673828,-0.1796663126398915,1361
116_11.png,SHRM,545,135.0623779296875,128.9227752685547,6.1396026611328125,0.04762232777213811,1023
116_12.png,SRF,504,86.93650817871094,103.74653625488281,-16.810028076171875,-0.16202977644355537,1227
116_12.png,SHRM,1226,134.212890625,102.00068664550781,32.21220397949219,0.31580379543367354,1449
116_13.png,SRF,826,103.77603149414062,115.78199768066406,-12.005966186523438,-0.10369458488388536,1500
116_14.png,SRF,587,110.844970703125,119.83113098144531,-8.986160278320312,-0.07499019832927832,1966
116_5.png,SRF,189,75.01587677001953,130.7371368408203,-55.72126007080078,-0.4262083553095131,1088
116_6.png,SRF,186,70.69892120361328,124.84172821044922,-54.14280700683594,-0.4336915852011107,1112
116_7.png,SRF,448,96.81696319580078,128.8560333251953,-32.03907012939453,-0.2486423747698115,1424
116_8.png,SHRM,1305,114.41072845458984,99.6271743774414,14.783554077148438,0.14838877213500376,1840
116_9.png,SRF,1,99.0,101.5467300415039,-2.5467300415039062,-0.025079389956358156,214
116_9.png,SHRM,1304,115.48082733154297,104.96559143066406,10.515235900878906,0.10017793219242553,1889
117_10.png,SRF,691,69.2981185913086,119.12789154052734,-49.82977294921875,-0.4182880457702607,1986
117_10.png,SHRM,173,141.97109985351562,106.989013671875,34.982086181640625,0.3269689567279059,819
117_11.png,SRF,781,64.92829895019531,117.11836242675781,-52.1900634765625,-0.44561811141442953,1977
117_11.png,SRF,75,62.7599983215332,99.40812683105469,-36.648128509521484,-0.36866330427697747,566
117_11.png,SHRM,476,147.57142639160156,109.88529968261719,37.686126708984375,0.34295876534744496,1639
117_12.png,SRF,784,65.78443908691406,117.97229766845703,-52.18785858154297,-0.4423738421049398,1877
117_12.png,SHRM,537,143.24021911621094,103.0487060546875,40.19151306152344,0.3900244321378861,1663
117_13.png,SRF,831,65.8796615600586,116.33826446533203,-50.45860290527344,-0.4337231876130466,2096
117_13.png,SRF,120,60.266666412353516,93.79350280761719,-33.52683639526367,-0.35745371898554235,523
117_13.png,SHRM,480,138.79583740234375,107.08863830566406,31.707199096679688,0.29608368916016603,1399
117_14.png,SRF,688,70.7630844116211,121.54601287841797,-50.782928466796875,-0.4178082626008872,1630
117_14.png,SRF,229,71.13536834716797,96.42936706542969,-25.29399871826172,-0.2623059705566575,1076
117_14.png,SRF,26,70.23076629638672,99.94366455078125,-29.71289825439453,-0.29729646584348973,355
117_14.png,SRF,35,55.11428451538086,90.82637023925781,-35.71208572387695,-0.3931907179578244,455
117_15.png,SRF,569,71.07908630371094,125.19003295898438,-54.11094665527344,-0.43223046896234657,1605
117_16.png,SRF,538,70.05947875976562,127.61127471923828,-57.551795959472656,-0.45099303400968477,1366
117_16.png,SRF,610,54.84918212890625,89.58104705810547,-34.73186492919922,-0.38771443368674724,2005
117_16.png,SHRM,449,111.06904602050781,93.09941101074219,17.969635009765625,0.19301556062145458,1016
117_17.png,SRF,367,73.27247619628906,128.0559539794922,-54.783477783203125,-0.4278089075965695,1269
117_17.png,SRF,545,55.76513671875,98.18404388427734,-42.418907165527344,-0.43203463095819866,1592
117_17.png,SHRM,849,105.4134292602539,86.36493682861328,19.048492431640625,0.22055817014538395,1466
117_18.png,SRF,396,85.10606384277344,128.1979217529297,-43.09185791015625,-0.3361353859792308,1152
117_18.png,SRF,476,67.4516830444336,102.78724670410156,-35.33556365966797,-0.34377381234259635,1725
117_18.png,SHRM,1097,116.0619888305664,93.62885284423828,22.433135986328125,0.2395963990250748,2142
117_19.png,SRF,282,72.53546142578125,130.70130920410156,-58.16584777832031,-0.44502880753466084,1145
117_19.png,SHRM,1177,101.95072174072266,81.41670989990234,20.534011840820312,0.25220881396541106,1795
117_20.png,SRF,326,71.41410827636719,123.8646011352539,-52.45049285888672,-0.4234502220825256,1130
117_20.png,SHRM,1747,107.20148468017578,71.85013580322266,35.351348876953125,0.4920150599822183,1875
117_21.png,SRF,339,69.26844024658203,125.15373229980469,-55.885292053222656,-0.4465331638640222,1392
117_21.png,SHRM,856,103.00584411621094,79.68159484863281,23.324249267578125,0.29271815294217,1407
117_22.png,SRF,850,81.36353302001953,110.96595764160156,-29.60242462158203,-0.26677032533880435,2409
117_22.png,SRF,242,61.43801498413086,96.96035766601562,-35.522342681884766,-0.36635944355984223,1009
117_22.png,SHRM,394,118.8807144165039,84.37855529785156,34.502159118652344,0.4088972487957593,914
117_23.png,SRF,534,68.60674285888672,115.64927673339844,-47.04253387451172,-0.4067689414345146,1859
117_23.png,SRF,378,60.034393310546875,97.1750717163086,-37.14067840576172,-0.38220376635470504,1388
117_23.png,SHRM,629,116.85850524902344,87.26700592041016,29.59149932861328,0.3390914930162898,1367
117_24.png,SRF,599,68.05008697509766,114.33584594726562,-46.28575897216797,-0.40482281465356057,2123
117_24.png,SRF,207,69.07246398925781,107.3106460571289,-38.238182067871094,-0.35633167325741616,573
117_25.png,SRF,186,90.61289978027344,121.21759033203125,-30.604690551757812,-0.2524773052155835,1103
117_25.png,SRF,218,66.40367126464844,116.38613891601562,-49.98246765136719,-0.429453783043998,1010
117_25.png,SRF,137,69.37226104736328,116.87869262695312,-47.506431579589844,-0.4064592999103627,643
117_25.png,SRF,295,69.65423583984375,117.37059020996094,-47.71635437011719,-0.40654438462615505,1360
117_5.png,SRF,223,60.479820251464844,106.50176239013672,-46.021942138671875,-0.43212376120204027,1136
117_6.png,SRF,274,65.48905181884766,110.65166473388672,-45.16261291503906,-0.40815122866568276,1200
117_6.png,SRF,194,68.75772857666016,112.56158447265625,-43.803855895996094,-0.3891545779247363,1088
117_7.png,SRF,563,68.60568237304688,115.00370025634766,-46.39801788330078,-0.403448043670576,2161
117_8.png,SRF,563,68.60568237304688,115.00370025634766,-46.39801788330078,-0.403448043670576,2161
117_9.png,SRF,743,68.96635437011719,120.808837890625,-51.84248352050781,-0.4291282361928166,2082
118_1.png,SRF,493,60.290061950683594,105.07386016845703,-44.78379821777344,-0.4262125532075717,1909
118_1.png,SRF,73,56.4383544921875,107.97618865966797,-51.53783416748047,-0.47730740274527994,672
118_10.png,SHRM,1261,102.91435241699219,91.7576675415039,11.156684875488281,0.12158858408690347,1696
118_11.png,SHRM,848,105.45046997070312,88.54105377197266,16.90941619873047,0.19097825786305564,1425
118_13.png,SHRM,911,82.7442398071289,88.57551574707031,-5.831275939941406,-0.06583394847615413,1993
118_14.png,SRF,631,68.44690704345703,85.11949157714844,-16.672584533691406,-0.19587269877640345,1816
118_14.png,SHRM,1147,93.77593994140625,87.92083740234375,5.8551025390625,0.0665951634681134,2097
118_2.png,SRF,371,68.8328857421875,102.74283599853516,-33.909950256347656,-0.3300468585160636,1501
118_9.png,SHRM,1961,98.68689727783203,87.07552337646484,11.611373901367188,0.13334831019236298,1920
119_10.png,SRF,797,57.51317596435547,149.8589324951172,-92.34575653076172,-0.6162178990149325,879
119_10.png,SHRM,1775,104.40901184082031,106.41924285888672,-2.0102310180664062,-0.018889732383569,2588
119_11.png,SRF,917,58.897491455078125,126.55619812011719,-67.65870666503906,-0.5346139317556201,1735
119_12.png,SRF,129,65.4341049194336,123.57784271240234,-58.14373779296875,-0.47050293577534197,668
119_12.png,SRF,990,59.1393928527832,119.78728485107422,-60.647891998291016,-0.5062965745796111,1951
119_13.png,SRF,813,65.92005157470703,120.84221649169922,-54.92216491699219,-0.4544948488326085,1914
119_14.png,SRF,255,75.05882263183594,112.12213134765625,-37.06330871582031,-0.33056193518921245,958
119_19.png,SHRM,614,153.24267578125,109.61310577392578,43.62957000732422,0.39803242230275904,1114
119_4.png,SRF,267,82.50936126708984,128.33766174316406,-45.82830047607422,-0.3570915961347977,1232
119_5.png,SRF,645,79.54883575439453,120.60106658935547,-41.05223083496094,-0.3403969135260061,2251
119_6.png,SRF,742,64.04851531982422,119.44475555419922,-55.396240234375,-0.4637812683976604,1801
119_7.png,SRF,882,61.984127044677734,131.1424102783203,-69.15828323364258,-0.5273525405463393,1271
119_7.png,SHRM,1037,103.56798553466797,92.31421661376953,11.253768920898438,0.12190721357667712,1604
119_8.png,SRF,1003,61.73080825805664,127.64356994628906,-65.91276168823242,-0.5163813713136334,1501
119_8.png,SHRM,792,102.99494934082031,84.78825378417969,18.206695556640625,0.21473134242136901,1379
119_9.png,SRF,825,58.62060546875,136.65875244140625,-78.03814697265625,-0.5710439000686462,1052
119_9.png,SHRM,1520,103.53947448730469,101.97718811035156,1.562286376953125,0.015319959354660215,2323
11_1.png,SRF,166,43.70481872558594,89.78427124023438,-46.07945251464844,-0.513224107943744,992
11_1.png,SHRM,597,115.78057098388672,78.72022247314453,37.06034851074219,0.47078561704249955,1444
11_10.png,SRF,90,48.70000076293945,97.30948638916016,-48.6094856262207,-0.4995349110344866,643
11_10.png,SHRM,2523,77.9306411743164,77.55367279052734,0.3769683837890625,0.004860741860765963,2720
11_11.png,SRF,180,58.2944450378418,91.80612182617188,-33.51167678833008,-0.36502660303832424,980
11_11.png,SHRM,2142,76.47058868408203,81.4737548828125,-5.003166198730469,-0.06140831738916116,2896
11_12.png,SRF,140,43.96428680419922,93.51406860351562,-49.549781799316406,-0.5298644635963748,782
11_12.png,SHRM,2651,74.38890838623047,75.61066436767578,-1.2217559814453125,-0.0161585140358537,3131
11_13.png,SRF,1179,57.71162033081055,86.99254608154297,-29.280925750732422,-0.3365912031507363,3622
11_2.png,SRF,179,41.22904968261719,90.64436340332031,-49.415313720703125,-0.5451559464412659,1136
11_2.png,SHRM,962,92.91060638427734,78.58894348144531,14.321662902832031,0.18223508636699445,1664
11_3.png,SRF,259,42.7490348815918,92.53207397460938,-49.78303909301758,-0.538008465115328,1216
11_3.png,SHRM,853,102.93904113769531,81.12818908691406,21.81085205078125,0.2688443104210658,1568
11_4.png,SRF,350,39.2599983215332,88.73750305175781,-49.47750473022461,-0.5575715230725607,1360
11_4.png,SHRM,1247,99.58460235595703,69.08401489257812,30.500587463378906,0.4414999260075671,1952
11_5.png,SRF,414,39.855072021484375,86.874755859375,-47.019683837890625,-0.5412352918033155,1541
11_5.png,SHRM,1159,102.70060729980469,73.35596466064453,29.344642639160156,0.40003076470894744,1753
11_6.png,SRF,612,45.70098114013672,89.82489013671875,-44.12390899658203,-0.49122140789065094,1816
11_6.png,SHRM,1143,97.9422607421875,72.8457260131836,25.096534729003906,0.34451622768454454,1614
11_7.png,SRF,709,54.631874084472656,91.14037322998047,-36.50849914550781,-0.4005743870873068,1838
11_7.png,SHRM,1211,96.8414535522461,79.71563720703125,17.125816345214844,0.2148363476131666,1695
11_8.png,SRF,249,46.24899673461914,97.51958465576172,-51.27058792114258,-0.5257465780040458,970
11_8.png,SHRM,2082,77.45101165771484,76.57115936279297,0.879852294921875,0.011490648727847367,2663
11_9.png,SRF,99,42.34343338012695,97.82857513427734,-55.48514175415039,-0.5671670233159658,560
11_9.png,SHRM,2430,76.68354034423828,75.06394958496094,1.6195907592773438,0.021576146315672,2893
120_10.png,SHRM,7010,73.30684661865234,107.80816650390625,-34.501319885253906,-0.3200251057419088,6000
120_11.png,SHRM,7681,72.3349838256836,103.98458862304688,-31.64960479736328,-0.3043682262579875,5904
120_12.png,SHRM,9844,71.84823608398438,101.4048843383789,-29.55664825439453,-0.2914716430795057,6261
120_13.png,SHRM,9860,71.2145004272461,101.53486633300781,-30.32036590576172,-0.2986202375676435,6224
120_14.png,SRF,1372,48.604957580566406,109.31421661376953,-60.709259033203125,-0.5553647175435735,1203
120_14.png,SHRM,9789,76.26785278320312,91.5528335571289,-15.284980773925781,-0.16695256913471676,5830
120_15.png,SRF,1336,44.43413162231445,121.7964859008789,-77.36235427856445,-0.6351772278678378,968
120_15.png,SHRM,11027,76.93923950195312,92.33799743652344,-15.398757934570312,-0.16676512770548213,6293
120_16.png,SRF,1950,43.581539154052734,107.8072509765625,-64.22571182250977,-0.5957457521709051,1048
120_16.png,SHRM,12939,74.17451477050781,85.32151794433594,-11.147003173828125,-0.13064703303919734,6544
120_17.png,SRF,1692,40.67021179199219,96.52031707763672,-55.85010528564453,-0.5786357419518333,1009
120_17.png,SHRM,16118,71.43783569335938,81.46826934814453,-10.030433654785156,-0.123120740566138,7233
120_18.png,SHRM,18519,66.10448455810547,83.91645812988281,-17.811973571777344,-0.2122584051892255,8283
120_19.png,SRF,1638,52.090354919433594,86.12210083007812,-34.03174591064453,-0.3951569409319257,1769
120_19.png,SHRM,19381,65.03054809570312,79.65697479248047,-14.626426696777344,-0.1836176522505605,7667
120_2.png,SRF,150,85.22000122070312,112.9889144897461,-27.76891326904297,-0.24576670547235885,992
120_20.png,SRF,265,72.95094299316406,105.76907348632812,-32.81813049316406,-0.31028096788052306,485
120_20.png,SHRM,21633,63.04955291748047,72.15080261230469,-9.101249694824219,-0.12614204368215967,9012
120_21.png,SHRM,26244,57.008724212646484,70.68081665039062,-13.67209243774414,-0.193434273763001,9186
120_3.png,SRF,451,79.07538604736328,121.29412078857422,-42.21873474121094,-0.3480690940890838,1904
120_4.png,SRF,1745,80.10601806640625,116.4748306274414,-36.368812561035156,-0.31224610815159826,3616
120_5.png,SHRM,4004,87.13661193847656,112.45122528076172,-25.314613342285156,-0.22511638516237678,5392
120_6.png,SRF,132,73.53030395507812,119.0439682006836,-45.51366424560547,-0.38232650451368366,1160
120_6.png,SHRM,3394,79.98556518554688,114.1115493774414,-34.12598419189453,-0.29905810917541414,4778
120_7.png,SRF,124,69.26612854003906,118.54503631591797,-49.278907775878906,-0.4156977745112204,1088
120_7.png,SHRM,3800,81.02236938476562,110.53157043457031,-29.509201049804688,-0.2669753169504888,4720
120_8.png,SHRM,4717,81.74942016601562,112.09749603271484,-30.34807586669922,-0.27072929316674793,5159
120_9.png,SHRM,5615,76.4163818359375,108.21050262451172,-31.79412078857422,-0.2938173284242028,5064
121_10.png,SRF,6254,65.17444610595703,132.68775939941406,-67.51331329345703,-0.5088134248331815,5310
121_11.png,SRF,6561,57.47721481323242,130.22113037109375,-72.74391555786133,-0.5586183697727207,5472
121_12.png,SRF,7088,53.984622955322266,124.65607452392578,-70.67145156860352,-0.5669314699544725,5757
121_13.png,SRF,7338,57.60329818725586,127.91727447509766,-70.3139762878418,-0.5496831962404749,6153
121_14.png,SRF,7099,53.108184814453125,132.03587341308594,-78.92768859863281,-0.5977745786684846,5017
121_14.png,SRF,38,75.5,126.74353790283203,-51.24353790283203,-0.4043088803637303,464
121_15.png,SRF,6961,58.18991470336914,133.78115844726562,-75.59124374389648,-0.5650365464109307,4693
121_16.png,SRF,6926,56.20040512084961,130.13812255859375,-73.93771743774414,-0.5681480259902645,4670
121_17.png,SRF,6951,55.35074234008789,126.40715789794922,-71.05641555786133,-0.5621233539261001,4637
121_18.png,SRF,9334,70.68994903564453,134.12709045410156,-63.43714141845703,-0.4729629279490357,4674
121_19.png,SRF,9242,66.94784545898438,127.7158203125,-60.767974853515625,-0.47580616641561085,4740
121_20.png,SRF,9606,72.22319030761719,133.98892211914062,-61.76573181152344,-0.46097640636740417,4516
121_21.png,SRF,9064,72.24735260009766,141.7928466796875,-69.54549407958984,-0.49047251471503583,4504
121_22.png,SRF,9788,72.76982116699219,136.4695587158203,-63.699737548828125,-0.46676883949976233,4681
121_23.png,SRF,9356,67.35453033447266,131.33993530273438,-63.98540496826172,-0.4871740253318794,6866
121_24.png,SRF,7556,66.86672973632812,134.40078735351562,-67.5340576171875,-0.5024826040605852,4551
121_24.png,SRF,2641,63.77167892456055,127.21227264404297,-63.44059371948242,-0.49869868999980627,2558
121_25.png,SRF,7976,71.9212646484375,133.16908264160156,-61.24781799316406,-0.4599252077000526,4152
121_25.png,SRF,2516,59.99602508544922,126.24617004394531,-66.2501449584961,-0.5247695429923532,2023
121_26.png,SRF,8383,72.0724105834961,134.43307495117188,-62.36066436767578,-0.46387888092514523,4318
121_26.png,SRF,1728,65.39351654052734,123.56150817871094,-58.167991638183594,-0.47076142478006483,1642
121_27.png,SRF,8762,75.38085174560547,138.83558654785156,-63.454734802246094,-0.4570494955943847,4154
121_27.png,SRF,1583,77.24636840820312,126.3894271850586,-49.14305877685547,-0.3888225452980376,1343
121_28.png,SRF,8705,77.76553344726562,141.04026794433594,-63.27473449707031,-0.4486288591144964,4123
121_28.png,SRF,1023,78.3538589477539,125.37580108642578,-47.021942138671875,-0.3750479895738258,1405
121_3.png,SRF,434,95.04838562011719,132.40765380859375,-37.35926818847656,-0.28215338852301153,1543
121_3.png,SRF,47,100.9148941040039,148.070068359375,-47.155174255371094,-0.31846526970543865,528
121_4.png,SRF,1467,83.88139343261719,133.8769989013672,-49.99560546875,-0.3734443248581025,3057
121_5.png,SRF,1542,73.60181427001953,131.6757354736328,-58.07392120361328,-0.44103737863869535,3272
121_6.png,SRF,2228,57.32854461669922,121.37299346923828,-64.04444885253906,-0.5276663862523172,3740
121_7.png,SRF,3876,66.2458724975586,129.7350311279297,-63.489158630371094,-0.48937559946908576,4144
121_8.png,SRF,5097,72.2713394165039,133.37979125976562,-61.10845184326172,-0.458153752274579,4671
121_9.png,SRF,5921,67.77250671386719,133.0992431640625,-65.32673645019531,-0.49081223076281083,5401
122_12.png,SHRM,1040,148.2682647705078,96.55890655517578,51.70935821533203,0.5355213730157996,2224
122_13.png,SHRM,1483,139.4254913330078,96.96617889404297,42.459312438964844,0.43787754579213695,2543
122_14.png,SHRM,1720,135.36221313476562,93.41779327392578,41.944419860839844,0.44899818750639575,2147
122_15.png,SHRM,3443,126.83647918701172,92.03815460205078,34.79832458496094,0.3780858572775596,3984
122_16.png,SHRM,3662,128.32359313964844,96.72196197509766,31.60163116455078,0.3267265315884208,3888
122_17.png,SHRM,5014,122.20661926269531,90.3771743774414,31.829444885253906,0.3521845543911881,4144
122_18.png,SHRM,3488,122.9965591430664,99.0427474975586,23.953811645507812,0.24185326286610007,2784
122_19.png,SHRM,3902,124.25884246826172,94.37625885009766,29.882583618164062,0.31663242411026277,3083
122_20.png,SHRM,3816,122.54717254638672,95.09661865234375,27.45055389404297,0.2886596209524262,3105
122_21.png,SHRM,3408,118.59213256835938,94.71505737304688,23.8770751953125,0.25209376267671685,2583
122_22.png,SHRM,2907,115.42243194580078,98.73323059082031,16.68920135498047,0.16903327537357155,2564
122_23.png,SHRM,2918,128.46641540527344,98.93412780761719,29.53228759765625,0.29850455299998596,2444
122_24.png,SHRM,2916,124.98319244384766,96.23055267333984,28.752639770507812,0.2987890952690494,2494
122_25.png,SHRM,2314,121.45635223388672,89.38816833496094,32.06818389892578,0.3587519970065599,1690
122_26.png,SHRM,1856,123.62284851074219,95.4677734375,28.155075073242188,0.29491706006608087,1691
122_27.png,SHRM,1656,126.06703186035156,100.82606506347656,25.240966796875,0.2503416827879197,1834
122_3.png,SHRM,457,129.9584197998047,104.33940124511719,25.6190185546875,0.24553541853764857,1264
122_30.png,SHRM,1511,126.47981262207031,96.09262084960938,30.387191772460938,0.31622815054673853,1490
122_4.png,SHRM,457,147.8993377685547,107.42720031738281,40.472137451171875,0.3767401303543333,1456
122_5.png,SHRM,441,154.4671173095703,104.43512725830078,50.03199005126953,0.47907242864294836,1264
122_6.png,SHRM,805,151.57888793945312,96.92354583740234,54.65534210205078,0.5639015951164216,1648
122_7.png,SHRM,885,154.39547729492188,99.60550689697266,54.78997039794922,0.5500696909722215,1744
122_8.png,SHRM,975,157.7364044189453,98.90677642822266,58.829627990722656,0.5947987601579122,1888
122_9.png,SHRM,993,152.55287170410156,97.77552032470703,54.77735137939453,0.560235846329245,1920
123_10.png,SRF,9700,37.792266845703125,74.26873016357422,-36.476463317871094,-0.49114160478485347,7353
123_11.png,SRF,11252,37.149749755859375,76.80038452148438,-39.650634765625,-0.5162817219298298,7324
123_12.png,SRF,12584,38.049190521240234,78.20318603515625,-40.153995513916016,-0.5134572841554663,7658
123_13.png,SRF,13633,37.944400787353516,79.86178588867188,-41.91738510131836,-0.5248741264032288,7879
123_14.png,SRF,13804,38.071502685546875,81.18695068359375,-43.115447998046875,-0.531063768684684,7922
123_15.png,SRF,13417,37.80755615234375,82.79657745361328,-44.98902130126953,-0.5433681280663394,7718
123_16.png,SRF,13023,38.890655517578125,81.39057922363281,-42.49992370605469,-0.5221725181397195,7576
123_17.png,SRF,11591,39.25010681152344,81.83847045898438,-42.58836364746094,-0.5203954009478376,7138
123_18.png,SRF,10394,40.003849029541016,80.94684600830078,-40.942996978759766,-0.5058010163183038,6942
123_19.png,SRF,10072,45.67494201660156,78.70071411132812,-33.02577209472656,-0.4196375149532837,6442
123_20.png,SRF,10493,46.43829345703125,77.2364501953125,-30.79815673828125,-0.3987515824510329,6551
123_21.png,SRF,8942,38.93245315551758,74.51166534423828,-35.5792121887207,-0.4774985503860023,5830
123_22.png,SRF,8305,40.56736755371094,78.95980834960938,-38.39244079589844,-0.4862276340123408,5648
123_23.png,SRF,7267,40.325443267822266,78.07884216308594,-37.75339889526367,-0.4835291847233961,5162
123_24.png,SRF,6119,40.500572204589844,79.58180236816406,-39.08123016357422,-0.4910824962568112,5012
123_25.png,SRF,4819,42.22286605834961,79.40879821777344,-37.18593215942383,-0.4682847870011059,4616
123_26.png,SRF,3922,52.316673278808594,81.62092590332031,-29.30425262451172,-0.35902867187787724,4205
123_27.png,SRF,1104,47.49818801879883,79.21906280517578,-31.720874786376953,-0.40041971797101933,2077
123_28.png,SRF,792,78.6868667602539,93.07976531982422,-14.392898559570312,-0.15462972548454523,2031
123_4.png,SRF,927,42.993526458740234,80.9508285522461,-37.95730209350586,-0.4688933118085137,2603
123_5.png,SRF,1551,42.05609130859375,78.63459014892578,-36.57849884033203,-0.4651705918611153,4042
123_6.png,SRF,3008,40.553524017333984,77.01419830322266,-36.46067428588867,-0.47342795340587185,5283
123_7.png,SRF,5117,39.26265335083008,76.42743682861328,-37.1647834777832,-0.48627541390828466,5774
123_8.png,SRF,8283,38.75262451171875,75.64147186279297,-36.88884735107422,-0.48768018975076755,6747
123_9.png,SRF,9468,38.39702224731445,77.87506866455078,-39.47804641723633,-0.5069407590160749,7068
124_1.png,SRF,1013,53.531097412109375,105.97441864013672,-52.443321228027344,-0.494867741677471,2150
124_1.png,SHRM,2062,100.69010925292969,83.38227844238281,17.307830810546875,0.2075720540846889,2731
124_10.png,SRF,955,52.89633560180664,103.663818359375,-50.76748275756836,-0.4897319388870179,1871
124_10.png,SHRM,9083,90.2616958618164,82.79293823242188,7.468757629394531,0.09021008057991294,4390
124_11.png,SRF,903,50.60354232788086,104.21183013916016,-53.6082878112793,-0.5144165277559468,1860
124_11.png,SHRM,10016,88.3201904296875,80.54971313476562,7.770477294921875,0.09646809395734647,5612
124_12.png,SRF,1175,50.85191345214844,99.83736419677734,-48.985450744628906,-0.4906524840547634,2232
124_12.png,SHRM,12544,86.28459930419922,81.55937194824219,4.725227355957031,0.057936043928289126,5533
124_13.png,SRF,1019,51.079490661621094,102.95606994628906,-51.87657928466797,-0.5038710132557639,1935
124_13.png,SHRM,16726,88.65825653076172,81.40045166015625,7.257804870605469,0.08916172727034151,5776
124_14.png,SRF,1035,54.76521682739258,102.781982421875,-48.01676559448242,-0.4671710397391893,2165
124_14.png,SHRM,17813,89.67815399169922,81.20571899414062,8.472434997558594,0.10433298420976878,6888
124_15.png,SRF,1036,55.21525192260742,107.3017807006836,-52.08652877807617,-0.4854209169498372,2303
124_15.png,SHRM,16893,90.34558868408203,81.3672103881836,8.978378295898438,0.11034393649560716,6819
124_16.png,SRF,844,63.53080749511719,114.87934112548828,-51.348533630371094,-0.44697796076564017,2072
124_16.png,SHRM,14886,92.62319946289062,83.87419891357422,8.749000549316406,0.1043109879157423,7011
124_17.png,SRF,779,62.56610870361328,114.49689483642578,-51.9307861328125,-0.45355628383636615,2095
124_17.png,SHRM,13135,97.87635803222656,86.69754791259766,11.178810119628906,0.1289403263273212,6768
124_18.png,SRF,394,54.73096466064453,113.82846069335938,-59.097496032714844,-0.519180314595632,1504
124_18.png,SHRM,9696,96.61066436767578,89.27387237548828,7.3367919921875,0.08218297019007709,5488
124_19.png,SRF,436,71.09862518310547,117.2761001586914,-46.17747497558594,-0.39375008985719323,1753
124_19.png,SHRM,8520,95.41901397705078,86.78325653076172,8.635757446289062,0.09950948825281729,4789
124_2.png,SRF,1030,54.63786315917969,100.29288482666016,-45.65502166748047,-0.4552169552843924,2052
124_2.png,SHRM,3834,98.3377685546875,75.22169494628906,23.116073608398438,0.3073059391297169,3577
124_20.png,SRF,361,69.45152282714844,118.87053680419922,-49.41901397705078,-0.4157381240605705,1344
124_20.png,SHRM,8430,93.9714126586914,91.53913879394531,2.4322738647460938,0.026570862439738968,5583
124_21.png,SRF,338,69.05621337890625,115.90441131591797,-46.84819793701172,-0.4041968498448145,1360
124_22.png,SRF,163,71.84662628173828,108.48124694824219,-36.634620666503906,-0.3377046420196733,960
124_22.png,SRF,78,66.70513153076172,102.83418273925781,-36.129051208496094,-0.35133309028286297,784
124_22.png,SRF,156,77.0897445678711,115.46390533447266,-38.37416076660156,-0.33234767744465554,748
124_24.png,SRF,88,68.76136016845703,98.80823516845703,-30.046875,-0.30409282129949416,704
124_25.png,SRF,453,65.53862762451172,105.05660247802734,-39.517974853515625,-0.37615888884071647,2279
124_25.png,SRF,244,72.70082092285156,108.2652587890625,-35.56443786621094,-0.3284935376684643,1229
124_26.png,SRF,1277,61.12842559814453,111.1529312133789,-50.024505615234375,-0.45005115986732686,3786
124_3.png,SRF,757,54.820343017578125,101.89353942871094,-47.07319641113281,-0.4619841127814313,1888
124_3.png,SHRM,4586,92.5063247680664,79.10269165039062,13.403633117675781,0.16944598013068488,4382
124_4.png,SRF,626,59.920127868652344,97.37606811523438,-37.45594024658203,-0.3846524199586376,1872
124_4.png,SHRM,4311,90.3275375366211,79.88590240478516,10.441635131835938,0.13070685587211298,3909
124_5.png,SRF,468,58.77777862548828,99.41715240478516,-40.639373779296875,-0.4087762805137518,1376
124_5.png,SHRM,4382,87.49201202392578,80.66177368164062,6.830238342285156,0.08467751241428234,3882
124_6.png,SRF,264,42.28409194946289,102.69999694824219,-60.4159049987793,-0.5882756260375271,1200
124_6.png,SHRM,4072,91.46463775634766,77.0363998413086,14.428237915039062,0.18729117592151973,3297
124_7.png,SRF,384,60.52864456176758,101.10814666748047,-40.57950210571289,-0.4013475020877276,1424
124_7.png,SHRM,4591,88.9941177368164,77.7196044921875,11.274513244628906,0.14506652881593393,3973
124_8.png,SRF,507,63.47140121459961,101.70034790039062,-38.228946685791016,-0.3758978948944596,1732
124_8.png,SHRM,4005,76.15505981445312,77.41110229492188,-1.25604248046875,-0.01622561161425479,2306
124_8.png,SHRM,2255,99.0811538696289,79.51558685302734,19.565567016601562,0.24605951852893426,2566
124_9.png,SRF,654,53.3577995300293,100.98773956298828,-47.629940032958984,-0.47164081738111524,1631
124_9.png,SHRM,5868,84.12763977050781,74.65826416015625,9.469375610351562,0.12683626811946688,3292
124_9.png,SHRM,1879,101.70569610595703,79.752197265625,21.95349884033203,0.2752713980683575,1937
125_11.png,SHRM,1529,105.83322143554688,96.54306030273438,9.2901611328125,0.09622816081944086,2578
125_12.png,SHRM,1967,133.8352813720703,103.43011474609375,30.405166625976562,0.2939682190299888,2876
125_13.png,SHRM,1817,102.93670654296875,96.45333099365234,6.483375549316406,0.06721774647412727,2025
125_14.png,SHRM,1371,101.04449462890625,103.97354125976562,-2.929046630859375,-0.02817107694294549,2192
125_16.png,SHRM,232,116.125,106.28827667236328,9.836723327636719,0.09254758507336332,947
125_4.png,SHRM,138,156.2608642578125,103.74420928955078,52.51665496826172,0.5062128800045831,864
125_5.png,SHRM,369,134.32249450683594,94.92250061035156,39.399993896484375,0.4150753893243695,1200
125_6.png,SHRM,1168,143.64126586914062,102.85023498535156,40.79103088378906,0.39660610293791476,1696
125_7.png,SHRM,1390,138.6553955078125,100.06975555419922,38.58563995361328,0.3855874308867952,1792
125_8.png,SHRM,2864,129.80796813964844,84.3106689453125,45.49729919433594,0.5396386929849581,3000
125_9.png,SHRM,2258,135.7174530029297,95.97494506835938,39.74250793457031,0.4140925311940862,2914
126_10.png,SRF,3390,55.890560150146484,98.89114379882812,-43.00058364868164,-0.4348274476039704,3748
126_10.png,SHRM,692,135.91184997558594,100.4991683959961,35.412681579589844,0.35236790656867456,1200
126_10.png,SHRM,1588,138.7197723388672,96.78323364257812,41.93653869628906,0.4333037564250158,1873
126_11.png,SRF,80,50.76250076293945,99.1219482421875,-48.35944747924805,-0.4878782987708234,533
126_11.png,SRF,3227,49.799503326416016,97.60723876953125,-47.807735443115234,-0.48979702782083756,3618
126_11.png,SHRM,2385,135.37820434570312,101.76154327392578,33.616661071777344,0.33034739834169646,2793
126_12.png,SRF,105,49.36190414428711,94.97203826904297,-45.61013412475586,-0.4802480283254373,608
126_12.png,SRF,3265,48.451148986816406,93.54800415039062,-45.09685516357422,-0.48207180445106174,3458
126_12.png,SHRM,2423,129.6331024169922,99.7432632446289,29.88983917236328,0.29966774897925574,2820
126_13.png,SRF,3479,49.74101638793945,96.41529083251953,-46.67427444458008,-0.48409618476032745,3689
126_13.png,SHRM,2002,131.14385986328125,102.02632904052734,29.117530822753906,0.28539232075269233,2127
126_14.png,SRF,3479,51.02299499511719,95.03137969970703,-44.008384704589844,-0.4630931892565747,3633
126_14.png,SHRM,3235,125.2027816772461,96.33583068847656,28.86695098876953,0.2996491625438646,3338
126_15.png,SRF,3776,48.86466979980469,93.90387725830078,-45.039207458496094,-0.4796309670431077,3433
126_15.png,SHRM,3912,126.51789093017578,90.95146179199219,35.566429138183594,0.39104846076608124,3729
126_16.png,SRF,501,54.06187438964844,87.78507995605469,-33.72320556640625,-0.3841564601101705,898
126_16.png,SRF,3145,51.138633728027344,94.02080535888672,-42.882171630859375,-0.4560923666541026,2932
126_16.png,SHRM,2809,126.30188751220703,100.52266693115234,25.779220581054688,0.25645181696891106,3331
126_17.png,SRF,1784,54.04540252685547,87.57002258300781,-33.524620056152344,-0.38283215040140345,1628
126_17.png,SRF,3502,62.203025817871094,96.79345703125,-34.590431213378906,-0.35736332056216674,4067
126_17.png,SHRM,2906,127.79456329345703,107.60285949707031,20.19170379638672,0.18765025289069084,3150
126_18.png,SRF,1773,47.736602783203125,84.24617004394531,-36.50956726074219,-0.43336767999895676,1568
126_18.png,SRF,343,49.081634521484375,86.69947052001953,-37.617835998535156,-0.43388772472202036,752
126_18.png,SRF,1234,50.92139434814453,84.39738464355469,-33.475990295410156,-0.39664724726711864,1837
126_18.png,SHRM,5217,118.23117065429688,92.29790496826172,25.933265686035156,0.2809735030817089,3961
126_19.png,SRF,1728,49.436920166015625,86.2220687866211,-36.78514862060547,-0.4266326375401624,1459
126_19.png,SRF,813,56.644527435302734,92.03977966308594,-35.3952522277832,-0.3845647214427117,1659
126_19.png,SHRM,4904,131.75,98.82332611083984,32.926673889160156,0.33318726645801955,4913
126_20.png,SRF,1535,52.3289909362793,87.05909729003906,-34.730106353759766,-0.39892564286596893,1506
126_20.png,SRF,754,51.37533187866211,98.31039428710938,-46.935062408447266,-0.47741709052021847,2107
126_20.png,SHRM,2532,128.33570861816406,97.33806610107422,30.997642517089844,0.3184534453859234,2606
126_20.png,SHRM,2711,134.153076171875,101.45992279052734,32.693153381347656,0.32222726454114753,2096
126_21.png,SRF,1441,50.44621658325195,99.22172546386719,-48.775508880615234,-0.49158093807164677,2237
126_21.png,SRF,1473,69.43584442138672,102.15177917480469,-32.71593475341797,-0.32026788977834286,1970
126_21.png,SHRM,1317,115.8033447265625,96.85055541992188,18.952789306640625,0.19569107502239572,1800
126_21.png,SHRM,2564,135.71450805664062,100.9577865600586,34.75672149658203,0.34426984466330063,3127
126_3.png,SRF,47,59.38298034667969,111.35845947265625,-51.97547912597656,-0.4667402851306415,544
126_4.png,SRF,921,69.44625091552734,103.6124267578125,-34.166175842285156,-0.3297497888177683,2704
126_5.png,SRF,731,62.68262481689453,98.56684112548828,-35.88421630859375,-0.3640597172319697,2274
126_5.png,SHRM,619,138.71728515625,106.44297790527344,32.27430725097656,0.3032074814714256,1438
126_6.png,SHRM,848,140.53536987304688,105.29147338867188,35.243896484375,0.3347269759848078,1513
126_7.png,SRF,1582,57.40960693359375,97.93195343017578,-40.52234649658203,-0.41378064132534575,2954
126_7.png,SHRM,1832,131.15338134765625,96.0185546875,35.13482666015625,0.3659170539955046,1940
126_8.png,SRF,2163,59.1021728515625,98.02165985107422,-38.91948699951172,-0.3970498669237256,3417
126_8.png,SHRM,2623,129.3983917236328,97.06595611572266,32.332435607910156,0.3330975854125747,2987
126_9.png,SRF,2967,52.219749450683594,100.05438232421875,-47.834632873535156,-0.4780863342750006,3126
126_9.png,SHRM,414,145.7342987060547,100.56481170654297,45.16948699951172,0.44915797318171574,1080
126_9.png,SHRM,1504,144.72605895996094,99.05180358886719,45.67425537109375,0.46111482796086367,2104
127_10.png,SRF,1547,61.59857940673828,93.15472412109375,-31.55614471435547,-0.3387498058964244,1047
127_10.png,SRF,260,65.32307434082031,110.54691314697266,-45.223838806152344,-0.4090918282451454,810
127_10.png,SRF,109,62.75229263305664,98.2632827758789,-35.510990142822266,-0.3613861570635344,414
127_10.png,SHRM,3929,117.94985961914062,96.3055191040039,21.64434051513672,0.22474662632535308,3368
127_11.png,SRF,1674,63.06332015991211,101.50288391113281,-38.4395637512207,-0.3787041537152292,1386
127_11.png,SRF,272,72.07353210449219,107.47323608398438,-35.39970397949219,-0.32938157693352865,822
127_11.png,SHRM,2147,118.92454528808594,102.70206451416016,16.22248077392578,0.15795671538510397,2081
127_11.png,SHRM,860,111.55000305175781,99.13067626953125,12.419326782226562,0.12528237725786362,1255
127_12.png,SRF,839,61.99046325683594,87.0575942993164,-25.06713104248047,-0.28793732751557666,955
127_12.png,SHRM,2695,108.28942108154297,97.74857330322266,10.540847778320312,0.10783633379099962,2100
127_12.png,SHRM,742,101.9946060180664,101.6639633178711,0.3306427001953125,0.003252309760553966,1357
127_13.png,SRF,1015,65.14088439941406,91.11904907226562,-25.978164672851562,-0.2851013584683981,1050
127_13.png,SHRM,2558,111.95621490478516,99.40872955322266,12.5474853515625,0.12622116194377753,1879
127_13.png,SHRM,397,100.7229232788086,93.9000015258789,6.8229217529296875,0.07266157233287462,1150
127_14.png,SRF,621,58.291465759277344,100.57767486572266,-42.28620910644531,-0.4204333532555807,1281
127_14.png,SHRM,3391,98.9256820678711,98.6464614868164,0.2792205810546875,0.0028305179612753153,2475
127_15.png,SRF,620,58.82096862792969,108.1957015991211,-49.374732971191406,-0.4563465298661411,1303
127_15.png,SHRM,243,142.6419677734375,118.72685241699219,23.915115356445312,0.2014297091988146,864
127_15.png,SHRM,3671,101.8131332397461,99.27777862548828,2.5353546142578125,0.02553798694289976,2556
127_16.png,SRF,612,56.45098114013672,109.6693115234375,-53.21833038330078,-0.4852618261575159,1134
127_16.png,SHRM,3662,102.15674591064453,97.08447265625,5.072273254394531,0.05224597832811109,2486
127_16.png,SHRM,297,111.00336456298828,111.76451873779297,-0.7611541748046875,-0.006810338230779717,637
127_17.png,SRF,866,57.790992736816406,111.85057830810547,-54.05958557128906,-0.48331967870899717,1633
127_17.png,SHRM,3594,101.41986846923828,97.5073013305664,3.912567138671875,0.04012588888505492,2602
127_18.png,SRF,954,59.10167694091797,115.2336654663086,-56.131988525390625,-0.4871144929586762,1592
127_18.png,SHRM,4173,101.14713287353516,102.84725189208984,-1.7001190185546875,-0.016530524513562104,2658
127_19.png,SRF,1161,60.261844635009766,121.80467987060547,-61.5428352355957,-0.5052583800636673,1838
127_19.png,SHRM,4643,109.19491577148438,104.19160461425781,5.0033111572265625,0.04802029084540942,2834
127_20.png,SRF,1347,58.158870697021484,121.48941040039062,-63.33053970336914,-0.5212844435959623,1841
127_20.png,SHRM,4596,111.6118392944336,106.3023681640625,5.309471130371094,0.049946875333733716,2874
127_21.png,SRF,1504,54.633644104003906,113.37371826171875,-58.740074157714844,-0.5181101498507414,1857
127_21.png,SHRM,5918,122.08482360839844,108.1323013305664,13.952522277832031,0.12903195535604484,4467
127_22.png,SRF,1819,60.772953033447266,122.39168548583984,-61.61873245239258,-0.5034552159960375,2068
127_22.png,SHRM,5975,128.04066467285156,109.35270690917969,18.687957763671875,0.1708961606153263,4216
127_23.png,SRF,2029,57.162147521972656,117.9659194946289,-60.80377197265625,-0.5154350700027791,2230
127_23.png,SHRM,6525,125.97777557373047,111.60578918457031,14.371986389160156,0.1287745599414399,4249
127_24.png,SRF,3684,73.94380950927734,110.34877014160156,-36.40496063232422,-0.32990816830680314,2807
127_24.png,SHRM,4869,127.17704010009766,102.72039031982422,24.456649780273438,0.23808953318933698,3183
127_25.png,SRF,3900,57.0943603515625,103.0739517211914,-45.979591369628906,-0.4460835216059323,3732
127_25.png,SHRM,4799,138.53720092773438,115.82723236083984,22.70996856689453,0.19606760952506855,2894
127_26.png,SRF,6158,68.322509765625,101.92967224121094,-33.60716247558594,-0.32970931561573597,4152
127_26.png,SHRM,3198,160.41026306152344,123.8780288696289,36.53223419189453,0.294904871551852,2353
127_27.png,SRF,4526,57.50132751464844,102.94841766357422,-45.44709014892578,-0.44145496531517964,3373
127_27.png,SHRM,3778,150.6294403076172,117.06169891357422,33.56774139404297,0.28675255617830886,2415
127_28.png,SRF,3923,59.182003021240234,106.89862060546875,-47.716617584228516,-0.4463726221532499,3413
127_28.png,SHRM,3742,152.127197265625,117.28785705566406,34.83934020996094,0.297041322815084,2397
127_29.png,SRF,2953,61.25838088989258,107.95500183105469,-46.69662094116211,-0.4325563443020498,2889
127_29.png,SHRM,3366,155.48663330078125,114.67936706542969,40.80726623535156,0.3558379094651717,2651
127_30.png,SRF,2030,65.35221862792969,107.15460205078125,-41.80238342285156,-0.39011281478177806,2846
127_30.png,SHRM,2786,151.28427124023438,116.74320983886719,34.54106140136719,0.29587212351829195,2173
127_31.png,SRF,1807,68.64859008789062,121.15475463867188,-52.50616455078125,-0.433380965587145,2953
127_4.png,SHRM,1443,114.1891860961914,100.46416473388672,13.725021362304688,0.13661608991285643,2400
127_5.png,SRF,315,64.990478515625,100.20449829101562,-35.214019775390625,-0.35142154669665093,978
127_5.png,SHRM,2434,117.60846710205078,96.34745788574219,21.261009216308594,0.22067016279269022,2832
127_6.png,SRF,323,67.02786254882812,99.48222351074219,-32.45436096191406,-0.32623276618269,1153
127_6.png,SHRM,2958,113.49154663085938,99.33528900146484,14.156257629394531,0.1425098549739537,3069
127_7.png,SRF,930,69.68386840820312,96.61976623535156,-26.935897827148438,-0.2787824777130649,2196
127_7.png,SHRM,3539,118.28341674804688,94.82766723632812,23.45574951171875,0.24735132894561956,3029
127_8.png,SRF,1114,61.696590423583984,90.1947250366211,-28.49813461303711,-0.3159623204291185,1176
127_8.png,SHRM,4440,112.69639587402344,98.63799285888672,14.058403015136719,0.14252523401656117,3511
127_9.png,SRF,1413,58.71620559692383,86.7997055053711,-28.083499908447266,-0.323543723390968,1368
127_9.png,SRF,249,63.54618453979492,103.38639068603516,-39.840206146240234,-0.3853525196292748,867
127_9.png,SHRM,5050,112.77544403076172,88.53248596191406,24.242958068847656,0.2738312135420751,3694
128_11.png,SRF,251,101.64541625976562,142.09349060058594,-40.44807434082031,-0.28465817941313576,1091
128_11.png,SHRM,741,153.50067138671875,116.50817108154297,36.99250030517578,0.31750992193745003,1163
128_12.png,SRF,71,99.5492935180664,144.98907470703125,-45.439781188964844,-0.31340141511201214,549
128_12.png,SHRM,337,167.29969787597656,131.27511596679688,36.02458190917969,0.2744204919863968,1065
128_13.png,SHRM,319,162.1536102294922,138.4251708984375,23.728439331054688,0.17141708532521324,1136
128_14.png,SRF,478,132.58995056152344,144.5845489501953,-11.994598388671875,-0.08295906081087284,1502
128_7.png,SRF,61,72.0655746459961,124.15122985839844,-52.085655212402344,-0.41953394478499334,529
128_8.png,SHRM,711,161.6694793701172,127.99254608154297,33.67693328857422,0.2631163635663512,1476
128_9.png,SHRM,831,169.7087860107422,121.39464569091797,48.31414031982422,0.3979923500319487,1457
129_10.png,SRF,2192,56.3873176574707,99.66856384277344,-43.281246185302734,-0.4342517290966351,3159
129_10.png,SHRM,4508,80.3349609375,97.73188018798828,-17.39691925048828,-0.1780065953609521,4636
129_11.png,SRF,1586,54.563682556152344,98.56230926513672,-43.998626708984375,-0.4464041786057004,2929
129_11.png,SHRM,4355,81.6328353881836,99.13851165771484,-17.50567626953125,-0.17657796124649586,4339
129_12.png,SRF,1292,67.76238250732422,104.13427734375,-36.37189483642578,-0.34927879430479164,2763
129_12.png,SHRM,4744,85.0276107788086,94.53965759277344,-9.512046813964844,-0.10061435651626413,4829
129_13.png,SRF,794,53.91687774658203,99.28968048095703,-45.372802734375,-0.45697400288318124,2016
129_13.png,SHRM,4850,84.71504974365234,93.93746185302734,-9.222412109375,-0.09817608361405591,4909
129_14.png,SRF,64,62.859375,115.0395278930664,-52.180152893066406,-0.45358455348990856,506
129_14.png,SRF,315,52.68888854980469,105.01215362548828,-52.323265075683594,-0.4982591373403071,1152
129_14.png,SHRM,1235,90.81214904785156,101.28800964355469,-10.475860595703125,-0.10342646313782848,1868
129_14.png,SHRM,391,119.24552154541016,99.66815185546875,19.577369689941406,0.19642553138068652,1344
129_15.png,SRF,144,65.70833587646484,109.81602478027344,-44.107688903808594,-0.40165075171917697,886
129_15.png,SRF,217,57.041473388671875,104.10883331298828,-47.067359924316406,-0.45209765998256013,928
129_16.png,SRF,250,70.5,108.42289733886719,-37.92289733886719,-0.3497683447836869,1057
129_16.png,SRF,166,54.70481872558594,96.9117660522461,-42.206947326660156,-0.435519329034887,816
129_17.png,SRF,400,59.98500061035156,111.4166030883789,-51.431602478027344,-0.46161524451818275,1265
129_17.png,SRF,204,62.34803771972656,100.26433563232422,-37.916297912597656,-0.3781633586207479,1029
129_17.png,SHRM,921,91.03691864013672,89.6672134399414,1.3697052001953125,0.015275429531583841,1214
129_18.png,SRF,392,50.93367385864258,104.56513977050781,-53.631465911865234,-0.5129000547369017,1136
129_18.png,SRF,310,54.958065032958984,95.55673217773438,-40.59866714477539,-0.424864540880933,1040
129_19.png,SRF,461,53.01518249511719,104.89044189453125,-51.87525939941406,-0.49456612502000263,1360
129_19.png,SHRM,1495,119.92508697509766,82.9394760131836,36.98561096191406,0.4459349484681461,2247
129_20.png,SRF,548,62.65876007080078,101.188232421875,-38.52947235107422,-0.3807702875017794,1360
129_21.png,SRF,562,56.16904067993164,103.95854949951172,-47.78950881958008,-0.4596977261577177,1520
129_21.png,SRF,117,55.094017028808594,100.42732238769531,-45.33330535888672,-0.45140410279863347,688
129_21.png,SHRM,2040,107.74117279052734,89.88008117675781,17.86109161376953,0.19872135605489696,2977
129_22.png,SRF,503,64.65010070800781,100.79505920410156,-36.14495849609375,-0.35859851446590485,1376
129_22.png,SHRM,4162,87.00552368164062,85.91035461425781,1.0951690673828125,0.012747812208437289,4306
129_23.png,SRF,455,57.21538543701172,100.56686401367188,-43.351478576660156,-0.4310711982703031,1376
129_23.png,SHRM,3909,97.50703430175781,84.21533203125,13.291702270507812,0.15782995744261422,3887
129_24.png,SRF,1657,73.39952087402344,99.00247192382812,-25.602951049804688,-0.25860920997511494,2426
129_24.png,SHRM,6187,97.8816909790039,80.95304107666016,16.92864990234375,0.20911691120180173,4919
129_25.png,SRF,1957,74.30557250976562,101.08384704589844,-26.778274536132812,-0.2649115097882433,2588
129_25.png,SHRM,7254,96.9575424194336,75.66809844970703,21.289443969726562,0.2813529665196574,5589
129_26.png,SRF,1296,53.779319763183594,90.94336700439453,-37.16404724121094,-0.40865044329637706,2790
129_26.png,SHRM,4455,95.44467163085938,77.79266357421875,17.652008056640625,0.226910961080534,3680
129_26.png,SHRM,118,98.72881317138672,88.13880157470703,10.590011596679688,0.120151526994652,634
129_27.png,SRF,1636,48.27322769165039,92.37073516845703,-44.09750747680664,-0.4773969525779541,2549
129_27.png,SHRM,4718,98.43980407714844,83.63065338134766,14.809150695800781,0.17707802219686714,4535
129_27.png,SHRM,337,99.55489349365234,91.6414794921875,7.913414001464844,0.08635187957806233,622
129_28.png,SRF,1639,48.46552658081055,95.20173645019531,-46.736209869384766,-0.49091761990953564,2538
129_28.png,SHRM,6739,90.88351440429688,83.94300079345703,6.940513610839844,0.08268126639786297,5105
129_29.png,SRF,1689,46.37300109863281,93.47108459472656,-47.09808349609375,-0.5038786454688354,2611
129_29.png,SHRM,6336,89.56802368164062,79.25304412841797,10.314979553222656,0.13015247132348304,4758
129_3.png,SRF,724,64.59392547607422,104.22892761230469,-39.63500213623047,-0.38026873195567046,3381
129_30.png,SRF,2478,46.20903778076172,92.74826049804688,-46.539222717285156,-0.5017800060871782,3019
129_30.png,SHRM,6294,86.79981231689453,79.62609100341797,7.1737213134765625,0.0900925968244332,4346
129_31.png,SRF,3170,44.993690490722656,94.02367401123047,-49.02998352050781,-0.5214642379817186,3253
129_31.png,SHRM,5557,85.80061340332031,82.13471221923828,3.6659011840820312,0.04463278783149341,4261
129_32.png,SRF,4194,42.62779998779297,91.54820251464844,-48.92040252685547,-0.5343677012012095,3734
129_32.png,SHRM,5224,81.26416778564453,74.9840087890625,6.280158996582031,0.08375331084589976,4814
129_33.png,SRF,4702,40.99000549316406,86.57903289794922,-45.589027404785156,-0.5265596747716157,3815
129_33.png,SHRM,6883,77.4406509399414,75.40869903564453,2.031951904296875,0.02694585545543496,4485
129_34.png,SRF,4545,40.43718338012695,86.70692443847656,-46.26974105834961,-0.5336337479157226,3784
129_34.png,SHRM,3193,86.39805603027344,78.6063003540039,7.791755676269531,0.09912380612214691,3208
129_35.png,SRF,4587,39.61325454711914,86.25959014892578,-46.64633560180664,-0.5407669514922631,3702
129_35.png,SHRM,2774,93.20079040527344,79.12142944335938,14.079360961914062,0.17794624112539636,3187
129_4.png,SRF,1461,53.9130744934082,100.2063980102539,-46.2933235168457,-0.4619797182222697,3968
129_5.png,SRF,2088,48.943965911865234,101.47625732421875,-52.532291412353516,-0.5176806161121192,4464
129_6.png,SRF,2807,47.39864730834961,102.93374633789062,-55.535099029541016,-0.5395227610509903,5207
129_7.png,SRF,2863,48.51903533935547,105.59004211425781,-57.071006774902344,-0.5404961077025279,4681
129_8.png,SRF,5296,67.13652038574219,101.41039276123047,-34.27387237548828,-0.33797199125523253,6640
129_9.png,SRF,5604,65.39364624023438,94.46987915039062,-29.07623291015625,-0.30778310686593086,6640
12_1.png,SRF,2378,62.69428253173828,131.92408752441406,-69.22980499267578,-0.5247700119954517,3675
12_10.png,SRF,2056,70.39396667480469,136.39166259765625,-65.99769592285156,-0.4838836528999513,2423
12_10.png,SRF,805,65.36894226074219,122.75387573242188,-57.38493347167969,-0.46747960607587663,1678
12_11.png,SRF,2156,64.986083984375,135.73643493652344,-70.75035095214844,-0.521233307661532,2341
12_11.png,SRF,830,62.381927490234375,118.26565551757812,-55.88372802734375,-0.47252710673080917,1453
12_12.png,SRF,2464,68.4147720336914,133.9612274169922,-65.54645538330078,-0.4892942282416457,2450
12_12.png,SRF,825,59.979393005371094,111.65581512451172,-51.676422119140625,-0.4628189052358289,1444
12_13.png,SRF,2805,64.22352600097656,135.69387817382812,-71.47035217285156,-0.5267028486082165,2878
12_13.png,SRF,857,54.4947509765625,113.16622924804688,-58.671478271484375,-0.5184539474482577,1528
12_14.png,SRF,3108,63.36454391479492,137.11582946777344,-73.75128555297852,-0.5378757933292626,3134
12_14.png,SRF,921,57.36156463623047,112.03557586669922,-54.67401123046875,-0.48800580358082246,1574
12_15.png,SRF,3339,60.61845016479492,130.57167053222656,-69.95322036743164,-0.5357457715160839,2874
12_15.png,SRF,934,56.3790168762207,110.79974365234375,-54.42072677612305,-0.49116293036632747,1558
12_16.png,SRF,3912,64.36784362792969,135.4942626953125,-71.12641906738281,-0.5249404487873085,2960
12_16.png,SRF,782,55.56393814086914,111.54402923583984,-55.9800910949707,-0.5018654201258127,1533
12_17.png,SRF,4070,64.99705505371094,135.14663696289062,-70.14958190917969,-0.519062726869347,3021
12_17.png,SRF,862,58.31554412841797,115.78916931152344,-57.47362518310547,-0.49636443136124686,1551
12_18.png,SRF,3719,59.43479537963867,137.08094787597656,-77.64615249633789,-0.5664255587624616,2940
12_18.png,SRF,934,60.90792465209961,116.52769470214844,-55.61977005004883,-0.4773094515618471,1751
12_19.png,SRF,3857,63.1420783996582,132.41876220703125,-69.27668380737305,-0.5231636563636037,2665
12_19.png,SRF,1120,65.65267944335938,104.89700317382812,-39.24432373046875,-0.37412244909833836,1767
12_2.png,SRF,2486,62.02936553955078,129.49876403808594,-67.46939849853516,-0.5210041887248609,3645
12_2.png,SHRM,177,163.70620727539062,105.55484771728516,58.15135955810547,0.5509113111873012,784
12_2.png,SHRM,67,178.9104461669922,118.25,60.66044616699219,0.5129847455982426,608
12_20.png,SRF,3697,63.156070709228516,132.72650146484375,-69.57043075561523,-0.5241638255193736,2702
12_20.png,SRF,1016,59.41929244995117,106.6875,-47.26820755004883,-0.4430529120098308,1696
12_21.png,SRF,3237,67.16002655029297,121.49810791015625,-54.33808135986328,-0.44723397174254315,2110
12_21.png,SRF,1083,57.503231048583984,105.41436767578125,-47.911136627197266,-0.45450290774930824,1810
12_21.png,SHRM,274,134.21168518066406,109.2255630493164,24.986122131347656,0.22875709159829352,399
12_21.png,SHRM,569,109.02812194824219,87.9751205444336,21.053001403808594,0.2393063092556418,844
12_3.png,SRF,2667,63.034122467041016,128.02188110351562,-64.98775863647461,-0.5076300869530808,3793
12_3.png,SHRM,166,172.19276428222656,105.60653686523438,66.58622741699219,0.6305123659339723,704
12_4.png,SRF,2866,63.76448059082031,126.519775390625,-62.75529479980469,-0.4960117468281152,3742
12_4.png,SHRM,237,154.29957580566406,107.13742065429688,47.16215515136719,0.44020245086491816,946
12_5.png,SRF,2929,63.90133285522461,125.99312591552734,-62.091793060302734,-0.49281889475408724,4075
12_5.png,SHRM,413,141.07505798339844,108.51609802246094,32.5589599609375,0.3000380639764467,1056
12_5.png,SHRM,61,126.3442611694336,131.97891235351562,-5.634651184082031,-0.04269357190176857,332
12_5.png,SHRM,71,177.73239135742188,121.83013153076172,55.902259826660156,0.4588541366923257,624
12_6.png,SRF,1787,69.50196075439453,129.10134887695312,-59.599388122558594,-0.4616480667398986,2289
12_6.png,SRF,801,57.755306243896484,116.43569946289062,-58.68039321899414,-0.5039725229434143,1563
12_6.png,SHRM,189,153.3280487060547,116.18870544433594,37.13934326171875,0.319646760153564,832
12_7.png,SRF,1798,66.99777221679688,132.75442504882812,-65.75665283203125,-0.4953255065346819,1918
12_7.png,SRF,871,60.99885177612305,118.9565200805664,-57.95766830444336,-0.4872172476564548,1633
12_7.png,SHRM,244,141.42213439941406,109.03240966796875,32.38972473144531,0.29706510963189947,864
12_8.png,SRF,1953,64.01689910888672,134.3185272216797,-70.30162811279297,-0.5233948701415327,1959
12_8.png,SRF,819,59.78754425048828,118.08509063720703,-58.29754638671875,-0.4936909991950328,1610
12_8.png,SHRM,454,123.37004089355469,102.83905029296875,20.530990600585938,0.19964197006970677,845
12_9.png,SRF,2312,75.79844665527344,132.92628479003906,-57.127838134765625,-0.4297708179010698,2659
12_9.png,SRF,779,59.90372085571289,120.00641632080078,-60.10269546508789,-0.5008290165454283,1558
130_14.png,SRF,517,41.46615219116211,87.63643646240234,-46.170284271240234,-0.5268389055395714,1268
130_15.png,SRF,1012,39.51482391357422,88.873291015625,-49.35846710205078,-0.5553802108371678,1610
130_16.png,SRF,1496,36.60093688964844,82.30400085449219,-45.70306396484375,-0.5552957753006883,1898
130_17.png,SRF,2098,36.930885314941406,88.46367645263672,-51.53279113769531,-0.5825305165254563,2120
130_18.png,SRF,2510,37.0482063293457,90.21941375732422,-53.171207427978516,-0.5893543885244096,2215
130_19.png,SRF,2512,35.903263092041016,81.67558288574219,-45.77231979370117,-0.5604162000010836,2244
130_20.png,SRF,2243,35.26482391357422,84.02820587158203,-48.76338195800781,-0.5803215890689316,2198
130_21.png,SRF,2355,37.0275993347168,84.28933715820312,-47.26173782348633,-0.5607083815925674,2288
130_22.png,SRF,1472,37.9436149597168,83.74197387695312,-45.79835891723633,-0.5468984882602658,1806
130_23.png,SRF,501,39.479042053222656,83.01238250732422,-43.53334045410156,-0.524419841223815,1292
130_3.png,SHRM,863,63.960601806640625,69.56196594238281,-5.6013641357421875,-0.08052337307979072,1872
130_4.png,SHRM,886,89.95710754394531,70.90355682373047,19.053550720214844,0.26872489299208013,1773
130_5.png,SHRM,1338,93.66890716552734,72.09893035888672,21.569976806640625,0.29917193915737433,2618
131_1.png,SHRM,941,87.98299407958984,72.49404907226562,15.488945007324219,0.21365815822874065,2688
131_10.png,SHRM,3535,100.5802001953125,71.07020568847656,29.509994506835938,0.4152231476040421,5185
131_11.png,SHRM,3201,105.0624771118164,72.474609375,32.587867736816406,0.44964530361522087,4707
131_12.png,SHRM,3072,108.98600006103516,71.7288818359375,37.257118225097656,0.5194158513486147,4913
131_13.png,SHRM,3621,104.39022064208984,68.94844055175781,35.44178009033203,0.5140330920715575,5295
131_14.png,SHRM,3571,110.07840728759766,66.93331909179688,43.14508819580078,0.6445980683645569,5009
131_15.png,SHRM,4442,99.69878387451172,66.50200653076172,33.19677734375,0.4991845972105251,5733
131_16.png,SHRM,4195,97.46817779541016,69.17298889160156,28.295188903808594,0.409049679032215,5249
131_17.png,SHRM,4338,93.57699584960938,66.989501953125,26.587493896484375,0.39689045479228396,5238
131_18.png,SHRM,3582,97.2035140991211,69.28318786621094,27.920326232910156,0.4029884751669569,5085
131_2.png,SHRM,1221,92.74365234375,70.3515625,22.39208984375,0.31828845086063295,2944
131_3.png,SHRM,1674,95.90621185302734,66.4022445678711,29.50396728515625,0.44432183696741817,3565
131_4.png,SHRM,2032,95.36072540283203,63.873924255371094,31.486801147460938,0.49295235128462056,3712
131_5.png,SHRM,2135,92.99578094482422,66.97898864746094,26.01679229736328,0.38843214600179743,3760
131_6.png,SHRM,2299,99.06785583496094,62.24212646484375,36.82572937011719,0.5916528155720625,4192
131_7.png,SHRM,2797,94.47479248046875,62.79452896118164,31.68026351928711,0.5045067467401696,4643
131_8.png,SHRM,3088,96.24773406982422,66.42959594726562,29.818138122558594,0.4488682747104074,4751
131_9.png,SHRM,3015,100.15986633300781,70.38399505615234,29.77587127685547,0.4230488941853937,4448
132_10.png,SHRM,592,121.6266860961914,115.1566390991211,6.4700469970703125,0.05618475016018155,1047
132_11.png,SHRM,1001,121.9880142211914,111.48091888427734,10.507095336914062,0.09425016802939114,1179
132_12.png,SHRM,1305,137.0590057373047,112.33132934570312,24.727676391601562,0.22013161008271678,1497
132_13.png,SHRM,2100,139.5609588623047,110.16029357910156,29.400665283203125,0.2668898595671563,1622
132_14.png,SHRM,2115,142.44822692871094,107.22174835205078,35.226478576660156,0.3285385578772499,1646
132_15.png,SHRM,3036,144.27206420898438,106.2887191772461,37.98334503173828,0.35736007852721985,1808
132_16.png,SHRM,3504,146.13070678710938,103.24263000488281,42.88807678222656,0.4154105409770963,1764
132_17.png,SHRM,3120,153.0548095703125,109.0773696899414,43.977439880371094,0.4031765709549053,2068
132_18.png,SHRM,3100,152.0448455810547,107.86156463623047,44.18328094482422,0.4096295199669591,2066
132_19.png,SHRM,4253,128.89559936523438,101.10449981689453,27.791099548339844,0.2748750015941027,2354
132_20.png,SHRM,3915,129.27484130859375,97.90560150146484,31.369239807128906,0.3204029118462601,1928
132_21.png,SHRM,3169,136.0126190185547,107.9687728881836,28.043846130371094,0.25974034325104656,2370
132_21.png,SHRM,208,165.9423065185547,130.365234375,35.57707214355469,0.2729030658681289,1024
132_22.png,SHRM,3051,125.28384399414062,109.09906768798828,16.184776306152344,0.14834935484910908,3210
132_23.png,SHRM,627,153.29983520507812,126.32010650634766,26.97972869873047,0.2135822193703955,1840
132_8.png,SHRM,117,138.4871826171875,85.59319305419922,52.89398956298828,0.6179695800049756,558
132_9.png,SHRM,510,107.98039245605469,105.5919418334961,2.3884506225585938,0.022619629690349388,794
133_10.png,SRF,1805,68.09085845947266,121.63932800292969,-53.54846954345703,-0.4402233259802892,2634
133_11.png,SRF,2303,69.56014251708984,128.01687622070312,-58.45673370361328,-0.45663302706147074,3201
133_12.png,SRF,2605,67.99769592285156,127.40413665771484,-59.40644073486328,-0.4662834527458491,3333
133_12.png,SRF,57,83.64912414550781,139.98886108398438,-56.33973693847656,-0.40245871351632984,539
133_13.png,SRF,3061,70.70663452148438,127.76748657226562,-57.06085205078125,-0.446599159000498,4374
133_14.png,SRF,4246,71.04380798339844,133.29696655273438,-62.25315856933594,-0.4670260710299631,5243
133_15.png,SRF,4387,70.24960327148438,133.86634826660156,-63.61674499511719,-0.47522581902675975,5357
133_16.png,SRF,4895,68.68968200683594,134.73388671875,-66.04420471191406,-0.49018258376066826,5618
133_17.png,SRF,4976,70.48492431640625,137.5972442626953,-67.11231994628906,-0.48774465147107765,5502
133_18.png,SRF,5354,70.77904510498047,135.9754638671875,-65.19641876220703,-0.4794719349211921,5786
133_19.png,SRF,5509,70.40570068359375,137.51040649414062,-67.10470581054688,-0.487997290688005,5570
133_2.png,SRF,278,82.51798248291016,123.75513458251953,-41.237152099609375,-0.3332156862720922,1168
133_20.png,SRF,5477,70.3819580078125,136.10594177246094,-65.72398376464844,-0.4828884243314257,5371
133_21.png,SRF,5240,71.07786560058594,138.9261016845703,-67.84823608398438,-0.48837644806325026,5372
133_22.png,SRF,5008,73.35942840576172,139.66197204589844,-66.30254364013672,-0.47473584017807713,5813
133_23.png,SRF,2174,73.84130859375,141.78988647460938,-67.94857788085938,-0.47922020089230466,2789
133_23.png,SRF,2015,79.31712341308594,139.20489501953125,-59.88777160644531,-0.4302131156956996,2577
133_23.png,SHRM,665,133.2090301513672,121.97294616699219,11.236083984375,0.09211947679768075,1146
133_24.png,SRF,1929,75.13685607910156,140.3056640625,-65.16880798339844,-0.4644773852776792,2771
133_24.png,SRF,1463,77.7423095703125,138.17214965820312,-60.429840087890625,-0.43735181248447036,2097
133_24.png,SHRM,1531,131.1358642578125,124.36991882324219,6.7659454345703125,0.05440178379617866,1476
133_25.png,SRF,1622,77.13069915771484,140.83558654785156,-63.70488739013672,-0.4523351586886868,2591
133_25.png,SRF,1248,75.34855651855469,142.2272491455078,-66.87869262695312,-0.470224187198698,1923
133_25.png,SHRM,1419,135.29104614257812,131.04200744628906,4.2490386962890625,0.032425012246783846,1571
133_3.png,SRF,451,68.56097412109375,130.35104370117188,-61.790069580078125,-0.474028192069801,1299
133_4.png,SRF,912,69.06468963623047,126.84626770019531,-57.781578063964844,-0.45552446368018656,1984
133_5.png,SRF,1093,65.84172058105469,126.0027847290039,-60.16106414794922,-0.4774582107636631,2157
133_6.png,SRF,1282,67.51325988769531,128.62355041503906,-61.11029052734375,-0.4751096539487107,2489
133_7.png,SRF,1408,64.80610656738281,129.30760192871094,-64.50149536132812,-0.4988221450188883,2578
133_8.png,SRF,1478,67.92354583740234,129.7926025390625,-61.869056701660156,-0.4766762934970811,2459
133_9.png,SRF,1573,67.62174224853516,127.29146575927734,-59.66972351074219,-0.46876452521636,2659
134_10.png,SHRM,386,160.85491943359375,135.1021270751953,25.752792358398438,0.19061722354722746,1312
134_11.png,SHRM,230,184.4478302001953,129.3211212158203,55.126708984375,0.42627769127036574,928
134_12.png,SHRM,1914,105.7727279663086,104.10336303710938,1.6693649291992188,0.01603564842188764,2854
134_13.png,SHRM,2035,127.30810546875,84.85035705566406,42.45774841308594,0.5003838508921363,2526
134_14.png,SHRM,3346,122.94112396240234,95.86080932617188,27.08031463623047,0.2824962028443569,3197
134_15.png,SHRM,4347,122.20773315429688,89.93304443359375,32.274688720703125,0.3588746375036224,3450
134_16.png,SHRM,6363,111.78783416748047,104.16476440429688,7.623069763183594,0.07318280617038612,4200
134_17.png,SHRM,6175,117.75837707519531,94.80546569824219,22.952911376953125,0.24210535972694136,3953
134_18.png,SHRM,8632,113.3641128540039,105.76155090332031,7.602561950683594,0.07188398700424992,4697
134_19.png,SHRM,7609,120.9505844116211,103.01898193359375,17.931602478027344,0.17406115010519219,4426
134_20.png,SHRM,7624,122.78804016113281,105.76165771484375,17.026382446289062,0.16098823348813104,4460
134_21.png,SRF,317,74.21450805664062,148.5408172607422,-74.32630920410156,-0.5003763314000915,686
134_21.png,SHRM,7941,124.90379333496094,109.00906372070312,15.894729614257812,0.14581108278282615,4523
134_22.png,SHRM,8860,125.15609741210938,109.19058990478516,15.965507507324219,0.14621688115474268,4292
134_23.png,SHRM,8249,124.33506774902344,110.1504898071289,14.184577941894531,0.1287745335198365,4678
134_24.png,SHRM,6756,126.8747787475586,112.82555389404297,14.049224853515625,0.12452165638565861,4156
134_25.png,SHRM,5430,124.2511978149414,113.47929382324219,10.771903991699219,0.09492396038767892,3839
134_26.png,SHRM,4911,119.57605743408203,122.04235076904297,-2.4662933349609375,-0.020208504010449893,3707
134_27.png,SHRM,3707,126.59131622314453,103.7787094116211,22.812606811523438,0.21981971967912034,2987
134_28.png,SRF,159,86.42767333984375,134.2123565673828,-47.78468322753906,-0.3560378824251419,664
134_28.png,SHRM,2491,129.0381317138672,99.73113250732422,29.30699920654297,0.2938600863114702,2451
134_29.png,SRF,135,82.14814758300781,141.37017822265625,-59.22203063964844,-0.4189145927677511,597
134_29.png,SHRM,1820,123.0901107788086,106.14247131347656,16.94763946533203,0.1596687853185518,2569
134_30.png,SRF,501,76.09381103515625,135.51210021972656,-59.41828918457031,-0.4384722035023169,1322
134_30.png,SRF,49,73.89795684814453,132.01446533203125,-58.11650848388672,-0.4402283366274836,484
134_30.png,SHRM,113,180.78761291503906,136.51747131347656,44.2701416015625,0.32428187524736474,601
134_6.png,SHRM,225,162.06222534179688,135.8638458251953,26.198379516601562,0.19282819029213139,896
134_7.png,SHRM,322,174.06521606445312,126.21315002441406,47.85206604003906,0.37913692852751707,1262
134_8.png,SRF,188,86.23936462402344,135.01174926757812,-48.77238464355469,-0.3612454835089448,1276
134_9.png,SRF,157,105.79618072509766,135.95217895507812,-30.15599822998047,-0.22181327626933245,920
135_10.png,SHRM,2016,116.96627044677734,94.1443099975586,22.82196044921875,0.2424146552225045,2654
135_11.png,SHRM,1948,118.52259063720703,92.6670913696289,25.855499267578125,0.27901490038622395,3136
135_12.png,SHRM,2423,112.04911041259766,84.44992065429688,27.59918975830078,0.32681131662965646,3225
135_13.png,SHRM,2055,98.01216888427734,85.5337905883789,12.478378295898438,0.14588828824328778,3226
135_14.png,SHRM,1054,100.5464859008789,84.21205139160156,16.334434509277344,0.19396789698566078,1693
135_14.png,SHRM,813,96.3419418334961,88.14399719238281,8.197944641113281,0.09300627271554832,1632
135_15.png,SHRM,955,95.98429107666016,83.10602569580078,12.878265380859375,0.15496187277681472,1726
135_15.png,SHRM,580,100.36896514892578,93.40608215332031,6.962882995605469,0.07454421419984543,1480
135_16.png,SHRM,726,90.45592498779297,82.66836547851562,7.787559509277344,0.09420241302945834,1568
135_17.png,SHRM,647,87.23802185058594,84.90116119384766,2.3368606567382812,0.027524484045662514,1639
135_3.png,SHRM,1381,120.07965087890625,90.43961334228516,29.640037536621094,0.32773290863642884,2600
135_4.png,SHRM,1683,110.9334487915039,88.380615234375,22.552833557128906,0.25517850828851374,2559
135_5.png,SHRM,2071,114.89811706542969,87.85657501220703,27.041542053222656,0.3077918988927742,2531
135_6.png,SHRM,2672,115.9375,86.98914337158203,28.94835662841797,0.3327812587458464,2948
135_7.png,SRF,2,124.0,86.87551879882812,37.124481201171875,0.4273296057907703,241
135_7.png,SHRM,3181,119.23640441894531,86.22746276855469,33.008941650390625,0.38281239631265457,3583
135_8.png,SHRM,2864,110.09113311767578,91.82076263427734,18.270370483398438,0.19897864011617322,3526
135_9.png,SHRM,2852,110.62552642822266,92.26825714111328,18.357269287109375,0.19895541387580482,3806
136_10.png,SRF,5006,45.07451248168945,93.51665496826172,-48.442142486572266,-0.5180055093182372,4864
136_11.png,SRF,5327,46.781490325927734,89.94206237792969,-43.16057205200195,-0.4798708291860656,4729
136_12.png,SRF,6165,44.57712936401367,91.00614929199219,-46.429019927978516,-0.5101745353383927,4393
136_13.png,SRF,6586,44.80473709106445,92.14201354980469,-47.337276458740234,-0.5137425875022087,4556
136_14.png,SRF,6608,45.4520263671875,93.40966796875,-47.9576416015625,-0.5134119694934214,4594
136_15.png,SRF,6421,45.40196228027344,93.10511779785156,-47.703155517578125,-0.5123580383749742,3986
136_16.png,SRF,5951,45.37993621826172,90.9077377319336,-45.527801513671875,-0.5008132712302564,4227
136_17.png,SRF,5572,44.16349792480469,97.5756607055664,-53.41216278076172,-0.5473922737959458,3443
136_17.png,SRF,172,69.1686019897461,101.23979949951172,-32.071197509765625,-0.31678448266701975,1005
136_18.png,SRF,5657,42.93088150024414,97.3305892944336,-54.39970779418945,-0.5589168645596664,3887
136_18.png,SRF,262,61.95419692993164,97.67774963378906,-35.72355270385742,-0.36572866223670447,872
136_19.png,SRF,5909,44.30563735961914,99.53081512451172,-55.22517776489258,-0.5548550737357734,3992
136_19.png,SRF,268,54.794776916503906,96.85935974121094,-42.06458282470703,-0.43428516291141384,903
136_2.png,SRF,447,56.306488037109375,90.71900177001953,-34.412513732910156,-0.3793308244302427,1968
136_20.png,SRF,6740,43.12077331542969,100.70084381103516,-57.58007049560547,-0.5717933268131725,4282
136_20.png,SRF,540,51.150001525878906,100.95305633544922,-49.80305480957031,-0.49332884627171203,1129
136_21.png,SRF,7192,43.04143524169922,100.06572723388672,-57.0242919921875,-0.5698683612112553,4336
136_21.png,SRF,578,49.4290657043457,100.78228759765625,-51.35322189331055,-0.5095461029652675,1208
136_22.png,SRF,8130,43.77687454223633,101.31871032714844,-57.54183578491211,-0.5679290192217707,5723
136_23.png,SRF,8223,42.853458404541016,97.48931121826172,-54.6358528137207,-0.5604291601917308,5381
136_24.png,SRF,8205,43.3141975402832,94.16397094726562,-50.84977340698242,-0.5400130527148188,4824
136_25.png,SRF,7260,44.0548210144043,96.38851165771484,-52.33369064331055,-0.542945313121471,4579
136_26.png,SRF,6278,43.55941390991211,97.8484878540039,-54.2890739440918,-0.5548279297386232,4706
136_27.png,SRF,5480,43.67901611328125,93.10575866699219,-49.42674255371094,-0.530866653807029,4671
136_28.png,SRF,4552,44.603031158447266,96.30088806152344,-51.69785690307617,-0.536836761775739,3729
136_29.png,SRF,4158,45.74026107788086,89.99219512939453,-44.25193405151367,-0.4917307994086198,3460
136_3.png,SRF,1033,51.96611785888672,91.3445816040039,-39.37846374511719,-0.4310979704940825,2696
136_30.png,SRF,3583,47.06167984008789,91.05615997314453,-43.99448013305664,-0.4831576484889333,3508
136_31.png,SRF,2110,50.753082275390625,94.4777603149414,-43.72467803955078,-0.4628039222542391,3372
136_4.png,SRF,1874,48.832977294921875,88.9893798828125,-40.156402587890625,-0.45124938100222084,3484
136_5.png,SRF,2284,48.02408218383789,90.57315063476562,-42.549068450927734,-0.4697757354440057,3903
136_6.png,SRF,2042,45.73457336425781,87.38435363769531,-41.6497802734375,-0.47662743431303334,2914
136_6.png,SRF,416,58.51442337036133,101.90039825439453,-43.3859748840332,-0.42576845259937096,1245
136_7.png,SRF,2407,46.314083099365234,87.02442932128906,-40.71034622192383,-0.4678036562770625,3152
136_7.png,SRF,375,60.928001403808594,98.47833251953125,-37.550331115722656,-0.3813055131520965,1246
136_8.png,SRF,3160,44.05474853515625,88.33375549316406,-44.27900695800781,-0.5012693812325738,3134
136_8.png,SRF,450,54.44444274902344,101.47525024414062,-47.03080749511719,-0.4634707219934433,1111
136_9.png,SRF,3645,43.52565002441406,89.10626220703125,-45.58061218261719,-0.5115309637465691,3416
136_9.png,SRF,528,51.977272033691406,97.6119613647461,-45.63468933105469,-0.46751124240329306,1237
137_10.png,SRF,431,55.37818908691406,86.14349365234375,-30.765304565429688,-0.357140200159419,676
137_10.png,SRF,1271,68.3477554321289,94.35868072509766,-26.01092529296875,-0.2756601204371261,1815
137_10.png,SHRM,2630,125.60722351074219,106.63859558105469,18.9686279296875,0.17787769827922836,2161
137_11.png,SRF,538,59.54460906982422,89.50425720214844,-29.95964813232422,-0.33472874999296764,1057
137_11.png,SRF,924,65.43289947509766,95.17903900146484,-29.746139526367188,-0.31252826082756924,1441
137_11.png,SHRM,2435,116.75071716308594,114.62932586669922,2.1213912963867188,0.018506532079353356,2196
137_12.png,SRF,796,56.56281280517578,84.0079116821289,-27.445098876953125,-0.32669659711100224,1138
137_12.png,SHRM,2871,113.85858917236328,112.41156768798828,1.447021484375,0.012872531841130273,2386
137_13.png,SRF,995,60.925628662109375,85.87789916992188,-24.9522705078125,-0.29055520394648704,1335
137_13.png,SHRM,3068,118.2017593383789,113.84312438964844,4.358634948730469,0.038286325784702306,2161
137_14.png,SRF,1316,59.33662796020508,87.67180633544922,-28.33517837524414,-0.3231960143130654,1426
137_14.png,SHRM,3076,119.70025634765625,115.49266052246094,4.2075958251953125,0.036431716146819754,2180
137_15.png,SRF,1379,47.971717834472656,81.4648208618164,-33.49310302734375,-0.41113578441614657,1265
137_15.png,SHRM,3179,115.74897766113281,113.62090301513672,2.1280746459960938,0.018729605112472913,2411
137_16.png,SRF,1884,54.49522399902344,86.8346176147461,-32.339393615722656,-0.3724251284113542,1554
137_16.png,SHRM,3500,114.57257080078125,117.4359130859375,-2.86334228515625,-0.024382169047903662,2161
137_17.png,SRF,2106,47.39316177368164,82.66536712646484,-35.2722053527832,-0.42668661107888567,1542
137_17.png,SRF,557,68.69479370117188,108.02368927001953,-39.328895568847656,-0.36407658204062876,1562
137_17.png,SHRM,3672,116.65495300292969,115.92967224121094,0.72528076171875,0.006256213337769842,1948
137_18.png,SRF,2069,42.679073333740234,86.78392028808594,-44.1048469543457,-0.508214503423402,1791
137_18.png,SHRM,3669,118.78822326660156,96.41468811035156,22.37353515625,0.23205525625558565,2151
137_19.png,SRF,2217,42.49120330810547,89.94239044189453,-47.45118713378906,-0.5275731154204084,1788
137_19.png,SRF,460,61.31739044189453,107.07904052734375,-45.76165008544922,-0.4273632809939449,1126
137_19.png,SHRM,4163,117.73648834228516,105.94304656982422,11.793441772460938,0.11131869579272667,2985
137_2.png,SRF,96,86.88541412353516,135.11862182617188,-48.23320770263672,-0.35696935811473884,784
137_20.png,SRF,2742,53.47483444213867,87.62324523925781,-34.14841079711914,-0.3897186266483958,1850
137_20.png,SRF,470,69.35106658935547,114.89514923095703,-45.54408264160156,-0.396396914460252,1030
137_20.png,SHRM,4299,117.41033172607422,113.25857543945312,4.151756286621094,0.036657323920170445,3237
137_21.png,SRF,1822,43.81010055541992,90.23346710205078,-46.42336654663086,-0.5144805806267836,1512
137_21.png,SRF,243,70.80658721923828,130.80104064941406,-59.99445343017578,-0.45866954217114275,960
137_21.png,SRF,269,72.46468353271484,111.08796691894531,-38.62328338623047,-0.34768197184139416,989
137_21.png,SHRM,5704,117.04996490478516,103.82846069335938,13.221504211425781,0.1273398846822295,3457
137_22.png,SRF,2340,54.39316177368164,104.18301391601562,-49.789852142333984,-0.47790758081226903,2743
137_22.png,SRF,341,65.93548583984375,116.79075622558594,-50.85527038574219,-0.43543917369207913,1147
137_22.png,SHRM,5850,115.7037582397461,103.9747543334961,11.72900390625,0.11280626707353932,3169
137_23.png,SRF,1589,50.6356201171875,92.40898895263672,-41.77336883544922,-0.45204875963808816,1335
137_23.png,SRF,238,68.01680755615234,126.3896484375,-58.372840881347656,-0.4618482732010539,1024
137_23.png,SRF,244,57.41393280029297,116.44841003417969,-59.03447723388672,-0.5069582076437029,756
137_23.png,SHRM,6090,116.70755004882812,106.21843719482422,10.489112854003906,0.09875039711575626,3667
137_24.png,SRF,717,55.76011276245117,92.26661682128906,-36.50650405883789,-0.39566319126610255,1264
137_24.png,SRF,100,51.060001373291016,93.61386108398438,-42.55385971069336,-0.4545679370335634,606
137_24.png,SRF,173,76.0520248413086,126.10826110839844,-50.056236267089844,-0.39693066756398443,896
137_24.png,SRF,102,68.78431701660156,112.28214263916016,-43.497825622558594,-0.3873975380247869,840
137_24.png,SHRM,5363,118.56460571289062,104.78726959228516,13.777336120605469,0.13147910212959504,3582
137_25.png,SRF,471,57.409767150878906,93.39893341064453,-35.989166259765625,-0.38532737950585627,935
137_25.png,SRF,59,63.3220329284668,110.73332977294922,-47.41129684448242,-0.4281574205498552,570
137_25.png,SHRM,5894,120.60332489013672,100.00686645507812,20.596458435058594,0.20595044285594402,3933
137_26.png,SRF,432,54.358795166015625,90.03680419921875,-35.678009033203125,-0.3962602776777888,788
137_26.png,SHRM,4637,132.29437255859375,103.82662200927734,28.467750549316406,0.2741854641748115,3005
137_27.png,SHRM,4493,128.83106994628906,101.610107421875,27.220962524414062,0.2678962085080311,3760
137_28.png,SHRM,2663,128.44235229492188,102.67573547363281,25.766616821289062,0.2509513732960398,2868
137_29.png,SRF,108,47.30555725097656,92.50724792480469,-45.201690673828125,-0.4886286392453347,552
137_29.png,SHRM,663,135.6636505126953,104.81900024414062,30.844650268554688,0.2942658315449722,1663
137_29.png,SHRM,367,110.59673309326172,102.90882110595703,7.6879119873046875,0.0747060543953667,1009
137_3.png,SRF,685,71.64087677001953,120.45345306396484,-48.81257629394531,-0.405240157523954,1912
137_30.png,SRF,131,47.36641311645508,83.91864776611328,-36.5522346496582,-0.4355674885459505,590
137_30.png,SHRM,358,107.4804458618164,97.73051452636719,9.749931335449219,0.09976342990416506,1065
137_4.png,SRF,1149,77.19669342041016,113.1546859741211,-35.95799255371094,-0.3177773173435757,2560
137_5.png,SRF,1703,91.01467895507812,113.92884063720703,-22.914161682128906,-0.20112696270733021,2951
137_6.png,SRF,1134,83.96295928955078,98.48054504394531,-14.517585754394531,-0.14741577382534082,2056
137_6.png,SHRM,676,152.174560546875,119.2873306274414,32.887229919433594,0.27569759291661156,1768
137_7.png,SRF,800,87.19499969482422,100.03986358642578,-12.844863891601562,-0.1283974550855391,1731
137_7.png,SHRM,916,149.18995666503906,115.3474349975586,33.84252166748047,0.29339639557825253,1891
137_8.png,SRF,446,83.5538101196289,99.56234741210938,-16.00853729248047,-0.16078907045268614,802
137_8.png,SRF,1210,81.84628295898438,103.4756851196289,-21.62940216064453,-0.2090288374088912,1974
137_8.png,SHRM,1707,140.3509063720703,107.20594024658203,33.14496612548828,0.3091709848283805,1918
137_9.png,SRF,273,49.56410217285156,84.28571319580078,-34.72161102294922,-0.41195132254844696,756
137_9.png,SHRM,1854,132.31283569335938,103.69091033935547,28.621925354003906,0.2760311898153002,2475
138_14.png,SHRM,335,143.0,92.38392639160156,50.61607360839844,0.5478883133181038,1120
138_15.png,SHRM,310,111.78387451171875,85.65068817138672,26.13318634033203,0.30511355948523866,1168
138_4.png,SHRM,365,109.29315185546875,90.3293685913086,18.963783264160156,0.209940394357908,1008
139_1.png,SHRM,562,137.5658416748047,97.03865051269531,40.527191162109375,0.41763968220897,1216
139_10.png,SRF,461,68.68329620361328,113.46480560302734,-44.78150939941406,-0.39467312495196527,1719
139_10.png,SRF,145,76.6551742553711,124.95907592773438,-48.30390167236328,-0.38655776952366483,562
139_10.png,SHRM,4580,105.01332092285156,98.02357482910156,6.98974609375,0.07130678620868723,2842
139_10.png,SHRM,2365,110.5323486328125,100.37838745117188,10.153961181640625,0.101156847001352,2767
139_11.png,SRF,512,70.458984375,112.65943908691406,-42.20045471191406,-0.37458427854728993,1706
139_11.png,SHRM,4206,103.2308578491211,93.95281219482422,9.278045654296875,0.09875218673665198,3115
139_11.png,SHRM,1858,102.59149932861328,99.72174835205078,2.8697509765625,0.028777583866974828,2832
139_12.png,SRF,503,63.00994110107422,114.40877532958984,-51.398834228515625,-0.4492560477152683,1573
139_12.png,SHRM,4743,102.55323791503906,90.2115707397461,12.341667175292969,0.1368080288824345,3578
139_12.png,SHRM,2440,90.10901641845703,95.34856414794922,-5.2395477294921875,-0.05495151160705634,3107
139_13.png,SRF,246,58.42276382446289,103.65118408203125,-45.22842025756836,-0.4363521811943204,1184
139_13.png,SRF,340,61.18235397338867,118.6149673461914,-57.432613372802734,-0.4841936448473577,922
139_13.png,SHRM,6197,85.81216430664062,87.43035125732422,-1.6181869506835938,-0.018508297489517805,5786
139_14.png,SRF,87,35.11494064331055,75.76875305175781,-40.653812408447266,-0.5365511608812745,640
139_14.png,SRF,375,46.4640007019043,99.04631805419922,-52.58231735229492,-0.530886138781265,950
139_14.png,SRF,141,32.34042739868164,65.90299224853516,-33.562564849853516,-0.5092722455344889,701
139_14.png,SRF,293,33.48805618286133,70.38416290283203,-36.8961067199707,-0.5242103507135143,1023
139_14.png,SRF,79,34.924049377441406,70.11215209960938,-35.18810272216797,-0.5018830783025418,535
139_14.png,SRF,383,37.67362976074219,72.5486831665039,-34.87505340576172,-0.4807124248654,1099
139_14.png,SHRM,7022,82.96966552734375,87.9830322265625,-5.01336669921875,-0.056981062965742964,5894
139_15.png,SRF,338,65.21302032470703,102.46192169189453,-37.2489013671875,-0.3635389689371223,1392
139_15.png,SHRM,5487,88.0384521484375,88.51464080810547,-0.47618865966796875,-0.005379772829901866,6148
139_2.png,SHRM,954,110.3700180053711,99.1012954711914,11.268722534179688,0.11370913448306523,1856
139_2.png,SHRM,1073,111.74370574951172,104.80707550048828,6.9366302490234375,0.06618475151509327,1923
139_3.png,SHRM,1592,95.00062561035156,94.63309478759766,0.36753082275390625,0.003883745148341844,3088
139_3.png,SHRM,884,112.2669677734375,114.34110260009766,-2.0741348266601562,-0.01813988827722206,1844
139_4.png,SHRM,1683,96.78193664550781,97.54669952392578,-0.7647628784179688,-0.007839966725172402,2923
139_4.png,SHRM,1112,100.69873809814453,109.5355453491211,-8.836807250976562,-0.08067524768157343,2110
139_5.png,SRF,103,49.359222412109375,98.07291412353516,-48.71369171142578,-0.4967089246482955,768
139_5.png,SHRM,1884,93.76698303222656,94.29777526855469,-0.530792236328125,-0.005628894582257736,2606
139_5.png,SHRM,2133,110.0417251586914,106.21154022216797,3.8301849365234375,0.036061852869392994,2808
139_6.png,SHRM,2765,103.62278747558594,95.42675018310547,8.196037292480469,0.08588825750383261,3222
139_6.png,SHRM,2499,115.43217468261719,106.39190673828125,9.040267944335938,0.08497138759411976,2595
139_7.png,SHRM,3220,104.94969177246094,100.71775817871094,4.23193359375,0.04201775009964944,3249
139_7.png,SHRM,2175,115.44091796875,104.71361541748047,10.727302551269531,0.10244419991135899,2357
139_8.png,SHRM,3417,102.97746276855469,95.0189208984375,7.9585418701171875,0.08375744320043166,2960
139_8.png,SHRM,470,107.98297882080078,108.35354614257812,-0.37056732177734375,-0.0034199833320612224,1270
139_8.png,SHRM,2433,123.54007720947266,109.92339324951172,13.616683959960938,0.12387430516316801,2689
139_9.png,SRF,401,61.91770553588867,132.06163024902344,-70.14392471313477,-0.5311453794782566,860
139_9.png,SHRM,4206,101.02710723876953,89.26691436767578,11.76019287109375,0.13174189960969687,4065
139_9.png,SHRM,2913,107.49811553955078,101.6545181274414,5.843597412109375,0.05748487642018451,3731
13_1.png,SRF,2685,56.706146240234375,136.87420654296875,-80.16806030273438,-0.5857061189798921,4078
13_1.png,SRF,430,88.5534896850586,145.86892700195312,-57.31543731689453,-0.3929242402401925,1358
13_1.png,SHRM,1083,145.43490600585938,126.20458221435547,19.230323791503906,0.15237421220444802,1745
13_10.png,SRF,3730,53.18391418457031,129.3353271484375,-76.15141296386719,-0.5887905079210771,3680
13_10.png,SRF,276,67.79710388183594,136.78903198242188,-68.99192810058594,-0.5043673977417412,1076
13_10.png,SHRM,2808,144.15313720703125,111.75032043457031,32.40281677246094,0.28995726049334014,3112
13_11.png,SRF,4155,54.2789421081543,129.42544555664062,-75.14650344848633,-0.5806161464253942,3709
13_11.png,SRF,321,63.67912673950195,138.82675170898438,-75.14762496948242,-0.541305073009348,1114
13_11.png,SHRM,3168,135.57449340820312,105.77432250976562,29.8001708984375,0.2817335076354301,2960
13_12.png,SRF,4213,51.92356872558594,128.0686798095703,-76.14511108398438,-0.594564660127731,3480
13_12.png,SRF,390,65.95384979248047,138.68235778808594,-72.72850799560547,-0.5244250902248037,1275
13_12.png,SHRM,3142,129.80616760253906,105.74696350097656,24.0592041015625,0.22751673717175167,2387
13_13.png,SRF,5908,55.6125602722168,128.00238037109375,-72.38982009887695,-0.5655349524673718,3770
13_13.png,SRF,433,68.09237670898438,136.27279663085938,-68.180419921875,-0.5003230403098321,1261
13_13.png,SHRM,2505,129.3309326171875,102.08231353759766,27.248619079589844,0.2669279146926267,2199
13_14.png,SRF,6087,53.51815414428711,129.82086181640625,-76.30270767211914,-0.5877538217241777,3807
13_14.png,SRF,644,58.74844741821289,121.58479309082031,-62.83634567260742,-0.5168108944814381,1486
13_14.png,SHRM,2538,126.35736846923828,99.27255249023438,27.084815979003906,0.2728328757505081,2073
13_15.png,SRF,7059,57.23459243774414,123.75837707519531,-66.52378463745117,-0.537529549187862,4296
13_15.png,SRF,701,56.10556411743164,126.386474609375,-70.28091049194336,-0.5560793645772767,1449
13_15.png,SHRM,2793,124.33082580566406,84.05936431884766,40.271461486816406,0.47908358352630087,1954
13_16.png,SRF,8047,57.46017074584961,126.08123779296875,-68.62106704711914,-0.5442607341767862,4579
13_16.png,SRF,844,57.452606201171875,131.93035888671875,-74.47775268554688,-0.5645232326662339,1522
13_16.png,SHRM,2261,129.51171875,90.86905670166016,38.642662048339844,0.4252565554324044,1978
13_17.png,SRF,9712,52.709739685058594,125.0866470336914,-72.37690734863281,-0.5786141771722324,6671
13_17.png,SHRM,1843,114.60987854003906,91.93504333496094,22.674835205078125,0.2466397402181391,1755
13_18.png,SRF,11360,54.96514129638672,126.017822265625,-71.05268096923828,-0.563830414554148,7519
13_19.png,SRF,11031,46.242950439453125,122.6269302368164,-76.38397979736328,-0.6228972677522873,7642
13_2.png,SRF,2894,54.77574157714844,136.1059112548828,-81.33016967773438,-0.5975506054650999,4164
13_2.png,SRF,88,67.1477279663086,144.35174560546875,-77.20401763916016,-0.5348325876859732,688
13_2.png,SHRM,1383,146.9522705078125,129.26417541503906,17.688095092773438,0.13683679206540267,2468
13_20.png,SRF,13364,49.971866607666016,117.7353744506836,-67.76350784301758,-0.5755577553405754,7777
13_3.png,SRF,3089,58.469085693359375,133.76889038085938,-75.2998046875,-0.5629096905350008,3998
13_3.png,SRF,129,79.31783294677734,148.7274932861328,-69.40966033935547,-0.46669017816242014,800
13_3.png,SHRM,2383,143.18800354003906,124.27420043945312,18.913803100585938,0.15219412423257406,2469
13_4.png,SRF,3223,57.45733642578125,136.7779083251953,-79.32057189941406,-0.5799223929556374,4066
13_4.png,SRF,150,80.5,143.17625427246094,-62.67625427246094,-0.43775592950762315,800
13_4.png,SHRM,2777,138.59776306152344,127.02071380615234,11.577049255371094,0.09114300265261421,1979
13_5.png,SRF,3548,58.51296615600586,135.83761596679688,-77.32464981079102,-0.569243278163036,4237
13_5.png,SRF,295,87.44068145751953,143.19712829589844,-55.756446838378906,-0.38936847059645907,1253
13_5.png,SHRM,3553,139.36813354492188,118.6070785522461,20.76105499267578,0.175040606733523,2120
13_6.png,SRF,3515,53.08193588256836,134.41079711914062,-81.32886123657227,-0.6050768463524774,4148
13_6.png,SRF,186,76.93548583984375,142.9350128173828,-65.99952697753906,-0.4617449963912036,954
13_6.png,SHRM,3916,138.8038787841797,115.32567596435547,23.47820281982422,0.20358174902075402,2613
13_7.png,SRF,3643,53.76859664916992,134.54339599609375,-80.77479934692383,-0.6003624239518155,3918
13_7.png,SRF,195,66.88717651367188,138.14952087402344,-71.26234436035156,-0.5158349005447125,943
13_7.png,SHRM,3683,142.28781127929688,113.59220886230469,28.695602416992188,0.25261945959495075,2516
13_8.png,SRF,3800,55.91289520263672,134.88951110839844,-78.97661590576172,-0.5854911568498117,3892
13_8.png,SRF,201,68.11940002441406,133.8491668701172,-65.72976684570312,-0.4910734103372128,968
13_8.png,SHRM,4768,130.53753662109375,112.5830307006836,17.954505920410156,0.15947790540605103,2499
13_9.png,SRF,3874,54.95018005371094,131.9217529296875,-76.97157287597656,-0.5834638425173244,3757
13_9.png,SRF,253,68.11857604980469,134.23040771484375,-66.11183166503906,-0.49252500078436506,1072
13_9.png,SHRM,4692,134.01556396484375,105.48661041259766,28.528953552246094,0.27045094577082973,2688
140_10.png,SRF,1514,49.24966812133789,107.97813415527344,-58.72846603393555,-0.5438922101532476,1875
140_10.png,SRF,1768,51.377262115478516,105.6884536743164,-54.31119155883789,-0.5138800850109909,2157
140_11.png,SRF,1101,55.633060455322266,105.95846557617188,-50.32540512084961,-0.4749540760824954,1854
140_11.png,SRF,1571,49.771484375,106.20160675048828,-56.43012237548828,-0.5313490454816385,1989
140_12.png,SRF,785,55.29172134399414,114.08014678955078,-58.78842544555664,-0.5153256469244076,1647
140_12.png,SRF,1545,49.1669921875,108.5334701538086,-59.366477966308594,-0.5469877438008495,1927
140_13.png,SRF,595,51.226890563964844,111.56280517578125,-60.335914611816406,-0.5408246459628688,1226
140_13.png,SRF,1542,48.77885818481445,110.63472747802734,-61.85586929321289,-0.5590999381771677,2004
140_14.png,SRF,623,54.849117279052734,109.98588562011719,-55.13676834106445,-0.5013076726181268,1275
140_14.png,SRF,1523,49.383453369140625,106.0561752319336,-56.67272186279297,-0.5343651299781059,1887
140_15.png,SRF,542,55.51845169067383,114.445068359375,-58.92661666870117,-0.5148899599907844,1074
140_15.png,SRF,1340,47.51716232299805,105.57158660888672,-58.05442428588867,-0.5499057667946596,1809
140_16.png,SRF,575,58.4365234375,108.46134948730469,-50.02482604980469,-0.46122260405454435,1203
140_16.png,SRF,885,46.995479583740234,98.4908218383789,-51.49534225463867,-0.5228440710865557,1634
140_17.png,SRF,416,62.91345977783203,109.9350357055664,-47.021575927734375,-0.4277214777431823,939
140_17.png,SRF,675,50.47999954223633,102.47926330566406,-51.999263763427734,-0.5074125446074876,1567
140_18.png,SRF,467,70.9636001586914,109.23626708984375,-38.272666931152344,-0.35036593569857305,910
140_18.png,SRF,41,64.56097412109375,108.20123291015625,-43.6402587890625,-0.4033249678892174,487
140_19.png,SRF,380,58.88420867919922,109.27001953125,-50.38581085205078,-0.46111285664812207,874
140_20.png,SRF,385,58.532466888427734,107.3753433227539,-48.84287643432617,-0.4548798161931081,730
140_5.png,SRF,741,68.59783935546875,111.88404846191406,-43.28620910644531,-0.3868845443251919,2432
140_6.png,SRF,1515,60.84752655029297,112.91763305664062,-52.070106506347656,-0.4611335280135456,3023
140_7.png,SRF,2071,53.55287170410156,108.19454956054688,-54.64167785644531,-0.5050317051864727,3377
140_8.png,SRF,3266,52.75382614135742,106.60576629638672,-53.8519401550293,-0.5051503499849103,4160
140_9.png,SRF,1498,50.5640869140625,111.8994369506836,-61.335350036621094,-0.5481292105486899,1959
140_9.png,SRF,1825,50.91013717651367,108.06014251708984,-57.15000534057617,-0.528872200326201,2145
140_9.png,SHRM,276,123.85869598388672,96.26667022705078,27.592025756835938,0.2866207555715646,960
141_10.png,SRF,1268,57.289432525634766,94.13472747802734,-36.84529495239258,-0.3914102259550589,1670
141_10.png,SHRM,1075,89.34232330322266,67.38583374023438,21.95648956298828,0.32583242418025643,1511
141_11.png,SRF,708,55.48305130004883,91.2900619506836,-35.807010650634766,-0.39223339195429957,1872
141_12.png,SRF,717,62.84518814086914,93.30046081542969,-30.455272674560547,-0.3264214603913721,1744
141_13.png,SRF,306,59.75163269042969,92.86918640136719,-33.1175537109375,-0.35660432694874944,1376
141_4.png,SRF,521,62.46833038330078,91.18688201904297,-28.718551635742188,-0.3149416999447877,1616
141_5.png,SRF,823,59.60388946533203,86.50892639160156,-26.90503692626953,-0.31100879468181125,1792
141_6.png,SHRM,2737,82.61527252197266,83.18421173095703,-0.568939208984375,-0.0068395095312617366,2356
141_7.png,SRF,336,48.261905670166016,81.65904235839844,-33.39713668823242,-0.4089827130430168,918
141_7.png,SHRM,2376,93.04671478271484,80.98234558105469,12.064369201660156,0.14897529967917525,2039
141_8.png,SRF,1402,67.609130859375,94.1155776977539,-26.506446838378906,-0.2816371900037914,1592
141_8.png,SHRM,1382,100.4298095703125,74.35514831542969,26.074661254882812,0.3506772812054491,1650
141_9.png,SRF,1042,59.44529724121094,91.03130340576172,-31.58600616455078,-0.34697961012114414,1246
141_9.png,SHRM,1850,96.34270477294922,75.7799072265625,20.56279754638672,0.27134894062233705,1931
142_10.png,SRF,81,101.70370483398438,138.5828094482422,-36.87910461425781,-0.2661160122318879,640
142_11.png,SRF,109,104.2477035522461,136.522216796875,-32.274513244628906,-0.23640484312270318,720
142_11.png,SRF,40,89.0,135.6691131591797,-46.66911315917969,-0.3439921738444853,544
142_14.png,SRF,24,63.16666793823242,140.2174835205078,-77.05081558227539,-0.5495093311313504,492
143_1.png,SRF,219,74.50685119628906,121.27474212646484,-46.76789093017578,-0.38563587198896204,768
143_1.png,SRF,772,69.59197235107422,130.28274536132812,-60.690773010253906,-0.46583891705638536,2497
143_1.png,SRF,55,74.41818237304688,121.92509460449219,-47.50691223144531,-0.38964015066423396,534
143_10.png,SRF,3546,59.98307800292969,112.12467193603516,-52.14159393310547,-0.46503229871523,3842
143_10.png,SRF,487,56.45585250854492,97.41641998291016,-40.960567474365234,-0.4204688232389466,1998
143_11.png,SRF,3530,50.59320068359375,111.0528335571289,-60.459632873535156,-0.5444222442323627,3899
143_11.png,SRF,621,59.42351150512695,101.94960021972656,-42.52608871459961,-0.4171285480565435,1746
143_12.png,SRF,4470,57.83489990234375,115.62288665771484,-57.787986755371094,-0.49979712862942294,3792
143_12.png,SRF,710,67.32535552978516,99.24906921386719,-31.92371368408203,-0.321652524672963,2140
143_13.png,SRF,4040,50.92203140258789,120.67691040039062,-69.75487899780273,-0.5780300371161718,3776
143_13.png,SRF,367,80.77928924560547,109.42094421386719,-28.64165496826172,-0.2617566058677082,1480
143_14.png,SRF,3754,51.617740631103516,125.18836975097656,-73.57062911987305,-0.58767942474384,2442
143_14.png,SRF,505,68.99009704589844,111.22996520996094,-42.2398681640625,-0.3797525971021324,1722
143_14.png,SHRM,3623,91.15567016601562,72.92517852783203,18.230491638183594,0.24998898879933346,3034
143_14.png,SHRM,492,85.24797058105469,78.80895233154297,6.439018249511719,0.0817041472956433,1162
143_15.png,SRF,4313,59.23533630371094,117.80459594726562,-58.56925964355469,-0.4971729597864993,3352
143_15.png,SRF,590,66.5322036743164,108.8145980834961,-42.28239440917969,-0.3885728124156225,1877
143_15.png,SHRM,3683,85.98832702636719,69.25415802001953,16.734169006347656,0.24163414132491878,2164
143_15.png,SHRM,873,88.33333587646484,74.19300842285156,14.140327453613281,0.19058840926118906,1430
143_16.png,SRF,3168,54.73200607299805,120.71088409423828,-65.97887802124023,-0.5465859894599969,2518
143_16.png,SRF,798,67.47493743896484,104.8757553100586,-37.40081787109375,-0.35662024803083014,1980
143_16.png,SHRM,7610,89.61064147949219,80.4517593383789,9.158882141113281,0.11384315540684646,3980
143_17.png,SRF,3108,58.58687210083008,127.72940063476562,-69.14252853393555,-0.541320386616738,2439
143_17.png,SRF,742,61.843666076660156,111.67981719970703,-49.836151123046875,-0.4462413386111596,1952
143_17.png,SHRM,6360,89.13459014892578,88.16278076171875,0.9718093872070312,0.011022898538483959,3391
143_18.png,SRF,2702,53.474464416503906,126.46724700927734,-72.99278259277344,-0.5771674826401405,2412
143_18.png,SRF,1193,65.16513061523438,112.7474365234375,-47.582305908203125,-0.4220256120706736,2245
143_18.png,SHRM,7967,89.47947692871094,81.53941345214844,7.9400634765625,0.09737700015737961,3565
143_19.png,SRF,5717,67.02886199951172,97.25033569335938,-30.221473693847656,-0.31075958225110056,3763
143_19.png,SRF,2539,54.25128173828125,125.21188354492188,-70.96060180664062,-0.5667241782301143,2643
143_19.png,SHRM,3555,118.58565521240234,87.79082489013672,30.794830322265625,0.3507750423897135,2180
143_2.png,SRF,1117,75.21844482421875,124.19099426269531,-48.97254943847656,-0.3943325337655906,3309
143_20.png,SRF,4778,62.68731689453125,97.01205444335938,-34.324737548828125,-0.35381930365023523,4147
143_20.png,SRF,3404,64.19359588623047,126.19852447509766,-62.00492858886719,-0.4913284750892822,2846
143_20.png,SHRM,3624,127.41390991210938,92.82290649414062,34.59100341796875,0.372655896313183,2349
143_21.png,SRF,3826,68.67668914794922,102.4289321899414,-33.75224304199219,-0.32951864595642716,3180
143_21.png,SRF,3065,58.68580627441406,130.73699951171875,-72.05119323730469,-0.5511155488224763,2749
143_21.png,SHRM,4363,123.93697357177734,95.38404083251953,28.552932739257812,0.29934706571503505,3221
143_22.png,SRF,8118,71.86166381835938,115.93276977539062,-44.07110595703125,-0.3801436474123328,6366
143_22.png,SHRM,3067,129.750244140625,97.35570526123047,32.39453887939453,0.33274412416274557,2488
143_23.png,SRF,7175,69.23902130126953,114.53730773925781,-45.29828643798828,-0.3954893591624228,6151
143_23.png,SHRM,3285,124.40913391113281,99.19879150390625,25.210342407226562,0.2541396122374518,1660
143_24.png,SRF,5694,57.834388732910156,115.2435073852539,-57.40911865234375,-0.4981549065530228,5889
143_24.png,SHRM,4411,122.65812683105469,92.45365142822266,30.20447540283203,0.3266985666464627,2449
143_25.png,SRF,5934,56.555442810058594,119.60244750976562,-63.04700469970703,-0.5271380813052274,5881
143_25.png,SHRM,3628,116.70782470703125,99.20345306396484,17.504371643066406,0.176449217264442,2723
143_26.png,SRF,3673,55.49114990234375,116.63423156738281,-61.14308166503906,-0.5242293008096428,2045
143_26.png,SRF,2983,63.39356231689453,117.96912384033203,-54.5755615234375,-0.4626258104392131,3077
143_26.png,SHRM,3535,110.461669921875,93.95622253417969,16.505447387695312,0.17567167924073265,1896
143_27.png,SRF,6779,57.031715393066406,116.44081115722656,-59.409095764160156,-0.5102085357679432,6395
143_28.png,SRF,6734,54.726314544677734,114.04449462890625,-59.318180084228516,-0.5201319035806701,6270
143_29.png,SRF,7281,53.60445022583008,113.14662170410156,-59.542171478271484,-0.5262390567345864,6370
143_3.png,SRF,1567,78.49010467529297,128.02305603027344,-49.53295135498047,-0.3869064908376151,4337
143_30.png,SRF,9175,57.57798385620117,111.64069366455078,-54.06270980834961,-0.48425630506016926,6610
143_4.png,SRF,1487,62.5850715637207,123.76719665527344,-61.182125091552734,-0.49433231700288255,2908
143_4.png,SRF,72,83.55555725097656,132.5809326171875,-49.02537536621094,-0.369776968666876,556
143_5.png,SRF,1901,63.48711395263672,122.90410614013672,-59.4169921875,-0.483441880450699,3973
143_6.png,SRF,2025,63.96049499511719,124.32418823242188,-60.36369323730469,-0.48553458579159053,3427
143_7.png,SRF,2624,63.58803176879883,124.4344711303711,-60.846439361572266,-0.48898379049502216,3754
143_8.png,SRF,3152,54.89562225341797,107.4508285522461,-52.555206298828125,-0.4891093629238426,4403
143_9.png,SRF,3772,60.516170501708984,105.795654296875,-45.279483795166016,-0.42799001618824983,5755
144_10.png,SRF,135,83.79259490966797,138.3991241455078,-54.606529235839844,-0.394558344014002,689
144_10.png,SHRM,2391,125.80886840820312,109.44380950927734,16.36505889892578,0.1495293244296156,2972
144_11.png,SRF,128,87.7109375,124.94960021972656,-37.23866271972656,-0.29802946671491204,992
144_11.png,SHRM,2877,126.82829284667969,106.86520385742188,19.963088989257812,0.18680625936850595,3279
144_12.png,SRF,164,89.18292999267578,136.35687255859375,-47.17394256591797,-0.3459594054978557,793
144_12.png,SRF,170,70.95294189453125,127.16376495361328,-56.21082305908203,-0.44203490734633866,977
144_12.png,SHRM,4241,118.27799987792969,100.26856231689453,18.009437561035156,0.1796120054471021,3206
144_13.png,SRF,615,63.85853576660156,86.63851165771484,-22.77997589111328,-0.2629312929694679,805
144_13.png,SRF,249,78.1686782836914,137.0173797607422,-58.84870147705078,-0.4294980795853165,978
144_13.png,SRF,173,85.76878356933594,134.4054412841797,-48.63665771484375,-0.3618652433275302,920
144_13.png,SHRM,4850,109.92680358886719,104.45391082763672,5.472892761230469,0.05239528819807898,3276
144_14.png,SRF,734,64.62261199951172,84.43170928955078,-19.809097290039062,-0.23461679808122307,820
144_14.png,SRF,471,88.4755859375,129.1999969482422,-40.72441101074219,-0.3152044270330477,1180
144_14.png,SRF,162,85.51851654052734,136.6210479736328,-51.10253143310547,-0.37404581644673085,855
144_14.png,SHRM,5022,110.79689025878906,102.2305679321289,8.566322326660156,0.08379413809328885,3396
144_15.png,SRF,554,54.8465690612793,89.22401428222656,-34.377445220947266,-0.3852936398065118,683
144_15.png,SRF,40,77.67500305175781,136.8900146484375,-59.21501159667969,-0.43257363766638757,491
144_15.png,SRF,227,85.79295349121094,132.93624877929688,-47.14329528808594,-0.3546308529162281,1051
144_15.png,SHRM,5930,104.58869934082031,95.60667419433594,8.982025146484375,0.09394767909431684,3956
144_16.png,SRF,564,57.46985626220703,86.96666717529297,-29.496810913085938,-0.33917375324538035,840
144_16.png,SRF,55,76.38182067871094,129.3454132080078,-52.963592529296875,-0.4094740680454054,524
144_16.png,SRF,261,82.32949829101562,128.1060028076172,-45.77650451660156,-0.3573330172930795,1066
144_16.png,SHRM,5997,105.57611846923828,98.03134155273438,7.544776916503906,0.07696290591356761,3765
144_17.png,SRF,309,59.71844482421875,86.39592742919922,-26.67748260498047,-0.30878171458767495,687
144_17.png,SRF,88,76.76136016845703,128.79055786132812,-52.029197692871094,-0.40398301363747624,487
144_17.png,SRF,137,82.0291976928711,128.90716552734375,-46.877967834472656,-0.36365680404731976,711
144_17.png,SHRM,6461,108.82804870605469,95.60664367675781,13.221405029296875,0.13828960541694058,3854
144_18.png,SRF,83,82.34939575195312,133.2871551513672,-50.93775939941406,-0.3821655533240749,592
144_18.png,SRF,122,85.81147766113281,133.92079162597656,-48.10931396484375,-0.3592370787293943,707
144_18.png,SHRM,6621,111.96768188476562,94.25960540771484,17.70807647705078,0.18786495445695375,4372
144_20.png,SRF,109,94.15596008300781,128.25,-34.09403991699219,-0.2658404671890229,604
144_20.png,SRF,143,78.66433715820312,125.05664825439453,-46.392311096191406,-0.3709703701783097,812
144_20.png,SHRM,6588,112.21949005126953,93.36247253417969,18.857017517089844,0.20197641520458184,4130
144_21.png,SRF,46,80.73912811279297,124.44471740722656,-43.705589294433594,-0.35120485790822,407
144_21.png,SHRM,4558,114.3255844116211,102.62525939941406,11.700325012207031,0.1140101869722907,4339
144_22.png,SRF,48,85.27083587646484,122.05545043945312,-36.78461456298828,-0.30137625505905347,523
144_22.png,SRF,88,69.93181610107422,119.53302764892578,-49.60121154785156,-0.4149582130014534,651
144_22.png,SHRM,3491,115.06416320800781,107.20240020751953,7.861763000488281,0.07333569943648362,3997
144_23.png,SRF,243,82.70781707763672,134.25875854492188,-51.550941467285156,-0.3839670649869493,1113
144_23.png,SHRM,3826,114.8374252319336,101.50212097167969,13.335304260253906,0.13137956263962816,4013
144_24.png,SHRM,2204,115.73956298828125,103.91618347167969,11.823379516601562,0.1137780384305953,3269
144_25.png,SHRM,2023,121.08650207519531,109.97080993652344,11.115692138671875,0.10107856935024845,3392
144_26.png,SRF,370,81.35134887695312,116.86898803710938,-35.51763916015625,-0.30390987170076583,1351
144_26.png,SRF,158,95.49366760253906,120.98426055908203,-25.49059295654297,-0.21069346408159242,826
144_26.png,SHRM,528,135.86932373046875,121.64129638671875,14.22802734375,0.1169670808054909,1327
144_3.png,SRF,147,89.30612182617188,133.8485870361328,-44.54246520996094,-0.33278248352324086,1136
144_4.png,SRF,422,90.09478759765625,131.28497314453125,-41.190185546875,-0.3137463836133694,1744
144_5.png,SRF,330,85.49394226074219,131.84730529785156,-46.353363037109375,-0.3515685279452177,1264
144_6.png,SRF,162,73.87654113769531,131.803466796875,-57.92692565917969,-0.43949470425123227,809
144_6.png,SHRM,619,143.06947326660156,113.83418273925781,29.23529052734375,0.25682347625149177,1568
144_7.png,SRF,114,75.21929931640625,133.875,-58.65570068359375,-0.43813782023225956,712
144_7.png,SRF,48,74.0625,130.0,-55.9375,-0.43028846153846156,556
144_7.png,SHRM,1142,121.27407836914062,112.7862548828125,8.487823486328125,0.07525583232768185,2372
144_8.png,SRF,227,93.77973937988281,131.4124298095703,-37.6326904296875,-0.28637085916622207,982
144_8.png,SHRM,1046,126.62332916259766,113.74662780761719,12.876701354980469,0.11320512619292054,2372
144_9.png,SRF,278,84.99280548095703,131.87525939941406,-46.88245391845703,-0.35550606028734255,978
144_9.png,SHRM,1553,121.17642974853516,110.5080337524414,10.66839599609375,0.09653955132341731,2364
145_1.png,SRF,125,102.36799621582031,129.8958282470703,-27.52783203125,-0.21192237197094793,768
145_10.png,SRF,4206,45.97123336791992,120.05859375,-74.08736038208008,-0.6170933547360501,4369
145_11.png,SRF,4846,47.274658203125,122.62430572509766,-75.34964752197266,-0.614475630067121,4690
145_12.png,SRF,5567,46.996585845947266,120.44896697998047,-73.4523811340332,-0.6098215947857946,5163
145_13.png,SRF,6268,46.84173583984375,118.35055541992188,-71.50881958007812,-0.6042119475177476,5380
145_14.png,SRF,6719,47.383541107177734,118.32682800292969,-70.94328689575195,-0.599553694568703,5174
145_15.png,SRF,6932,44.48196792602539,112.76219177246094,-68.28022384643555,-0.6055240925452738,5475
145_16.png,SRF,7252,45.41960906982422,114.82794189453125,-69.40833282470703,-0.6044550801795102,5562
145_17.png,SRF,6763,45.10173034667969,114.00093841552734,-68.89920806884766,-0.6043740431128182,5318
145_18.png,SRF,6552,44.493743896484375,112.68077850341797,-68.1870346069336,-0.6051345714199629,5103
145_19.png,SRF,6284,45.736473083496094,112.24201202392578,-66.50553894042969,-0.592519126672936,5070
145_2.png,SRF,369,75.864501953125,122.98596954345703,-47.12146759033203,-0.38314506740284454,1568
145_20.png,SRF,5883,48.363250732421875,112.31562042236328,-63.952369689941406,-0.5693987127475973,4610
145_21.png,SRF,4825,48.73202133178711,112.45633697509766,-63.72431564331055,-0.5666582902964523,4306
145_22.png,SRF,4117,52.05950927734375,115.59235382080078,-63.53284454345703,-0.5496284351294551,4526
145_23.png,SRF,2737,58.7844352722168,117.64058685302734,-58.85615158081055,-0.5003048110797141,4026
145_24.png,SRF,1258,61.52305221557617,119.53511810302734,-58.01206588745117,-0.48531399648972245,2691
145_25.png,SRF,377,65.9708251953125,121.22157287597656,-55.25074768066406,-0.45578312811690586,1363
145_3.png,SRF,885,65.3604507446289,121.6971206665039,-56.336669921875,-0.4629252492855502,2572
145_4.png,SRF,1297,53.292213439941406,118.42290496826172,-65.13069152832031,-0.5499839034161158,2471
145_5.png,SRF,1929,50.73094940185547,118.43399047851562,-67.70304107666016,-0.571652114423534,2848
145_6.png,SRF,2535,50.209861755371094,119.10566711425781,-68.89580535888672,-0.5784427141724089,3104
145_7.png,SRF,3040,49.32335662841797,121.31925964355469,-71.99590301513672,-0.5934416615026025,3552
145_8.png,SRF,3781,50.59270095825195,124.01697540283203,-73.42427444458008,-0.5920501947905381,4300
145_9.png,SRF,4057,47.65738296508789,124.0225601196289,-76.36517715454102,-0.6157361780056884,4388
146_1.png,SRF,2888,54.992034912109375,111.26860809326172,-56.276573181152344,-0.5057722402169635,2405
146_1.png,SRF,3419,43.4334602355957,96.16795349121094,-52.734493255615234,-0.5483582767562459,2846
146_10.png,SRF,3805,43.38975143432617,78.26435852050781,-34.87460708618164,-0.44560011409335654,2769
146_11.png,SRF,3395,47.340206146240234,85.9350357055664,-38.59482955932617,-0.4491163498385119,2663
146_12.png,SRF,2412,48.25456237792969,91.32036590576172,-43.06580352783203,-0.4715903522799492,2622
146_13.png,SRF,1810,58.65027618408203,103.96768188476562,-45.317405700683594,-0.4358797356943278,2290
146_14.png,SRF,1035,58.885990142822266,101.40608215332031,-42.52009201049805,-0.4193051452891164,1842
146_15.png,SRF,713,62.938289642333984,101.0434799194336,-38.10519027709961,-0.3771167650548314,1357
146_16.png,SRF,181,53.30386734008789,105.6816635131836,-52.3777961730957,-0.4956185816147914,889
146_2.png,SRF,3105,49.85603713989258,105.79676055908203,-55.94072341918945,-0.5287564867163342,2903
146_2.png,SRF,2944,40.83661651611328,91.85951232910156,-51.02289581298828,-0.5554448801142173,2534
146_3.png,SRF,3666,46.12138748168945,89.33879089355469,-43.217403411865234,-0.48374735072649316,2869
146_3.png,SRF,3209,51.73948287963867,111.32997131347656,-59.59048843383789,-0.5352600717559372,3273
146_4.png,SRF,3302,41.99636459350586,87.1268539428711,-45.130489349365234,-0.5179859860308649,2759
146_4.png,SRF,2509,51.64368438720703,109.90357208251953,-58.2598876953125,-0.5301000376181485,2966
146_5.png,SRF,3619,42.34788513183594,86.39115905761719,-44.04327392578125,-0.5098122817915581,2986
146_5.png,SRF,1828,53.01203536987305,111.4488296508789,-58.43679428100586,-0.5243374422509696,2687
146_6.png,SRF,4152,43.29768753051758,83.03797149658203,-39.74028396606445,-0.47857965759315574,2923
146_6.png,SRF,1274,55.00941848754883,113.33618927001953,-58.3267707824707,-0.5146350089776638,2219
146_7.png,SRF,4737,43.9734001159668,82.28028869628906,-38.306888580322266,-0.46556580181335644,3079
146_7.png,SRF,717,60.18549346923828,113.11788177490234,-52.93238830566406,-0.4679400593002287,1756
146_8.png,SRF,5338,45.47171401977539,85.88412475585938,-40.412410736083984,-0.470545759777646,2917
146_8.png,SRF,383,62.2140998840332,110.59303283691406,-48.37893295288086,-0.43745009709809496,1263
146_9.png,SRF,5030,43.349700927734375,84.89108276367188,-41.5413818359375,-0.48934918113348225,2984
147_10.png,SHRM,5505,148.70700073242188,125.39599609375,23.311004638671875,0.18589911452391059,4192
147_11.png,SHRM,6202,158.44195556640625,117.93890380859375,40.5030517578125,0.34342401404328804,4485
147_12.png,SHRM,7348,151.53103637695312,119.37073516845703,32.160301208496094,0.269415289795369,3574
147_13.png,SHRM,7617,151.50729370117188,123.04822540283203,28.459068298339844,0.23128385805785737,4002
147_14.png,SHRM,8568,148.1580352783203,123.54749298095703,24.61054229736328,0.19919904243752337,4232
147_15.png,SHRM,7326,154.7512969970703,124.21266174316406,30.53863525390625,0.24585766720828617,4345
147_16.png,SHRM,8729,156.86721801757812,124.802001953125,32.065216064453125,0.25692869956121905,4399
147_17.png,SHRM,8604,154.8551788330078,120.87014770507812,33.98503112792969,0.28116976584535003,4582
147_18.png,SHRM,8406,153.64596557617188,127.3258285522461,26.32013702392578,0.20671483015816966,4754
147_19.png,SHRM,7587,163.53012084960938,130.0191192626953,33.51100158691406,0.25773902928235676,4970
147_20.png,SHRM,5442,174.8956298828125,135.37570190429688,39.519927978515625,0.2919277789337264,3005
147_21.png,SHRM,4186,184.4479217529297,135.0948944091797,49.35302734375,0.3653211881884151,3014
147_22.png,SHRM,3689,185.7210693359375,136.92710876464844,48.79396057128906,0.3563498931037576,2895
147_23.png,SHRM,817,219.76010131835938,146.94854736328125,72.81155395507812,0.49549012400289916,1380
147_23.png,SHRM,1512,155.00462341308594,131.60281372070312,23.401809692382812,0.17782149963790136,1634
147_24.png,SHRM,2490,176.17831420898438,131.52099609375,44.657318115234375,0.33954516344600993,3048
147_25.png,SHRM,745,201.30738830566406,134.54859924316406,66.7587890625,0.49616859215196757,1564
147_25.png,SHRM,1631,145.0533447265625,114.61664581298828,30.43669891357422,0.2655521691259015,2199
147_26.png,SHRM,1391,130.86412048339844,100.10407257080078,30.760047912597656,0.3072806842183363,2556
147_27.png,SHRM,3026,160.51553344726562,125.37507629394531,35.14045715332031,0.2802826382408936,3154
147_28.png,SHRM,851,185.0681610107422,126.04267120361328,59.025489807128906,0.4682976744580197,1617
147_28.png,SHRM,3860,155.22824096679688,115.17921447753906,40.04902648925781,0.3477105367572004,2762
147_29.png,SHRM,517,201.84140014648438,125.69656372070312,76.14483642578125,0.6057829599461011,1483
147_29.png,SHRM,5436,140.8053741455078,123.96107482910156,16.84429931640625,0.1358837791591318,3931
147_30.png,SHRM,5259,145.05780029296875,125.8741226196289,19.183677673339844,0.15240366545640038,4115
147_6.png,SHRM,1540,171.53831481933594,132.55679321289062,38.98152160644531,0.29407411466147715,1805
147_7.png,SHRM,1751,173.36322021484375,128.50120544433594,44.86201477050781,0.3491174624812458,2085
147_8.png,SHRM,2607,167.9961700439453,122.73108673095703,45.26508331298828,0.36881514307956387,2287
147_9.png,SHRM,5772,159.97003173828125,121.61443328857422,38.35559844970703,0.3153868945694505,4697
148_10.png,SRF,11292,48.06110382080078,108.72085571289062,-60.659751892089844,-0.5579403463515753,7326
148_11.png,SRF,13553,48.10374069213867,105.81766510009766,-57.713924407958984,-0.5454091654107545,7585
148_12.png,SRF,15002,47.91034698486328,99.51628112792969,-51.605934143066406,-0.5185677515091847,7769
148_13.png,SRF,15114,47.643375396728516,99.8865966796875,-52.243221282958984,-0.5230253409322828,7795
148_14.png,SRF,16577,51.03921127319336,94.90816497802734,-43.868953704833984,-0.4622252860435169,7394
148_15.png,SRF,16985,51.645450592041016,94.8858871459961,-43.24043655395508,-0.4557098832561181,7808
148_16.png,SRF,17348,51.89549255371094,97.4014663696289,-45.50597381591797,-0.46720008960878795,7901
148_17.png,SRF,19040,46.507354736328125,86.40201568603516,-39.89466094970703,-0.46173298890010805,8149
148_18.png,SRF,19552,50.32012176513672,82.68515014648438,-32.365028381347656,-0.39142492121027805,8261
148_19.png,SRF,19815,51.06116485595703,89.0982894897461,-38.03712463378906,-0.4269119514148089,8190
148_2.png,SRF,478,75.82217407226562,148.88172912597656,-73.05955505371094,-0.49072210191682725,2080
148_20.png,SRF,21688,51.14339828491211,90.95274353027344,-39.80934524536133,-0.43769262696414285,8359
148_21.png,SRF,24625,52.0259895324707,86.80949401855469,-34.783504486083984,-0.40068779203631055,8556
148_22.png,SRF,26969,51.572509765625,87.27299499511719,-35.70048522949219,-0.4090668050465048,8535
148_23.png,SRF,30515,51.71810531616211,84.1708984375,-32.45279312133789,-0.38555835477312017,8660
148_24.png,SRF,32203,51.93330001831055,81.43392944335938,-29.500629425048828,-0.36226459445958237,8718
148_3.png,SRF,1154,64.62391662597656,145.05531311035156,-80.431396484375,-0.554487765802735,3489
148_4.png,SRF,1729,60.63042068481445,145.8370361328125,-85.20661544799805,-0.5842590997968523,4136
148_5.png,SRF,2982,61.265594482421875,134.2575225830078,-72.99192810058594,-0.5436710487150319,5184
148_6.png,SRF,4729,58.781349182128906,127.87554931640625,-69.09420013427734,-0.5403237796720273,5946
148_7.png,SRF,6104,56.38450241088867,123.38175201416016,-66.99724960327148,-0.5430077666232395,6554
148_8.png,SRF,7546,53.74860763549805,122.16326904296875,-68.4146614074707,-0.5600264461112863,6872
148_9.png,SRF,9937,50.177921295166016,115.35307312011719,-65.17515182495117,-0.5650057693485484,7126
149_10.png,SHRM,2391,167.57716369628906,139.887939453125,27.689224243164062,0.19793860965721377,2677
149_11.png,SHRM,2683,170.0518035888672,136.9230499267578,33.128753662109375,0.241951619393743,2898
149_12.png,SHRM,2837,170.4680938720703,139.84217834472656,30.62591552734375,0.21900342149882315,2788
149_13.png,SHRM,2886,166.1216278076172,140.90310668945312,25.218521118164062,0.1789777508152822,2735
149_14.png,SHRM,3242,169.2535400390625,137.86972045898438,31.383819580078125,0.2276338812873322,2817
149_15.png,SHRM,3948,167.07192993164062,140.81890869140625,26.253021240234375,0.18643108006017745,3385
149_16.png,SHRM,3250,167.56861877441406,138.9838409423828,28.58477783203125,0.20566979325230597,3280
149_17.png,SHRM,2317,171.2075958251953,137.99700927734375,33.21058654785156,0.2406616398555824,3005
149_18.png,SHRM,1828,174.29977416992188,145.50047302246094,28.799301147460938,0.19793269773779487,3151
149_21.png,SHRM,540,171.16851806640625,156.0579376220703,15.110580444335938,0.09682673418977018,1329
149_8.png,SHRM,885,153.90847778320312,145.2442169189453,8.664260864257812,0.0596530522732824,1728
149_9.png,SHRM,1624,172.40147399902344,144.56472778320312,27.836746215820312,0.19255558836983916,2240
14_1.png,SRF,134,61.51492691040039,126.23545837402344,-64.72053146362305,-0.5126969260242425,722
14_1.png,SRF,443,84.24153137207031,119.7621841430664,-35.520652770996094,-0.29659322786367665,1354
14_10.png,SRF,366,100.12568664550781,128.69699096679688,-28.571304321289062,-0.22200444708657022,1165
14_10.png,SRF,292,79.96917724609375,120.6005630493164,-40.631385803222656,-0.3369087571059476,1059
14_2.png,SRF,274,70.08029174804688,127.50083923339844,-57.42054748535156,-0.45035427084710855,1188
14_2.png,SRF,566,93.09364318847656,115.4151611328125,-22.321517944335938,-0.19340195625295484,1609
14_3.png,SRF,359,95.47632598876953,127.58341979980469,-32.107093811035156,-0.2516556921065092,965
14_3.png,SRF,673,69.63595581054688,110.5071792602539,-40.87122344970703,-0.36985129584614396,1254
14_4.png,SRF,498,79.14257049560547,130.95785522460938,-51.815284729003906,-0.3956638159668552,1234
14_4.png,SRF,616,80.63798522949219,121.39605712890625,-40.75807189941406,-0.3357446103552975,1472
14_5.png,SRF,598,83.32608795166016,127.53365325927734,-44.20756530761719,-0.34663450922826394,1263
14_5.png,SRF,841,88.85731506347656,120.92317199707031,-32.06585693359375,-0.2651754531742736,1679
14_6.png,SRF,692,102.87716674804688,123.65414428710938,-20.7769775390625,-0.16802491868627525,1411
14_6.png,SRF,585,90.73332977294922,118.30061340332031,-27.567283630371094,-0.23302739383426874,1630
14_7.png,SRF,440,119.73863983154297,125.41405487060547,-5.6754150390625,-0.045253421117099235,1053
14_7.png,SRF,670,100.37462615966797,117.82239532470703,-17.447769165039062,-0.14808533740087962,1920
14_8.png,SRF,471,93.7685775756836,127.55467224121094,-33.786094665527344,-0.26487539869677607,1134
14_8.png,SRF,312,77.58013153076172,114.5112533569336,-36.931121826171875,-0.3225108514973364,1111
14_9.png,SRF,358,87.41619873046875,130.4424285888672,-43.02622985839844,-0.3298484268029841,1051
14_9.png,SRF,196,75.31122589111328,111.14363861083984,-35.83241271972656,-0.32239733346494764,731
150_10.png,SHRM,2352,169.23086547851562,146.150146484375,23.080718994140625,0.1579247065387526,2724
150_11.png,SHRM,3074,168.22479248046875,143.06130981445312,25.163482666015625,0.1758929978947629,3344
150_12.png,SHRM,3792,168.08596801757812,142.1777801513672,25.908187866210938,0.18222388785806207,3808
150_13.png,SHRM,3535,165.775390625,148.6770782470703,17.098312377929688,0.11500301579451176,3744
150_14.png,SHRM,2294,160.0213623046875,147.9105987548828,12.110763549804688,0.08187894344119737,2640
150_14.png,SHRM,663,158.84765625,134.7617950439453,24.085861206054688,0.17872915093035366,1230
150_15.png,SHRM,1739,166.1702117919922,142.78195190429688,23.388259887695312,0.1638040352843185,2371
150_15.png,SHRM,215,170.92092895507812,149.90272521972656,21.018203735351562,0.14021228569756286,699
150_16.png,SHRM,301,163.72756958007812,141.13983154296875,22.587738037109375,0.16003801187925282,944
150_16.png,SHRM,2700,175.2644500732422,141.26950073242188,33.99494934082031,0.24063898551754664,3347
150_17.png,SHRM,4330,155.6251678466797,135.7310028076172,19.8941650390625,0.14657053014822377,4435
150_18.png,SHRM,1410,172.5099334716797,136.84295654296875,35.66697692871094,0.26064167151717077,2044
150_18.png,SHRM,2044,176.38307189941406,153.4721221923828,22.91094970703125,0.14928411349073256,2152
150_19.png,SHRM,5682,167.57496643066406,142.44296264648438,25.132003784179688,0.1764355593091139,6610
150_20.png,SHRM,6060,170.0321807861328,140.14425659179688,29.887924194335938,0.21326542322309755,6523
150_21.png,SHRM,6845,181.62863159179688,144.08877563476562,37.53985595703125,0.2605328263194268,6624
150_22.png,SHRM,427,171.7728271484375,138.23037719726562,33.542449951171875,0.24265614137263158,994
150_22.png,SHRM,6911,166.458251953125,136.48289489746094,29.975357055664062,0.2196272073374794,5554
150_23.png,SHRM,4009,172.1227264404297,142.62930297851562,29.493423461914062,0.2067837593398089,4729
150_23.png,SHRM,1562,178.8706817626953,152.34275817871094,26.527923583984375,0.17413314489727746,1698
150_24.png,SHRM,3503,177.01113891601562,131.4187774658203,45.59236145019531,0.3469242548847563,4611
150_24.png,SHRM,1023,171.49658203125,159.39952087402344,12.097061157226562,0.0758914524391018,1672
150_3.png,SHRM,381,172.09185791015625,152.66952514648438,19.422332763671875,0.12721813829601164,1168
150_4.png,SHRM,529,153.76937866210938,152.8575897216797,0.9117889404296875,0.005964956938611005,1264
150_7.png,SHRM,1541,161.7884521484375,150.53919982910156,11.249252319335938,0.07472639905158632,2832
150_8.png,SHRM,1996,169.0255584716797,151.6922149658203,17.333343505859375,0.11426653312277739,2674
150_9.png,SHRM,2165,173.6438751220703,146.7540283203125,26.889846801757812,0.18323072360962195,2728
151_11.png,SHRM,431,161.71925354003906,128.96633911132812,32.75291442871094,0.25396483031465683,1040
151_12.png,SHRM,1221,158.2325897216797,110.7349624633789,47.49762725830078,0.4289307207198331,1596
151_12.png,SHRM,268,169.7126922607422,133.70262145996094,36.01007080078125,0.26932957938722957,723
151_13.png,SHRM,1255,158.54661560058594,120.26573181152344,38.2808837890625,0.3183025057300201,2145
151_14.png,SHRM,992,161.2600860595703,113.16722106933594,48.092864990234375,0.424971688230893,1501
151_15.png,SHRM,480,162.58958435058594,116.9247817993164,45.66480255126953,0.3905485376884963,1130
151_16.png,SHRM,589,163.28353881835938,113.20635986328125,50.077178955078125,0.44235305344643255,1352
151_18.png,SHRM,394,168.59390258789062,122.92259979248047,45.671302795410156,0.37154520708570304,1124
151_5.png,SHRM,535,155.299072265625,108.49913787841797,46.79993438720703,0.43133922814806264,1160
151_6.png,SHRM,756,123.18121337890625,107.52583312988281,15.655380249023438,0.14559645615684708,1413
151_7.png,SHRM,1287,156.45921325683594,111.19294738769531,45.266265869140625,0.4070965554255091,2296
151_8.png,SHRM,1058,149.44422912597656,115.83303833007812,33.61119079589844,0.2901692926341093,2270
152_10.png,SRF,2068,61.79255294799805,128.5834503173828,-66.79089736938477,-0.5194361887515434,3044
152_10.png,SRF,1768,65.6561050415039,134.01150512695312,-68.35540008544922,-0.5100711317337574,2608
152_11.png,SRF,1994,64.97843170166016,128.42086791992188,-63.44243621826172,-0.49401968111461364,2780
152_11.png,SRF,1443,66.06999206542969,136.51136779785156,-70.44137573242188,-0.516011060974297,1803
152_11.png,SHRM,2518,124.04090881347656,108.11677551269531,15.92413330078125,0.1472864245651814,1961
152_12.png,SRF,2271,67.03787231445312,126.87242889404297,-59.834556579589844,-0.47161197354833057,2822
152_12.png,SRF,1330,63.124061584472656,129.02999877929688,-65.90593719482422,-0.5107799567413385,1900
152_12.png,SHRM,4212,121.52777862548828,102.21041870117188,19.317359924316406,0.1889959963943962,2533
152_13.png,SRF,2241,69.81883239746094,126.57009887695312,-56.75126647949219,-0.44837814762761397,2896
152_13.png,SRF,1238,64.60662078857422,132.32473754882812,-67.7181167602539,-0.5117570456942396,1860
152_13.png,SHRM,5170,122.77369689941406,95.48748016357422,27.286216735839844,0.2857570090769739,2796
152_14.png,SRF,1956,66.64826202392578,131.31549072265625,-64.66722869873047,-0.49245697017810586,2859
152_14.png,SRF,986,60.104461669921875,134.01075744628906,-73.90629577636719,-0.5514952469840977,1581
152_14.png,SHRM,6819,119.05661010742188,99.3102798461914,19.74633026123047,0.1988347056499383,3355
152_15.png,SRF,2276,62.66740036010742,126.27262878417969,-63.605228424072266,-0.5037135049495475,2828
152_15.png,SRF,907,61.20286560058594,130.74632263183594,-69.54345703125,-0.531896084198674,1565
152_15.png,SHRM,7651,113.65298461914062,97.24897003173828,16.404014587402344,0.16868059972304808,3386
152_16.png,SRF,2448,65.84068298339844,127.19042205810547,-61.34973907470703,-0.48234558925105314,2694
152_16.png,SRF,885,64.02146911621094,129.96310424804688,-65.94163513183594,-0.5073873505358881,1518
152_16.png,SHRM,9255,108.9662857055664,90.37158203125,18.594703674316406,0.2057583064982359,3765
152_17.png,SRF,2261,56.799644470214844,123.80831146240234,-67.0086669921875,-0.5412291485175165,2718
152_17.png,SRF,924,60.459957122802734,129.08436584472656,-68.62440872192383,-0.5316244788657907,1541
152_17.png,SHRM,8728,110.14562225341797,89.6847915649414,20.460830688476562,0.22814158712361757,3788
152_18.png,SRF,2277,57.00614929199219,124.74297332763672,-67.73682403564453,-0.5430111390541745,2774
152_18.png,SRF,923,61.367279052734375,133.28883361816406,-71.92155456542969,-0.5395917468335361,1513
152_18.png,SHRM,8046,114.93872833251953,93.58808898925781,21.35063934326172,0.2281341522606833,3695
152_19.png,SRF,2326,59.13198471069336,125.82294464111328,-66.69095993041992,-0.5300381430481028,2728
152_19.png,SRF,926,56.636070251464844,122.19223022460938,-65.55615997314453,-0.5365002328923987,1545
152_19.png,SHRM,7285,116.91448211669922,90.0777816772461,26.836700439453125,0.29792807881982014,3857
152_20.png,SRF,2303,59.79852294921875,127.89955139160156,-68.10102844238281,-0.5324571329720443,2877
152_20.png,SRF,993,58.11379623413086,125.47552490234375,-67.36172866821289,-0.5368515391399223,1573
152_20.png,SHRM,6980,117.9759292602539,92.8320083618164,25.1439208984375,0.27085400113760416,3518
152_21.png,SRF,2098,61.76072311401367,126.07269287109375,-64.31196975708008,-0.5101181571717318,2600
152_21.png,SRF,937,58.25080108642578,126.98329162597656,-68.73249053955078,-0.5412719237267779,1496
152_21.png,SHRM,6662,122.815673828125,92.43817901611328,30.37749481201172,0.328624980882807,3389
152_22.png,SRF,2450,61.12367248535156,118.9862289428711,-57.86255645751953,-0.48629624597398663,2542
152_22.png,SRF,875,62.87657165527344,122.33023834228516,-59.45366668701172,-0.48600957124482874,1508
152_22.png,SHRM,6914,122.25846099853516,97.08455657958984,25.173904418945312,0.25929875261167584,3193
152_23.png,SRF,2560,58.808204650878906,117.9288558959961,-59.12065124511719,-0.5013247249448168,2741
152_23.png,SRF,843,61.34519577026367,127.72582244873047,-66.3806266784668,-0.5197118750604419,1634
152_23.png,SHRM,4686,129.59027099609375,102.96894836425781,26.621322631835938,0.25853738485957606,2673
152_24.png,SRF,2967,58.511966705322266,125.05921936035156,-66.5472526550293,-0.5321259239854751,3276
152_24.png,SRF,995,61.406028747558594,125.61941528320312,-64.21338653564453,-0.511174060083614,1679
152_24.png,SHRM,3079,127.16433715820312,105.89691162109375,21.267425537109375,0.20083140491580764,2396
152_25.png,SRF,2991,53.096290588378906,118.20659637451172,-65.11030578613281,-0.5508178712789011,2517
152_25.png,SRF,1079,61.14179611206055,119.6137924194336,-58.47199630737305,-0.4888399165736437,1929
152_25.png,SHRM,2001,123.20589447021484,118.62777709960938,4.578117370605469,0.038592288269561986,1980
152_26.png,SRF,3579,52.372169494628906,128.55767822265625,-76.18550872802734,-0.592617335512838,2670
152_26.png,SRF,2003,76.1178207397461,124.48464965820312,-48.36682891845703,-0.3885364906537279,2443
152_26.png,SHRM,731,129.47879028320312,125.84723663330078,3.6315536499023438,0.028856840619267028,995
152_27.png,SRF,3586,54.80033493041992,122.57178497314453,-67.77145004272461,-0.5529123203808555,3218
152_27.png,SRF,1776,74.03772735595703,129.13214111328125,-55.09441375732422,-0.42665143845940423,2800
152_28.png,SRF,5630,54.83623504638672,125.73995971679688,-70.90372467041016,-0.5638917399854911,5476
152_29.png,SRF,5514,56.426368713378906,126.97056579589844,-70.54419708251953,-0.555594886423656,5266
152_3.png,SRF,1054,65.26185607910156,125.76356506347656,-60.501708984375,-0.4810750152783758,2267
152_30.png,SRF,4903,59.51172637939453,128.5966339111328,-69.08490753173828,-0.5372217408076145,5226
152_4.png,SRF,2122,58.523563385009766,127.75379180908203,-69.23022842407227,-0.5419035117762405,3298
152_5.png,SRF,2751,57.29407501220703,127.31983184814453,-70.0257568359375,-0.5499988165194707,3727
152_6.png,SRF,3775,58.60238265991211,130.16041564941406,-71.55803298950195,-0.5497680122829577,4856
152_7.png,SRF,4031,61.19573211669922,129.93450927734375,-68.73877716064453,-0.5290263344430107,5146
152_8.png,SRF,4290,63.36457061767578,130.41062927246094,-67.04605865478516,-0.5141149845593407,5662
152_9.png,SRF,4210,65.6263656616211,131.83299255371094,-66.20662689208984,-0.5022007436045736,5772
153_10.png,SRF,591,81.25211334228516,153.72447204589844,-72.47235870361328,-0.47144321095456276,1459
153_10.png,SRF,69,88.50724792480469,155.3874969482422,-66.8802490234375,-0.4304094623888211,720
153_10.png,SHRM,2667,123.5436782836914,122.56983947753906,0.9738388061523438,0.007945174851361373,2606
153_11.png,SRF,299,67.80936431884766,109.87968444824219,-42.07032012939453,-0.38287623722846936,640
153_11.png,SRF,519,76.20616912841797,149.634033203125,-73.42786407470703,-0.4907163330619464,1440
153_11.png,SRF,183,85.00546264648438,139.8072967529297,-54.80183410644531,-0.39198121542463005,960
153_11.png,SHRM,1639,121.09030151367188,124.66488647460938,-3.5745849609375,-0.028673550845173548,1874
153_12.png,SRF,905,92.69171142578125,137.14952087402344,-44.45780944824219,-0.3241557765927467,1973
153_12.png,SHRM,2278,118.35557556152344,111.48751068115234,6.868064880371094,0.06160389480767358,2162
153_13.png,SRF,345,75.15362548828125,146.66754150390625,-71.513916015625,-0.4875919735364238,1152
153_13.png,SRF,304,81.8848648071289,129.84307861328125,-47.958213806152344,-0.36935518102577436,752
153_13.png,SHRM,1713,130.27554321289062,119.19386291503906,11.081680297851562,0.09297190330806329,1728
153_14.png,SHRM,1750,122.08114624023438,121.45156860351562,0.62957763671875,0.005183775260853451,2137
153_15.png,SHRM,1436,135.9031982421875,122.69593048095703,13.207267761230469,0.10764226416849496,2016
153_16.png,SHRM,916,132.86790466308594,125.0837173461914,7.784187316894531,0.062231819472956744,1744
153_2.png,SRF,125,69.36799621582031,132.9185333251953,-63.550537109375,-0.4781164486211548,896
153_3.png,SRF,190,86.43157958984375,138.1446990966797,-51.71311950683594,-0.3743402377723147,1168
153_3.png,SRF,434,75.02304077148438,137.69432067871094,-62.67127990722656,-0.45514789279842993,1760
153_4.png,SRF,1433,78.08792877197266,150.1028594970703,-72.01493072509766,-0.47977054512078254,3296
153_5.png,SRF,1436,78.2165756225586,149.96035766601562,-71.74378204345703,-0.47841831774795623,3506
153_6.png,SRF,625,79.60639953613281,141.53982543945312,-61.93342590332031,-0.4375689012688075,1808
153_6.png,SRF,301,72.4950180053711,152.242431640625,-79.7474136352539,-0.5238185752543759,1122
153_7.png,SRF,563,83.58436584472656,147.1766815185547,-63.592315673828125,-0.43208146166694883,1664
153_7.png,SRF,206,74.81067657470703,147.62840270996094,-72.8177261352539,-0.49325011175739475,880
153_8.png,SRF,382,82.76439666748047,160.58102416992188,-77.8166275024414,-0.48459416612076317,938
153_8.png,SHRM,2047,131.52809143066406,135.2729034423828,-3.74481201171875,-0.027683386076752532,2631
153_9.png,SRF,438,75.1552505493164,150.4833221435547,-75.32807159423828,-0.5005742199283619,1169
153_9.png,SHRM,2973,129.32525634765625,123.87370300292969,5.4515533447265625,0.04400896407042607,2787
154_12.png,SHRM,257,164.2918243408203,121.97088623046875,42.32093811035156,0.34697573673757276,790
154_13.png,SRF,103,70.27184295654297,129.57656860351562,-59.304725646972656,-0.4576809394330853,640
154_13.png,SHRM,235,202.45106506347656,138.08555603027344,64.36550903320312,0.4661277463306288,900
154_14.png,SHRM,1298,101.38443756103516,106.05644989013672,-4.6720123291015625,-0.04405212821984211,1736
154_15.png,SHRM,814,167.3280029296875,119.91363525390625,47.41436767578125,0.3954043055686338,1540
154_16.png,SHRM,619,163.15347290039062,117.125,46.028472900390625,0.3929858945604322,1256
154_18.png,SHRM,569,148.9736328125,120.36954498291016,28.604087829589844,0.2376355899131379,1169
154_18.png,SHRM,481,125.50935363769531,100.55977630615234,24.94957733154297,0.24810692951010999,895
154_19.png,SHRM,4977,130.4197235107422,111.74651336669922,18.67321014404297,0.16710329102409058,4592
154_2.png,SHRM,592,184.7668914794922,126.31978607177734,58.447105407714844,0.46269161170447254,1304
154_20.png,SHRM,882,164.684814453125,122.11795043945312,42.566864013671875,0.34857171988631436,1933
154_20.png,SHRM,862,147.68212890625,116.81546783447266,30.866661071777344,0.2642343659104748,1474
154_20.png,SHRM,3305,133.6689910888672,112.6176528930664,21.05133819580078,0.18692751673478414,3353
154_21.png,SHRM,701,171.13836669921875,123.18163299560547,47.95673370361328,0.3893172426551948,2004
154_21.png,SHRM,663,155.54449462890625,118.3624038696289,37.182090759277344,0.31413767838165757,1330
154_21.png,SHRM,3156,133.8719940185547,110.88041687011719,22.9915771484375,0.2073547141815792,3345
154_22.png,SHRM,632,161.99684143066406,126.95687866210938,35.03996276855469,0.2759989308008441,1809
154_22.png,SHRM,291,159.7800750732422,122.12434387207031,37.655731201171875,0.30833927133002753,1142
154_22.png,SHRM,1640,134.93597412109375,117.04055786132812,17.895416259765625,0.1528992734379176,2515
154_23.png,SRF,81,68.35802459716797,107.70247650146484,-39.344451904296875,-0.36530684513797373,484
154_23.png,SRF,673,63.084693908691406,108.73213958740234,-45.64744567871094,-0.4198155747870488,1176
154_23.png,SHRM,362,142.01380920410156,130.04127502441406,11.9725341796875,0.0920671854181664,969
154_23.png,SHRM,2902,140.93177795410156,132.33428955078125,8.597488403320312,0.06496795677450748,3479
154_24.png,SRF,210,68.60952758789062,121.19153594970703,-52.582008361816406,-0.4338752533315304,992
154_24.png,SRF,895,61.412288665771484,113.90116882324219,-52.4888801574707,-0.46082828385128954,1882
154_3.png,SHRM,1081,172.80943298339844,112.233154296875,60.57627868652344,0.5397360438279165,1677
154_4.png,SHRM,820,174.6256103515625,121.40784454345703,53.21776580810547,0.43833877463376403,1682
154_5.png,SHRM,1046,169.99713134765625,112.94628143310547,57.05084991455078,0.5051149023293893,1545
154_6.png,SHRM,942,166.8832244873047,116.57645416259766,50.30677032470703,0.4315345726208186,1648
154_7.png,SHRM,1057,179.7246856689453,114.5286636352539,65.1960220336914,0.56925506649868,1413
154_8.png,SHRM,260,195.7153778076172,135.0817413330078,60.633636474609375,0.448866263317804,734
155_10.png,SRF,5922,62.55437469482422,136.67916870117188,-74.12479400634766,-0.542326930363545,6882
155_11.png,SRF,6655,62.86686706542969,136.673095703125,-73.80622863769531,-0.54002017191455,7406
155_12.png,SRF,7117,62.27132034301758,135.5102081298828,-73.23888778686523,-0.540467679871525,7591
155_13.png,SRF,7444,59.99905776977539,132.85397338867188,-72.85491561889648,-0.5483834149676147,7560
155_14.png,SRF,516,79.04069519042969,128.3632354736328,-49.322540283203125,-0.38424195293312396,1382
155_14.png,SRF,222,82.11711883544922,127.44302368164062,-45.325904846191406,-0.35565622610632575,781
155_14.png,SRF,5856,54.57769775390625,131.8541717529297,-77.27647399902344,-0.5860753055566967,4800
155_15.png,SRF,406,80.3078842163086,135.2593994140625,-54.951515197753906,-0.40626762676606093,1650
155_15.png,SRF,5837,55.00051498413086,130.53347778320312,-75.53296279907227,-0.5786482064357573,4585
155_16.png,SRF,295,78.088134765625,138.076416015625,-59.98828125,-0.43445711426353656,1047
155_16.png,SRF,5621,58.181819915771484,136.53663635253906,-78.35481643676758,-0.5738739325206064,4599
155_17.png,SRF,306,80.67974090576172,136.11610412597656,-55.436363220214844,-0.4072726263815782,1025
155_17.png,SRF,5095,57.366634368896484,138.22711181640625,-80.86047744750977,-0.5849827605087267,4522
155_18.png,SRF,224,76.70536041259766,137.08847045898438,-60.38311004638672,-0.4404681870343925,893
155_18.png,SRF,4791,54.374244689941406,133.51942443847656,-79.14517974853516,-0.5927615407374969,4272
155_19.png,SRF,735,81.58367156982422,129.42498779296875,-47.84131622314453,-0.3696451283400747,1713
155_19.png,SRF,4418,54.7808952331543,134.7761688232422,-79.99527359008789,-0.5935416794270285,3878
155_20.png,SRF,986,73.54360961914062,135.43453979492188,-61.89093017578125,-0.4569804000478603,2200
155_20.png,SRF,4283,57.64627456665039,137.54861450195312,-79.90233993530273,-0.5809025428908857,3970
155_21.png,SRF,1029,78.30320739746094,138.60008239746094,-60.296875,-0.4350421295355925,2283
155_21.png,SRF,3739,56.37363052368164,133.152587890625,-76.77895736694336,-0.576623846244818,3683
155_22.png,SRF,1055,79.98767852783203,135.20046997070312,-55.212791442871094,-0.40837721536645005,2534
155_22.png,SRF,123,94.95121765136719,138.23263549804688,-43.28141784667969,-0.31310564029064775,576
155_22.png,SRF,3563,59.33483123779297,133.4823455810547,-74.14751434326172,-0.5554855514449812,3910
155_23.png,SRF,1032,86.65503692626953,139.27621459960938,-52.621177673339844,-0.3778188388061448,2451
155_23.png,SRF,2908,58.30192565917969,135.0387725830078,-76.73684692382812,-0.5682578822068179,3663
155_24.png,SRF,685,72.45547485351562,136.66969299316406,-64.21421813964844,-0.46984972844608863,1877
155_24.png,SRF,2403,59.999168395996094,134.32269287109375,-74.32352447509766,-0.553320685332181,3381
155_25.png,SRF,891,78.96857452392578,133.1627960205078,-54.19422149658203,-0.4069771972063114,2199
155_25.png,SRF,1916,63.14352798461914,135.37220764160156,-72.22867965698242,-0.5335561923331273,3318
155_26.png,SRF,1081,124.04255676269531,134.4970245361328,-10.4544677734375,-0.07773010450970157,2348
155_26.png,SRF,1108,74.53610229492188,133.12705993652344,-58.59095764160156,-0.44011305943012957,2739
155_27.png,SRF,900,146.75,125.3267593383789,21.423240661621094,0.17093907777331827,2130
155_27.png,SRF,41,85.56097412109375,143.43067932128906,-57.86970520019531,-0.4034681106861763,476
155_27.png,SRF,539,78.37662506103516,130.42218017578125,-52.045555114746094,-0.39905447865232585,2056
155_28.png,SRF,57,71.75438690185547,132.8954315185547,-61.14104461669922,-0.4600688219155433,459
155_3.png,SRF,161,81.57763671875,137.77403259277344,-56.19639587402344,-0.40788815436742226,978
155_4.png,SRF,701,70.66048431396484,143.80218505859375,-73.1417007446289,-0.5086271861225651,1921
155_5.png,SRF,1630,66.881591796875,142.44944763183594,-75.56785583496094,-0.5304889354872607,2997
155_6.png,SRF,2830,63.106712341308594,137.0641326904297,-73.9574203491211,-0.5395825946395462,4226
155_7.png,SRF,3476,62.99971389770508,136.35989379882812,-73.36017990112305,-0.5379894179834973,4632
155_8.png,SRF,4416,61.09895706176758,136.29684448242188,-75.1978874206543,-0.5517214114986537,5427
155_9.png,SRF,5289,61.839290618896484,136.5635986328125,-74.72430801391602,-0.5471758855361755,6313
156_10.png,SRF,15615,46.55542755126953,94.95431518554688,-48.398887634277344,-0.5097070895588346,7967
156_11.png,SRF,17587,53.59703063964844,96.31261444091797,-42.71558380126953,-0.4435097525825445,8125
156_12.png,SRF,18284,56.525978088378906,95.8646469116211,-39.33866882324219,-0.4103563731842567,8548
156_13.png,SRF,19865,57.680946350097656,96.94094848632812,-39.26000213623047,-0.40498883855842843,8755
156_14.png,SRF,19838,57.06729507446289,94.48309326171875,-37.41579818725586,-0.3960052205701381,8576
156_15.png,SRF,20694,56.58041000366211,94.84684753417969,-38.26643753051758,-0.4034550280306113,8906
156_16.png,SRF,21309,55.17818832397461,95.10956573486328,-39.93137741088867,-0.4198460701860976,9200
156_17.png,SRF,21864,55.22722244262695,95.78326416015625,-40.5560417175293,-0.4234146964308586,9606
156_18.png,SRF,23818,59.25434494018555,97.14439392089844,-37.89004898071289,-0.3900384515401428,9592
156_19.png,SRF,21831,57.796756744384766,96.11599731445312,-38.31924057006836,-0.3986770323435663,9759
156_2.png,SRF,1283,54.544036865234375,86.30391693115234,-31.75988006591797,-0.3680004476651267,2912
156_20.png,SRF,20286,60.49191665649414,100.43830108642578,-39.94638442993164,-0.39772063045509226,9635
156_21.png,SRF,19577,62.49650192260742,96.86589050292969,-34.369388580322266,-0.3548141497680525,9604
156_22.png,SRF,8899,54.63344192504883,98.81417083740234,-44.180728912353516,-0.44710924089068593,4461
156_22.png,SRF,10258,72.68278503417969,103.39672088623047,-30.71393585205078,-0.2970494188674122,5064
156_23.png,SRF,10727,74.09452819824219,102.0917739868164,-27.99724578857422,-0.27423605933412065,5252
156_23.png,SRF,7676,49.491661071777344,96.1348876953125,-46.643226623535156,-0.48518521986903473,3855
156_24.png,SRF,10351,77.47010040283203,103.70680236816406,-26.23670196533203,-0.2529892096392144,4676
156_24.png,SRF,7145,47.18488311767578,93.37396240234375,-46.18907928466797,-0.4946676578385046,3733
156_25.png,SRF,763,71.80078887939453,102.21852111816406,-30.41773223876953,-0.297575546055952,1652
156_25.png,SRF,8036,51.82964324951172,99.56671905517578,-47.73707580566406,-0.4794481153809049,3762
156_25.png,SRF,1459,63.137081146240234,102.91743469238281,-39.78035354614258,-0.3865268665609951,763
156_25.png,SRF,1374,63.47525405883789,97.54339599609375,-34.06814193725586,-0.3492613886297352,1809
156_25.png,SHRM,4079,92.81368255615234,112.20636749267578,-19.392684936523438,-0.17283052085069314,2229
156_26.png,SRF,7894,52.4627571105957,102.02058410644531,-49.55782699584961,-0.4857630195896782,3887
156_26.png,SRF,386,60.29792785644531,109.88401794433594,-49.586090087890625,-0.4512584360813008,776
156_26.png,SHRM,6040,91.57897186279297,107.76970672607422,-16.19073486328125,-0.1502345636370188,4668
156_27.png,SRF,6818,47.31431579589844,94.67894744873047,-47.36463165283203,-0.5002657182947711,3392
156_27.png,SRF,418,62.41148376464844,105.12401580810547,-42.71253204345703,-0.4063061300989962,887
156_27.png,SHRM,6066,95.55720520019531,106.33963012695312,-10.782424926757812,-0.10139611087498855,4449
156_28.png,SRF,6685,46.943756103515625,94.02827453613281,-47.08451843261719,-0.5007485106463773,3501
156_28.png,SRF,2722,62.33578109741211,104.47084045410156,-42.13505935668945,-0.4033188512080666,2298
156_28.png,SHRM,3930,92.33562469482422,103.07009887695312,-10.734474182128906,-0.1041473162351761,3652
156_29.png,SRF,6854,47.22731399536133,93.77619171142578,-46.54887771606445,-0.49638268377657835,3789
156_29.png,SRF,3979,63.452877044677734,99.75114440917969,-36.29826736450195,-0.36388822984933666,3066
156_29.png,SHRM,3452,86.77404022216797,98.84437561035156,-12.070335388183594,-0.12211453928107487,2853
156_3.png,SRF,2531,47.415645599365234,88.02192687988281,-40.60628128051758,-0.4613200678500261,4013
156_30.png,SRF,10954,55.50502014160156,98.8544921875,-43.34947204589844,-0.4385179781580013,5814
156_30.png,SRF,3783,54.01506805419922,100.27586364746094,-46.26079559326172,-0.4613352995482585,2784
156_30.png,SHRM,1784,97.7214126586914,87.19744873046875,10.523963928222656,0.12069119087133734,1646
156_4.png,SRF,4277,46.223052978515625,90.80963897705078,-44.586585998535156,-0.4909895744635983,4670
156_5.png,SRF,5747,44.88237380981445,92.61731719970703,-47.73494338989258,-0.5153997635988918,5383
156_6.png,SRF,7542,46.08538818359375,95.11634063720703,-49.03095245361328,-0.5154840075337555,5974
156_7.png,SRF,9724,45.73056411743164,98.6870346069336,-52.95647048950195,-0.5366102112645841,6742
156_8.png,SRF,11675,44.73575973510742,97.69109344482422,-52.9553337097168,-0.5420692085878421,6863
156_9.png,SRF,14245,45.207862854003906,97.10841369628906,-51.900550842285156,-0.5344598770257587,7416
15_1.png,SHRM,1045,106.8679428100586,108.72332000732422,-1.855377197265625,-0.017065126388162506,2324
15_10.png,SHRM,1003,136.7796630859375,97.56956481933594,39.21009826660156,0.40186812700461144,2688
15_11.png,SHRM,710,141.41407775878906,97.25135803222656,44.1627197265625,0.4541090286053191,1472
15_12.png,SHRM,519,126.94605255126953,97.37716674804688,29.568885803222656,0.303653174462644,1559
15_13.png,SHRM,476,115.02310943603516,94.51541137695312,20.50769805908203,0.21697729248928266,1655
15_2.png,SHRM,813,115.29643249511719,108.83074951171875,6.4656829833984375,0.05941044247519605,1808
15_3.png,SHRM,1142,115.3476333618164,106.0475082397461,9.300125122070312,0.08769772412799295,2105
15_4.png,SHRM,1201,124.8567886352539,103.79931640625,21.057472229003906,0.20286715710717326,2058
15_5.png,SHRM,1396,126.33739471435547,102.2022933959961,24.135101318359375,0.23615029092199313,2096
15_6.png,SHRM,1301,126.98539733886719,103.93327331542969,23.0521240234375,0.22179734447000465,2128
15_7.png,SHRM,476,120.09243774414062,102.16445922851562,17.927978515625,0.17548155837173005,1131
15_8.png,SHRM,978,128.53680419921875,98.24417114257812,30.292633056640625,0.30834025779176305,1888
15_9.png,SHRM,877,131.59521484375,95.43643188476562,36.158782958984375,0.37887819404904166,1872
18_1.png,SRF,296,74.87837982177734,123.60594940185547,-48.727569580078125,-0.3942170244707223,1378
18_1.png,SRF,792,63.40277862548828,120.1868667602539,-56.784088134765625,-0.4724650010889897,2071
18_1.png,SHRM,1865,126.7142105102539,109.17304229736328,17.541168212890625,0.16067307316683868,2248
18_10.png,SRF,284,87.02816772460938,130.44346618652344,-43.41529846191406,-0.33282846378701525,1583
18_10.png,SRF,2131,54.87236022949219,116.65122985839844,-61.77886962890625,-0.5296032429653669,2721
18_10.png,SRF,240,61.02916717529297,118.8899154663086,-57.860748291015625,-0.48667498890948735,1081
18_10.png,SHRM,679,125.80706787109375,112.3626708984375,13.44439697265625,0.11965181020668676,1034
18_11.png,SRF,311,87.2282943725586,127.5785140991211,-40.3502197265625,-0.31627754886071746,1592
18_11.png,SRF,2324,53.836917877197266,116.86992645263672,-63.03300857543945,-0.5393432723771288,2537
18_11.png,SRF,202,60.17326736450195,128.76661682128906,-68.59334945678711,-0.5326951282100201,617
18_11.png,SHRM,1657,110.23777770996094,107.56324005126953,2.6745376586914062,0.024864792631912165,2459
18_12.png,SRF,2655,56.73634719848633,115.41236877441406,-58.676021575927734,-0.5084032344108312,3298
18_12.png,SRF,58,90.32758331298828,133.443603515625,-43.11602020263672,-0.3231029368716668,656
18_12.png,SHRM,1273,114.20738220214844,111.956298828125,2.2510833740234375,0.020106804151138424,1556
18_13.png,SRF,2694,56.12063980102539,118.23692321777344,-62.11628341674805,-0.5253543624637442,3727
18_13.png,SHRM,1694,114.09917449951172,96.96334075927734,17.135833740234375,0.17672486948212784,2373
18_14.png,SRF,2896,54.065608978271484,116.86839294433594,-62.80278396606445,-0.5373804018677422,4012
18_14.png,SHRM,289,115.81661224365234,101.4030532836914,14.413558959960938,0.14214127181788777,1114
18_14.png,SHRM,407,146.61917114257812,111.23638916015625,35.382781982421875,0.31808639465524496,1341
18_15.png,SRF,2951,54.42121124267578,119.53111267089844,-65.10990142822266,-0.5447109122750984,3986
18_15.png,SHRM,469,153.8614044189453,112.26100158691406,41.60040283203125,0.37056860569539485,1682
18_16.png,SRF,3442,57.05171585083008,116.20933532714844,-59.15761947631836,-0.5090608195097227,3984
18_16.png,SRF,426,71.3450698852539,111.40862274169922,-40.06355285644531,-0.35960908474142633,1833
18_16.png,SHRM,1140,116.79210662841797,109.18740844726562,7.604698181152344,0.06964812416832106,2001
18_17.png,SRF,4025,58.94459533691406,113.83390045166016,-54.889305114746094,-0.48218768659389805,4106
18_17.png,SRF,389,85.63239288330078,106.0580825805664,-20.425689697265625,-0.19258965653795757,1825
18_17.png,SHRM,883,116.42242431640625,109.09202575683594,7.3303985595703125,0.06719463231812775,1380
18_18.png,SRF,4012,56.90279006958008,115.16726684570312,-58.26447677612305,-0.5059117783370135,4173
18_19.png,SRF,4349,57.01954650878906,114.20806121826172,-57.188514709472656,-0.5007397385039252,4864
18_2.png,SRF,262,65.11068725585938,130.2429656982422,-65.13227844238281,-0.5000828881099555,1280
18_2.png,SRF,755,63.062252044677734,121.35578155517578,-58.29352951049805,-0.48035230595086426,1990
18_2.png,SHRM,1639,126.03112030029297,109.87487030029297,16.15625,0.14704226686087765,1894
18_20.png,SRF,4766,57.90138626098633,111.32424926757812,-53.4228630065918,-0.47988523037945674,6273
18_3.png,SRF,91,76.65933990478516,132.57180786132812,-55.91246795654297,-0.4217523232015373,752
18_3.png,SRF,384,76.0234375,123.21586608886719,-47.19242858886719,-0.38300610211050673,1311
18_3.png,SRF,724,60.9254150390625,119.33370208740234,-58.408287048339844,-0.4894534069307635,1807
18_3.png,SHRM,876,142.48973083496094,115.55000305175781,26.939727783203125,0.23314346232544997,1380
18_4.png,SRF,768,100.34375,124.00900268554688,-23.665252685546875,-0.1908349569228899,2889
18_4.png,SRF,815,58.94232940673828,117.39867401123047,-58.45634460449219,-0.4979301946706843,1811
18_4.png,SHRM,1068,147.98876953125,111.3251724243164,36.663597106933594,0.32933788745630793,1470
18_5.png,SRF,209,77.2488021850586,129.52154541015625,-52.272743225097656,-0.4035833811244717,1137
18_5.png,SRF,727,58.45942306518555,120.7964859008789,-62.33706283569336,-0.5160503003940432,1764
18_6.png,SRF,508,117.71063232421875,127.6473159790039,-9.936683654785156,-0.07784483033250456,2308
18_6.png,SRF,447,62.85906219482422,117.01860046386719,-54.15953826904297,-0.46282845679534734,1183
18_6.png,SRF,624,62.84455108642578,115.09796905517578,-52.25341796875,-0.4539907906081358,1674
18_7.png,SRF,658,67.22340393066406,114.03807067871094,-46.814666748046875,-0.4105178776650982,1471
18_7.png,SRF,586,57.832763671875,108.82552337646484,-50.992759704589844,-0.46857353056955564,1473
18_7.png,SHRM,307,131.66123962402344,112.5503921508789,19.11084747314453,0.16979814204046106,1012
18_8.png,SRF,956,61.894351959228516,119.31804656982422,-57.4236946105957,-0.4812657955893679,1635
18_8.png,SRF,117,82.98290252685547,129.83609008789062,-46.853187561035156,-0.36086412899001025,787
18_8.png,SRF,777,61.492919921875,107.42818450927734,-45.935264587402344,-0.42759043911270267,1838
18_8.png,SHRM,485,131.71133422851562,111.15592956542969,20.555404663085938,0.18492404987703706,1071
18_9.png,SRF,1697,66.19681549072266,118.09947204589844,-51.90265655517578,-0.4394825451463849,3589
18_9.png,SRF,481,56.81081008911133,109.34405517578125,-52.53324508666992,-0.4804398831030878,1337
18_9.png,SHRM,590,127.19322204589844,108.6767807006836,18.516441345214844,0.17038084148087368,1055
19_4.png,SRF,90,72.95555877685547,125.96897888183594,-53.01342010498047,-0.4208450411804102,548
19_5.png,SRF,78,61.653846740722656,132.28179931640625,-70.6279525756836,-0.5339204103714059,511
19_7.png,SHRM,251,171.39044189453125,132.963623046875,38.42681884765625,0.28900249532241806,1017
1_1.png,SHRM,471,176.45648193359375,112.06320190429688,64.39328002929688,0.5746157430365892,1329
1_10.png,SHRM,639,146.15492248535156,114.92935943603516,31.225563049316406,0.271693527246145,1628
1_11.png,SHRM,644,155.77328491210938,120.02806091308594,35.74522399902344,0.29780722713588675,1568
1_12.png,SHRM,976,146.85552978515625,107.13448333740234,39.721046447753906,0.3707587436872126,1792
1_13.png,SHRM,587,142.85008239746094,116.17435455322266,26.67572784423828,0.22961804218173984,1669
1_13.png,SHRM,202,116.0197982788086,123.79977416992188,-7.779975891113281,-0.06284321553313049,884
1_14.png,SHRM,314,135.33120727539062,116.98667907714844,18.344528198242188,0.15680869260460537,976
1_14.png,SHRM,684,139.20321655273438,112.02761840820312,27.17559814453125,0.24257945076998388,1376
1_2.png,SHRM,443,163.66590881347656,115.0274658203125,48.63844299316406,0.42284199383426807,1238
1_3.png,SHRM,1438,149.91793823242188,114.46192169189453,35.456016540527344,0.3097625482469784,2022
1_4.png,SHRM,1377,145.53013610839844,113.15208435058594,32.3780517578125,0.2861463131115961,2137
1_5.png,SHRM,1603,142.3368682861328,107.25234985351562,35.08451843261719,0.3271212097500459,2231
1_6.png,SHRM,1015,154.37733459472656,100.62238311767578,53.75495147705078,0.5342245911049979,1626
1_6.png,SHRM,402,158.94029235839844,100.02017211914062,58.92012023925781,0.589082371994663,1140
1_7.png,SHRM,801,162.1959991455078,112.8896255493164,49.306373596191406,0.43676620731328114,1504
1_7.png,SHRM,202,156.56930541992188,106.765625,49.803680419921875,0.46647673743231377,832
1_8.png,SHRM,764,159.3822021484375,114.76344299316406,44.61875915527344,0.38878895571241423,1488
1_8.png,SHRM,116,151.34483337402344,100.36012268066406,50.984710693359375,0.5080176202612631,672
1_9.png,SHRM,789,162.4790802001953,111.27406311035156,51.20501708984375,0.4601702828004334,1631
1_9.png,SHRM,111,130.34234619140625,98.59513854980469,31.747207641601562,0.3219956694473802,699
20_1.png,SRF,154,82.12337493896484,129.6885223388672,-47.565147399902344,-0.36676451039836727,976
20_1.png,SRF,283,76.91873168945312,134.9246368408203,-58.00590515136719,-0.4299133687482195,1181
20_1.png,SHRM,698,141.10458374023438,112.35195922851562,28.75262451171875,0.2559156485490211,1378
20_10.png,SRF,478,66.37447357177734,130.783203125,-64.40872955322266,-0.4924847229170711,1333
20_10.png,SRF,836,63.06459426879883,130.89871215820312,-67.8341178894043,-0.5182183748868402,1787
20_10.png,SHRM,3021,122.9496841430664,97.6319808959961,25.317703247070312,0.25931772575669,2633
20_2.png,SRF,181,87.51380920410156,128.0614471435547,-40.547637939453125,-0.3166264230483037,1009
20_2.png,SRF,492,93.72154235839844,131.4171905517578,-37.695648193359375,-0.28683955299221825,1606
20_2.png,SHRM,789,138.79847717285156,114.27567291259766,24.522804260253906,0.21459339188498913,1792
20_3.png,SRF,182,68.9945068359375,122.79399871826172,-53.79949188232422,-0.43812802289924324,966
20_3.png,SRF,300,82.80000305175781,133.3757781982422,-50.575775146484375,-0.3791976011664683,1131
20_3.png,SHRM,818,133.52078247070312,107.93517303466797,25.585609436035156,0.23704607790657128,1450
20_4.png,SRF,197,73.93401336669922,124.98484802246094,-51.05083465576172,-0.4084561885980564,1056
20_4.png,SRF,346,75.86994171142578,132.59024047851562,-56.720298767089844,-0.42778637826123084,1147
20_4.png,SHRM,752,133.67819213867188,113.56507873535156,20.113113403320312,0.17710649811806384,1237
20_5.png,SRF,246,68.79268646240234,126.83976745605469,-58.047080993652344,-0.45764102345712293,1217
20_5.png,SRF,518,75.8455581665039,131.85302734375,-56.007469177246094,-0.424771962430796,1769
20_5.png,SHRM,1622,132.6017303466797,104.0194091796875,28.582321166992188,0.2747787301658086,2061
20_6.png,SRF,293,64.05802154541016,122.51446533203125,-58.456443786621094,-0.4771391168234379,1106
20_6.png,SRF,621,70.3043441772461,133.28697204589844,-62.982627868652344,-0.47253401365411596,1582
20_6.png,SHRM,1512,132.18716430664062,104.89832305908203,27.288841247558594,0.26014563866944435,2144
20_7.png,SRF,343,68.6297378540039,125.17642211914062,-56.54668426513672,-0.4517359044766164,1247
20_7.png,SRF,705,74.69928741455078,135.4471893310547,-60.747901916503906,-0.4484988002816823,1742
20_7.png,SHRM,1648,140.20692443847656,99.51510620117188,40.69181823730469,0.40890091756567415,1887
20_8.png,SRF,469,70.22814178466797,128.37149047851562,-58.143348693847656,-0.4529303856885465,1424
20_8.png,SRF,722,69.32548522949219,134.17324829101562,-64.84776306152344,-0.48331365519951947,1824
20_8.png,SHRM,2012,132.9691925048828,92.64378356933594,40.325408935546875,0.4352737699380203,2010
20_9.png,SRF,484,72.04545593261719,124.94902038574219,-52.903564453125,-0.423401194261478,1530
20_9.png,SRF,806,68.37841033935547,131.42288208007812,-63.044471740722656,-0.4797069638322847,1757
20_9.png,SHRM,2445,128.91001892089844,100.27132415771484,28.638694763183594,0.2856120132425731,2532
21_1.png,SRF,139,72.19424438476562,95.43059539794922,-23.236351013183594,-0.24348953201315704,987
21_1.png,SRF,633,58.67772674560547,97.86211395263672,-39.18438720703125,-0.40040405448420724,2328
21_2.png,SHRM,2550,86.81490325927734,84.33879089355469,2.4761123657226562,0.029359116244004453,3908
21_3.png,SHRM,3825,97.06562042236328,81.15880584716797,15.906814575195312,0.19599616343727141,3942
21_4.png,SHRM,5398,102.65153503417969,77.73131561279297,24.92021942138672,0.3205943347919531,4563
21_5.png,SHRM,5531,105.44132995605469,73.46617889404297,31.97515106201172,0.4352363433536957,4095
21_6.png,SHRM,3361,83.03362274169922,69.2742919921875,13.759330749511719,0.19862102309271448,3077
21_7.png,SHRM,3407,83.80950927734375,76.92162322998047,6.887886047363281,0.08954421082313697,4134
22_1.png,SRF,2384,75.9165267944336,132.82920837402344,-56.912681579589844,-0.42846511152376854,3267
22_1.png,SHRM,103,168.41748046875,134.56394958496094,33.85353088378906,0.2515794979874207,688
22_10.png,SRF,2700,81.67147827148438,136.6728057861328,-55.00132751464844,-0.40243066057131477,2659
22_10.png,SRF,90,66.76667022705078,136.6510009765625,-69.88433074951172,-0.5114073826762369,702
22_10.png,SHRM,1106,157.8155517578125,132.77108764648438,25.044464111328125,0.18862889922248274,1660
22_11.png,SRF,3067,84.67459869384766,135.57080078125,-50.896202087402344,-0.37542156418715716,2761
22_11.png,SRF,221,96.83710479736328,129.6149139404297,-32.777809143066406,-0.2528860927079033,805
22_11.png,SHRM,996,160.1355438232422,129.74635314941406,30.389190673828125,0.2342199987604458,1715
22_12.png,SRF,2866,79.04954528808594,139.4691162109375,-60.41957092285156,-0.43321111199608586,2850
22_12.png,SRF,272,99.09558868408203,134.08241271972656,-34.98682403564453,-0.26093522130137786,813
22_12.png,SHRM,1563,155.85284423828125,129.5009002685547,26.351943969726562,0.2034885001963598,1671
22_13.png,SRF,1315,84.68973541259766,139.19956970214844,-54.50983428955078,-0.3915948476434799,1854
22_13.png,SRF,2637,87.90708923339844,145.20816040039062,-57.30107116699219,-0.394613298653414,2695
22_13.png,SRF,276,101.5797119140625,138.63681030273438,-37.057098388671875,-0.26729624194145923,1027
22_14.png,SRF,3799,81.65938568115234,133.74072265625,-52.081336975097656,-0.3894201851216315,2966
22_14.png,SRF,431,111.84455108642578,137.7483673095703,-25.90381622314453,-0.18805171145825128,1073
22_14.png,SHRM,1594,155.5106658935547,125.50434875488281,30.006317138671875,0.23908587579921978,1265
22_15.png,SRF,3585,82.8064193725586,136.87588500976562,-54.06946563720703,-0.39502550528421687,2804
22_15.png,SHRM,1316,156.310791015625,122.89787292480469,33.41291809082031,0.27187547917337895,1459
22_16.png,SRF,3220,77.56521606445312,131.8239288330078,-54.25871276855469,-0.41159987605352477,2249
22_16.png,SHRM,2321,141.94830322265625,124.3695068359375,17.57879638671875,0.14134329896401282,1981
22_17.png,SRF,3817,76.00628662109375,130.17433166503906,-54.16804504394531,-0.4161192483271511,2478
22_17.png,SRF,453,107.17218780517578,144.45358276367188,-37.281394958496094,-0.2580856372353809,474
22_17.png,SHRM,1419,143.32769775390625,126.36827087402344,16.959426879882812,0.13420636970485786,1412
22_18.png,SRF,4127,75.61715698242188,132.56509399414062,-56.94793701171875,-0.4295847066214568,2980
22_18.png,SRF,333,76.85285186767578,141.00411987304688,-64.1512680053711,-0.4549602384889868,729
22_18.png,SHRM,717,138.5160369873047,129.9779510498047,8.5380859375,0.06568872542257874,1134
22_19.png,SRF,4708,80.09536743164062,131.28326416015625,-51.187896728515625,-0.3899042048959876,3315
22_19.png,SRF,396,73.15908813476562,138.09991455078125,-64.94082641601562,-0.4702452324265268,1081
22_19.png,SHRM,175,147.21714782714844,135.1761474609375,12.041000366210938,0.08907636881492338,545
22_2.png,SRF,2388,70.37646484375,129.51161193847656,-59.13514709472656,-0.456601120236371,3229
22_20.png,SRF,4500,71.47511291503906,135.11239624023438,-63.63728332519531,-0.4709951499346225,3292
22_20.png,SRF,687,69.06550598144531,137.83226013183594,-68.76675415039062,-0.4989162485227735,1407
22_21.png,SRF,4799,71.51531219482422,129.1284637451172,-57.61315155029297,-0.4461692633780097,3254
22_21.png,SRF,935,62.92406463623047,135.5063018798828,-72.58223724365234,-0.5356373558773052,1428
22_3.png,SRF,2568,73.70015716552734,131.556396484375,-57.856239318847656,-0.43978279175288343,3059
22_4.png,SRF,3191,85.60576629638672,136.91860961914062,-51.312843322753906,-0.37476894824953433,3649
22_5.png,SRF,2651,77.85401916503906,139.2700958251953,-61.41607666015625,-0.4409853838058858,3047
22_6.png,SRF,3172,87.58827209472656,137.70217895507812,-50.11390686035156,-0.36392965776307695,3408
22_7.png,SRF,2839,83.43113708496094,137.4774169921875,-54.04627990722656,-0.3931284213049906,2723
22_8.png,SRF,2674,83.71802520751953,139.2398223876953,-55.52179718017578,-0.39874941111015283,2823
22_8.png,SRF,58,94.29310607910156,141.0738983154297,-46.780792236328125,-0.3316048737217859,433
22_8.png,SHRM,1201,151.11074829101562,127.28775024414062,23.822998046875,0.18715860718083224,1331
22_9.png,SRF,2482,82.96977996826172,137.73358154296875,-54.76380157470703,-0.39760674892217457,2481
22_9.png,SRF,181,110.18231964111328,138.22613525390625,-28.04381561279297,-0.20288359767333114,681
22_9.png,SHRM,980,153.0653076171875,131.8779296875,21.1873779296875,0.1606590123145961,1409
22_9.png,SHRM,188,171.56915283203125,136.69964599609375,34.8695068359375,0.25508117875399555,556
23_10.png,SHRM,8122,146.44508361816406,112.21321868896484,34.23186492919922,0.30506089504556394,5098
23_3.png,SHRM,754,148.23342895507812,118.015380859375,30.218048095703125,0.2560517779602847,1950
23_4.png,SHRM,1809,143.40298461914062,114.13949584960938,29.26348876953125,0.2563835467443183,2595
23_4.png,SHRM,194,179.70103454589844,151.71926879882812,27.981765747070312,0.1844311930093249,976
23_5.png,SHRM,2107,148.110107421875,114.87921905517578,33.23088836669922,0.28926805596353006,2724
23_7.png,SHRM,4882,149.32138061523438,114.87797546386719,34.44340515136719,0.2998260111417157,4827
23_8.png,SHRM,5644,155.42523193359375,111.75241088867188,43.672821044921875,0.39079981091798444,4661
23_9.png,SHRM,6604,149.09690856933594,112.0459976196289,37.05091094970703,0.33067589862055213,5087
24_1.png,SRF,2282,54.463626861572266,147.74520874023438,-93.28158187866211,-0.631367897978132,3387
24_1.png,SRF,579,81.48358917236328,113.83659362792969,-32.353004455566406,-0.28420566203264036,1634
24_1.png,SHRM,1752,134.6855010986328,101.14059448242188,33.54490661621094,0.33166610091500903,2589
24_10.png,SRF,1995,45.74285888671875,133.6801300048828,-87.93727111816406,-0.6578185637233601,2970
24_10.png,SRF,500,58.560001373291016,115.87033081054688,-57.31032943725586,-0.4946074550435244,2275
24_10.png,SHRM,3058,95.6749496459961,90.3925552368164,5.2823944091796875,0.05843837908266362,2820
24_2.png,SRF,2311,48.64041519165039,140.6944122314453,-92.05399703979492,-0.6542832482100578,3207
24_2.png,SRF,431,68.78422546386719,121.92053985595703,-53.136314392089844,-0.43582742050574674,1636
24_2.png,SHRM,1971,131.49720764160156,92.09239196777344,39.404815673828125,0.4278835073326941,2392
24_3.png,SRF,2313,40.27323913574219,141.3563995361328,-101.08316040039062,-0.7150943341235305,3294
24_3.png,SRF,680,72.17500305175781,125.01000213623047,-52.834999084472656,-0.42264617375892344,2100
24_3.png,SHRM,1807,128.0265655517578,97.49810028076172,30.528465270996094,0.3131185652139312,2636
24_4.png,SRF,393,41.66157913208008,147.37078857421875,-105.70920944213867,-0.7173009689698545,623
24_4.png,SRF,2031,41.65977478027344,143.20700073242188,-101.54722595214844,-0.7090940068068773,2971
24_4.png,SRF,690,71.12898254394531,122.54793548583984,-51.41895294189453,-0.41958236781423286,2055
24_4.png,SHRM,2942,105.16757202148438,84.5467529296875,20.620819091796875,0.24389841569605852,2524
24_5.png,SRF,2295,35.49934768676758,144.08560180664062,-108.58625411987305,-0.7536232125788194,3166
24_5.png,SRF,572,62.181819915771484,124.14352416992188,-61.96170425415039,-0.49911346297322845,2153
24_5.png,SHRM,3118,105.81719207763672,88.92562866210938,16.891563415527344,0.18995157717366498,2985
24_6.png,SRF,2444,42.30155563354492,146.43899536132812,-104.1374397277832,-0.7111318912754847,3139
24_6.png,SRF,1007,71.82820129394531,119.99220275878906,-48.16400146484375,-0.4013927601751263,2053
24_6.png,SHRM,3311,102.74992370605469,90.07351684570312,12.676406860351562,0.14073400600163508,2870
24_7.png,SRF,2241,39.00312423706055,141.74212646484375,-102.7390022277832,-0.724830400038238,3079
24_7.png,SRF,958,80.60751342773438,116.4200210571289,-35.81250762939453,-0.30761468091318106,2038
24_7.png,SHRM,3774,97.73847198486328,88.43846130371094,9.300010681152344,0.10515798832382116,3047
24_8.png,SRF,2244,47.038326263427734,143.9466552734375,-96.90832901000977,-0.6732239024652925,3037
24_8.png,SRF,685,65.76058197021484,120.90184020996094,-55.141258239746094,-0.45608286973950524,2231
24_8.png,SHRM,3519,97.8161392211914,88.10851287841797,9.707626342773438,0.11017807503083285,2820
24_9.png,SRF,2018,46.039146423339844,136.7220458984375,-90.68289947509766,-0.6632646467451231,3076
24_9.png,SRF,988,71.15789794921875,114.42257690429688,-43.264678955078125,-0.3781131322646643,2073
24_9.png,SHRM,3348,96.60453796386719,91.97112274169922,4.633415222167969,0.0503790220674038,2978
25_1.png,SHRM,436,131.23623657226562,104.97531127929688,26.26092529296875,0.2501628713736227,1296
25_10.png,SHRM,1592,137.90200805664062,107.46355438232422,30.438453674316406,0.28324443435050733,2634
25_11.png,SHRM,1747,140.25872802734375,107.40015411376953,32.85857391357422,0.3059453143686085,2564
25_12.png,SHRM,1652,134.73849487304688,109.38727569580078,25.351219177246094,0.2317565641523632,2484
25_13.png,SHRM,2013,139.5310516357422,99.23177337646484,40.299278259277344,0.4061126480768434,2908
25_14.png,SHRM,1948,133.35523986816406,106.61914825439453,26.73609161376953,0.25076256987137907,2883
25_15.png,SHRM,1549,149.0335693359375,102.33348083496094,46.70008850097656,0.45635199858287306,2258
25_16.png,SHRM,1453,142.8079833984375,105.87733459472656,36.93064880371094,0.3488059927563604,2144
25_17.png,SHRM,1219,144.7899932861328,109.44241333007812,35.34757995605469,0.32297880575281585,1858
25_18.png,SHRM,1057,148.4635772705078,108.86250305175781,39.60107421875,0.363771483372213,1840
25_19.png,SHRM,1198,150.36227416992188,106.52128601074219,43.84098815917969,0.41157021099762653,1832
25_2.png,SHRM,589,131.76910400390625,103.34485626220703,28.42424774169922,0.2750426946221793,1360
25_20.png,SHRM,980,145.5785675048828,117.83193969726562,27.746627807617188,0.23547628833832282,1916
25_21.png,SHRM,1418,143.74400329589844,106.01317596435547,37.73082733154297,0.35590696145382067,2353
25_22.png,SHRM,1060,144.1481170654297,106.27337646484375,37.87474060058594,0.35638973617362446,2107
25_3.png,SHRM,460,135.8456573486328,110.28652954101562,25.559127807617188,0.2317520363909151,1232
25_4.png,SHRM,832,131.375,103.37085723876953,28.00414276123047,0.2709094565845144,1599
25_4.png,SHRM,93,140.76344299316406,123.98905944824219,16.774383544921875,0.1352892232554127,640
25_5.png,SHRM,157,154.2738800048828,104.48235321044922,49.791526794433594,0.4765544157886939,765
25_5.png,SHRM,822,145.70315551757812,101.9062728881836,43.79688262939453,0.42977612062655407,1611
25_6.png,SHRM,1114,147.30340576171875,102.88145446777344,44.42195129394531,0.43177802572629875,2168
25_7.png,SHRM,1441,144.02151489257812,98.50041961669922,45.521095275878906,0.4621411304948544,2396
25_8.png,SHRM,1673,140.95217895507812,99.95804595947266,40.99413299560547,0.4101133890935231,2479
25_9.png,SHRM,1257,132.58631896972656,103.54735565185547,29.038963317871094,0.28044138003393565,1816
26_1.png,SRF,6564,53.192413330078125,97.26020812988281,-44.06779479980469,-0.45309171805344955,5534
26_10.png,SRF,7313,82.21632385253906,109.23016357421875,-27.013839721679688,-0.24731117154580257,4549
26_10.png,SRF,1551,56.12636947631836,78.06104278564453,-21.934673309326172,-0.28099385463705295,1376
26_11.png,SRF,6504,78.32794952392578,112.66525268554688,-34.337303161621094,-0.30477278791055346,4487
26_12.png,SRF,7301,83.29256439208984,107.49580383300781,-24.20323944091797,-0.22515520213716556,4649
26_13.png,SRF,7883,84.73982238769531,107.65243530273438,-22.912612915039062,-0.21283877926779313,4638
26_14.png,SRF,7971,82.27298736572266,108.66948699951172,-26.396499633789062,-0.24290626893184533,4608
26_15.png,SRF,8152,80.2210464477539,110.04728698730469,-29.82624053955078,-0.27103112994499906,4906
26_16.png,SRF,7889,81.02813720703125,111.63838958740234,-30.610252380371094,-0.2741910958542281,4928
26_2.png,SRF,9004,65.19446563720703,104.82499694824219,-39.630531311035156,-0.37806374876979876,5800
26_3.png,SRF,6242,71.91044616699219,109.14393615722656,-37.233489990234375,-0.34114116918596304,3974
26_3.png,SRF,3053,65.14248657226562,95.49308776855469,-30.350601196289062,-0.31783034673514177,2243
26_4.png,SRF,5731,71.32699584960938,109.90834045410156,-38.58134460449219,-0.3510320003476352,3895
26_4.png,SRF,2687,59.86155700683594,100.0951156616211,-40.233558654785156,-0.40195326603945053,2271
26_5.png,SRF,5642,73.31531524658203,111.94103240966797,-38.62571716308594,-0.3450541444153231,3985
26_5.png,SRF,2465,57.366329193115234,89.91791534423828,-32.55158615112305,-0.3620144664887282,2132
26_5.png,SHRM,743,120.40242004394531,91.6585693359375,28.743850708007812,0.31359698188893637,1359
26_6.png,SRF,6366,76.97329711914062,110.1386489868164,-33.16535186767578,-0.3011236488986321,4349
26_6.png,SRF,2519,59.371177673339844,89.29824829101562,-29.92707061767578,-0.3351361442180358,1824
26_7.png,SRF,6429,78.56991577148438,109.71793365478516,-31.14801788330078,-0.2838917654182627,4311
26_7.png,SRF,2568,60.797508239746094,85.13796997070312,-24.34046173095703,-0.2858943164763365,1812
26_8.png,SRF,6847,81.49583435058594,107.27143859863281,-25.775604248046875,-0.24028394309587817,4384
26_8.png,SRF,2283,61.054752349853516,86.25439453125,-25.199642181396484,-0.29215487881335306,1651
26_9.png,SRF,6410,77.03884887695312,109.49755859375,-32.458709716796875,-0.2964331820147959,3897
26_9.png,SRF,1950,58.136409759521484,87.41483306884766,-29.278423309326172,-0.3349365580354832,1497
26_9.png,SRF,338,87.82839965820312,120.72544860839844,-32.89704895019531,-0.2724947335412658,998
27_12.png,SRF,298,52.74161148071289,101.92564392089844,-49.18403244018555,-0.4825481649971803,928
2_1.png,SRF,71,75.07041931152344,117.97187805175781,-42.901458740234375,-0.36365835187782813,640
2_1.png,SRF,125,67.552001953125,138.8382568359375,-71.2862548828125,-0.5134482131034683,643
2_1.png,SHRM,1248,122.2900619506836,94.73152923583984,27.55853271484375,0.2909119375264715,1922
2_1.png,SHRM,212,114.02830505371094,103.46859741210938,10.559707641601562,0.10205712559862838,621
2_10.png,SRF,446,71.61434936523438,130.68626403808594,-59.07191467285156,-0.4520131867541658,1310
2_10.png,SHRM,3462,148.22877502441406,109.82173919677734,38.40703582763672,0.34972161348509906,3018
2_11.png,SRF,197,68.3147201538086,106.11148834228516,-37.79676818847656,-0.3561986433227197,879
2_11.png,SHRM,3856,141.9061279296875,115.20283508300781,26.703292846679688,0.23179371260645623,3949
2_12.png,SRF,295,85.2203369140625,133.09201049804688,-47.871673583984375,-0.35968855985301157,1163
2_12.png,SHRM,3538,143.3247528076172,110.99267578125,32.33207702636719,0.29129919428277307,3003
2_2.png,SRF,151,62.046356201171875,118.27092742919922,-56.224571228027344,-0.47538792880173514,908
2_2.png,SHRM,1003,128.73678588867188,99.18570709228516,29.55107879638672,0.29793686673919223,2057
2_3.png,SRF,380,61.5184211730957,112.49646759033203,-50.97804641723633,-0.45315241899753117,1132
2_3.png,SRF,159,82.61006164550781,120.72452545166016,-38.114463806152344,-0.31571433943150123,530
2_3.png,SHRM,2399,129.24468994140625,103.67301177978516,25.571678161621094,0.246657039499717,2890
2_4.png,SRF,680,80.0676498413086,111.00851440429688,-30.94086456298828,-0.2787251476071518,1527
2_4.png,SRF,52,83.48076629638672,107.5718002319336,-24.091033935546875,-0.22395306096583525,383
2_4.png,SHRM,2453,127.58988952636719,99.58939361572266,28.00049591064453,0.2811594176252114,2640
2_5.png,SRF,548,64.83941650390625,116.58753967285156,-51.74812316894531,-0.44385637877042633,1268
2_5.png,SHRM,2635,131.13851928710938,103.12239837646484,28.01612091064453,0.27167832936126246,2835
2_6.png,SRF,751,77.0319595336914,110.13424682617188,-33.10228729248047,-0.3005630695847658,1311
2_6.png,SHRM,757,139.85865783691406,94.43267059326172,45.425987243652344,0.481041010047361,1010
2_6.png,SHRM,1484,131.9481201171875,107.75245666503906,24.195663452148438,0.22454860149837183,1935
2_7.png,SRF,667,63.952022552490234,119.15943908691406,-55.20741653442383,-0.4633071199181789,1361
2_7.png,SHRM,2178,144.00045776367188,109.45024871826172,34.550209045410156,0.3156704479890823,2603
2_8.png,SRF,347,61.00288009643555,120.07353210449219,-59.07065200805664,-0.4919539799716335,952
2_8.png,SHRM,2411,143.23849487304688,109.8039779663086,33.43451690673828,0.30449276543511994,2969
2_9.png,SRF,295,64.28813934326172,123.10130310058594,-58.81316375732422,-0.47776231669349634,997
2_9.png,SRF,71,77.76056671142578,109.0149917602539,-31.254425048828125,-0.2866984122473994,467
2_9.png,SHRM,3024,146.26058959960938,112.40450286865234,33.85608673095703,0.30119866968780395,3288
30_5.png,SHRM,369,128.71002197265625,83.65776062011719,45.05226135253906,0.5385305680977712,786
31_1.png,SRF,2809,65.40013885498047,98.46101379394531,-33.060874938964844,-0.33577630033500494,5104
31_10.png,SRF,3624,59.561256408691406,93.31922912597656,-33.757972717285156,-0.36174723080613413,5579
31_2.png,SRF,2891,69.92666625976562,95.41674041748047,-25.490074157714844,-0.2671446755169707,5435
31_3.png,SRF,3295,71.395751953125,96.63184356689453,-25.23609161376953,-0.2611570956555284,5332
31_4.png,SRF,3970,72.73703002929688,96.7801284790039,-24.04309844970703,-0.24843011502018303,5717
31_5.png,SRF,3385,66.46588134765625,93.6175765991211,-27.151695251464844,-0.29002775160193317,5167
31_6.png,SRF,3224,69.16966247558594,90.774658203125,-21.604995727539062,-0.23800690804248373,4349
31_7.png,SRF,3583,67.03628540039062,91.34654998779297,-24.310264587402344,-0.26613226871349854,5070
31_8.png,SRF,3548,67.05298614501953,87.27876281738281,-20.22577667236328,-0.2317376646903504,5076
31_9.png,SRF,4671,69.394775390625,88.86791229248047,-19.47313690185547,-0.21912450061576594,5678
32_10.png,SRF,1171,76.52348327636719,139.89865112304688,-63.37516784667969,-0.4530077119252458,2891
32_11.png,SRF,1259,70.46227264404297,140.1497039794922,-69.68743133544922,-0.4972356655540738,3133
32_12.png,SRF,48,84.39583587646484,142.4981231689453,-58.10228729248047,-0.407740719669652,532
32_12.png,SRF,1216,73.515625,140.4302215576172,-66.91459655761719,-0.4764971230225024,3275
32_13.png,SRF,1247,74.70088195800781,140.30523681640625,-65.60435485839844,-0.4675830806247365,3286
32_14.png,SRF,1009,71.72051239013672,139.60475158691406,-67.88423919677734,-0.48626023416197617,2816
32_15.png,SRF,1415,90.86148071289062,137.11569213867188,-46.25421142578125,-0.3373371107590084,2818
32_2.png,SRF,60,71.16666412353516,141.61387634277344,-70.44721221923828,-0.4974598114151065,562
32_3.png,SRF,82,90.3780517578125,140.5739288330078,-50.19587707519531,-0.3570781402490683,629
32_4.png,SRF,127,87.70079040527344,148.88221740722656,-61.181427001953125,-0.410938445621132,832
32_4.png,SRF,102,81.51960754394531,136.2744598388672,-54.754852294921875,-0.4017983440159277,736
32_5.png,SRF,437,91.19451141357422,142.5780792236328,-51.383567810058594,-0.3603889748680356,1870
32_6.png,SRF,434,93.45391845703125,140.17120361328125,-46.71728515625,-0.33328732258830035,1577
32_6.png,SRF,407,75.10073852539062,127.80220031738281,-52.70146179199219,-0.41236740573412556,1001
32_7.png,SRF,46,100.86956787109375,154.46286010742188,-53.593292236328125,-0.34696555663320255,525
32_7.png,SRF,938,76.3113021850586,140.29200744628906,-63.98070526123047,-0.4560538153659648,2113
32_7.png,SRF,62,78.67742156982422,133.44668579101562,-54.769264221191406,-0.4104205653107256,544
32_8.png,SRF,107,112.78504943847656,146.95828247070312,-34.17323303222656,-0.23253696530536935,791
32_8.png,SRF,1111,76.82268524169922,142.6359405517578,-65.8132553100586,-0.4614072375831333,2832
32_8.png,SRF,45,100.53333282470703,140.68048095703125,-40.14714813232422,-0.28537824052923566,507
32_9.png,SRF,1113,77.55435943603516,141.92559814453125,-64.3712387084961,-0.45355622629078546,2863
32_9.png,SRF,141,101.97872161865234,129.02195739746094,-27.043235778808594,-0.20960180983381038,911
33_1.png,SHRM,2370,139.83544921875,98.19135284423828,41.64409637451172,0.42411164698557596,2937
33_10.png,SHRM,3325,127.9612045288086,110.9454116821289,17.015792846679688,0.15337085679065168,3737
33_11.png,SHRM,4377,128.50491333007812,109.13404846191406,19.370864868164062,0.1774960714934365,3924
33_12.png,SHRM,4458,129.50717163085938,109.62628173828125,19.880889892578125,0.1813514932490478,3912
33_13.png,SHRM,5285,130.58277893066406,104.33636474609375,26.246414184570312,0.2515557662799724,4284
33_14.png,SHRM,4965,129.37522888183594,113.17898559570312,16.196243286132812,0.14310291968854427,3341
33_15.png,SHRM,5191,126.11346435546875,114.97976684570312,11.133697509765625,0.09683179758666992,2916
33_16.png,SHRM,4584,129.20506286621094,112.03325653076172,17.17180633544922,0.15327418721185027,2706
33_17.png,SHRM,5395,131.31436157226562,120.29277801513672,11.021583557128906,0.0916229863420565,2770
33_18.png,SHRM,5668,129.57815551757812,114.184326171875,15.393829345703125,0.13481560790166325,3548
33_19.png,SHRM,5876,130.34564208984375,115.02019500732422,15.325447082519531,0.13324135888957275,3417
33_2.png,SHRM,2443,137.59884643554688,96.72977447509766,40.86907196044922,0.42250767338417244,3090
33_20.png,SHRM,6266,130.65591430664062,117.65106964111328,13.004844665527344,0.11053741122114531,3356
33_21.png,SHRM,3253,139.07131958007812,137.6350860595703,1.4362335205078125,0.01043508280938039,1710
33_21.png,SHRM,2361,119.3570556640625,106.21597290039062,13.141082763671875,0.12372040103606251,1991
33_22.png,SHRM,6279,126.17216491699219,115.11658477783203,11.055580139160156,0.09603811788281202,3817
33_3.png,SHRM,2373,135.64854431152344,102.36388397216797,33.28466033935547,0.3251601936910223,2935
33_4.png,SHRM,2992,133.2329559326172,92.31645202636719,40.91650390625,0.44322006541763037,2923
33_5.png,SHRM,3631,134.65298461914062,93.05073547363281,41.60224914550781,0.44709210447129,3410
33_6.png,SHRM,2263,133.5448455810547,113.26049041748047,20.28435516357422,0.17909471421857415,3455
33_7.png,SHRM,2923,129.6619873046875,111.02828979492188,18.633697509765625,0.16782837549045881,3959
33_8.png,SHRM,3308,127.50997924804688,107.67558288574219,19.834396362304688,0.18420514503600657,3850
33_9.png,SHRM,3234,124.51174926757812,109.92977142333984,14.581977844238281,0.13264812302832002,3759
34_1.png,SRF,1282,86.22698974609375,113.2092514038086,-26.982261657714844,-0.23833972332765646,2724
34_1.png,SRF,439,55.74943161010742,91.51997375488281,-35.77054214477539,-0.3908495673368454,1552
34_1.png,SHRM,7398,115.81522369384766,87.54485321044922,28.270370483398438,0.3229244147047599,6343
34_10.png,SRF,1470,99.1945571899414,117.8916244506836,-18.697067260742188,-0.1585953823934587,2233
34_10.png,SRF,747,69.97456359863281,98.98004150390625,-29.005477905273438,-0.2930437032007987,1854
34_10.png,SHRM,3763,115.19107055664062,89.54896545410156,25.642105102539062,0.28634730700135175,4115
34_11.png,SRF,892,77.56390380859375,109.57799530029297,-32.01409149169922,-0.29215803231265747,1827
34_11.png,SRF,373,86.26541900634766,125.45147705078125,-39.186058044433594,-0.3123602763845622,711
34_11.png,SRF,428,79.05374145507812,106.6134033203125,-27.559661865234375,-0.25850091083232096,1358
34_11.png,SHRM,2348,122.08731079101562,89.2734603881836,32.81385040283203,0.3675655705530973,2845
34_12.png,SRF,1186,90.96795654296875,117.97532653808594,-27.007369995117188,-0.2289238842360687,1702
34_12.png,SRF,401,85.59101867675781,126.65735626220703,-41.06633758544922,-0.32423176037587087,537
34_12.png,SRF,475,75.05894470214844,101.54940032958984,-26.490455627441406,-0.2608627479971688,1589
34_12.png,SHRM,2070,123.79371643066406,86.63877868652344,37.154937744140625,0.4288488169780726,2450
34_13.png,SRF,1109,78.97745513916016,107.7051010131836,-28.727645874023438,-0.266725026055238,1509
34_13.png,SRF,401,89.10224151611328,113.1505355834961,-24.048294067382812,-0.21253363002985598,465
34_13.png,SRF,450,82.0999984741211,110.47798919677734,-28.37799072265625,-0.2568655614478186,1295
34_13.png,SHRM,2248,110.59163665771484,83.41373443603516,27.177902221679688,0.32582047075857445,3043
34_13.png,SHRM,430,123.00697326660156,118.03372955322266,4.973243713378906,0.04213408940142333,593
34_14.png,SRF,1804,78.90465545654297,118.38951110839844,-39.48485565185547,-0.33351650228289903,1964
34_14.png,SRF,319,68.1880874633789,102.72106170654297,-34.53297424316406,-0.3361820221623005,1054
34_14.png,SHRM,2522,109.8176040649414,88.91936492919922,20.898239135742188,0.23502461080757958,2344
34_15.png,SRF,1795,78.10974884033203,122.64675903320312,-44.537010192871094,-0.3631323855921375,1959
34_15.png,SRF,953,82.04092407226562,101.22683715820312,-19.1859130859375,-0.1895338590491833,1781
34_15.png,SHRM,4615,99.89252471923828,79.69754028320312,20.194984436035156,0.2533953289433125,2850
34_15.png,SHRM,81,160.44444274902344,127.35191345214844,33.092529296875,0.2598510568065338,287
34_2.png,SRF,1428,88.85574340820312,114.92037963867188,-26.06463623046875,-0.22680604008114272,2625
34_2.png,SRF,413,57.64891052246094,97.841796875,-40.19288635253906,-0.4107946464217986,1359
34_2.png,SHRM,5103,116.95198822021484,93.51065063476562,23.44133758544922,0.2506809376934668,4412
34_3.png,SRF,1183,87.9120864868164,121.67191314697266,-33.75982666015625,-0.2774660625199205,2350
34_3.png,SRF,858,65.50932312011719,101.0652847290039,-35.55596160888672,-0.35181181851143395,2221
34_3.png,SHRM,4826,102.5437240600586,91.0757827758789,11.467941284179688,0.12591647235577677,3312
34_4.png,SRF,1225,86.1926498413086,121.74775695800781,-35.55510711669922,-0.29203911435479324,2454
34_4.png,SRF,1086,66.99816131591797,102.85356140136719,-35.85540008544922,-0.34860630586752445,2315
34_4.png,SHRM,5072,104.6326904296875,87.8087158203125,16.823974609375,0.19159800313903652,3534
34_5.png,SRF,1488,93.80175018310547,117.71676635742188,-23.915016174316406,-0.20315726395085945,2362
34_5.png,SRF,969,67.08462524414062,102.96560668945312,-35.8809814453125,-0.34847540454484427,2297
34_5.png,SHRM,5518,102.52989959716797,85.6344985961914,16.895401000976562,0.19729666522188272,3316
34_6.png,SRF,1287,85.01398468017578,118.96277618408203,-33.94879150390625,-0.2853732284405852,2391
34_6.png,SRF,650,62.42461395263672,104.83128356933594,-42.40666961669922,-0.404523040955148,1624
34_6.png,SHRM,2654,104.61492156982422,90.56761169433594,14.047309875488281,0.15510301765379106,1982
34_6.png,SHRM,1865,105.32707977294922,97.11882781982422,8.208251953125,0.08451761761738957,1397
34_7.png,SRF,1312,90.74466705322266,116.79983520507812,-26.05516815185547,-0.22307538453378456,2373
34_7.png,SRF,739,62.500675201416016,103.49315643310547,-40.99248123168945,-0.39608881055034423,2046
34_7.png,SHRM,2693,102.31043243408203,87.94029235839844,14.370140075683594,0.16340791792138296,1859
34_7.png,SHRM,2200,104.30409240722656,93.75777435302734,10.546318054199219,0.11248473128733873,1961
34_8.png,SRF,583,85.41337585449219,118.02510070800781,-32.611724853515625,-0.2763117731557502,1235
34_8.png,SRF,636,58.66666793823242,96.35626220703125,-37.68959426879883,-0.3911483634329743,1701
34_8.png,SHRM,5676,106.08615112304688,87.14093017578125,18.945220947265625,0.217408982312321,4009
34_9.png,SRF,1275,86.900390625,122.00094604492188,-35.100555419921875,-0.2877072396389248,2122
34_9.png,SRF,649,69.02465057373047,96.94963836669922,-27.92498779296875,-0.2880360181163974,1390
34_9.png,SHRM,2352,120.83673095703125,94.37284851074219,26.463882446289062,0.2804183921954709,2379
34_9.png,SHRM,692,101.21676635742188,99.16079711914062,2.05596923828125,0.02073369010750312,1107
35_10.png,SHRM,5189,156.0524139404297,125.738037109375,30.314376831054688,0.2410915386303136,5390
35_11.png,SHRM,6407,149.94725036621094,123.83784484863281,26.109405517578125,0.21083543200781385,5692
35_12.png,SHRM,6383,152.2708740234375,120.33973693847656,31.931137084960938,0.26534158954731357,5934
35_13.png,SHRM,6860,152.45233154296875,122.06990814208984,30.382423400878906,0.24889363696017244,5493
35_14.png,SHRM,7546,154.55618286132812,125.28243255615234,29.27375030517578,0.23366205227580578,5874
35_15.png,SHRM,6814,165.7361297607422,118.59464263916016,47.14148712158203,0.39750098379246546,3920
35_16.png,SHRM,7336,173.48800659179688,120.79757690429688,52.6904296875,0.4361878030818825,3957
35_17.png,SHRM,7303,175.1500701904297,123.62435913085938,51.52571105957031,0.41679254332901416,3719
35_18.png,SHRM,7274,173.2610626220703,122.56185150146484,50.69921112060547,0.41366224889316,3864
35_19.png,SHRM,6450,176.79922485351562,119.2564926147461,57.54273223876953,0.48251236454403623,3505
35_20.png,SHRM,6411,179.3219451904297,120.50040435791016,58.82154083251953,0.4881439290262285,3689
35_21.png,SHRM,5905,176.59576416015625,121.12770080566406,55.46806335449219,0.45793045674568306,3845
35_3.png,SHRM,549,161.7832489013672,116.7869644165039,44.99628448486328,0.38528516183013806,1028
35_4.png,SHRM,339,170.3156280517578,131.4193572998047,38.896270751953125,0.2959706359179625,775
35_6.png,SHRM,1250,157.78640747070312,119.61648559570312,38.169921875,0.3191025190625659,1541
35_7.png,SHRM,2007,152.76780700683594,113.45980834960938,39.30799865722656,0.34644866079894004,1866
35_8.png,SHRM,3391,154.15335083007812,112.04611206054688,42.10723876953125,0.37580276544337005,2624
35_9.png,SHRM,2743,157.22093200683594,121.90410614013672,35.31682586669922,0.2897098956297684,2461
36_1.png,SHRM,4594,150.1861114501953,105.43991088867188,44.74620056152344,0.4243763123886595,5392
36_10.png,SHRM,5616,149.45156860351562,113.0660400390625,36.385528564453125,0.3218077554664735,4255
36_11.png,SHRM,5210,149.59423828125,113.90949249267578,35.68474578857422,0.3132728011308513,4265
36_12.png,SHRM,5832,149.8693389892578,114.82164001464844,35.047698974609375,0.3052360075168596,4704
36_13.png,SHRM,5958,142.3897247314453,117.22144317626953,25.16828155517578,0.2147071463480402,4990
36_14.png,SHRM,6430,148.69082641601562,109.46483612060547,39.225990295410156,0.35834329713143676,4877
36_15.png,SHRM,7167,148.5440216064453,108.64988708496094,39.894134521484375,0.3671806348982983,5324
36_16.png,SHRM,5299,141.305908203125,114.00613403320312,27.299774169921875,0.23945881861033103,4563
36_17.png,SHRM,5332,139.2342529296875,102.9079360961914,36.326316833496094,0.35299820608141147,5127
36_18.png,SHRM,5115,137.4815216064453,109.87252807617188,27.608993530273438,0.25128204487233435,4558
36_19.png,SHRM,6659,134.1019744873047,111.71234893798828,22.389625549316406,0.20042211771721788,4933
36_2.png,SHRM,3307,156.35107421875,123.13709259033203,33.21398162841797,0.26973173500951836,3618
36_20.png,SHRM,6598,139.243408203125,106.52242279052734,32.720985412597656,0.3071746262938681,5218
36_21.png,SHRM,6202,137.3660125732422,113.33633422851562,24.029678344726562,0.21202095963573747,5554
36_22.png,SHRM,5031,142.9898681640625,118.50836944580078,24.48149871826172,0.20658033548810417,4778
36_23.png,SHRM,5997,138.67100524902344,106.9837646484375,31.687240600585938,0.29618737669883194,4682
36_4.png,SHRM,3504,146.84759521484375,122.43142700195312,24.416168212890625,0.1994272942069124,3150
36_5.png,SHRM,4067,145.54881286621094,116.27088928222656,29.277923583984375,0.2518078580522207,4260
36_6.png,SHRM,4299,149.78436279296875,124.93830108642578,24.84606170654297,0.19886665250358865,3971
36_7.png,SHRM,5451,147.03944396972656,112.82685089111328,34.21259307861328,0.3032309490905769,4678
36_8.png,SHRM,5536,148.56268310546875,113.83082580566406,34.73185729980469,0.305118205494706,4723
36_9.png,SHRM,5856,145.35484313964844,107.3516616821289,38.00318145751953,0.3540064574878026,4928
37_1.png,SRF,2246,82.21504974365234,131.964599609375,-49.749549865722656,-0.3769916327028992,3644
37_10.png,SRF,902,72.82594299316406,148.87408447265625,-76.04814147949219,-0.5108218918616422,1358
37_10.png,SRF,1193,57.196144104003906,111.3925552368164,-54.1964111328125,-0.4865353076567187,1182
37_11.png,SRF,957,70.09508514404297,150.6406707763672,-80.54558563232422,-0.5346868492898424,1475
37_11.png,SRF,1327,68.7573471069336,119.37687683105469,-50.619529724121094,-0.42403127865172074,1600
37_12.png,SRF,879,63.47212600708008,146.98355102539062,-83.51142501831055,-0.5681685088958315,1337
37_12.png,SRF,1142,63.41331100463867,120.7671890258789,-57.353878021240234,-0.4749127514175229,1396
37_12.png,SHRM,891,131.29180908203125,99.2426528930664,32.049156188964844,0.32293731832720846,1463
37_13.png,SRF,875,63.58628463745117,145.68875122070312,-82.10246658325195,-0.5635470542188625,1147
37_13.png,SRF,1036,66.36968994140625,113.86894226074219,-47.49925231933594,-0.4171396640408763,1053
37_13.png,SHRM,2007,123.96761322021484,89.23174285888672,34.735870361328125,0.38927705823543407,1657
37_14.png,SRF,792,63.752525329589844,141.6900177001953,-77.93749237060547,-0.5500563387289211,1213
37_14.png,SRF,1106,80.43851470947266,120.68631744384766,-40.247802734375,-0.33349101693405553,848
37_14.png,SHRM,1902,125.91693115234375,95.1637954711914,30.753135681152344,0.32316003716415587,1801
37_15.png,SRF,810,68.55679321289062,135.62713623046875,-67.07034301757812,-0.4945200855941299,1113
37_15.png,SHRM,3495,117.57024383544922,91.5270004272461,26.043243408203125,0.2845416465811599,2463
37_16.png,SRF,873,70.18441772460938,143.9420166015625,-73.75759887695312,-0.5124118767984003,1052
37_16.png,SHRM,2568,123.608642578125,97.33165740966797,26.27698516845703,0.26997367421637,1987
37_17.png,SRF,692,59.778900146484375,134.9912109375,-75.21231079101562,-0.5571645018121839,1024
37_17.png,SHRM,1400,128.47500610351562,98.89543914794922,29.579566955566406,0.29909940448633715,1425
37_18.png,SRF,877,69.33865356445312,145.3527374267578,-76.01408386230469,-0.5229628640506866,893
37_18.png,SHRM,801,134.11610412597656,114.91634368896484,19.19976043701172,0.16707597736470126,1279
37_19.png,SRF,538,72.35501861572266,135.3117218017578,-62.956703186035156,-0.46527161392766564,725
37_2.png,SRF,221,74.84615325927734,135.15451049804688,-60.30835723876953,-0.4462178658820347,1042
37_2.png,SRF,1946,74.553955078125,113.2769546508789,-38.722999572753906,-0.3418435787941043,2430
37_20.png,SRF,434,81.7073745727539,142.1942596435547,-60.48688507080078,-0.42538204581834893,592
37_21.png,SRF,402,84.93781280517578,152.20404052734375,-67.26622772216797,-0.4419477136685045,544
37_22.png,SRF,198,80.57070922851562,153.05682373046875,-72.48611450195312,-0.4735895645502243,440
37_3.png,SRF,1314,115.4642333984375,148.97903442382812,-33.514801025390625,-0.2249632047556765,2098
37_3.png,SRF,2005,71.48678588867188,114.63821411132812,-43.15142822265625,-0.37641399560491046,2355
37_4.png,SRF,506,75.7272720336914,140.5658416748047,-64.83856964111328,-0.4612683200170037,1177
37_4.png,SRF,1583,61.4876823425293,121.4393539428711,-59.9516716003418,-0.4936758114551973,2836
37_5.png,SRF,964,91.18983459472656,142.89389038085938,-51.70405578613281,-0.3618353146402862,1668
37_5.png,SRF,1660,59.590362548828125,121.87797546386719,-62.28761291503906,-0.5110653723773521,2016
37_6.png,SRF,807,69.35563659667969,139.31060791015625,-69.95497131347656,-0.5021510735104372,1613
37_6.png,SRF,1767,58.95812225341797,117.82715606689453,-58.86903381347656,-0.499621952854863,2401
37_7.png,SRF,1247,90.49799346923828,148.80909729003906,-58.31110382080078,-0.39185174080552665,1781
37_7.png,SRF,1778,65.79696655273438,109.40575408935547,-43.608787536621094,-0.39859683706402027,1841
37_8.png,SRF,1061,91.84354400634766,142.10508728027344,-50.26154327392578,-0.35369277930771814,1789
37_8.png,SRF,1346,57.90639114379883,105.30252838134766,-47.39613723754883,-0.45009495940977,1504
37_9.png,SRF,1388,87.03170013427734,146.7961883544922,-59.764488220214844,-0.4071256133428478,1418
37_9.png,SRF,1769,71.91407775878906,116.74690246582031,-44.83282470703125,-0.3840172523648483,1695
39_1.png,SHRM,6272,126.82158660888672,83.33654022216797,43.48504638671875,0.5218004763671662,6858
39_10.png,SRF,1201,43.66694259643555,73.7042236328125,-30.037281036376953,-0.40753812408390405,2583
39_10.png,SHRM,5161,122.72486114501953,89.6530532836914,33.071807861328125,0.36888657608434344,4456
39_11.png,SRF,1715,42.4023323059082,68.7761001586914,-26.373767852783203,-0.38347286036761835,2845
39_11.png,SHRM,3573,128.79904174804688,89.27645111083984,39.52259063720703,0.4426989440713582,3762
39_12.png,SRF,1582,35.817317962646484,67.66752624511719,-31.850208282470703,-0.47068675404354654,2334
39_12.png,SHRM,3800,127.98763275146484,90.1349105834961,37.85272216796875,0.4199562846728964,3595
39_13.png,SRF,1577,37.960052490234375,77.14203643798828,-39.181983947753906,-0.5079200103726961,2253
39_13.png,SHRM,5179,124.93955993652344,90.26775360107422,34.67180633544922,0.3840995809940773,4915
39_14.png,SRF,1997,42.95343017578125,66.39644622802734,-23.443016052246094,-0.3530763675473688,2028
39_14.png,SHRM,6925,101.12476348876953,78.94039916992188,22.184364318847656,0.28102675628856477,5839
39_2.png,SHRM,4156,142.7971649169922,99.21495819091797,43.58220672607422,0.43927052453330256,4545
39_3.png,SRF,644,51.762420654296875,76.8366470336914,-25.07422637939453,-0.3263316053913696,1861
39_3.png,SHRM,4411,141.1915740966797,95.54464721679688,45.64692687988281,0.4777549366664889,4524
39_4.png,SHRM,3878,145.20396423339844,98.76868438720703,46.435279846191406,0.47014172694808026,4656
39_5.png,SHRM,5193,135.88619995117188,96.8790054321289,39.00719451904297,0.40263826352315796,4463
39_6.png,SRF,1422,50.91069030761719,78.02531433105469,-27.1146240234375,-0.34751060288450086,2686
39_6.png,SHRM,4169,136.67066955566406,95.56526184082031,41.10540771484375,0.43012918002894795,4076
39_7.png,SRF,1863,48.069244384765625,68.48033142089844,-20.411087036132812,-0.2980576555723834,1830
39_7.png,SHRM,5535,130.71327209472656,88.5359878540039,42.177284240722656,0.47638576428686963,4446
39_8.png,SRF,1509,44.8548698425293,73.14044952392578,-28.285579681396484,-0.38672963955661327,2079
39_8.png,SHRM,5102,135.39141845703125,82.602294921875,52.78912353515625,0.639075749470206,4013
39_9.png,SRF,1716,52.75058364868164,67.7988052368164,-15.048221588134766,-0.22195408216372542,2182
39_9.png,SHRM,7330,127.580078125,80.20306396484375,47.37701416015625,0.5907132697688895,5742
39_9.png,SHRM,859,108.18975830078125,77.97191619873047,30.21784210205078,0.3875477681609521,1709
3_1.png,SHRM,2784,112.9263687133789,100.29523468017578,12.631134033203125,0.1259395231835454,2730
3_10.png,SHRM,6747,99.96383666992188,86.13379669189453,13.830039978027344,0.1605646158557039,5359
3_11.png,SHRM,5725,103.42323303222656,92.66545104980469,10.757781982421875,0.11609269539561097,4675
3_12.png,SHRM,6785,104.23861694335938,85.28661346435547,18.952003479003906,0.22221545338911447,4923
3_13.png,SHRM,5429,102.73567962646484,90.49325561523438,12.242424011230469,0.13528548539886412,5784
3_14.png,SHRM,6476,102.13249206542969,88.48336029052734,13.649131774902344,0.1542564808805477,5590
3_15.png,SHRM,7745,106.83782958984375,94.65644836425781,12.181381225585938,0.12869045306569538,5609
3_16.png,SHRM,7236,107.90685272216797,91.8193359375,16.08751678466797,0.1752083765408464,5834
3_17.png,SHRM,7270,97.8815689086914,79.01045227050781,18.871116638183594,0.23884329346166272,3827
3_2.png,SHRM,4443,112.84244537353516,98.50682067871094,14.335624694824219,0.14552925976142483,4473
3_3.png,SHRM,4045,107.10729217529297,95.33421325683594,11.773078918457031,0.12349269497551386,4180
3_4.png,SHRM,4415,105.14020538330078,94.31525421142578,10.824951171875,0.1147741291945075,4555
3_5.png,SHRM,5800,107.04154968261719,90.93785858154297,16.10369110107422,0.1770845646935288,4490
3_6.png,SHRM,2522,102.1597900390625,91.03111267089844,11.128677368164062,0.12225136045955162,2539
3_6.png,SHRM,946,105.93340301513672,81.7072982788086,24.226104736328125,0.2964986634812199,1329
3_7.png,SHRM,5688,103.76001739501953,87.75055694580078,16.00946044921875,0.18244283576578332,4919
3_8.png,SHRM,6148,106.69453430175781,88.08924865722656,18.60528564453125,0.2112094940998788,4762
3_9.png,SHRM,7874,102.48564910888672,84.18267822265625,18.30297088623047,0.21741967911522864,5414
40_1.png,SHRM,1365,100.18681335449219,95.00254821777344,5.18426513671875,0.054569748222278294,2352
40_10.png,SHRM,2299,85.06133270263672,83.77688598632812,1.2844467163085938,0.015331755306806314,2985
40_11.png,SHRM,1905,89.1695556640625,82.4774398803711,6.692115783691406,0.08113874282952944,2815
40_12.png,SHRM,1607,94.31114196777344,80.82305145263672,13.488090515136719,0.16688420286928787,2594
40_13.png,SHRM,1268,87.33990478515625,84.46541595458984,2.8744888305664062,0.03403154768232935,2400
40_2.png,SHRM,1516,98.62994384765625,92.32199096679688,6.307952880859375,0.068325572431903,2528
40_3.png,SHRM,1537,98.54521942138672,90.32771301269531,8.217506408691406,0.09097436583539383,2432
40_4.png,SHRM,1752,99.01541137695312,92.60537719726562,6.4100341796875,0.0692188118410555,2752
40_5.png,SHRM,2433,93.00041198730469,88.88985443115234,4.110557556152344,0.046243270196106405,3232
40_6.png,SHRM,2225,88.49348449707031,85.84130859375,2.6521759033203125,0.03089626599091028,3157
40_7.png,SHRM,2489,95.30293273925781,81.90565490722656,13.39727783203125,0.16356963200167518,3201
40_8.png,SHRM,2716,87.43004608154297,81.46085357666016,5.9691925048828125,0.07327682245884398,3155
40_9.png,SHRM,2199,86.82128143310547,83.23128509521484,3.589996337890625,0.04313277553967531,3260
41_1.png,SRF,3413,49.58482360839844,108.05178833007812,-58.46696472167969,-0.5411013147054445,3978
41_10.png,SRF,2331,48.98970413208008,107.89503479003906,-58.905330657958984,-0.5459503374978026,2620
41_10.png,SHRM,10236,83.84339904785156,68.00906372070312,15.834335327148438,0.232826838966292,6401
41_11.png,SRF,2020,48.116336822509766,108.68193054199219,-60.56559371948242,-0.5572738119155997,2380
41_11.png,SHRM,11345,84.27642059326172,68.15973663330078,16.116683959960938,0.23645461024400166,7362
41_12.png,SRF,1729,51.93233108520508,111.71615600585938,-59.7838249206543,-0.5351403687530988,2142
41_12.png,SHRM,5617,74.5558090209961,66.08685302734375,8.468955993652344,0.12814887690518828,3408
41_12.png,SHRM,5213,79.98734283447266,70.26089477539062,9.726448059082031,0.13843330760553862,3787
41_13.png,SRF,1688,50.159358978271484,113.61039733886719,-63.4510383605957,-0.5584967559909105,2097
41_13.png,SHRM,10384,73.66091918945312,73.55799102783203,0.10292816162109375,0.0013992791290636114,7113
41_14.png,SRF,1280,52.846092224121094,112.37633514404297,-59.530242919921875,-0.5297400279482023,1969
41_14.png,SHRM,9433,74.90055847167969,67.65130615234375,7.2492523193359375,0.1071561324035839,6685
41_15.png,SRF,1223,55.552738189697266,111.90367889404297,-56.3509407043457,-0.5035664712837735,1983
41_15.png,SHRM,7202,73.5595703125,67.7946548461914,5.764915466308594,0.08503495562279505,6545
41_16.png,SRF,1304,56.13573455810547,107.48311614990234,-51.347381591796875,-0.47772509237808813,2132
41_16.png,SHRM,6912,75.53761291503906,63.106849670410156,12.430763244628906,0.19697961963798524,5241
41_17.png,SRF,1587,52.21487045288086,107.83306121826172,-55.61819076538086,-0.5157805049492726,2474
41_17.png,SHRM,4429,71.74486541748047,62.355445861816406,9.389419555664062,0.1505789819300083,4417
41_18.png,SRF,1664,54.283653259277344,104.98541259765625,-50.701759338378906,-0.48294099231373405,2674
41_18.png,SHRM,4626,77.08452606201172,66.9053726196289,10.179153442382812,0.15214254167977567,4449
41_19.png,SRF,1484,48.717655181884766,102.09483337402344,-53.37717819213867,-0.5228195828146552,2478
41_19.png,SHRM,3983,76.11674499511719,63.49951171875,12.617233276367188,0.19869811491230094,4090
41_2.png,SRF,3474,49.101036071777344,109.18357849121094,-60.082542419433594,-0.5502891849644781,3519
41_2.png,SHRM,2524,83.62638854980469,80.5716552734375,3.0547332763671875,0.03791324959131451,3112
41_3.png,SRF,3329,48.44337463378906,107.36773681640625,-58.92436218261719,-0.548808831496328,3323
41_3.png,SHRM,3311,85.70643615722656,77.60151672363281,8.10491943359375,0.10444279668473894,3694
41_4.png,SRF,5733,61.19029998779297,101.14337158203125,-39.95307159423828,-0.39501423542950387,4994
41_4.png,SRF,668,87.80389404296875,88.86869049072266,-1.0647964477539062,-0.011981682658698166,1744
41_5.png,SRF,3983,56.82425308227539,106.42643737792969,-49.6021842956543,-0.466070137436928,3412
41_5.png,SRF,708,83.68785095214844,90.2479248046875,-6.5600738525390625,-0.07268947033115969,1444
41_5.png,SHRM,3026,79.51189422607422,66.31083679199219,13.201057434082031,0.19907843231554898,2252
41_5.png,SHRM,953,93.0986328125,81.12157440185547,11.977058410644531,0.14764331805634412,1423
41_6.png,SRF,2831,48.07170486450195,107.39501953125,-59.32331466674805,-0.552384225317693,3010
41_6.png,SHRM,6838,83.55016326904297,69.30145263671875,14.248710632324219,0.2056047902345797,5165
41_7.png,SRF,2750,48.60108947753906,106.90983581542969,-58.308746337890625,-0.5454011400649373,3039
41_7.png,SHRM,8069,85.69178009033203,68.4693603515625,17.22241973876953,0.2515346959623891,5663
41_8.png,SRF,2856,50.09138488769531,107.988037109375,-57.89665222167969,-0.5361394999988696,3010
41_8.png,SHRM,8999,80.04356384277344,69.74029541015625,10.303268432617188,0.14773766546329722,5564
41_9.png,SRF,2328,49.15420913696289,110.7867202758789,-61.632511138916016,-0.5563167768252364,2621
41_9.png,SHRM,10223,86.16022491455078,67.23603820800781,18.92418670654297,0.2814589796025355,5999
42_1.png,SRF,102,50.813724517822266,101.35820770263672,-50.54448318481445,-0.4986718326067993,737
42_10.png,SRF,2209,51.441375732421875,100.14598083496094,-48.70460510253906,-0.48633609353533136,2884
42_11.png,SRF,1780,47.00224685668945,97.49104309082031,-50.48879623413086,-0.5178813830835384,2122
42_11.png,SRF,332,47.70783233642578,106.75555419921875,-59.04772186279297,-0.5531114732691359,990
42_12.png,SRF,1752,47.20661926269531,100.11724853515625,-52.91062927246094,-0.5284866498691415,2226
42_12.png,SRF,374,53.5855598449707,105.05525207519531,-51.46969223022461,-0.4899297390042355,1086
42_13.png,SRF,2078,49.70741271972656,101.14263153076172,-51.435218811035156,-0.5085414333459531,2510
42_13.png,SRF,365,49.169864654541016,98.57771301269531,-49.4078483581543,-0.5012070867559214,1023
42_14.png,SRF,1587,43.49779510498047,99.35783386230469,-55.86003875732422,-0.5622107144036372,1959
42_14.png,SRF,401,55.675811767578125,90.05999755859375,-34.384185791015625,-0.38179199115173196,1100
42_14.png,SRF,45,57.06666564941406,121.58880615234375,-64.52214050292969,-0.5306585576807719,518
42_15.png,SRF,2428,48.47858428955078,101.03621673583984,-52.55763244628906,-0.5201860693547294,2761
42_15.png,SRF,204,58.867645263671875,109.76771545410156,-50.90007019042969,-0.4637071107826155,861
42_16.png,SRF,2839,47.77668380737305,97.57445526123047,-49.79777145385742,-0.5103566432478328,2740
42_16.png,SRF,229,59.16157150268555,117.40650177001953,-58.244930267333984,-0.4960962927029922,861
42_17.png,SRF,2962,47.15327453613281,98.07572937011719,-50.922454833984375,-0.5192156628457356,2773
42_17.png,SRF,153,59.80392074584961,121.56549835205078,-61.76157760620117,-0.5080518604657147,771
42_18.png,SRF,3035,48.92290115356445,105.37956237792969,-56.456661224365234,-0.5357458310738754,3122
42_18.png,SRF,244,63.72950744628906,117.38997650146484,-53.66046905517578,-0.45711286989231303,918
42_19.png,SRF,3071,47.674373626708984,104.43140411376953,-56.75703048706055,-0.543486233558905,3178
42_19.png,SRF,213,67.25821685791016,118.78850555419922,-51.53028869628906,-0.43379861086624677,818
42_2.png,SRF,283,56.568904876708984,104.39739990234375,-47.828495025634766,-0.45813875700328627,1306
42_20.png,SRF,3434,48.12667465209961,103.0867919921875,-54.96011734008789,-0.5331441232961549,3180
42_20.png,SRF,203,58.58127975463867,117.55247497558594,-58.971195220947266,-0.5016584740831257,829
42_21.png,SRF,4141,47.05699157714844,97.57693481445312,-50.51994323730469,-0.5177447245434651,3555
42_21.png,SRF,395,52.367088317871094,102.98744201660156,-50.62035369873047,-0.49151967179231887,1115
42_22.png,SRF,4863,46.27842712402344,98.53047943115234,-52.252052307128906,-0.530313590361039,4741
42_23.png,SRF,4515,46.01616668701172,98.74796295166016,-52.73179626464844,-0.5340038891785758,3928
42_23.png,SRF,259,51.015445709228516,111.12540435791016,-60.10995864868164,-0.5409200443049086,933
42_3.png,SRF,581,54.8450927734375,109.76678466796875,-54.92169189453125,-0.5003489175770496,1698
42_4.png,SRF,745,51.71812057495117,101.14835357666016,-49.430233001708984,-0.4886904359174359,1638
42_4.png,SRF,139,59.28776931762695,104.86144256591797,-45.573673248291016,-0.4346084903385008,664
42_5.png,SRF,919,52.746463775634766,111.7572021484375,-59.010738372802734,-0.5280262680021627,1771
42_5.png,SRF,227,55.22907638549805,100.97608184814453,-45.747005462646484,-0.45304793596016424,669
42_6.png,SRF,1239,49.556095123291016,108.89447784423828,-59.338382720947266,-0.5449163621118086,2028
42_6.png,SRF,518,55.9478759765625,107.04647827148438,-51.098602294921875,-0.4773496813723184,1377
42_7.png,SRF,1387,49.03244400024414,112.22317504882812,-63.190731048583984,-0.5630809413571644,2330
42_7.png,SRF,522,56.806514739990234,103.3683853149414,-46.56187057495117,-0.45044595050108494,1455
42_8.png,SRF,2330,54.07038497924805,106.54402923583984,-52.4736442565918,-0.49250666257833275,3441
42_9.png,SRF,2137,52.500701904296875,105.05186462402344,-52.55116271972656,-0.5002401709651242,3085
42_9.png,SRF,77,70.24674987792969,117.3128662109375,-47.06611633300781,-0.4012016571854901,684
43_1.png,SRF,927,56.6947135925293,118.5348129272461,-61.8400993347168,-0.5217041121301031,2068
43_1.png,SHRM,2163,148.6195068359375,93.52735137939453,55.09215545654297,0.5890486006928727,3400
43_1.png,SHRM,2171,137.04100036621094,90.49479675292969,46.54620361328125,0.5143522642562801,2977
43_10.png,SRF,1150,61.809566497802734,121.52080535888672,-59.711238861083984,-0.491366385243573,2283
43_10.png,SHRM,6323,114.92408752441406,92.03070831298828,22.89337921142578,0.24875804642910526,3289
43_10.png,SHRM,1325,161.33282470703125,101.9733657836914,59.359458923339844,0.582107479410405,1502
43_11.png,SRF,1676,87.01789855957031,120.71556854248047,-33.697669982910156,-0.27914932920232044,2788
43_11.png,SHRM,5728,119.28596496582031,90.90469360351562,28.381271362304688,0.31220908665168284,3599
43_11.png,SHRM,2094,144.64756774902344,101.1174545288086,43.530113220214844,0.4304905955461232,2716
43_12.png,SRF,1378,63.02467346191406,119.7201919555664,-56.695518493652344,-0.47356688598273067,2927
43_12.png,SHRM,10419,117.3588638305664,102.41458892822266,14.94427490234375,0.1459193954566127,5731
43_13.png,SRF,1767,61.746463775634766,121.80677032470703,-60.060306549072266,-0.4930785570372336,2660
43_13.png,SHRM,12362,114.60491943359375,98.5813980102539,16.023521423339844,0.16254102444026167,6204
43_14.png,SRF,1041,51.036502838134766,126.5284423828125,-75.49193954467773,-0.5966400765155747,1459
43_14.png,SRF,648,67.58950805664062,127.10843658447266,-59.51892852783203,-0.4682531712855853,1494
43_14.png,SHRM,7708,119.92760467529297,105.93718719482422,13.99041748046875,0.13206332781650712,4426
43_15.png,SRF,1131,71.68169403076172,100.11783599853516,-28.436141967773438,-0.28402673393968975,611
43_15.png,SRF,2166,55.58171844482422,127.08477020263672,-71.5030517578125,-0.562640603148598,2961
43_15.png,SHRM,4606,121.77398681640625,100.14472198486328,21.62926483154297,0.2159800776601307,2681
43_15.png,SHRM,1087,175.7506866455078,112.71077728271484,63.03990936279297,0.5593068460939509,1912
43_16.png,SRF,1120,71.83036041259766,112.97887420654297,-41.14851379394531,-0.364214231049244,284
43_16.png,SRF,2146,59.800559997558594,127.2544937133789,-67.45393371582031,-0.5300711334229963,3002
43_16.png,SHRM,4354,124.01837158203125,99.92538452148438,24.092987060546875,0.24110977581844364,2533
43_16.png,SHRM,2400,128.55624389648438,100.05203247070312,28.50421142578125,0.2848938769347614,2114
43_17.png,SRF,1319,81.23578643798828,108.65325164794922,-27.417465209960938,-0.2523391135941069,845
43_17.png,SRF,1990,61.80100631713867,130.3981475830078,-68.59714126586914,-0.5260591698375325,2700
43_17.png,SHRM,4152,119.98723602294922,102.31964874267578,17.667587280273438,0.17267052318275394,2484
43_17.png,SHRM,1698,164.52178955078125,102.97900390625,61.54278564453125,0.5976245963746023,2191
43_18.png,SRF,1265,83.13280487060547,104.61943054199219,-21.48662567138672,-0.20537892014966005,628
43_18.png,SRF,2010,58.257713317871094,134.8381805419922,-76.5804672241211,-0.5679434928319276,2750
43_18.png,SHRM,4744,117.94161224365234,96.9312515258789,21.010360717773438,0.21675528157360113,2502
43_18.png,SHRM,1504,168.42819213867188,106.99752807617188,61.4306640625,0.5741316193657046,2021
43_19.png,SRF,2065,61.110897064208984,131.2272491455078,-70.11635208129883,-0.5343124430167105,2649
43_19.png,SRF,1162,69.17383575439453,101.3386001586914,-32.164764404296875,-0.31739894131089624,886
43_19.png,SHRM,4420,123.22103881835938,103.35508728027344,19.865951538085938,0.192210679327418,2605
43_19.png,SHRM,3411,136.4280242919922,99.89327239990234,36.534751892089844,0.36573786216383436,3167
43_2.png,SRF,1436,91.50626373291016,116.39878845214844,-24.89252471923828,-0.2138555310605454,2648
43_2.png,SHRM,2241,149.51092529296875,92.55970001220703,56.95122528076172,0.615291809213414,3886
43_2.png,SHRM,2802,137.08779907226562,83.15790557861328,53.929893493652344,0.648523951131378,3597
43_20.png,SRF,2443,65.24028015136719,129.5107879638672,-64.2705078125,-0.49625601714685824,2872
43_20.png,SHRM,4240,115.82405853271484,95.67222595214844,20.151832580566406,0.21063409343737416,2398
43_20.png,SHRM,1900,157.76736450195312,105.52490997314453,52.242454528808594,0.4950722492168341,2890
43_21.png,SRF,3070,70.05439758300781,134.6105194091797,-64.55612182617188,-0.47957709478810245,2968
43_21.png,SHRM,1385,121.06209564208984,95.93914794921875,25.122947692871094,0.2618633605769445,1479
43_21.png,SHRM,1707,163.30580139160156,104.8123779296875,58.49342346191406,0.5580774391088987,2036
43_21.png,SHRM,1177,125.94222259521484,96.03382110595703,29.908401489257812,0.3114361289056588,1301
43_3.png,SRF,1157,78.62229919433594,123.92493438720703,-45.302635192871094,-0.3655651335777327,1905
43_3.png,SHRM,2604,145.04876708984375,91.02806854248047,54.02069854736328,0.5934510026668665,3990
43_3.png,SHRM,3123,133.24591064453125,81.89775085449219,51.34815979003906,0.6269788761509384,3648
43_4.png,SRF,986,69.88336944580078,119.61888885498047,-49.73551940917969,-0.4157831583728918,2372
43_4.png,SHRM,2490,146.23373413085938,88.3107681274414,57.92296600341797,0.6558992434515941,3752
43_4.png,SHRM,4013,121.55445098876953,82.80767059326172,38.74678039550781,0.4679129375082402,3104
43_5.png,SRF,1133,66.3186264038086,124.18142700195312,-57.86280059814453,-0.4659537419974604,2337
43_5.png,SHRM,2202,146.68528747558594,89.41127014160156,57.274017333984375,0.6405682107331538,3336
43_5.png,SHRM,4009,122.14517211914062,92.5741958618164,29.57097625732422,0.31943000943226346,3356
43_6.png,SRF,1614,86.37732696533203,121.94877624511719,-35.571449279785156,-0.2916917280767664,2655
43_6.png,SHRM,6422,120.63126373291016,84.92666625976562,35.70459747314453,0.4204168024673746,3668
43_6.png,SHRM,2521,143.0579071044922,90.74565887451172,52.31224822998047,0.5764710827910879,3688
43_7.png,SRF,1638,74.21062469482422,125.62838745117188,-51.417762756347656,-0.4092845876600323,2804
43_7.png,SHRM,7280,115.12541198730469,77.5819091796875,37.54350280761719,0.48392084191512563,3913
43_7.png,SHRM,3183,130.64059448242188,88.92257690429688,41.718017578125,0.4691498945540468,3384
43_8.png,SRF,1122,69.27539825439453,123.17191314697266,-53.896514892578125,-0.4375714683287178,2414
43_8.png,SRF,40,76.75,117.10713958740234,-40.357139587402344,-0.3446172430612737,532
43_8.png,SHRM,7335,115.32283782958984,79.88373565673828,35.43910217285156,0.4436335116466506,3836
43_8.png,SHRM,2480,131.63548278808594,90.78726959228516,40.84821319580078,0.44993327125317517,3253
43_9.png,SRF,1329,69.97968292236328,121.60078430175781,-51.62110137939453,-0.4245128982991956,2793
43_9.png,SHRM,5742,117.0902099609375,90.7004623413086,26.389747619628906,0.2909549404535942,3462
43_9.png,SHRM,2731,131.4269561767578,87.0027847290039,44.424171447753906,0.5106063166383262,3592
44_8.png,SHRM,664,144.19578552246094,102.52279663085938,41.67298889160156,0.4064753426659646,1360
44_8.png,SHRM,78,154.05128479003906,95.58231353759766,58.468971252441406,0.6117132876203338,656
44_9.png,SHRM,669,140.51121520996094,101.98252868652344,38.5286865234375,0.3777969326674374,1717
45_1.png,SRF,451,47.862525939941406,105.85946655273438,-57.99694061279297,-0.5478673046581198,1907
45_1.png,SRF,198,42.66666793823242,92.2613754272461,-49.59470748901367,-0.5375457200735342,857
45_10.png,SRF,706,54.26628875732422,108.5548095703125,-54.28852081298828,-0.5001024001412377,1496
45_11.png,SRF,398,49.492462158203125,109.6937255859375,-60.201263427734375,-0.5488122780602508,1195
45_11.png,SRF,104,65.85576629638672,109.88167572021484,-44.025909423828125,-0.40066652729185415,524
45_12.png,SRF,563,51.89698028564453,112.74529266357422,-60.84831237792969,-0.5396971433609891,1539
45_13.png,SRF,591,56.698814392089844,115.04505920410156,-58.34624481201172,-0.5071599355562031,1842
45_14.png,SRF,691,53.4109992980957,113.11629486083984,-59.70529556274414,-0.5278222349502869,1909
45_15.png,SRF,482,45.516597747802734,104.67874908447266,-59.16215133666992,-0.5651782415638901,1214
45_15.png,SRF,116,66.54310607910156,117.79418182373047,-51.251075744628906,-0.43509004393206807,928
45_16.png,SRF,331,39.818729400634766,96.27115631103516,-56.45242691040039,-0.5863898292445199,1040
45_17.png,SRF,218,47.972476959228516,100.27362823486328,-52.301151275634766,-0.5215843108133453,1005
45_17.png,SRF,281,72.18505096435547,115.14271545410156,-42.957664489746094,-0.3730819124799082,995
45_18.png,SRF,703,62.18207550048828,114.49740600585938,-52.315330505371094,-0.45691280117467353,1930
45_19.png,SRF,942,62.598724365234375,117.62999725341797,-55.031272888183594,-0.46783366635320184,2027
45_19.png,SRF,2244,47.72949981689453,86.4782485961914,-38.748748779296875,-0.4480750871844485,3540
45_2.png,SRF,883,61.57191467285156,111.7869873046875,-50.21507263183594,-0.4492032019341333,1967
45_2.png,SRF,409,55.30562210083008,92.14553833007812,-36.83991622924805,-0.3998014108646514,1065
45_20.png,SRF,984,53.206302642822266,115.83859252929688,-62.63228988647461,-0.540685867455047,2156
45_20.png,SRF,3396,45.74440383911133,92.68939971923828,-46.94499588012695,-0.5064764258084111,4369
45_21.png,SRF,931,52.32653045654297,113.7990951538086,-61.472564697265625,-0.5401850042320682,1991
45_21.png,SRF,4153,42.9552116394043,89.54335021972656,-46.588138580322266,-0.5202858555772332,4406
45_22.png,SRF,723,53.72614288330078,111.93737030029297,-58.21122741699219,-0.5200339016436571,1884
45_22.png,SRF,5179,42.49102020263672,87.43892669677734,-44.947906494140625,-0.514049156275808,4593
45_22.png,SHRM,795,133.22264099121094,89.2641372680664,43.95850372314453,0.4924542494723731,1291
45_23.png,SRF,803,56.889163970947266,111.36895751953125,-54.479793548583984,-0.489182935370744,1965
45_23.png,SRF,5935,41.495872497558594,87.36126708984375,-45.865394592285156,-0.5250083488958148,4880
45_3.png,SRF,799,59.797245025634766,106.68759155273438,-46.89034652709961,-0.4395107795073083,2087
45_3.png,SRF,668,50.66916275024414,88.64945220947266,-37.980289459228516,-0.4284323085210235,1181
45_3.png,SHRM,1008,112.8452377319336,88.12833404541016,24.716903686523438,0.28046489195844193,2026
45_4.png,SRF,524,44.87213897705078,107.03573608398438,-62.163597106933594,-0.5807742290682958,1595
45_4.png,SRF,705,48.13333511352539,84.7752685546875,-36.64193344116211,-0.43222432751746276,1108
45_5.png,SRF,643,47.04665756225586,110.2742919921875,-63.22763442993164,-0.5733669497003986,1626
45_6.png,SRF,576,49.3125,110.05950927734375,-60.74700927734375,-0.5519469392168987,1714
45_7.png,SRF,703,51.62731170654297,107.58285522460938,-55.955543518066406,-0.5201158065682819,1738
45_8.png,SRF,562,55.42704772949219,108.13099670410156,-52.703948974609375,-0.4874083341600257,1626
45_9.png,SRF,562,55.42704772949219,108.13099670410156,-52.703948974609375,-0.4874083341600257,1626
47_1.png,SRF,70,67.38571166992188,104.3626937866211,-36.97698211669922,-0.3543122621221524,386
47_1.png,SRF,903,61.12735366821289,118.61152648925781,-57.48417282104492,-0.48464238276413246,1753
47_1.png,SRF,470,58.86808395385742,107.84852600097656,-48.98044204711914,-0.4541595871850453,746
47_1.png,SHRM,980,90.60204315185547,110.53014373779297,-19.9281005859375,-0.18029561811854944,1128
47_1.png,SHRM,186,128.22579956054688,105.7109375,22.514862060546875,0.21298517062670905,384
47_10.png,SRF,1210,52.32975387573242,127.35076141357422,-75.0210075378418,-0.5890895877269986,1645
47_10.png,SRF,2108,54.668880462646484,107.95814514160156,-53.28926467895508,-0.4936104136381657,2031
47_10.png,SRF,108,58.91666793823242,106.99833679199219,-48.081668853759766,-0.44936837613870484,600
47_11.png,SRF,1279,55.8436279296875,128.80245971679688,-72.95883178710938,-0.566439739951604,1792
47_11.png,SRF,2366,56.0684700012207,108.2420425415039,-52.1735725402832,-0.4820083889333294,2450
47_12.png,SRF,1245,57.56947708129883,134.50807189941406,-76.93859481811523,-0.571999834148618,1734
47_12.png,SRF,2437,53.0713996887207,111.2735366821289,-58.2021369934082,-0.5230546159386679,2252
47_13.png,SRF,1206,57.97843933105469,138.5904083251953,-80.61196899414062,-0.5816561908453921,1836
47_13.png,SRF,2301,54.71925354003906,111.1171646118164,-56.397911071777344,-0.5075535473641836,2424
47_14.png,SRF,1068,56.470035552978516,129.36648559570312,-72.89645004272461,-0.5634879057512702,1719
47_14.png,SRF,2276,52.53514862060547,112.11736297607422,-59.58221435546875,-0.5314271828546624,2488
47_15.png,SRF,1098,61.65482711791992,124.68631744384766,-63.031490325927734,-0.5055205063243118,1272
47_15.png,SRF,2472,56.409385681152344,110.8353271484375,-54.425941467285156,-0.4910522923290927,2344
47_15.png,SHRM,536,159.2891845703125,111.83769989013672,47.45148468017578,0.42428881072115704,1146
47_16.png,SRF,163,67.7423324584961,100.7430648803711,-33.000732421875,-0.3275732424962674,541
47_16.png,SRF,1082,59.889095306396484,123.29702758789062,-63.40793228149414,-0.514269755905467,1414
47_16.png,SRF,2283,55.577308654785156,110.56160736083984,-54.98429870605469,-0.4973181922600172,2386
47_16.png,SHRM,680,159.5308837890625,108.19625854492188,51.334625244140625,0.47445841413108625,1177
47_17.png,SRF,1027,52.64849090576172,116.70427703857422,-64.0557861328125,-0.5488726528132313,1285
47_17.png,SRF,2475,53.86585998535156,109.44463348388672,-55.578773498535156,-0.5078254796907689,2312
47_17.png,SHRM,899,169.76084899902344,115.07645416259766,54.68439483642578,0.4752005545735645,1635
47_18.png,SRF,1051,58.00666046142578,128.60702514648438,-70.6003646850586,-0.5489619607066119,1738
47_18.png,SRF,1282,57.99610137939453,106.68778228759766,-48.691680908203125,-0.4563941612071871,1326
47_18.png,SHRM,4828,83.9413833618164,103.6667709350586,-19.725387573242188,-0.1902768591644379,3265
47_18.png,SHRM,60,147.64999389648438,129.61651611328125,18.033477783203125,0.139129474575928,339
47_19.png,SRF,1453,54.608394622802734,129.84808349609375,-75.23968887329102,-0.579443969040594,2225
47_19.png,SRF,1185,51.66666793823242,121.38497924804688,-69.71831130981445,-0.5743569899810008,1052
47_19.png,SRF,1156,56.70847702026367,111.9904556274414,-55.281978607177734,-0.4936311607757385,1676
47_19.png,SHRM,2138,89.00514221191406,105.25868225097656,-16.2535400390625,-0.1544151958914696,1871
47_2.png,SRF,1820,61.72197723388672,102.5216064453125,-40.79962921142578,-0.39796127495514116,3217
47_2.png,SRF,80,63.3125,108.0734634399414,-44.760963439941406,-0.4141716385800477,422
47_2.png,SHRM,179,149.0726318359375,108.42886352539062,40.643768310546875,0.3748427032164677,492
47_20.png,SRF,3805,49.17056655883789,108.95728302001953,-59.78671646118164,-0.5487170274812798,3886
47_20.png,SRF,1065,61.70798110961914,126.42335510253906,-64.71537399291992,-0.5118941349122619,1670
47_3.png,SRF,1342,57.86512756347656,109.68842315673828,-51.82329559326172,-0.4724591173966398,2375
47_3.png,SRF,996,62.071285247802734,111.62844848632812,-49.55716323852539,-0.4439474337457533,1413
47_3.png,SHRM,385,117.69610595703125,105.56304168701172,12.133064270019531,0.11493666794855496,579
47_4.png,SRF,1862,57.971534729003906,121.05352020263672,-63.08198547363281,-0.5211082285590468,2784
47_4.png,SRF,2159,84.15979766845703,105.50898742675781,-21.34918975830078,-0.2023447507078101,2169
47_4.png,SHRM,329,115.71124267578125,104.71614074707031,10.995101928710938,0.10499911331977303,539
47_5.png,SRF,208,62.831729888916016,113.94393920898438,-51.11220932006836,-0.4485733043362978,553
47_5.png,SRF,1148,52.66289138793945,108.27233123779297,-55.609439849853516,-0.5136071165561343,1153
47_5.png,SRF,1743,50.790592193603516,114.6693344116211,-63.87874221801758,-0.5570690938931955,2371
47_5.png,SHRM,900,108.1522216796875,117.05389404296875,-8.90167236328125,-0.07604763973092239,1206
47_5.png,SHRM,173,94.4393081665039,106.99327087402344,-12.553962707519531,-0.11733413330545696,446
47_6.png,SRF,3457,54.00318145751953,111.14807891845703,-57.1448974609375,-0.5141330198145974,4511
47_7.png,SRF,3695,51.946685791015625,110.39025115966797,-58.443565368652344,-0.5294268719809309,4574
47_8.png,SRF,3631,53.7645263671875,111.17326354980469,-57.40873718261719,-0.51638978068588,4623
47_9.png,SRF,1304,49.476226806640625,125.35332489013672,-75.8770980834961,-0.6053058277472654,1851
47_9.png,SRF,2280,56.108333587646484,106.07742309570312,-49.96908950805664,-0.471062437696799,2170
47_9.png,SHRM,605,84.6661148071289,93.3471450805664,-8.6810302734375,-0.09299727662742169,1086
48_10.png,SHRM,2037,124.53460693359375,96.02877807617188,28.505828857421875,0.2968467310373407,2988
48_11.png,SHRM,1667,129.97421264648438,99.68476104736328,30.289451599121094,0.3038523770421604,2782
48_12.png,SHRM,922,114.38611602783203,103.75342559814453,10.6326904296875,0.10248037949965913,876
48_13.png,SHRM,1438,128.27955627441406,97.83573150634766,30.443824768066406,0.3111728639356183,2155
48_14.png,SHRM,1800,129.85166931152344,103.32025909423828,26.531410217285156,0.2567880728317366,2345
48_15.png,SHRM,1751,136.26785278320312,100.20240783691406,36.06544494628906,0.3599259311711144,3409
48_16.png,SRF,24,50.125,112.28229522705078,-62.15729522705078,-0.5535805542749183,418
48_16.png,SRF,190,55.921051025390625,104.08514404296875,-48.164093017578125,-0.4627374392420005,1104
48_17.png,SRF,105,64.97142791748047,107.15645599365234,-42.185028076171875,-0.3936769622044126,767
48_17.png,SRF,302,60.940399169921875,97.56068420410156,-36.62028503417969,-0.3753590427632541,931
48_18.png,SRF,367,61.54768371582031,106.134521484375,-44.58683776855469,-0.4200974117089576,1063
48_18.png,SRF,154,52.727272033691406,99.12467193603516,-46.39739990234375,-0.46807115722192605,754
48_19.png,SRF,245,62.79591751098633,108.17308044433594,-45.37716293334961,-0.41948664812868985,884
48_20.png,SRF,192,61.55729293823242,102.06690216064453,-40.50960922241211,-0.39689270826162104,837
48_3.png,SHRM,2238,125.63896179199219,86.29071044921875,39.34825134277344,0.4559963771063109,3003
48_4.png,SHRM,2169,126.47533416748047,93.68131256103516,32.79402160644531,0.3500593737420084,3072
48_5.png,SHRM,547,139.14259338378906,100.765625,38.37696838378906,0.3808537721449062,1088
48_6.png,SRF,89,79.84269714355469,117.10968780517578,-37.266990661621094,-0.3182229528578253,547
48_6.png,SHRM,613,139.00326538085938,98.76476287841797,40.238502502441406,0.4074175984402055,1050
48_7.png,SHRM,2119,118.51722717285156,85.19329071044922,33.323936462402344,0.3911568174501218,2235
48_8.png,SHRM,675,138.08740234375,98.92461395263672,39.16278839111328,0.3958851778776079,1300
48_9.png,SHRM,1697,122.8403091430664,96.39673614501953,26.443572998046875,0.2743202109899767,2392
49_1.png,SHRM,1684,145.73455810546875,92.05532836914062,53.679229736328125,0.5831192032803918,2946
49_10.png,SHRM,360,164.60833740234375,102.82605743408203,61.78227996826172,0.6008426415441246,1305
49_11.png,SHRM,161,174.0496826171875,108.9964599609375,65.05322265625,0.5968379402373617,848
49_2.png,SHRM,1114,144.31687927246094,95.93115997314453,48.385719299316406,0.5043795917078638,2208
49_3.png,SHRM,488,176.34426879882812,111.45366668701172,64.8906021118164,0.5822204333038641,1554
49_3.png,SHRM,223,152.6278076171875,99.98463439941406,52.64317321777344,0.5265126340061103,976
49_4.png,SHRM,785,160.11337280273438,102.82988739013672,57.283485412597656,0.5570703894215506,2610
49_5.png,SHRM,600,167.05332946777344,110.8287582397461,56.224571228027344,0.5073103057457495,2476
49_6.png,SHRM,427,150.83840942382812,104.28794860839844,46.55046081542969,0.44636471842232517,1344
49_9.png,SHRM,310,163.3258056640625,102.76836395263672,60.55744171142578,0.5892615137800106,1511
4_1.png,SHRM,1089,107.83930206298828,91.88015747070312,15.959144592285156,0.17369522464492818,1794
4_10.png,SHRM,1586,130.9785614013672,84.45582580566406,46.522735595703125,0.5508528885000028,2060
4_11.png,SHRM,190,117.41053009033203,107.32327270507812,10.087257385253906,0.09398946874247356,928
4_11.png,SHRM,1084,132.15037536621094,88.8629379272461,43.287437438964844,0.48712588677188634,1824
4_11.png,SHRM,171,138.73684692382812,112.7828369140625,25.954010009765625,0.2301237557053285,944
4_2.png,SHRM,1183,128.93829345703125,93.28950500488281,35.64878845214844,0.38213074933008345,1696
4_3.png,SHRM,1596,131.51315307617188,95.80662536621094,35.70652770996094,0.37269372106027554,1872
4_4.png,SHRM,1094,126.346435546875,93.88435363769531,32.46208190917969,0.3457666869013401,2032
4_5.png,SHRM,2128,126.66728973388672,87.36528015136719,39.30200958251953,0.4498584507990557,2212
4_6.png,SHRM,2244,128.01426696777344,87.43614959716797,40.57811737060547,0.46408856700066514,2318
4_6.png,SHRM,124,163.81451416015625,113.65306091308594,50.16145324707031,0.4413559374826724,784
4_7.png,SHRM,2706,127.34220123291016,84.3692398071289,42.97296142578125,0.5093439448313032,2432
4_7.png,SHRM,116,156.12930297851562,127.9021224975586,28.22718048095703,0.220693604842217,848
4_8.png,SHRM,1888,133.99575805664062,97.38700103759766,36.60875701904297,0.37591009712794865,2416
4_8.png,SHRM,215,146.70233154296875,118.89173889160156,27.810592651367188,0.23391526535517523,896
4_9.png,SHRM,945,143.319580078125,104.96244812011719,38.35713195800781,0.3654367123193676,1811
4_9.png,SHRM,256,121.671875,107.05711364746094,14.614761352539062,0.13651368745719664,928
50_1.png,SRF,3975,45.50993728637695,103.88663482666016,-58.3766975402832,-0.5619269277293227,3652
50_10.png,SRF,1736,57.32661437988281,93.07379150390625,-35.74717712402344,-0.3840735028240807,2114
50_11.png,SRF,580,48.91379165649414,94.5372085571289,-45.623416900634766,-0.48259746185613783,1411
50_12.png,SRF,340,52.38823699951172,96.7750244140625,-44.38678741455078,-0.4586595320775851,1209
50_18.png,SHRM,2064,98.5905990600586,86.14044952392578,12.450149536132812,0.14453313866994325,1901
50_19.png,SHRM,2074,98.52603912353516,82.49872589111328,16.027313232421875,0.19427346373295115,2352
50_2.png,SRF,3645,44.69464874267578,107.47832489013672,-62.78367614746094,-0.5841519786583741,3322
50_20.png,SHRM,1156,96.54238891601562,85.04503631591797,11.497352600097656,0.13519134211887784,1643
50_21.png,SHRM,3296,94.84192657470703,82.98920440673828,11.85272216796875,0.14282245808596247,3335
50_22.png,SHRM,2099,86.80276489257812,82.11502838134766,4.687736511230469,0.057087437021397694,2895
50_3.png,SRF,3508,44.164764404296875,108.83683013916016,-64.67206573486328,-0.5942112210744539,3101
50_4.png,SRF,3242,43.1539192199707,106.09437561035156,-62.94045639038086,-0.5932496989429457,2808
50_5.png,SRF,3324,45.523765563964844,110.61324310302734,-65.0894775390625,-0.5884419958506857,2839
50_6.png,SRF,2886,42.7383918762207,106.24366760253906,-63.50527572631836,-0.5977323369887193,2844
50_6.png,SHRM,1920,87.4765625,96.28993225097656,-8.813369750976562,-0.09152950412307698,1321
50_7.png,SRF,2509,45.45954513549805,108.0953598022461,-62.63581466674805,-0.5794496154260134,2695
50_8.png,SRF,2087,46.17057800292969,102.30638122558594,-56.13580322265625,-0.5487028526488158,2585
50_8.png,SRF,53,49.73584747314453,78.76886749267578,-29.03302001953125,-0.36858496184715167,424
50_9.png,SRF,1757,47.177005767822266,102.08495330810547,-54.9079475402832,-0.5378652363641092,2472
50_9.png,SRF,183,46.721309661865234,83.49393463134766,-36.77262496948242,-0.440422710126733,577
51_15.png,SHRM,200,165.94000244140625,111.69137573242188,54.248626708984375,0.48570112377295244,661
52_1.png,SRF,798,49.75438690185547,112.96295928955078,-63.20857238769531,-0.5595513147427096,1944
52_10.png,SRF,1891,53.417240142822266,109.7425308227539,-56.32529067993164,-0.5132494235156932,2777
52_11.png,SRF,1842,51.48914337158203,107.12267303466797,-55.63352966308594,-0.5193441135013624,2633
52_12.png,SRF,1776,47.86936950683594,111.02808380126953,-63.158714294433594,-0.5688535020336126,2635
52_12.png,SHRM,853,113.23212432861328,105.00791931152344,8.224205017089844,0.0783198550262802,1389
52_13.png,SRF,2248,42.54804229736328,110.34581756591797,-67.79777526855469,-0.6144118260581458,2750
52_14.png,SRF,2295,45.849239349365234,114.72691345214844,-68.8776741027832,-0.6003619554492021,3021
52_15.png,SRF,2407,40.96967315673828,109.53631591796875,-68.56664276123047,-0.6259717810171717,2905
52_2.png,SRF,861,45.703834533691406,109.35865783691406,-63.654823303222656,-0.5820739259451294,1882
52_3.png,SRF,822,48.00729751586914,111.73866271972656,-63.73136520385742,-0.5703609086830977,1588
52_4.png,SRF,56,77.23213958740234,115.82483673095703,-38.59269714355469,-0.3331988046156239,451
52_4.png,SRF,879,49.9533576965332,108.14228820800781,-58.18893051147461,-0.5380774854657254,1511
52_5.png,SRF,712,53.94382095336914,106.91157531738281,-52.96775436401367,-0.49543516879974003,1538
52_5.png,SRF,99,75.46464538574219,110.21858215332031,-34.753936767578125,-0.31531830739061245,549
52_5.png,SRF,106,58.377357482910156,109.64753723144531,-51.270179748535156,-0.4675908008796719,488
52_6.png,SRF,998,55.98897933959961,103.64115142822266,-47.65217208862305,-0.45978041957228605,1881
52_6.png,SRF,136,65.19853210449219,107.09756469726562,-41.89903259277344,-0.3912230190407232,861
52_7.png,SRF,1548,49.7099494934082,107.5693588256836,-57.85940933227539,-0.537880024236611,2696
52_8.png,SRF,1853,54.68483352661133,106.75524139404297,-52.07040786743164,-0.48775504778482204,3195
52_9.png,SRF,1681,51.24687576293945,106.84149169921875,-55.5946159362793,-0.5203466841589017,2492
53_1.png,SHRM,1489,110.3290786743164,96.7295913696289,13.5994873046875,0.14059283319744756,2315
53_10.png,SHRM,2774,116.6229248046875,101.81999206542969,14.802932739257812,0.14538336174437555,3561
53_11.png,SHRM,2860,114.3685302734375,101.96078491210938,12.407745361328125,0.12169134802192484,4029
53_12.png,SHRM,3515,110.63072204589844,92.70935821533203,17.921363830566406,0.1933069560134504,3248
53_13.png,SHRM,3349,114.45625305175781,99.1561508178711,15.300102233886719,0.15430310785247983,3567
53_2.png,SHRM,3497,109.87532043457031,106.3871841430664,3.4881362915039062,0.032787185031734285,4042
53_3.png,SHRM,3487,105.51563262939453,107.22533416748047,-1.7097015380859375,-0.015944940170720023,3932
53_4.png,SHRM,3320,106.3873519897461,105.34452056884766,1.0428314208984375,0.009899246921123891,3605
53_5.png,SHRM,2927,109.2244644165039,103.88562774658203,5.338836669921875,0.05139148490246794,2929
53_5.png,SHRM,335,122.49253845214844,108.4581527709961,14.034385681152344,0.12939908455554502,1613
53_6.png,SHRM,2927,107.8875961303711,98.95391845703125,8.933677673339844,0.09028119161566213,3472
53_6.png,SHRM,234,115.9059829711914,106.515625,9.390357971191406,0.08815944112604518,896
53_7.png,SHRM,3936,108.85238647460938,98.24514770507812,10.60723876953125,0.10796704994910379,4483
53_8.png,SHRM,3104,113.95135498046875,99.10820007324219,14.843154907226562,0.14976717260789005,3780
53_9.png,SHRM,3396,114.7641372680664,95.39989471435547,19.364242553710938,0.20297970570817694,3746
54_1.png,SRF,1644,77.45437622070312,120.75335693359375,-43.298980712890625,-0.35857372260633846,2976
54_1.png,SRF,1055,69.24739074707031,97.8868179321289,-28.639427185058594,-0.2925769556112868,2571
54_1.png,SHRM,567,129.38624572753906,116.16918182373047,13.217063903808594,0.11377427039008961,1194
54_10.png,SRF,1947,51.56086349487305,111.491943359375,-59.93107986450195,-0.5375373148831435,2482
54_10.png,SHRM,7094,101.14970397949219,95.1114273071289,6.038276672363281,0.06348634273844708,5977
54_11.png,SRF,2070,50.332366943359375,106.90283966064453,-56.570472717285156,-0.5291765204447711,2429
54_11.png,SHRM,7958,100.55541229248047,92.83729553222656,7.718116760253906,0.08313595000809476,6017
54_12.png,SRF,2133,48.9526481628418,102.95416259765625,-54.00151443481445,-0.5245199715319115,2378
54_12.png,SHRM,8649,98.68354797363281,89.84078979492188,8.842758178710938,0.09842698621523875,6394
54_13.png,SRF,2343,50.3990592956543,110.04071044921875,-59.64165115356445,-0.5419962385747018,2997
54_13.png,SHRM,9359,96.39694213867188,92.13965606689453,4.257286071777344,0.046204709823167794,7282
54_14.png,SRF,2435,48.306365966796875,107.16143035888672,-58.855064392089844,-0.5492187272508638,2515
54_14.png,SHRM,9550,95.6341323852539,91.18760681152344,4.446525573730469,0.04876238920186859,6375
54_15.png,SRF,2552,48.59169387817383,109.81071472167969,-61.21902084350586,-0.5574958782361839,2837
54_15.png,SHRM,8612,98.10392761230469,87.80763244628906,10.296295166015625,0.11725968323213534,6815
54_16.png,SRF,3025,48.8492546081543,109.27925109863281,-60.429996490478516,-0.5529869200506861,2940
54_16.png,SHRM,1054,142.1774139404297,117.165283203125,25.012130737304688,0.21347732070038278,1688
54_16.png,SHRM,7292,86.24917602539062,79.53233337402344,6.7168426513671875,0.08445423850170877,4283
54_17.png,SRF,3048,49.06332015991211,111.10881805419922,-62.04549789428711,-0.558421005468901,3005
54_17.png,SHRM,1463,143.62063598632812,108.41253662109375,35.208099365234375,0.3247604056003977,2218
54_17.png,SHRM,7520,86.02819061279297,78.24635314941406,7.781837463378906,0.09945303710856944,5009
54_18.png,SRF,3120,48.24006271362305,111.75244903564453,-63.512386322021484,-0.5683310466132477,2957
54_18.png,SHRM,1587,137.65280151367188,104.21418762207031,33.43861389160156,0.32086431468300375,2241
54_18.png,SHRM,7441,86.1278076171875,77.22810363769531,8.899703979492188,0.1152391883302468,4796
54_19.png,SRF,3759,49.94306945800781,113.0099868774414,-63.066917419433594,-0.5580649919712782,3203
54_19.png,SHRM,9820,93.0600814819336,90.77764892578125,2.2824325561523438,0.02514311158265879,5869
54_2.png,SRF,1296,84.16898345947266,121.34699249267578,-37.178009033203125,-0.30637767174532243,2758
54_2.png,SRF,645,55.559688568115234,97.79178619384766,-42.23209762573242,-0.43185730897703306,2483
54_2.png,SHRM,888,127.87274932861328,112.77275848388672,15.099990844726562,0.13389750368555622,1549
54_20.png,SRF,3780,49.94100570678711,115.18965148925781,-65.2486457824707,-0.5664453788937417,3480
54_20.png,SHRM,1316,134.91793823242188,108.2900619506836,26.62787628173828,0.2458939980463294,1841
54_20.png,SHRM,6389,85.5628433227539,77.26852416992188,8.294319152832031,0.1073440866372952,3657
54_3.png,SRF,852,65.12089538574219,121.98526763916016,-56.86437225341797,-0.466157703745228,2240
54_3.png,SRF,496,51.26411437988281,94.18902587890625,-42.92491149902344,-0.455731557880317,1968
54_3.png,SHRM,1655,120.60604095458984,110.06580352783203,10.540237426757812,0.09576305345458666,2234
54_4.png,SRF,834,57.06354904174805,111.81546783447266,-54.75191879272461,-0.4896631910870977,1642
54_4.png,SRF,544,56.661766052246094,87.1803970336914,-30.518630981445312,-0.3500629960385613,1918
54_4.png,SHRM,1544,130.13018798828125,121.37272644042969,8.757461547851562,0.07215345493742176,2090
54_5.png,SRF,1054,56.46015167236328,119.29920196533203,-62.83905029296875,-0.5267348754875123,1885
54_5.png,SHRM,3314,121.34369659423828,109.8229751586914,11.520721435546875,0.10490265282742273,3395
54_6.png,SRF,1103,56.20217514038086,122.0228500366211,-65.82067489624023,-0.5394126991500883,2101
54_6.png,SHRM,2906,125.81039428710938,112.70142364501953,13.108970642089844,0.11631592767966913,2877
54_7.png,SRF,1265,54.853755950927734,118.11905670166016,-63.26530075073242,-0.5356062139111482,2167
54_7.png,SHRM,4522,120.89208221435547,99.72051239013672,21.17156982421875,0.212309075803674,5918
54_8.png,SRF,1485,54.885520935058594,108.73178100585938,-53.84626007080078,-0.4952209884973658,1976
54_8.png,SRF,724,58.56768035888672,85.70030212402344,-27.13262176513672,-0.31659890446910016,991
54_8.png,SHRM,4881,110.86129760742188,105.17225646972656,5.6890411376953125,0.05409260320788954,5097
54_9.png,SRF,1794,53.68896484375,112.2918701171875,-58.6029052734375,-0.5218802145897086,2436
54_9.png,SHRM,5947,110.72137451171875,95.62162017822266,15.099754333496094,0.15791150898042394,5809
55_1.png,SRF,2713,44.496498107910156,104.09432983398438,-59.59783172607422,-0.5725367733393766,4336
55_10.png,SRF,2100,44.9952392578125,102.15303039550781,-57.15779113769531,-0.5595310380553217,2359
55_10.png,SRF,1008,54.556549072265625,110.3279037475586,-55.77135467529297,-0.5055054322694599,2394
55_10.png,SHRM,4283,95.79033660888672,84.9762191772461,10.814117431640625,0.1272605151928941,2691
55_11.png,SRF,1706,68.97889709472656,111.34175109863281,-42.36285400390625,-0.38047590940418063,2060
55_11.png,SRF,2807,47.12753677368164,95.15029907226562,-48.022762298583984,-0.5047042706834922,2495
55_11.png,SHRM,5475,100.77022552490234,77.54175567626953,23.228469848632812,0.2995607933564178,3149
55_12.png,SRF,2323,53.87989807128906,104.18281555175781,-50.30291748046875,-0.4828331545280456,2467
55_12.png,SRF,1494,68.50870513916016,117.6220474243164,-49.11334228515625,-0.41755217972003167,2413
55_12.png,SHRM,1522,114.59132385253906,86.9871826171875,27.604141235351562,0.3173357315965922,2340
55_13.png,SRF,1988,44.728370666503906,102.8347396850586,-58.10636901855469,-0.565046104035573,2493
55_13.png,SRF,1083,58.66389846801758,116.50662994384766,-57.84273147583008,-0.4964758787007088,2337
55_14.png,SRF,2027,47.60384750366211,104.45601654052734,-56.852169036865234,-0.5442689748254708,2592
55_14.png,SRF,1669,66.57819366455078,115.01966857910156,-48.44147491455078,-0.4211581854910016,2695
55_14.png,SHRM,1077,102.532958984375,75.43785858154297,27.09510040283203,0.35917112325695394,1553
55_15.png,SRF,7139,63.869590759277344,109.27576446533203,-45.40617370605469,-0.4155191586004406,6792
55_16.png,SRF,8236,60.86219024658203,107.33183288574219,-46.469642639160156,-0.4329530335015188,6883
55_17.png,SRF,8794,55.38139724731445,103.54598236083984,-48.16458511352539,-0.46515165548075194,6579
55_17.png,SHRM,1064,104.7725601196289,73.96113586425781,30.811424255371094,0.41658938705213844,1621
55_2.png,SRF,3129,46.18824005126953,106.0830078125,-59.89476776123047,-0.564602842588075,4566
55_3.png,SRF,3568,51.487388610839844,101.6095962524414,-50.12220764160156,-0.4932822242209949,4982
55_4.png,SRF,4092,55.18132781982422,103.4316177368164,-48.25028991699219,-0.46649458814195394,5864
55_5.png,SRF,4862,63.218017578125,104.76937103271484,-41.551353454589844,-0.39659829055970175,6452
55_6.png,SRF,3876,60.32094955444336,103.63957214355469,-43.31862258911133,-0.41797376902626765,6004
55_7.png,SRF,878,65.32232666015625,109.99812316894531,-44.67579650878906,-0.40615053440659016,2134
55_7.png,SRF,2100,46.04428482055664,114.14134979248047,-68.09706497192383,-0.5966029409651331,2469
55_7.png,SHRM,4423,99.98688507080078,85.26395416259766,14.722930908203125,0.17267473755822557,2902
55_8.png,SRF,1086,70.74861907958984,107.68347930908203,-36.93486022949219,-0.3429946772380812,2379
55_8.png,SRF,2422,50.116432189941406,114.2525863647461,-64.13615417480469,-0.56135406834514,2708
55_8.png,SHRM,3730,102.79195404052734,84.42324829101562,18.36870574951172,0.21757876084313765,2443
55_9.png,SRF,916,59.07423400878906,112.07418823242188,-52.99995422363281,-0.4729006300158995,2332
55_9.png,SRF,2480,49.86008071899414,109.09846496582031,-59.23838424682617,-0.5429809142171257,2864
55_9.png,SHRM,3833,98.44847106933594,84.2989730834961,14.149497985839844,0.16784899588071028,2736
56_1.png,SRF,1734,48.34890365600586,98.01704406738281,-49.66814041137695,-0.5067296293615229,3168
56_10.png,SRF,834,48.12590026855469,107.38835144042969,-59.262451171875,-0.5518517639666811,1648
56_11.png,SRF,937,51.3863410949707,108.80369567871094,-57.417354583740234,-0.5277151132190337,1676
56_12.png,SRF,547,47.89396667480469,109.03939056396484,-61.145423889160156,-0.5607645418129051,1320
56_13.png,SRF,498,45.13453674316406,109.07601165771484,-63.94147491455078,-0.5862102394722851,1184
56_14.png,SRF,451,48.39024353027344,108.33305358886719,-59.94281005859375,-0.5533196755081013,1177
56_15.png,SRF,389,53.70180130004883,110.97042846679688,-57.26862716674805,-0.5160710646790304,1082
56_15.png,SHRM,1221,101.52416229248047,102.85832214355469,-1.3341598510742188,-0.012970849837626093,2054
56_16.png,SRF,431,52.02320098876953,101.17695617675781,-49.15375518798828,-0.4858196672977181,1085
56_16.png,SHRM,1140,116.9631576538086,100.04586791992188,16.91728973388672,0.16909533682518058,1962
56_17.png,SRF,290,57.15861892700195,105.15496826171875,-47.9963493347168,-0.4564344426908993,1026
56_17.png,SRF,386,56.22797775268555,99.96308898925781,-43.735111236572266,-0.4375126026894998,1192
56_17.png,SHRM,1072,127.99440002441406,101.7809066772461,26.21349334716797,0.2575482396741922,1739
56_18.png,SRF,878,52.867881774902344,100.79949951171875,-47.931617736816406,-0.4755144417283934,2000
56_18.png,SHRM,1421,112.68894958496094,103.2212142944336,9.467735290527344,0.09172276605389547,1867
56_19.png,SRF,1169,52.885372161865234,102.60025787353516,-49.71488571166992,-0.48454932513862076,2344
56_19.png,SHRM,448,135.11830139160156,100.40473937988281,34.71356201171875,0.34573628920423244,1097
56_2.png,SRF,981,46.204891204833984,103.87144470214844,-57.66655349731445,-0.5551723446484585,2038
56_2.png,SRF,248,59.475807189941406,102.0796127319336,-42.60380554199219,-0.41735861257499096,716
56_20.png,SRF,1666,46.8979606628418,103.298583984375,-56.4006233215332,-0.5459960935191948,2830
56_20.png,SHRM,255,127.50980377197266,95.96107482910156,31.548728942871094,0.32876589803789374,745
56_21.png,SRF,2893,48.8461799621582,103.28712463378906,-54.44094467163086,-0.527083553392106,4667
56_22.png,SRF,3882,46.978878021240234,107.0428237915039,-60.06394577026367,-0.5611207145212757,4904
56_3.png,SRF,644,42.26863479614258,100.70005798339844,-58.43142318725586,-0.5802521305090902,1647
56_4.png,SRF,1043,47.23873519897461,101.57734680175781,-54.3386116027832,-0.5349481288267205,2172
56_5.png,SRF,878,47.02277755737305,103.95421600341797,-56.93143844604492,-0.5476587735909917,1660
56_6.png,SRF,870,45.0356330871582,98.1482925415039,-53.1126594543457,-0.5411470549208586,1578
56_7.png,SRF,941,46.2274169921875,102.22296142578125,-55.99554443359375,-0.5477785387214514,1803
56_8.png,SRF,900,44.99777603149414,100.46372985839844,-55.4659538269043,-0.5520992890178616,1792
56_9.png,SRF,888,44.72072219848633,106.79092407226562,-62.0702018737793,-0.5812310588470634,1741
57_10.png,SHRM,1421,101.06474304199219,81.84628295898438,19.218460083007812,0.23481164187552364,1776
57_11.png,SHRM,1418,103.55994415283203,86.91532897949219,16.644615173339844,0.1915037930451505,2374
57_12.png,SHRM,616,107.8912353515625,86.54639434814453,21.34484100341797,0.2466288880569128,1552
57_4.png,SHRM,458,121.48690032958984,100.28154754638672,21.205352783203125,0.21145817253562302,1165
58_1.png,SHRM,2554,134.5509033203125,107.4487075805664,27.102195739746094,0.25223379927045214,2710
58_1.png,SHRM,1036,151.33494567871094,112.37771606445312,38.95722961425781,0.3466632974807415,1840
58_10.png,SHRM,4588,145.0900115966797,111.41388702392578,33.676124572753906,0.30226146373945345,5272
58_11.png,SHRM,4609,148.2226104736328,112.97529602050781,35.247314453125,0.3119913440786802,5384
58_12.png,SHRM,3031,145.17453002929688,110.97410583496094,34.20042419433594,0.3081838230370453,3321
58_12.png,SHRM,1069,148.0140380859375,123.0020523071289,25.011985778808594,0.2033460849608845,1950
58_13.png,SHRM,3902,141.7962646484375,113.51294708251953,28.28331756591797,0.24916380283349607,4790
58_14.png,SHRM,4353,139.48977661132812,107.47953796386719,32.01023864746094,0.2978263514514013,4667
58_15.png,SHRM,2998,143.7008056640625,119.51443481445312,24.186370849609375,0.2023719635804567,4918
58_16.png,SHRM,4766,143.87368774414062,111.85169982910156,32.02198791503906,0.2862896850380059,5037
58_16.png,SHRM,923,155.0140838623047,127.29246520996094,27.72161865234375,0.21777894399812808,1990
58_17.png,SHRM,456,164.50877380371094,125.622314453125,38.88645935058594,0.30955057244305206,1488
58_17.png,SHRM,5174,149.27734375,111.90459442138672,37.37274932861328,0.3339697491586705,5199
58_18.png,SHRM,392,162.2397918701172,134.15403747558594,28.08575439453125,0.2093545220332444,1584
58_18.png,SHRM,4154,149.73374938964844,109.36904907226562,40.36470031738281,0.36906876908760383,3593
58_18.png,SHRM,1621,142.93214416503906,113.75143432617188,29.180709838867188,0.2565304781581405,2611
58_19.png,SHRM,5683,150.7786407470703,115.69879150390625,35.07984924316406,0.30319978961906174,6361
58_2.png,SHRM,3183,139.13351440429688,106.66712951660156,32.46638488769531,0.30437103758981604,3578
58_2.png,SHRM,1282,145.06396484375,108.4657211303711,36.598243713378906,0.3374176037551016,1911
58_2.png,SHRM,175,170.18856811523438,119.26667022705078,50.921897888183594,0.42695832617144736,720
58_20.png,SHRM,5166,152.87127685546875,118.48837280273438,34.382904052734375,0.29017956141550555,5461
58_21.png,SHRM,5043,150.20364379882812,116.30695343017578,33.896690368652344,0.2914416496086971,5193
58_22.png,SRF,27,95.85185241699219,135.06539916992188,-39.21354675292969,-0.29033006968421465,474
58_22.png,SHRM,5319,151.47621154785156,113.66134643554688,37.81486511230469,0.33269766986042254,5392
58_3.png,SHRM,2702,143.34048461914062,114.98856353759766,28.35192108154297,0.2465629642575088,3497
58_3.png,SHRM,1359,147.47976684570312,110.73737335205078,36.742393493652344,0.3317975890293401,1980
58_4.png,SHRM,2750,141.93563842773438,110.74781799316406,31.187820434570312,0.2816111504471843,3319
58_4.png,SHRM,1296,138.51234436035156,110.53467559814453,27.97766876220703,0.2531121443185985,1586
58_5.png,SHRM,2643,143.2357177734375,111.12115478515625,32.11456298828125,0.2890049428515403,3021
58_5.png,SHRM,1338,147.10462951660156,113.71149444580078,33.39313507080078,0.29366543139328116,1792
58_6.png,SHRM,2350,145.2740478515625,119.47589111328125,25.79815673828125,0.21592771979261227,3152
58_6.png,SHRM,1091,153.84234619140625,110.49124145507812,43.351104736328125,0.39234878860468925,1712
58_7.png,SHRM,3098,144.47386169433594,111.0618896484375,33.41197204589844,0.30084101892794063,3296
58_7.png,SHRM,1466,143.1705322265625,113.27898406982422,29.89154815673828,0.26387549643200703,2251
58_8.png,SHRM,2911,148.94468688964844,115.85862731933594,33.0860595703125,0.28557268747124787,3367
58_8.png,SHRM,1486,148.93338012695312,108.29669189453125,40.636688232421875,0.3752348065442056,2174
58_9.png,SHRM,4398,144.33401489257812,114.53398895263672,29.800025939941406,0.2601850002121608,5105
59_10.png,SRF,165,66.55757904052734,113.48947143554688,-46.93189239501953,-0.41353520993066895,570
59_10.png,SHRM,5108,158.4036865234375,131.71543884277344,26.688247680664062,0.20262049699824017,6533
59_11.png,SRF,120,72.4000015258789,136.42503356933594,-64.02503204345703,-0.4693055986012808,767
59_11.png,SHRM,4745,157.49441528320312,130.6901397705078,26.804275512695312,0.20509791756106224,5696
59_12.png,SHRM,5671,152.79086303710938,125.78678131103516,27.00408172607422,0.21468139533120542,6036
59_13.png,SRF,174,109.14942169189453,149.1680908203125,-40.01866912841797,-0.2682790193823983,1053
59_13.png,SHRM,5942,156.18545532226562,128.85105895996094,27.334396362304688,0.21213947780435824,6506
59_14.png,SHRM,4982,154.36390686035156,131.79080200195312,22.573104858398438,0.17127982010507764,4326
59_14.png,SHRM,837,152.88888549804688,149.57159423828125,3.317291259765625,0.022178618050168512,2500
59_15.png,SHRM,4477,156.52914428710938,131.3681182861328,25.161026000976562,0.19153068742427556,4121
59_15.png,SHRM,875,151.1954345703125,148.69432067871094,2.5011138916015625,0.016820507200176176,2555
59_16.png,SRF,48,87.4375,152.71539306640625,-65.27789306640625,-0.4274480244307856,513
59_16.png,SHRM,4434,158.01895141601562,128.89622497558594,29.122726440429688,0.2259393279046441,4057
59_17.png,SRF,74,124.5540542602539,149.3351287841797,-24.78107452392578,-0.16594270032565203,740
59_17.png,SHRM,4098,156.9199676513672,132.40719604492188,24.512771606445312,0.18513171744932086,3475
59_18.png,SHRM,4309,160.41656494140625,134.0707550048828,26.345809936523438,0.19650676193748542,3505
59_19.png,SRF,91,128.15383911132812,138.72134399414062,-10.5675048828125,-0.07617793036419006,567
59_19.png,SHRM,3154,163.9759063720703,130.80613708496094,33.169769287109375,0.2535796104548597,3162
59_20.png,SHRM,2269,164.54913330078125,137.07931518554688,27.469818115234375,0.2003936048123086,2925
59_21.png,SHRM,2418,162.06906127929688,130.7277069091797,31.341354370117188,0.23974530809976596,2949
59_22.png,SRF,38,87.7631607055664,154.26458740234375,-66.50142669677734,-0.4310867958524549,480
59_22.png,SHRM,1710,156.9163818359375,135.04360961914062,21.872772216796875,0.1619682136643414,2522
59_23.png,SHRM,1536,160.7610626220703,138.893310546875,21.867752075195312,0.15744280260218277,2465
59_4.png,SRF,44,67.90908813476562,147.1875,-79.27841186523438,-0.5386219065153928,512
59_4.png,SRF,55,72.16363525390625,132.2752685546875,-60.11163330078125,-0.4544434795528604,574
59_4.png,SHRM,379,188.50131225585938,139.08648681640625,49.414825439453125,0.35528128267903225,1376
59_5.png,SRF,98,110.7551040649414,145.07049560546875,-34.315391540527344,-0.2365428710869707,837
59_5.png,SRF,134,75.92537689208984,123.38945007324219,-47.464073181152344,-0.38466881206601017,398
59_5.png,SHRM,1634,168.32252502441406,136.52838134765625,31.794143676757812,0.2328757095258979,3206
59_6.png,SRF,106,63.20754623413086,149.93429565429688,-86.72674942016602,-0.5784316993100208,624
59_6.png,SRF,177,74.67796325683594,122.3936996459961,-47.715736389160156,-0.3898545147925929,762
59_6.png,SHRM,3818,161.73048400878906,138.0302276611328,23.70025634765625,0.17170337794298862,6583
59_7.png,SRF,55,70.14545440673828,152.81060791015625,-82.66515350341797,-0.5409647578394575,528
59_7.png,SRF,160,85.8812484741211,128.34103393554688,-42.45978546142578,-0.3308356194383565,736
59_7.png,SHRM,3700,161.38243103027344,138.54379272460938,22.838638305664062,0.16484779185352316,6543
59_8.png,SRF,456,116.4276351928711,147.12255859375,-30.694923400878906,-0.20863505701825713,1689
59_8.png,SHRM,3178,156.61390686035156,146.20831298828125,10.405593872070312,0.07116964596195247,5967
59_9.png,SRF,230,95.66956329345703,145.51426696777344,-49.844703674316406,-0.34254169514083005,1087
59_9.png,SHRM,3160,155.3977813720703,143.09002685546875,12.307754516601562,0.08601406252465997,4810
5_1.png,SRF,6685,49.46147918701172,131.5018768310547,-82.04039764404297,-0.6238724466985616,5055
5_1.png,SRF,2693,54.8406982421875,132.63189697265625,-77.79119873046875,-0.5865195364468503,3480
5_1.png,SHRM,2618,86.4018325805664,85.01830291748047,1.3835296630859375,0.016273315458070294,2076
5_10.png,SRF,8225,46.1545295715332,112.73464965820312,-66.58012008666992,-0.5905914489336884,4413
5_10.png,SRF,2556,70.71400451660156,138.88180541992188,-68.16780090332031,-0.49083319947640885,3359
5_10.png,SHRM,8551,94.63899230957031,77.22364044189453,17.41535186767578,0.22551840042790566,3689
5_11.png,SRF,8076,39.51919174194336,110.02068328857422,-70.50149154663086,-0.6408021604602462,4255
5_11.png,SRF,2491,68.64151000976562,135.45904541015625,-66.81753540039062,-0.4932674314814039,3211
5_11.png,SHRM,9286,98.35343170166016,73.25852966308594,25.09490203857422,0.3425526304443321,4104
5_12.png,SRF,8967,41.63577651977539,107.60651397705078,-65.97073745727539,-0.6130738281452455,4760
5_12.png,SRF,2970,60.211448669433594,133.24331665039062,-73.03186798095703,-0.5481090520478494,3066
5_12.png,SHRM,9074,97.62872314453125,76.09159088134766,21.537132263183594,0.2830422128611717,3887
5_13.png,SRF,9448,40.759525299072266,108.473876953125,-67.71435165405273,-0.6242457037219593,4727
5_13.png,SRF,2630,55.683650970458984,129.06524658203125,-73.38159561157227,-0.5685620068523436,2912
5_13.png,SHRM,10010,99.88251495361328,72.41869354248047,27.463821411132812,0.37923663169955785,4077
5_14.png,SRF,9414,38.901954650878906,107.86378479003906,-68.96183013916016,-0.6393418353842948,4816
5_14.png,SRF,2986,61.07769775390625,128.5858154296875,-67.50811767578125,-0.5250043906491041,3228
5_14.png,SHRM,8603,97.06544494628906,72.71699523925781,24.34844970703125,0.33483850132858933,3371
5_15.png,SRF,8759,37.39958953857422,105.258544921875,-67.85895538330078,-0.6446883284741116,5063
5_15.png,SRF,2807,57.43498229980469,129.5010528564453,-72.06607055664062,-0.5564902289754154,2854
5_15.png,SHRM,9217,100.57100677490234,75.528564453125,25.042442321777344,0.3315625353546781,3693
5_16.png,SRF,10365,43.83849334716797,107.84162139892578,-64.00312805175781,-0.593491893218098,5089
5_16.png,SRF,3706,64.64543914794922,120.63252258300781,-55.987083435058594,-0.4641126806954867,3339
5_16.png,SHRM,7472,102.9738998413086,82.0914306640625,20.882469177246094,0.25438062180572885,2964
5_17.png,SRF,10168,42.15843963623047,108.78414154052734,-66.62570190429688,-0.6124578542496066,5462
5_17.png,SRF,3451,56.937408447265625,120.90621185302734,-63.96880340576172,-0.5290778895919898,3284
5_17.png,SHRM,7509,108.47156524658203,81.15574645996094,27.315818786621094,0.33658514619291496,3557
5_18.png,SRF,17031,48.71451950073242,118.10546112060547,-69.39094161987305,-0.58753372588769,10174
5_2.png,SRF,6709,51.54762268066406,130.80796813964844,-79.26034545898438,-0.6059290315890186,4817
5_2.png,SRF,3164,59.84734344482422,141.05833435058594,-81.21099090576172,-0.5757262857217651,3891
5_2.png,SHRM,3888,90.58718872070312,85.88099670410156,4.7061920166015625,0.054798991595503936,2605
5_3.png,SRF,6429,49.367862701416016,128.31622314453125,-78.94836044311523,-0.6152640602131061,4715
5_3.png,SRF,3587,61.28770446777344,134.8261260986328,-73.53842163085938,-0.5454315403014838,4026
5_3.png,SHRM,4015,102.69414520263672,77.21517944335938,25.478965759277344,0.32997353555290576,2398
5_4.png,SRF,6673,47.77626419067383,129.00794982910156,-81.23168563842773,-0.6296641853935077,4651
5_4.png,SRF,3187,64.22434997558594,139.57505798339844,-75.3507080078125,-0.5398579738850976,3384
5_4.png,SHRM,4883,103.3565444946289,86.4721908569336,16.884353637695312,0.19525761369490588,3164
5_5.png,SRF,7068,47.590267181396484,127.74006652832031,-80.14979934692383,-0.627444477877694,4405
5_5.png,SRF,2880,73.8170166015625,136.61431884765625,-62.79730224609375,-0.4596685235910108,3521
5_5.png,SHRM,6757,99.30501556396484,76.84780883789062,22.45720672607422,0.29222962977965167,3443
5_6.png,SRF,6657,44.371788024902344,126.33251953125,-81.96073150634766,-0.6487698639309857,4502
5_6.png,SRF,2905,62.595523834228516,138.37066650390625,-75.77514266967773,-0.5476243237401662,3437
5_6.png,SHRM,6671,96.56993103027344,79.8433837890625,16.726547241210938,0.20949196348442156,3250
5_7.png,SRF,7077,45.26282501220703,126.16249084472656,-80.89966583251953,-0.6412338983706823,4431
5_7.png,SRF,2604,59.80107498168945,133.32212829589844,-73.52105331420898,-0.5514542428473279,3390
5_7.png,SHRM,7128,95.63187408447266,79.77791595458984,15.853958129882812,0.19872615046633957,3287
5_8.png,SRF,6831,44.331138610839844,122.5719985961914,-78.24085998535156,-0.6383257259524092,4278
5_8.png,SRF,2977,74.37722778320312,134.48922729492188,-60.11199951171875,-0.4469651638335236,3483
5_8.png,SHRM,8399,91.77819061279297,73.30089569091797,18.477294921875,0.252074613109596,3689
5_9.png,SRF,7510,42.2464714050293,113.58229064941406,-71.33581924438477,-0.6280540640316165,4247
5_9.png,SRF,2427,65.47960662841797,132.71058654785156,-67.2309799194336,-0.5065984686548881,3469
5_9.png,SHRM,8776,94.33158874511719,74.58229064941406,19.749298095703125,0.26479876018474474,4089
60_1.png,SRF,171,67.01754760742188,117.5120620727539,-50.49451446533203,-0.4296964377501089,912
60_1.png,SHRM,568,147.10035705566406,107.7283935546875,39.37196350097656,0.3654743396966157,1296
60_10.png,SHRM,2563,147.04408264160156,117.0898208618164,29.954261779785156,0.2558229362664726,2416
60_11.png,SRF,134,82.41790771484375,124.55929565429688,-42.141387939453125,-0.33832391005495693,565
60_11.png,SHRM,2116,145.13658142089844,112.53054809570312,32.60603332519531,0.2897527282766371,1915
60_12.png,SHRM,2300,148.49261474609375,125.3149185180664,23.177696228027344,0.18495560227081712,2480
60_13.png,SHRM,2716,144.4683380126953,109.68412017822266,34.784217834472656,0.31713084608740766,2368
60_14.png,SHRM,2648,148.0509796142578,111.02217864990234,37.02880096435547,0.33352616040009625,2480
60_15.png,SHRM,3135,144.30813598632812,107.31754302978516,36.99059295654297,0.3446835616267931,2576
60_16.png,SHRM,2071,146.6668243408203,109.98252868652344,36.684295654296875,0.3335465741004729,2232
60_17.png,SHRM,2809,149.54502868652344,110.95757293701172,38.58745574951172,0.347767662252463,2805
60_18.png,SHRM,2432,159.51480102539062,117.43706512451172,42.077735900878906,0.3583003020065796,2892
60_19.png,SHRM,2874,156.88552856445312,120.87431335449219,36.01121520996094,0.2979228109809371,2928
60_2.png,SRF,210,56.57143020629883,113.6187515258789,-57.04732131958008,-0.5020942454783657,960
60_2.png,SHRM,1308,142.18653869628906,100.8350601196289,41.351478576660156,0.410090285339261,1831
60_20.png,SHRM,3766,156.64498901367188,118.76300811767578,37.881980895996094,0.31897121415500784,3460
60_21.png,SHRM,3744,158.2278289794922,118.64198303222656,39.585845947265625,0.3336579930269117,3687
60_22.png,SHRM,3498,160.0019989013672,119.70512390136719,40.296875,0.33663450390981764,3571
60_23.png,SHRM,3311,161.47357177734375,115.35517883300781,46.11839294433594,0.3997947331961449,3097
60_23.png,SHRM,307,165.8599395751953,123.05977630615234,42.80016326904297,0.3477997811613378,987
60_24.png,SHRM,2936,155.81504821777344,117.32661437988281,38.488433837890625,0.32804520987260305,2976
60_25.png,SHRM,873,170.20274353027344,128.59104919433594,41.6116943359375,0.32359712901207416,1856
60_25.png,SHRM,689,158.1756134033203,122.47418212890625,35.70143127441406,0.29150169165316553,1472
60_26.png,SHRM,653,170.96937561035156,135.18911743164062,35.78025817871094,0.2646681837893016,1967
60_26.png,SHRM,411,153.03892517089844,123.07353973388672,29.96538543701172,0.24347544973358018,1183
60_3.png,SRF,268,58.50373077392578,111.90927124023438,-53.405540466308594,-0.47722176969291064,992
60_4.png,SRF,230,67.81304168701172,119.54766845703125,-51.73462677001953,-0.432753122145702,944
60_5.png,SRF,263,60.19771957397461,115.56548309326172,-55.36776351928711,-0.4791029469811946,985
60_6.png,SRF,132,62.90909194946289,124.42013549804688,-61.511043548583984,-0.49438174377771493,864
60_7.png,SRF,141,80.53191375732422,122.01451110839844,-41.48259735107422,-0.33998085124662614,896
60_9.png,SHRM,1906,146.0041961669922,115.0467529296875,30.957443237304688,0.26908576251799804,2032
61_1.png,SRF,2402,54.81931686401367,112.13079833984375,-57.31148147583008,-0.5111127569263495,4098
61_10.png,SRF,657,82.4779281616211,120.62693786621094,-38.149009704589844,-0.3162561396269667,1678
61_10.png,SRF,2107,49.989559173583984,107.0294418334961,-57.03988265991211,-0.5329363741674753,2683
61_10.png,SHRM,2901,100.85418701171875,90.17847442626953,10.675712585449219,0.11838426690371377,2202
61_11.png,SRF,294,62.343536376953125,116.97705841064453,-54.633522033691406,-0.46704475882700036,1177
61_11.png,SRF,2250,49.88311004638672,109.365234375,-59.48212432861328,-0.5438851264621841,2790
61_11.png,SHRM,2895,103.05906677246094,94.97627258300781,8.082794189453125,0.08510329969402501,2065
61_12.png,SRF,250,61.31999969482422,109.50868225097656,-48.188682556152344,-0.4400444016458121,979
61_12.png,SRF,2252,50.30017852783203,111.29269409179688,-60.992515563964844,-0.5480370123276624,2723
61_12.png,SHRM,2634,103.72361755371094,95.35851287841797,8.365104675292969,0.08772268382539135,2343
61_13.png,SRF,298,57.3020133972168,119.7670669555664,-62.46505355834961,-0.5215545069791527,747
61_13.png,SRF,2493,48.59125518798828,110.00293731689453,-61.41168212890625,-0.5582731118533004,2727
61_13.png,SHRM,3333,109.2220230102539,93.3344497680664,15.8875732421875,0.17022196286224103,3292
61_14.png,SRF,297,51.82491683959961,110.43682098388672,-58.61190414428711,-0.5307279186607415,1108
61_14.png,SRF,2571,49.561649322509766,111.05377197265625,-61.492122650146484,-0.5537148496431722,2864
61_14.png,SHRM,2216,107.80641174316406,89.45101928710938,18.355392456054688,0.20520048404523714,2164
61_15.png,SRF,405,53.65925979614258,117.36656188964844,-63.70730209350586,-0.5428062394245251,1274
61_15.png,SRF,2614,47.81522750854492,110.1962890625,-62.38106155395508,-0.5660904018153863,2639
61_15.png,SHRM,2651,107.25688171386719,84.77626037597656,22.480621337890625,0.2651759022890453,2561
61_16.png,SRF,488,53.71311569213867,115.95447540283203,-62.24135971069336,-0.5367741046170366,1296
61_16.png,SRF,2781,47.00251770019531,110.4846420288086,-63.48212432861328,-0.5745787211951184,2897
61_16.png,SHRM,2110,111.69384002685547,89.24406433105469,22.44977569580078,0.25155483296370695,2147
61_17.png,SRF,510,57.36666488647461,115.34320831298828,-57.97654342651367,-0.5026437557484275,1215
61_17.png,SRF,2831,45.703285217285156,108.51983642578125,-62.816551208496094,-0.5788485614927876,2999
61_17.png,SHRM,1951,110.28446960449219,100.30223083496094,9.98223876953125,0.09952160272443195,2154
61_18.png,SRF,579,62.87392044067383,114.11540985107422,-51.24148941040039,-0.44903216381795286,1369
61_18.png,SRF,2991,44.66432571411133,111.01187133789062,-66.3475456237793,-0.5976617169332729,2949
61_18.png,SHRM,2220,106.6058578491211,92.7169418334961,13.888916015625,0.14979911697871937,1989
61_19.png,SRF,3326,45.65634536743164,111.64872741699219,-65.99238204956055,-0.5910715113042744,2992
61_19.png,SRF,553,69.7088623046875,115.13434600830078,-45.42548370361328,-0.3945432903257058,1444
61_19.png,SHRM,2347,108.37324523925781,90.66136169433594,17.711883544921875,0.1953630875812052,1949
61_2.png,SRF,2561,57.38617706298828,111.11834716796875,-53.73217010498047,-0.4835580394636165,4191
61_20.png,SRF,3355,45.99195098876953,110.80567932128906,-64.81372833251953,-0.5849314649710999,3098
61_20.png,SRF,373,60.14745330810547,117.35389709472656,-57.206443786621094,-0.4874694850606008,1167
61_20.png,SHRM,2316,103.72840881347656,99.21833801269531,4.51007080078125,0.045456020440537634,2061
61_21.png,SRF,237,76.25316619873047,113.0788803100586,-36.825714111328125,-0.32566394370330887,786
61_21.png,SRF,509,62.2691535949707,122.45096588134766,-60.18181228637695,-0.4914768279140552,1295
61_21.png,SRF,3487,45.95526123046875,110.98921203613281,-65.03395080566406,-0.5859483963584866,3152
61_21.png,SHRM,1524,105.76377868652344,92.53301239013672,13.230766296386719,0.1429842815513592,1666
61_22.png,SRF,4710,55.47324752807617,111.73844146728516,-56.265193939208984,-0.5035437509273148,3785
61_22.png,SRF,1110,78.14594268798828,115.73667907714844,-37.590736389160156,-0.32479536037233886,1895
61_22.png,SRF,181,66.98342895507812,113.35578155517578,-46.372352600097656,-0.40908678819814737,683
61_22.png,SHRM,1964,100.42515563964844,83.45507049560547,16.97008514404297,0.20334396751766654,2760
61_23.png,SRF,6047,56.92872619628906,116.70089721679688,-59.77217102050781,-0.5121826176663254,5453
61_24.png,SRF,5496,49.64155578613281,117.6244888305664,-67.9829330444336,-0.5779658106940675,5169
61_3.png,SRF,2394,59.33041000366211,108.11012268066406,-48.77971267700195,-0.4512039341689361,3932
61_4.png,SRF,3168,66.52903747558594,111.87334442138672,-45.34430694580078,-0.40531823894532965,5061
61_5.png,SRF,823,69.43985748291016,115.3715591430664,-45.93170166015625,-0.39811979660601343,1125
61_5.png,SRF,1987,55.3487663269043,103.39176177978516,-48.04299545288086,-0.4646694729431923,2453
61_5.png,SHRM,1147,100.89799499511719,92.30990600585938,8.588088989257812,0.09303539956711344,1181
61_5.png,SHRM,699,108.14735412597656,109.28453063964844,-1.137176513671875,-0.010405649427379315,1325
61_6.png,SRF,300,82.33000183105469,120.49755859375,-38.16755676269531,-0.3167496271968036,820
61_6.png,SRF,1821,50.91323471069336,103.00081634521484,-52.087581634521484,-0.5057006680407863,2453
61_6.png,SHRM,2408,97.03778839111328,99.42156982421875,-2.3837814331054688,-0.023976501651704837,2652
61_7.png,SRF,1855,50.10296630859375,102.04017639160156,-51.93721008300781,-0.508987850860698,2514
61_7.png,SHRM,3178,96.52863311767578,101.3416748046875,-4.813041687011719,-0.04749321240533805,3158
61_8.png,SRF,1734,50.746829986572266,103.14002990722656,-52.3931999206543,-0.5079812364586423,2378
61_8.png,SHRM,3140,92.11592102050781,107.5108871459961,-15.394966125488281,-0.1431944850811476,3214
61_9.png,SRF,240,64.05000305175781,111.3135757446289,-47.263572692871094,-0.4245984586938548,1046
61_9.png,SRF,1806,49.861572265625,104.10456085205078,-54.24298858642578,-0.521043344714875,2391
61_9.png,SHRM,2597,96.26376342773438,91.10232543945312,5.16143798828125,0.056655392311709504,2023
62_1.png,SHRM,403,110.0818862915039,101.18914794921875,8.892738342285156,0.0878823324685759,1216
62_10.png,SHRM,957,103.3510971069336,85.56835174560547,17.782745361328125,0.2078191878020064,1441
62_11.png,SHRM,1002,96.47405242919922,87.24768829345703,9.226364135742188,0.1057490956632498,1728
62_12.png,SHRM,630,94.35555267333984,90.67960357666016,3.6759490966796875,0.04053777202027638,1520
62_2.png,SHRM,1091,110.30247497558594,90.8862533569336,19.416221618652344,0.21363210498291604,1600
62_3.png,SHRM,1136,114.45246124267578,91.35259246826172,23.099868774414062,0.2528649505205839,1696
62_4.png,SHRM,1462,106.25102233886719,85.6728286743164,20.57819366455078,0.24019510016155046,1840
62_5.png,SHRM,1102,100.38385009765625,80.33016967773438,20.053680419921875,0.24964070784827785,1684
62_6.png,SHRM,594,92.25588989257812,83.02301788330078,9.232872009277344,0.11120858100166027,1086
62_7.png,SHRM,1039,100.13570404052734,87.6331558227539,12.502548217773438,0.142669154161936,1701
62_8.png,SHRM,915,99.33879852294922,85.86781311035156,13.470985412597656,0.15688049951016741,1861
62_9.png,SHRM,606,98.74917602539062,88.46182250976562,10.287353515625,0.1162914489410315,1349
63_1.png,SHRM,5035,96.11956024169922,104.39797973632812,-8.278419494628906,-0.07929674037311092,4661
63_10.png,SRF,461,70.40347290039062,139.05857849121094,-68.65510559082031,-0.4937135582409221,990
63_10.png,SRF,119,72.21849060058594,134.76744079589844,-62.5489501953125,-0.46412508708272615,645
63_10.png,SHRM,10088,94.5855484008789,91.5741958618164,3.0113525390625,0.03288429137403041,5789
63_11.png,SRF,807,88.32341766357422,131.26663208007812,-42.943214416503906,-0.3271449395479786,1639
63_11.png,SHRM,10018,94.72718811035156,83.87220764160156,10.85498046875,0.12942285381511537,4476
63_12.png,SRF,665,76.35037231445312,141.28341674804688,-64.93304443359375,-0.4595942392120227,1182
63_12.png,SHRM,11637,95.94406127929688,90.22968292236328,5.714378356933594,0.06333146888979363,5673
63_13.png,SRF,666,79.72071838378906,138.50929260253906,-58.78857421875,-0.4244377623633342,1237
63_13.png,SHRM,11183,98.19154357910156,89.12969207763672,9.061851501464844,0.10167040062891149,5783
63_13.png,SHRM,221,180.96832275390625,135.3825225830078,45.58580017089844,0.3367185017766837,847
63_14.png,SRF,871,79.59815979003906,141.1973876953125,-61.59922790527344,-0.4362632263296357,1378
63_14.png,SHRM,11702,95.53401184082031,89.86286163330078,5.671150207519531,0.06310894294309846,5972
63_15.png,SRF,907,80.26791381835938,147.2615966796875,-66.99368286132812,-0.4549297601807742,906
63_15.png,SHRM,12754,94.5262680053711,88.92237854003906,5.603889465332031,0.06302001315460505,6403
63_16.png,SRF,827,72.34220123291016,139.03982543945312,-66.69762420654297,-0.4797015818722198,954
63_16.png,SHRM,12890,95.29247283935547,87.17963409423828,8.112838745117188,0.09305887584189076,6129
63_17.png,SRF,1047,77.85100555419922,143.20033264160156,-65.34932708740234,-0.45634898943256724,1178
63_17.png,SRF,162,77.06172943115234,127.54192352294922,-50.480194091796875,-0.39579294946664134,644
63_17.png,SRF,68,76.19117736816406,133.85263061523438,-57.66145324707031,-0.4307831155953957,285
63_17.png,SHRM,12755,96.86099243164062,86.48787689208984,10.373115539550781,0.11993722024756401,5979
63_18.png,SRF,1950,83.95230865478516,131.39903259277344,-47.44672393798828,-0.3610888375794459,2268
63_18.png,SHRM,12007,96.24785614013672,85.57650756835938,10.671348571777344,0.12469951012259951,5790
63_19.png,SRF,1523,69.0124740600586,142.8383331298828,-73.82585906982422,-0.5168490660185344,1633
63_19.png,SHRM,12126,97.8240966796875,89.66786193847656,8.156234741210938,0.09096051321940898,6404
63_2.png,SHRM,5262,95.5931167602539,102.90293884277344,-7.309822082519531,-0.07103608667278484,4317
63_20.png,SRF,2735,72.89653015136719,141.8575439453125,-68.96101379394531,-0.48612863211934976,1776
63_20.png,SRF,264,78.79545593261719,123.06623840332031,-44.270782470703125,-0.3597313369213104,619
63_20.png,SHRM,11334,99.11514282226562,87.7455825805664,11.369560241699219,0.12957416096998267,6285
63_21.png,SRF,3414,75.57147216796875,141.3057403564453,-65.73426818847656,-0.46519177510171306,2090
63_21.png,SRF,185,77.16756439208984,123.27145385742188,-46.10388946533203,-0.3740029668073573,641
63_21.png,SHRM,11153,96.38043212890625,86.7681655883789,9.612266540527344,0.11078102752715957,6522
63_22.png,SRF,2871,63.77603530883789,131.12010192871094,-67.34406661987305,-0.5136059660515482,2448
63_22.png,SRF,254,74.93700408935547,119.28704071044922,-44.35003662109375,-0.3717925799563306,972
63_22.png,SHRM,10611,100.17745971679688,84.09376525878906,16.083694458007812,0.19125905955705585,5450
63_23.png,SRF,4465,67.68667602539062,122.52498626708984,-54.83831024169922,-0.4475683851305092,3042
63_23.png,SRF,215,74.38604736328125,118.56484985351562,-44.178802490234375,-0.3726129839055703,586
63_23.png,SHRM,10494,107.93891906738281,86.08705139160156,21.85186767578125,0.253834546805178,5250
63_24.png,SRF,5310,67.09774017333984,123.32445526123047,-56.226715087890625,-0.4559251039770587,4654
63_24.png,SHRM,9363,107.607177734375,82.83866882324219,24.768508911132812,0.2989969450617665,4779
63_25.png,SRF,8944,69.59805297851562,117.6302261352539,-48.03217315673828,-0.4083318950820497,7372
63_26.png,SRF,4895,75.29417419433594,122.42240905761719,-47.12823486328125,-0.38496411911891637,4240
63_26.png,SRF,4053,54.32469940185547,105.2523422241211,-50.927642822265625,-0.48386232311887056,3527
63_27.png,SRF,8180,54.58777618408203,114.46903991699219,-59.881263732910156,-0.523121918173974,6541
63_28.png,SRF,8966,55.54528045654297,111.97525024414062,-56.429969787597656,-0.503950378896791,6627
63_3.png,SHRM,5871,98.50298309326172,101.38532257080078,-2.8823394775390625,-0.028429553750506913,4661
63_4.png,SRF,67,75.17910766601562,128.5016632080078,-53.32255554199219,-0.41495615084513005,602
63_4.png,SHRM,6260,96.19568634033203,100.3563232421875,-4.160636901855469,-0.04145864224035693,4611
63_5.png,SRF,84,65.73809814453125,138.93568420410156,-73.19758605957031,-0.5268451116708103,622
63_5.png,SHRM,5989,96.25763702392578,99.0185546875,-2.7609176635742188,-0.027882831377286848,4473
63_6.png,SHRM,7323,94.86071014404297,97.30020904541016,-2.4394989013671875,-0.025071877288862447,4800
63_7.png,SRF,156,70.57051086425781,136.24058532714844,-65.67007446289062,-0.4820155044489864,690
63_7.png,SHRM,8055,96.59441375732422,95.28565979003906,1.3087539672851562,0.013735056987263159,5454
63_8.png,SRF,273,67.02930450439453,143.06414794921875,-76.03484344482422,-0.5314737796629042,795
63_8.png,SHRM,8715,95.15444946289062,95.5086898803711,-0.35424041748046875,-0.0037089862495671413,5467
63_9.png,SRF,460,70.8065185546875,141.20457458496094,-70.39805603027344,-0.4985536498175975,1007
63_9.png,SRF,140,76.87857055664062,137.33177185058594,-60.45320129394531,-0.4401982183679762,642
63_9.png,SHRM,9532,91.63932037353516,87.67790985107422,3.9614105224609375,0.045181397790955695,5157
64_1.png,SRF,1279,53.56059265136719,132.85946655273438,-79.29887390136719,-0.5968628051798778,2391
64_10.png,SRF,2603,52.38340377807617,137.08030700683594,-84.69690322875977,-0.6178633902865135,2864
64_11.png,SRF,2727,50.64943313598633,137.1480255126953,-86.49859237670898,-0.6306951343510382,2986
64_11.png,SHRM,2051,123.0141372680664,118.205322265625,4.808815002441406,0.04068188225598913,2557
64_12.png,SRF,2930,52.888397216796875,138.92250061035156,-86.03410339355469,-0.6192956721594169,3174
64_12.png,SHRM,3524,110.90380096435547,137.7318878173828,-26.828086853027344,-0.19478486266447176,1947
64_13.png,SRF,3097,52.30610275268555,137.5540313720703,-85.24792861938477,-0.6197414046615427,3211
64_13.png,SHRM,3411,122.44884490966797,112.1036148071289,10.345230102539062,0.09228275216939023,2712
64_14.png,SRF,3291,52.93588638305664,139.20054626464844,-86.2646598815918,-0.6197149522501528,3261
64_14.png,SHRM,2874,111.28462219238281,127.43116760253906,-16.14654541015625,-0.12670797665856537,2528
64_15.png,SRF,3679,53.97037124633789,139.4357147216797,-85.4653434753418,-0.612937249584403,3399
64_15.png,SHRM,3585,113.8228759765625,120.24251556396484,-6.419639587402344,-0.05338909916590458,2907
64_16.png,SRF,3676,52.20048904418945,132.09889221191406,-79.89840316772461,-0.6048377986361231,3155
64_16.png,SHRM,5352,128.25167846679688,109.10713958740234,19.14453887939453,0.17546550071600434,3836
64_17.png,SRF,3869,54.16386795043945,139.3036651611328,-85.13979721069336,-0.6111813146639896,3247
64_17.png,SHRM,3312,114.53140258789062,108.34131622314453,6.190086364746094,0.05713504857183681,2171
64_18.png,SRF,3884,54.95648956298828,141.3636932373047,-86.4072036743164,-0.611240423163437,3162
64_18.png,SRF,2314,56.747623443603516,123.6532974243164,-66.90567398071289,-0.541074725659163,1621
64_18.png,SHRM,4855,111.63666534423828,109.65332794189453,1.98333740234375,0.018087343444739987,2948
64_19.png,SRF,4428,63.90266418457031,138.57070922851562,-74.66804504394531,-0.538844359386304,3606
64_19.png,SHRM,574,112.1358871459961,90.69110107421875,21.444786071777344,0.2364596505916011,573
64_19.png,SHRM,2097,129.010498046875,106.74829864501953,22.26219940185547,0.2085485172544634,1470
64_2.png,SRF,1556,50.856685638427734,131.4629364013672,-80.60625076293945,-0.6131481082762515,2577
64_20.png,SRF,2136,56.03089904785156,112.72476959228516,-56.693870544433594,-0.5029406646781357,1526
64_20.png,SRF,3999,56.24956130981445,140.142822265625,-83.89326095581055,-0.5986268836287618,3515
64_20.png,SHRM,4343,122.0145034790039,99.34680938720703,22.667694091796875,0.22816730835762314,2918
64_21.png,SRF,4084,55.34892272949219,141.6167755126953,-86.26785278320312,-0.6091640801090659,3528
64_21.png,SHRM,729,123.456787109375,83.60704040527344,39.84974670410156,0.4766314715954002,1051
64_21.png,SHRM,2741,131.5935821533203,95.25659942626953,36.33698272705078,0.3814642024375048,1516
64_22.png,SRF,4130,53.86125946044922,140.8372039794922,-86.97594451904297,-0.6175636980957663,3311
64_22.png,SRF,145,57.386207580566406,124.05245208740234,-66.66624450683594,-0.5374036819511282,896
64_22.png,SHRM,4331,124.1983413696289,97.73511505126953,26.463226318359375,0.2707647737916653,2839
64_23.png,SRF,4099,58.247379302978516,142.52203369140625,-84.27465438842773,-0.5913096537122267,3358
64_23.png,SRF,141,62.18439865112305,127.32965850830078,-65.14525985717773,-0.511626753895133,816
64_23.png,SHRM,3821,140.36167907714844,105.74589538574219,34.61578369140625,0.32734872181217095,2499
64_24.png,SRF,4022,59.85330581665039,144.2389373779297,-84.3856315612793,-0.5850405798551822,3344
64_24.png,SRF,253,63.268775939941406,134.88577270507812,-71.61699676513672,-0.5309455202642028,928
64_24.png,SHRM,3956,130.81143188476562,112.86106872558594,17.950363159179688,0.1590483180947434,2440
64_25.png,SRF,3897,59.231971740722656,146.08401489257812,-86.85204315185547,-0.5945348860771763,3190
64_25.png,SRF,323,65.08358764648438,119.70649719238281,-54.62290954589844,-0.4563069743667532,954
64_25.png,SHRM,2739,132.682373046875,105.70767974853516,26.974693298339844,0.25518196371833285,2292
64_26.png,SRF,3489,57.26053237915039,144.2903289794922,-87.0297966003418,-0.6031575173185116,3217
64_26.png,SRF,551,59.3974609375,107.54269409179688,-48.145233154296875,-0.4476848340176489,1054
64_26.png,SHRM,2391,135.97532653808594,111.91355895996094,24.061767578125,0.21500314887433367,2603
64_27.png,SRF,3183,57.954444885253906,140.0662841796875,-82.1118392944336,-0.5862355796423813,3153
64_27.png,SRF,702,64.5698013305664,124.63323211669922,-60.06343078613281,-0.4819214728371399,1625
64_27.png,SHRM,5244,113.59420013427734,91.50819396972656,22.08600616455078,0.24135550278543844,3111
64_28.png,SRF,3021,59.83548355102539,147.00132751464844,-87.16584396362305,-0.5929595700755635,2998
64_28.png,SRF,588,64.59353637695312,112.31101989746094,-47.71748352050781,-0.4248691140377275,1180
64_28.png,SHRM,2962,130.24847412109375,102.40792846679688,27.840545654296875,0.2718592795607955,2699
64_29.png,SRF,2416,61.781044006347656,139.93209838867188,-78.15105438232422,-0.5584926924003799,2769
64_29.png,SRF,400,60.36000061035156,113.39503479003906,-53.0350341796875,-0.4677015556976243,967
64_29.png,SHRM,2096,142.35830688476562,127.45096588134766,14.907341003417969,0.11696530426686744,2335
64_3.png,SRF,1744,49.85837173461914,131.32386779785156,-81.46549606323242,-0.6203403648500001,2640
64_30.png,SRF,2215,61.785552978515625,136.8762664794922,-75.09071350097656,-0.5486028763958667,2675
64_30.png,SRF,330,64.43939208984375,117.85442352294922,-53.41503143310547,-0.4532289059366891,1051
64_30.png,SHRM,1199,147.4678955078125,125.2755355834961,22.192359924316406,0.1771483939058892,1684
64_31.png,SRF,2079,59.683502197265625,130.1690673828125,-70.48556518554688,-0.54149243443726,2153
64_32.png,SRF,1999,56.80139923095703,127.52674865722656,-70.72534942626953,-0.5545922731580731,2187
64_33.png,SRF,1822,54.7996711730957,122.86907958984375,-68.06940841674805,-0.5539994980346106,2238
64_34.png,SRF,1448,59.26726531982422,130.03419494628906,-70.76692962646484,-0.5442178471262524,1813
64_4.png,SRF,2037,51.27638626098633,129.76646423339844,-78.49007797241211,-0.6048564121408099,2749
64_4.png,SHRM,62,190.51612854003906,148.8541717529297,41.661956787109375,0.27988437473059535,576
64_5.png,SRF,2076,51.312137603759766,131.89321899414062,-80.58108139038086,-0.6109569696222267,2772
64_5.png,SHRM,163,186.84048461914062,136.52394104003906,50.31654357910156,0.36855472524298855,752
64_6.png,SRF,4568,50.18038558959961,125.66756439208984,-75.48717880249023,-0.6006894393764648,4094
64_7.png,SRF,2308,50.421142578125,130.32168579101562,-79.90054321289062,-0.6131024374640108,2832
64_8.png,SRF,2431,48.778690338134766,133.96719360351562,-85.18850326538086,-0.6358907802271474,2865
64_9.png,SRF,2448,50.444854736328125,136.75604248046875,-86.31118774414062,-0.631132534830901,2816
65_10.png,SRF,1135,48.92334747314453,125.99539947509766,-77.07205200195312,-0.6117052870425322,1955
65_11.png,SRF,696,55.92672348022461,128.8926544189453,-72.9659309387207,-0.5660984426742924,1416
65_12.png,SRF,199,53.40201187133789,127.39297485351562,-73.99096298217773,-0.5808088167126731,626
65_4.png,SRF,200,93.72000122070312,151.9420623779297,-58.22206115722656,-0.38318593446763427,863
65_5.png,SRF,358,55.885475158691406,147.65695190429688,-91.77147674560547,-0.6215181578791271,1064
65_5.png,SRF,48,65.75,147.27415466308594,-81.52415466308594,-0.5535537097434778,507
65_6.png,SRF,1023,51.349952697753906,133.9855499267578,-82.6355972290039,-0.616750069497614,1522
65_7.png,SRF,1204,52.79817199707031,131.18211364746094,-78.38394165039062,-0.597520038905912,1576
65_8.png,SRF,1325,50.32075500488281,130.6649169921875,-80.34416198730469,-0.6148870242814182,1716
65_9.png,SRF,1294,47.158424377441406,130.85842895507812,-83.70000457763672,-0.6396225695661513,1554
65_9.png,SHRM,250,199.156005859375,134.0635986328125,65.0924072265625,0.4855337906066839,802
65_9.png,SHRM,117,195.1794891357422,148.60000610351562,46.57948303222656,0.3134554584054258,545
66_1.png,SRF,183,77.7486343383789,134.37326049804688,-56.62462615966797,-0.4213980218221393,1077
66_1.png,SRF,897,62.012264251708984,120.19720458984375,-58.184940338134766,-0.48407898117666537,2003
66_10.png,SRF,4186,53.3994255065918,123.8294906616211,-70.4300651550293,-0.5687664931731641,3689
66_10.png,SRF,345,64.29855346679688,145.5726776123047,-81.27412414550781,-0.5583061703512832,1032
66_11.png,SRF,4615,54.639652252197266,124.20060729980469,-69.56095504760742,-0.56006936326564,3629
66_11.png,SRF,361,64.639892578125,138.2714385986328,-73.63154602050781,-0.532514500223301,1061
66_12.png,SRF,5112,52.18172836303711,124.9542236328125,-72.77249526977539,-0.5823932409329589,4063
66_12.png,SRF,391,68.53196716308594,144.81126403808594,-76.279296875,-0.5267497482442957,1208
66_13.png,SRF,5390,52.27569580078125,123.07749938964844,-70.80180358886719,-0.5752619604718915,4258
66_13.png,SRF,333,69.8258285522461,141.80381774902344,-71.97798919677734,-0.5075885144655989,994
66_14.png,SRF,5856,53.35775375366211,122.73249053955078,-69.37473678588867,-0.5652516011115454,4041
66_14.png,SRF,309,72.64401245117188,144.01136779785156,-71.36735534667969,-0.4955675127456458,1144
66_15.png,SRF,5905,51.486873626708984,118.66898345947266,-67.18210983276367,-0.5661303221301076,3879
66_15.png,SRF,407,65.37100982666016,140.87313842773438,-75.50212860107422,-0.5359583057759842,1206
66_16.png,SRF,5947,49.90499496459961,117.74813842773438,-67.84314346313477,-0.5761716861856986,4022
66_16.png,SRF,493,71.42596435546875,141.0642547607422,-69.63829040527344,-0.49366361820991655,1245
66_17.png,SRF,7060,56.57096481323242,123.24994659423828,-66.67898178100586,-0.541006171795964,4761
66_17.png,SRF,436,63.25688171386719,139.4207000732422,-76.163818359375,-0.5462877343132239,1179
66_18.png,SRF,5807,53.9278450012207,122.79412841796875,-68.86628341674805,-0.5608271690511114,4124
66_18.png,SRF,369,67.89701843261719,139.9170379638672,-72.02001953125,-0.5147337349283279,1109
66_19.png,SRF,5364,55.359806060791016,124.85710906982422,-69.4973030090332,-0.5566147056165461,4143
66_19.png,SRF,401,68.0997543334961,132.64781188964844,-64.54805755615234,-0.4866123054472302,1096
66_2.png,SRF,242,71.47933959960938,131.9732208251953,-60.49388122558594,-0.4583799716892028,896
66_2.png,SRF,1231,58.17546844482422,120.3093032836914,-62.13383483886719,-0.5164507909446914,2192
66_20.png,SRF,4980,56.118473052978516,124.92274475097656,-68.80427169799805,-0.5507745753998107,3974
66_20.png,SRF,428,62.525699615478516,129.9352569580078,-67.4095573425293,-0.518793427747748,1174
66_21.png,SRF,4295,55.77625274658203,124.89918518066406,-69.12293243408203,-0.5534298108838512,3809
66_21.png,SRF,509,67.68959045410156,131.1588897705078,-63.46929931640625,-0.4839115322450515,1221
66_21.png,SHRM,446,145.024658203125,124.1094741821289,20.915184020996094,0.16852205811704074,1288
66_22.png,SRF,491,61.19755554199219,137.5929718017578,-76.39541625976562,-0.5552276054465569,1280
66_22.png,SRF,3887,58.84872817993164,125.72108459472656,-66.87235641479492,-0.5319104319722033,3761
66_23.png,SRF,484,64.75619506835938,130.3736572265625,-65.61746215820312,-0.5033030717560797,1587
66_23.png,SRF,3105,58.71626281738281,127.18839263916016,-68.47212982177734,-0.5383520335541641,3429
66_3.png,SRF,260,66.7576904296875,137.2779541015625,-70.520263671875,-0.5137042151699166,975
66_3.png,SRF,1515,54.79471969604492,119.4448471069336,-64.65012741088867,-0.5412550560093256,2194
66_4.png,SRF,215,72.80000305175781,145.60543823242188,-72.80543518066406,-0.5000186535921055,920
66_4.png,SRF,2244,54.00178146362305,122.84115600585938,-68.83937454223633,-0.5603934119518769,2984
66_5.png,SRF,290,74.92069244384766,142.29238891601562,-67.37169647216797,-0.473473648066534,985
66_5.png,SRF,2569,56.00428009033203,122.68287658691406,-66.67859649658203,-0.5435036930304118,3002
66_6.png,SRF,2881,57.926761627197266,120.6819076538086,-62.75514602661133,-0.5200045909667955,3128
66_6.png,SRF,241,72.92530822753906,141.68658447265625,-68.76127624511719,-0.4853054825270861,820
66_7.png,SRF,3077,55.57426071166992,125.37554931640625,-69.80128860473633,-0.5567376492890257,3395
66_7.png,SRF,227,87.13215637207031,141.65367126464844,-54.521514892578125,-0.3848930592890655,898
66_8.png,SRF,3573,55.80408477783203,124.4319076538086,-68.62782287597656,-0.5515291388677509,3936
66_8.png,SRF,260,71.48846435546875,142.26589965820312,-70.77743530273438,-0.49750105592962673,865
66_9.png,SRF,4077,54.73485565185547,124.08460235595703,-69.34974670410156,-0.558890832443178,3676
66_9.png,SRF,330,67.30000305175781,145.32366943359375,-78.02366638183594,-0.5368957905201339,1035
67_1.png,SHRM,1953,95.13619995117188,87.1860580444336,7.950141906738281,0.09118593138694908,2080
67_10.png,SRF,1116,60.689964294433594,118.55923461914062,-57.86927032470703,-0.4881042839944617,2085
67_10.png,SHRM,3296,106.10740661621094,91.84757232666016,14.259834289550781,0.15525542949393392,2985
67_11.png,SRF,1260,65.02063751220703,116.92384338378906,-51.90320587158203,-0.4439060876678141,2311
67_11.png,SHRM,2726,110.21056365966797,88.81147003173828,21.399093627929688,0.240949661347598,2668
67_12.png,SRF,1613,59.72721481323242,122.90797424316406,-63.18075942993164,-0.514049310624332,3173
67_12.png,SHRM,2476,113.50565338134766,87.6631851196289,25.84246826171875,0.29479271402759344,2203
67_13.png,SRF,1790,56.16592025756836,120.84199523925781,-64.67607498168945,-0.5352119091846822,2791
67_13.png,SHRM,2600,121.39884948730469,90.59158325195312,30.807266235351562,0.3400676434771038,2615
67_14.png,SRF,2091,55.6274528503418,123.70040130615234,-68.07294845581055,-0.5503049928458468,2974
67_14.png,SHRM,1935,124.3385009765625,95.74227905273438,28.596221923828125,0.2986791437049192,2138
67_15.png,SRF,2489,59.980716705322266,123.81171417236328,-63.830997467041016,-0.5155489356861606,3431
67_15.png,SHRM,1588,117.45906829833984,98.54402923583984,18.9150390625,0.19194505450179744,2237
67_16.png,SRF,2892,56.44121551513672,123.97813415527344,-67.53691864013672,-0.5447486292667684,3705
67_16.png,SHRM,737,121.08955383300781,105.38844299316406,15.70111083984375,0.14898323187925064,1367
67_17.png,SRF,3913,56.506771087646484,123.5119400024414,-67.00516891479492,-0.5424995260658237,4606
67_17.png,SRF,402,63.3756217956543,115.54888153076172,-52.17325973510742,-0.45152544138835066,1166
67_2.png,SHRM,3308,95.2602767944336,91.78141784667969,3.4788589477539062,0.03790373944282839,3422
67_3.png,SHRM,2665,102.26454162597656,94.89250946044922,7.372032165527344,0.07768824122624741,2484
67_4.png,SRF,72,62.09722137451172,114.7396011352539,-52.64237976074219,-0.4587986993147019,553
67_4.png,SHRM,2796,109.209228515625,89.38941955566406,19.819808959960938,0.2217243277613953,2740
67_5.png,SHRM,3035,114.69719696044922,93.89936828613281,20.797828674316406,0.22149061334407144,3478
67_5.png,SHRM,163,174.44784545898438,114.71965026855469,59.72819519042969,0.5206448507348834,906
67_6.png,SRF,21,62.28571319580078,125.11480712890625,-62.82909393310547,-0.5021715284936052,331
67_6.png,SHRM,3521,101.67623138427734,92.63689422607422,9.039337158203125,0.09757815429501793,3068
67_7.png,SRF,39,82.4102554321289,125.30252075195312,-42.89226531982422,-0.34230967631316106,476
67_7.png,SHRM,4039,100.36717224121094,92.38792419433594,7.979248046875,0.0863667856644428,3230
67_8.png,SHRM,4091,98.66023254394531,96.37431335449219,2.285919189453125,0.023719174849473248,3815
67_9.png,SRF,647,65.82070922851562,134.3411102294922,-68.52040100097656,-0.510047898844401,1199
67_9.png,SHRM,3070,105.5599365234375,90.30952453613281,15.250411987304688,0.16886825687143334,3486
68_1.png,SRF,591,60.63621139526367,124.19242095947266,-63.556209564208984,-0.5117559435043874,1741
68_10.png,SRF,292,60.96232986450195,126.05394744873047,-65.09161758422852,-0.5163790496184424,1038
68_10.png,SRF,150,60.586666107177734,104.47814178466797,-43.891475677490234,-0.4201019938500787,709
68_11.png,SRF,285,61.75438690185547,124.3761978149414,-62.62181091308594,-0.5034870981203378,1042
68_11.png,SHRM,698,110.79083251953125,90.9408950805664,19.849937438964844,0.21827294993500312,1269
68_12.png,SRF,170,53.72352981567383,122.14080047607422,-68.41727066040039,-0.5601508291555894,973
68_12.png,SHRM,115,189.66087341308594,123.96428680419922,65.69658660888672,0.5299638170197684,784
68_13.png,SRF,303,69.39604187011719,121.44186401367188,-52.04582214355469,-0.42856573856355984,1376
68_13.png,SHRM,65,174.56922912597656,122.34935760498047,52.219871520996094,0.42680952759551216,624
68_13.png,SHRM,315,113.54920959472656,104.66256713867188,8.886642456054688,0.08490755290074624,732
68_14.png,SRF,192,65.453125,119.55477905273438,-54.101654052734375,-0.4525260678108961,1150
68_14.png,SHRM,43,187.3488311767578,126.51103210449219,60.837799072265625,0.48088927945838317,544
68_15.png,SRF,476,64.7983169555664,117.44346618652344,-52.64514923095703,-0.4482594982963644,1698
68_15.png,SHRM,62,194.96774291992188,131.939208984375,63.028533935546875,0.4777088965495547,477
68_16.png,SRF,582,55.74055099487305,118.08631896972656,-62.345767974853516,-0.5279677486672856,1703
68_17.png,SRF,793,57.65321731567383,126.23995971679688,-68.58674240112305,-0.543304533326758,1842
68_18.png,SRF,950,54.784210205078125,125.30889892578125,-70.52468872070312,-0.5628067066687253,2046
68_19.png,SRF,989,53.3104133605957,120.9375,-67.6270866394043,-0.5591903804808624,2192
68_2.png,SRF,327,62.04281234741211,123.23487091064453,-61.19205856323242,-0.4965482424824523,1388
68_20.png,SRF,870,52.46781539916992,119.3857192993164,-66.91790390014648,-0.560518496624995,2017
68_4.png,SRF,68,79.52941131591797,125.97235870361328,-46.44294738769531,-0.36867569890443896,832
68_7.png,SRF,35,71.0857162475586,118.60470581054688,-47.51898956298828,-0.4006501195567459,425
68_8.png,SRF,57,77.52631378173828,128.10488891601562,-50.578575134277344,-0.3948215837994769,572
68_8.png,SRF,196,90.15306091308594,117.30724334716797,-27.15418243408203,-0.23147916240534167,856
68_9.png,SRF,151,72.18543243408203,116.41207885742188,-44.226646423339844,-0.3799145832410342,745
68_9.png,SRF,179,85.4245834350586,114.03358459472656,-28.60900115966797,-0.25088224018690525,655
69_1.png,SRF,2406,48.347049713134766,103.36570739746094,-55.01865768432617,-0.5322718633634353,4654
69_10.png,SRF,1456,43.40727996826172,92.81468963623047,-49.40740966796875,-0.532323168472703,2110
69_10.png,SHRM,3847,93.63166046142578,85.76732635498047,7.8643341064453125,0.09169382375166735,4573
69_10.png,SHRM,386,120.37046813964844,98.48881530761719,21.88165283203125,0.2221739876115548,1162
69_11.png,SRF,740,42.355403900146484,93.20315551757812,-50.84775161743164,-0.5455582628620524,1393
69_11.png,SRF,106,57.0,110.02059936523438,-53.020599365234375,-0.48191520198160687,631
69_11.png,SHRM,3720,90.74301147460938,81.5888442993164,9.154167175292969,0.11219876018478751,5127
69_12.png,SRF,353,42.27478790283203,86.51747131347656,-44.24268341064453,-0.5113728214540753,1059
69_12.png,SHRM,3979,86.3794937133789,79.99897766113281,6.380516052246094,0.07975746989259391,4896
69_13.png,SRF,551,45.12522506713867,80.50521850585938,-35.3799934387207,-0.4394745346371013,1534
69_13.png,SRF,165,53.76969528198242,106.44099426269531,-52.67129898071289,-0.4948403511782373,805
69_13.png,SHRM,4636,79.76056671142578,81.8023452758789,-2.041778564453125,-0.024959902525620928,4862
69_14.png,SRF,356,45.08988952636719,79.01116943359375,-33.92127990722656,-0.42932259008944634,1253
69_14.png,SRF,83,58.301204681396484,103.59574127197266,-45.29453659057617,-0.4372239247911091,517
69_14.png,SHRM,4283,84.40275573730469,81.73631286621094,2.66644287109375,0.03262250005647164,4987
69_15.png,SRF,433,40.29792022705078,77.30609130859375,-37.00817108154297,-0.4787225748332324,1297
69_15.png,SRF,337,63.92878341674805,101.9383544921875,-38.00957107543945,-0.3728682031879619,1022
69_15.png,SHRM,3396,92.50677490234375,81.31954193115234,11.187232971191406,0.1375712738355421,4206
69_16.png,SRF,373,37.23860549926758,76.44245910644531,-39.203853607177734,-0.5128544275712897,1121
69_16.png,SRF,457,58.63238525390625,102.1159896850586,-43.483604431152344,-0.42582561815502606,1138
69_16.png,SHRM,3439,92.42570495605469,83.1662826538086,9.259422302246094,0.11133625318796257,3885
69_17.png,SRF,487,47.09856414794922,87.7527847290039,-40.65422058105469,-0.4632812588979609,1347
69_17.png,SRF,686,49.64723205566406,96.01704406738281,-46.36981201171875,-0.4829331340295933,1291
69_17.png,SHRM,1531,89.42520904541016,73.04703521728516,16.378173828125,0.2242140804127999,2615
69_18.png,SRF,443,45.580135345458984,85.02023315429688,-39.44009780883789,-0.4638907274843742,1285
69_18.png,SRF,1135,47.257266998291016,97.49327850341797,-50.23601150512695,-0.5152766660048852,1859
69_18.png,SHRM,2166,83.76084899902344,72.04077911376953,11.720069885253906,0.16268660652246872,3139
69_19.png,SRF,520,47.91538619995117,96.12490844726562,-48.20952224731445,-0.5015299678934136,1401
69_19.png,SRF,1728,48.78645706176758,96.58636474609375,-47.79990768432617,-0.4948929158891379,2362
69_19.png,SHRM,2688,88.09858703613281,71.42193603515625,16.676651000976562,0.23349480463211975,3510
69_2.png,SRF,2345,49.34072494506836,104.0682144165039,-54.72748947143555,-0.5258809308710158,4486
69_20.png,SRF,526,43.60076141357422,100.41741180419922,-56.816650390625,-0.5658047680158299,1114
69_20.png,SRF,1802,45.86737060546875,99.73422241210938,-53.866851806640625,-0.5401039934322515,2171
69_20.png,SHRM,3041,86.34528350830078,66.1944580078125,20.15082550048828,0.3044186191253354,3574
69_21.png,SRF,2645,43.377315521240234,84.22737121582031,-40.85005569458008,-0.48499739579795015,2784
69_21.png,SRF,761,55.10118103027344,107.97313690185547,-52.87195587158203,-0.4896769454761803,1303
69_21.png,SHRM,1760,94.99431610107422,76.44046020507812,18.553855895996094,0.24272297479919563,1814
69_22.png,SRF,3689,40.12849044799805,92.94986724853516,-52.82137680053711,-0.5682781306109885,4807
69_3.png,SRF,2443,48.19647979736328,103.70063018798828,-55.504150390625,-0.5352344560491792,4259
69_4.png,SRF,2396,45.70951461791992,102.61219787597656,-56.90268325805664,-0.5545411211913883,4131
69_4.png,SHRM,1249,95.14571380615234,80.57737731933594,14.568336486816406,0.18079933812043397,1609
69_5.png,SRF,2303,47.996524810791016,101.56051635742188,-53.56399154663086,-0.5274096023510074,3850
69_5.png,SHRM,2151,91.70711517333984,79.34171295166016,12.365402221679688,0.1558499528389745,2666
69_6.png,SRF,2024,43.96936798095703,99.38690948486328,-55.41754150390625,-0.5575939707869314,3515
69_6.png,SHRM,1948,92.27361297607422,86.82039642333984,5.453216552734375,0.06281031620892705,2461
69_7.png,SRF,2071,44.695316314697266,99.29098510742188,-54.59566879272461,-0.5498552434912206,3471
69_7.png,SHRM,1855,95.61833190917969,89.75965118408203,5.858680725097656,0.06527076083531655,2384
69_8.png,SRF,1808,47.38108444213867,98.35151672363281,-50.97043228149414,-0.5182475469567059,3098
69_8.png,SHRM,2079,101.49639129638672,93.14973449707031,8.346656799316406,0.0896047298940924,2865
69_9.png,SRF,1595,43.679622650146484,96.74412536621094,-53.06450271606445,-0.5485036173017889,2298
69_9.png,SHRM,3818,89.15846252441406,83.7371826171875,5.4212799072265625,0.0647416086592077,4193
69_9.png,SHRM,379,117.6094970703125,95.99666595458984,21.612831115722656,0.22514147653780356,1200
6_1.png,SRF,867,87.1614761352539,115.78278350830078,-28.621307373046875,-0.24719830104097415,2288
6_10.png,SHRM,1354,107.36853790283203,100.17181396484375,7.196723937988281,0.07184380169569496,1845
6_11.png,SHRM,1905,118.25564575195312,89.13556671142578,29.120079040527344,0.3266942716009524,1763
6_12.png,SHRM,1138,128.9112548828125,94.82860565185547,34.08264923095703,0.3594131643787399,1762
6_13.png,SHRM,1202,120.3910140991211,92.28189849853516,28.109115600585938,0.3046005344269345,1646
6_14.png,SHRM,771,132.5758819580078,87.87471771240234,44.70116424560547,0.5086919811441567,1788
6_2.png,SRF,1261,81.87152862548828,112.97185516357422,-31.100326538085938,-0.27529269562808495,2416
6_3.png,SRF,929,76.91926574707031,100.38422393798828,-23.46495819091797,-0.23375145287185065,1762
6_3.png,SHRM,750,120.63066864013672,120.71180725097656,-0.08113861083984375,-0.0006721679733544652,1211
6_4.png,SRF,937,74.94023132324219,94.47991180419922,-19.53968048095703,-0.20681306859654136,1892
6_4.png,SHRM,1165,138.7665252685547,102.26863098144531,36.497894287109375,0.3568825937811881,1221
6_5.png,SRF,491,67.00203704833984,86.60391998291016,-19.601882934570312,-0.22633944212269397,1275
6_5.png,SRF,314,73.82484436035156,110.66566467285156,-36.8408203125,-0.33290199287564365,999
6_5.png,SHRM,1399,124.12223052978516,107.51685333251953,16.605377197265625,0.15444441203938364,1335
6_6.png,SRF,951,72.52681732177734,89.40072631835938,-16.87390899658203,-0.1887446522133769,1919
6_6.png,SHRM,1508,128.00132751464844,107.46646118164062,20.534866333007812,0.1910816277675658,1312
6_6.png,SHRM,384,114.11458587646484,110.9786605834961,3.13592529296875,0.028257011541506217,1312
6_7.png,SRF,795,80.02264404296875,87.00896453857422,-6.986320495605469,-0.08029426085754854,1785
6_7.png,SHRM,1610,120.97018432617188,111.94619750976562,9.02398681640625,0.08061003425881476,1394
6_8.png,SRF,648,73.13888549804688,91.81450653076172,-18.675621032714844,-0.2034059947428648,1310
6_8.png,SHRM,1815,119.08980560302734,105.5274887084961,13.56231689453125,0.12851928024171144,1746
6_9.png,SRF,631,66.60697174072266,91.67304229736328,-25.066070556640625,-0.2734290248089823,1150
6_9.png,SHRM,1724,120.77552032470703,101.4859390258789,19.289581298828125,0.1900714668847798,1636
70_1.png,SRF,2732,70.42276763916016,131.98760986328125,-61.564842224121094,-0.4664441025024451,3713
70_10.png,SRF,13106,60.34053039550781,114.24404907226562,-53.90351867675781,-0.4718278029751981,7605
70_11.png,SRF,14628,54.99986267089844,110.96512603759766,-55.96526336669922,-0.504350018471,6824
70_12.png,SRF,13430,50.63752746582031,106.87760925292969,-56.240081787109375,-0.5262101405544655,6700
70_13.png,SRF,14119,51.40484619140625,102.81391906738281,-51.40907287597656,-0.5000205550211909,6653
70_2.png,SRF,2894,69.54112243652344,130.06820678710938,-60.52708435058594,-0.4653488031064681,3871
70_3.png,SRF,3402,71.161376953125,128.3268585205078,-57.16548156738281,-0.44546778613961974,3549
70_4.png,SRF,3729,69.75623321533203,123.82463836669922,-54.06840515136719,-0.4366530430821599,3832
70_4.png,SRF,188,71.63298034667969,135.9331817626953,-64.30020141601562,-0.4730280023038627,868
70_5.png,SRF,4169,70.30535125732422,121.45349884033203,-51.14814758300781,-0.4211335866927091,3828
70_5.png,SRF,1766,63.46885681152344,123.43196105957031,-59.963104248046875,-0.4857988460469139,2359
70_5.png,SRF,249,65.64257049560547,140.96009826660156,-75.3175277709961,-0.5343180708383592,852
70_6.png,SRF,4510,68.2594223022461,118.83794403076172,-50.578521728515625,-0.4256091952871816,4122
70_6.png,SRF,467,72.9122085571289,134.3439178466797,-61.43170928955078,-0.45727197981273604,1323
70_6.png,SRF,2275,59.92219924926758,120.36959075927734,-60.447391510009766,-0.5021815819819164,2289
70_7.png,SRF,3651,63.789920806884766,122.29621124267578,-58.506290435791016,-0.4783982254339454,2640
70_7.png,SRF,5686,66.30900573730469,119.3139877319336,-53.004981994628906,-0.4442478455561877,4739
70_8.png,SRF,10197,62.91889953613281,117.77758026123047,-54.858680725097656,-0.4657820325686875,7450
70_9.png,SRF,12718,63.701133728027344,116.91130828857422,-53.210174560546875,-0.45513282965927704,7351
71_1.png,SRF,3330,55.6435432434082,124.8461685180664,-69.2026252746582,-0.5543031564051879,5350
71_1.png,SHRM,1197,143.23976135253906,111.84513092041016,31.394630432128906,0.2806973372356242,1950
71_10.png,SRF,3736,62.777034759521484,132.7802734375,-70.00323867797852,-0.5272111351007965,3641
71_10.png,SHRM,7336,108.67884063720703,99.12281799316406,9.556022644042969,0.09640588148635962,4576
71_11.png,SRF,3115,54.73065948486328,137.03878784179688,-82.3081283569336,-0.6006192090078426,2862
71_11.png,SHRM,9635,104.09849548339844,101.26508331298828,2.8334121704101562,0.02798014950180505,5221
71_12.png,SRF,5360,67.13208770751953,131.26806640625,-64.13597869873047,-0.4885878222677682,4234
71_12.png,SHRM,7512,110.26184844970703,94.64232635498047,15.619522094726562,0.16503738545205993,4574
71_13.png,SRF,4830,72.0211181640625,133.8428955078125,-61.82177734375,-0.4618980866275522,3679
71_13.png,SHRM,10176,105.73358917236328,95.48806762695312,10.245521545410156,0.1072963544035337,5028
71_14.png,SRF,5811,63.92841339111328,129.49652099609375,-65.56810760498047,-0.5063310357732184,4733
71_14.png,SHRM,8746,114.27726745605469,100.98511505126953,13.292152404785156,0.1316248676652674,5307
71_15.png,SRF,6815,66.31739044189453,127.33385467529297,-61.01646423339844,-0.47918492995435624,4481
71_15.png,SRF,402,64.83582305908203,132.0272979736328,-67.19147491455078,-0.5089210787906119,989
71_15.png,SHRM,8465,115.00650024414062,90.36744689941406,24.639053344726562,0.2726540827489763,4202
71_16.png,SRF,6775,63.17889404296875,127.03673553466797,-63.85784149169922,-0.5026722484873094,4709
71_16.png,SRF,770,85.14155578613281,127.32334899902344,-42.181793212890625,-0.33129660462523775,1302
71_16.png,SHRM,8371,111.20881652832031,87.64094543457031,23.56787109375,0.2689139303197608,4484
71_17.png,SRF,6016,60.890625,131.72837829589844,-70.83775329589844,-0.5377562087402095,4499
71_17.png,SRF,529,68.1587905883789,125.74373626708984,-57.58494567871094,-0.45795478477270524,878
71_17.png,SHRM,9725,106.1557846069336,84.76892852783203,21.386856079101562,0.2522959349672522,3804
71_18.png,SRF,7028,61.24317169189453,127.4027328491211,-66.15956115722656,-0.5192946782042516,4323
71_18.png,SRF,1131,65.68081665039062,121.1644058227539,-55.48358917236328,-0.45791987172806997,1107
71_18.png,SHRM,7449,107.88374328613281,82.61192321777344,25.271820068359375,0.3059100803371964,3203
71_19.png,SRF,10623,62.11296081542969,126.44547271728516,-64.33251190185547,-0.5087767123595971,7538
71_19.png,SHRM,4329,113.84153747558594,83.03642272949219,30.80511474609375,0.37098316297232115,2169
71_2.png,SRF,3088,55.188148498535156,122.96119689941406,-67.7730484008789,-0.5511742737533637,4149
71_2.png,SRF,153,66.90196228027344,131.11070251464844,-64.208740234375,-0.48972920595251357,822
71_2.png,SHRM,638,147.78370666503906,123.85342407226562,23.930282592773438,0.1932145418830784,1460
71_20.png,SRF,14495,72.18026733398438,124.19754028320312,-52.01727294921875,-0.4188269174301331,8616
71_21.png,SRF,14766,69.05282592773438,122.49302673339844,-53.44020080566406,-0.4362713717734699,8320
71_22.png,SRF,14207,61.66579818725586,122.84252166748047,-61.17672348022461,-0.49800934277320064,8236
71_23.png,SRF,13851,58.610496520996094,121.82097625732422,-63.210479736328125,-0.5188800950240926,8189
71_24.png,SRF,12456,50.72374725341797,121.45332336425781,-70.72957611083984,-0.5823601541038989,8098
71_3.png,SRF,3613,59.78245162963867,125.81513977050781,-66.03268814086914,-0.5248389681982278,5166
71_4.png,SRF,3741,58.49826431274414,128.72666931152344,-70.2284049987793,-0.5455622007031339,4800
71_4.png,SHRM,304,147.96710205078125,126.55101776123047,21.41608428955078,0.16922885859327877,980
71_5.png,SRF,3975,60.77484130859375,126.6771240234375,-65.90228271484375,-0.5202382294584669,5005
71_6.png,SRF,4325,61.21271514892578,121.84900665283203,-60.63629150390625,-0.49763468057371263,6444
71_7.png,SRF,5103,65.87399291992188,125.10785675048828,-59.233863830566406,-0.4734623817327542,6490
71_7.png,SHRM,401,146.47381591796875,126.2457504272461,20.228065490722656,0.16022769417795055,1294
71_8.png,SRF,5464,69.78788757324219,129.56346130371094,-59.77557373046875,-0.4613613524136119,5468
71_8.png,SHRM,4603,115.9939193725586,97.40357208251953,18.590347290039062,0.1908589889731094,3749
71_9.png,SRF,4291,62.40782928466797,126.88763427734375,-64.47980499267578,-0.5081646084735058,5393
71_9.png,SHRM,5262,118.10965728759766,102.02029418945312,16.08936309814453,0.15770747600733592,4188
72_1.png,SHRM,1651,186.2126007080078,132.80078125,53.41181945800781,0.40219506960172957,2816
72_10.png,SHRM,7155,168.95164489746094,139.16888427734375,29.782760620117188,0.2140044505980546,6685
72_11.png,SHRM,7913,164.77859497070312,136.5844268798828,28.194168090820312,0.20642300688946966,6521
72_12.png,SHRM,9530,169.06768798828125,139.1699981689453,29.897689819335938,0.21482855653300836,7200
72_2.png,SHRM,2499,174.1260528564453,125.03192901611328,49.09412384033203,0.3926526946089515,3069
72_2.png,SHRM,378,158.10581970214844,134.8084716796875,23.297348022460938,0.17281813028647594,1133
72_3.png,SHRM,4090,162.45599365234375,125.56421661376953,36.89177703857422,0.2938080452654106,4119
72_4.png,SHRM,3941,157.88429260253906,124.77426147460938,33.11003112792969,0.2653594638559919,3947
72_5.png,SHRM,4468,157.48411560058594,127.20677185058594,30.27734375,0.23801676050362358,4459
72_6.png,SHRM,5505,154.2601318359375,129.55020141601562,24.709930419921875,0.1907363334818182,4960
72_7.png,SHRM,5039,160.68109130859375,139.0079803466797,21.673110961914062,0.15591271024773032,4761
72_8.png,SHRM,5464,162.9822540283203,144.1707305908203,18.8115234375,0.13048087750134335,4721
72_9.png,SHRM,5615,165.58201599121094,143.3850555419922,22.19696044921875,0.15480665237611238,5207
73_1.png,SHRM,229,93.37991333007812,70.90357208251953,22.476341247558594,0.3169987151197405,840
74_1.png,SRF,72,73.90277862548828,114.44902038574219,-40.546241760253906,-0.3542733841110716,510
74_10.png,SRF,5978,53.024757385253906,112.31289672851562,-59.28813934326172,-0.5278836275283139,4551
74_11.png,SRF,7302,53.38852310180664,108.78914642333984,-55.4006233215332,-0.5092477066227578,4624
74_11.png,SHRM,162,133.8148193359375,90.05915069580078,43.75566864013672,0.48585477768864777,541
74_12.png,SRF,7962,51.89324188232422,105.55957794189453,-53.66633605957031,-0.5083985471134703,4859
74_12.png,SHRM,675,119.18962860107422,103.65970611572266,15.529922485351562,0.1498163854334529,479
74_13.png,SRF,7954,53.43814468383789,101.6798095703125,-48.24166488647461,-0.4744468453505026,5122
74_13.png,SHRM,1354,124.19719696044922,101.11166381835938,23.085533142089844,0.22831721158858118,403
74_14.png,SRF,5805,53.245479583740234,108.84075164794922,-55.595272064208984,-0.510794635487585,2606
74_14.png,SRF,1301,58.493465423583984,113.38780212402344,-54.89433670043945,-0.4841291185836383,2344
74_15.png,SRF,6067,53.2239990234375,105.16487884521484,-51.940879821777344,-0.4938994880432055,2802
74_15.png,SRF,1302,53.37327194213867,110.66607666015625,-57.29280471801758,-0.517708826833698,2258
74_16.png,SRF,5727,55.063209533691406,106.40837860107422,-51.34516906738281,-0.48252938107323506,2865
74_16.png,SRF,1469,53.71477127075195,110.41963195800781,-56.70486068725586,-0.5135396639324111,2109
74_16.png,SHRM,396,159.36363220214844,118.84236145019531,40.521270751953125,0.34096655651642244,1015
74_17.png,SRF,5104,56.44337844848633,102.48007202148438,-46.03669357299805,-0.449225812051993,3864
74_17.png,SRF,1537,51.30253601074219,110.8338394165039,-59.53130340576172,-0.5371220894193539,1986
74_18.png,SRF,3565,53.755401611328125,101.65335845947266,-47.89795684814453,-0.47118912325204265,2354
74_18.png,SRF,1925,50.52103805541992,105.62650299072266,-55.105464935302734,-0.5217011202211507,2332
74_19.png,SRF,3107,54.11039733886719,104.27964782714844,-50.16925048828125,-0.48110299117466004,2049
74_19.png,SRF,2302,55.970027923583984,108.5152359008789,-52.54520797729492,-0.48421963552925695,2626
74_20.png,SRF,2606,56.6147346496582,105.68924713134766,-49.07451248168945,-0.4643283381581952,1934
74_20.png,SRF,2572,54.71695327758789,101.34964752197266,-46.632694244384766,-0.4601169849581842,2554
74_21.png,SRF,2560,54.16093826293945,106.66851806640625,-52.5075798034668,-0.4922500167366938,1979
74_21.png,SRF,3073,54.301334381103516,105.92198944091797,-51.62065505981445,-0.48734597350635905,2538
74_22.png,SRF,3135,51.39808654785156,101.43780517578125,-50.03971862792969,-0.4933044296573257,2846
74_22.png,SRF,2219,50.786842346191406,101.73707580566406,-50.950233459472656,-0.5008030067307683,2012
74_23.png,SRF,2512,51.158042907714844,103.78287506103516,-52.62483215332031,-0.5070666246466137,2593
74_23.png,SRF,3242,46.968231201171875,100.99131774902344,-54.02308654785156,-0.5349280289827087,2649
74_24.png,SRF,2781,54.91477966308594,105.87928009033203,-50.964500427246094,-0.481345362225406,2543
74_24.png,SRF,3394,48.425750732421875,102.70284271240234,-54.27709197998047,-0.5284867540811117,2571
74_24.png,SHRM,943,150.22799682617188,110.74547576904297,39.482521057128906,0.35651588277492036,994
74_25.png,SRF,2885,53.48734664916992,102.28850555419922,-48.8011589050293,-0.4770932827752695,3324
74_25.png,SRF,3250,49.27692413330078,105.59514617919922,-56.31822204589844,-0.5333410112461433,2349
74_25.png,SHRM,1336,134.0771026611328,107.46129608154297,26.615806579589844,0.24767807154860144,956
74_26.png,SRF,3263,54.35243606567383,99.96051788330078,-45.60808181762695,-0.4562609596608158,3318
74_26.png,SRF,3079,46.68366241455078,99.51370239257812,-52.830039978027344,-0.5308820665682266,2445
74_27.png,SRF,3268,51.58139419555664,102.63867950439453,-51.05728530883789,-0.49744682565457055,3025
74_27.png,SRF,3422,47.30683898925781,103.28914642333984,-55.98230743408203,-0.5419960312638611,2497
74_27.png,SHRM,626,156.08306884765625,120.53646087646484,35.546607971191406,0.2949033654441069,1344
74_28.png,SRF,4162,51.74411392211914,100.98562622070312,-49.241512298583984,-0.487609119648049,3618
74_28.png,SRF,3424,48.45268630981445,102.4433822631836,-53.99069595336914,-0.5270296114849429,2711
74_29.png,SRF,4094,50.73497772216797,103.74943542480469,-53.01445770263672,-0.5109855054687062,3113
74_29.png,SRF,3291,50.276206970214844,105.54450988769531,-55.26830291748047,-0.5236492450084683,2404
74_3.png,SRF,99,74.8484878540039,108.0986328125,-33.250144958496094,-0.30759080011834533,730
74_30.png,SRF,4953,50.95235061645508,100.81396484375,-49.86161422729492,-0.4945903506976902,3408
74_30.png,SRF,3178,45.615482330322266,100.83775329589844,-55.22227096557617,-0.5476348803957568,2527
74_31.png,SRF,5365,50.49245071411133,97.97325897216797,-47.48080825805664,-0.4846302833668612,3478
74_31.png,SRF,3365,50.691532135009766,105.36125946044922,-54.66972732543945,-0.518878832745555,2638
74_32.png,SRF,5773,49.498008728027344,98.34522247314453,-48.84721374511719,-0.49669127301487437,3812
74_32.png,SRF,3400,47.26441192626953,102.44229888916016,-55.177886962890625,-0.5386240601901333,2747
74_33.png,SRF,7833,47.62989807128906,93.95863342285156,-46.3287353515625,-0.4930758746039291,4206
74_33.png,SRF,3196,43.56508255004883,95.71675109863281,-52.151668548583984,-0.5448541446506421,2549
74_33.png,SHRM,557,115.33931732177734,82.57213592529297,32.767181396484375,0.39683097729396805,804
74_34.png,SRF,12299,45.36075973510742,100.49124908447266,-55.130489349365234,-0.5486098526153527,6455
74_34.png,SHRM,318,127.35220336914062,93.29191589355469,34.06028747558594,0.36509366486211353,507
74_4.png,SRF,84,73.78571319580078,123.03247833251953,-49.24676513671875,-0.4002745112848955,585
74_4.png,SRF,696,69.44396209716797,120.66922760009766,-51.22526550292969,-0.42450976542828417,2083
74_5.png,SRF,1204,63.16694259643555,114.50055694580078,-51.333614349365234,-0.44832632887248025,2679
74_6.png,SRF,2176,55.61121368408203,115.47887420654297,-59.86766052246094,-0.518429547688376,3195
74_7.png,SRF,2920,55.98424530029297,113.72779846191406,-57.743553161621094,-0.5077347310205661,3795
74_8.png,SRF,3841,55.520957946777344,113.27025604248047,-57.749298095703125,-0.5098363870038842,3789
74_9.png,SRF,4691,54.5655517578125,116.54137420654297,-61.97582244873047,-0.5317924459934072,4592
75_10.png,SRF,900,71.08555603027344,88.02552032470703,-16.939964294433594,-0.1924437848472323,1920
75_10.png,SHRM,7579,73.61050415039062,74.6211166381836,-1.0106124877929688,-0.013543250668482209,3703
75_11.png,SRF,4341,56.272979736328125,86.68974304199219,-30.416763305664062,-0.35086922902667156,4016
75_11.png,SHRM,3831,83.61942291259766,67.73401641845703,15.885406494140625,0.23452627400686615,2346
75_12.png,SRF,7058,55.6260986328125,83.47315979003906,-27.847061157226562,-0.333604972272172,3986
75_12.png,SHRM,3048,87.31857299804688,69.55782318115234,17.76074981689453,0.2553379189374496,2698
75_13.png,SRF,7992,57.65290451049805,84.25321960449219,-26.60031509399414,-0.3157186778008407,4344
75_13.png,SHRM,2507,93.71798706054688,76.3829116821289,17.33507537841797,0.22694965400846073,2306
75_14.png,SRF,8153,58.28075408935547,80.41695404052734,-22.136199951171875,-0.2752678239966164,4293
75_14.png,SHRM,2031,98.24815368652344,73.15138244628906,25.096771240234375,0.3430799309727539,1810
75_15.png,SRF,6675,57.1818733215332,86.05537414550781,-28.87350082397461,-0.33552234373129897,3431
75_15.png,SHRM,3731,95.31278228759766,75.93885040283203,19.373931884765625,0.2551254302901997,2551
75_16.png,SRF,336,54.55952453613281,95.4970474243164,-40.937522888183594,-0.42867841459315814,678
75_16.png,SHRM,7613,86.32601928710938,77.4273452758789,8.898674011230469,0.11492934414222633,4556
75_17.png,SRF,360,59.82222366333008,92.39771270751953,-32.57548904418945,-0.352557310020277,963
75_17.png,SHRM,7517,83.35865020751953,75.1375503540039,8.221099853515625,0.10941399892307697,4144
75_18.png,SRF,253,54.60869598388672,96.63479614257812,-42.026100158691406,-0.43489614337970695,1161
75_18.png,SHRM,6538,84.780517578125,77.5091552734375,7.2713623046875,0.09381294737422337,3223
75_19.png,SRF,214,64.25233459472656,93.7425537109375,-29.490219116210938,-0.31458732399318173,571
75_19.png,SHRM,6899,84.9743423461914,76.68767547607422,8.286666870117188,0.1080573484418959,3887
75_2.png,SRF,485,57.03092956542969,92.48958587646484,-35.458656311035156,-0.38337998786583455,1728
75_20.png,SRF,57,33.26315689086914,80.97916412353516,-47.716007232666016,-0.5892380805496387,672
75_20.png,SHRM,5640,82.97109985351562,76.72236633300781,6.2487335205078125,0.08144604786283106,3908
75_21.png,SRF,162,75.93209838867188,93.53233337402344,-17.600234985351562,-0.18817273503666962,665
75_21.png,SHRM,3554,82.34046173095703,75.87376403808594,6.466697692871094,0.08522969401682828,3137
75_22.png,SRF,84,60.85714340209961,99.03890991210938,-38.181766510009766,-0.3855228873570359,514
75_22.png,SHRM,2794,83.17144012451172,77.71218872070312,5.459251403808594,0.07024961584120468,2658
75_3.png,SRF,621,50.008052825927734,88.34261322021484,-38.33456039428711,-0.43393056869088936,1760
75_4.png,SRF,809,52.419036865234375,89.09528350830078,-36.676246643066406,-0.4116519438388607,2120
75_5.png,SRF,1580,54.431644439697266,83.12299346923828,-28.691349029541016,-0.3451674179679171,2992
75_5.png,SHRM,707,109.19943237304688,89.4739990234375,19.725433349609375,0.22045994998437865,1654
75_6.png,SRF,2271,60.81637954711914,87.75534057617188,-26.938961029052734,-0.3069780238123473,3699
75_7.png,SRF,2149,56.479759216308594,90.42607879638672,-33.946319580078125,-0.37540408731551195,2293
75_7.png,SHRM,2935,82.33219909667969,73.34672546386719,8.9854736328125,0.12250681371234515,2688
75_8.png,SRF,4,63.5,90.15217590332031,-26.652175903320312,-0.2956354146338326,138
75_8.png,SRF,1,160.0,72.34751892089844,87.65248107910156,1.2115478510733297,141
75_8.png,SRF,78,103.17948913574219,94.54723358154297,8.632255554199219,0.09130098499131935,614
75_8.png,SRF,4,72.0,100.37179565429688,-28.371795654296875,-0.28266701287297624,156
75_8.png,SRF,14,76.42857360839844,110.2239990234375,-33.79542541503906,-0.3066067799613491,250
75_8.png,SRF,18,78.77777862548828,126.20318603515625,-47.42540740966797,-0.37578613424590357,251
75_8.png,SHRM,6212,69.9207992553711,82.34247589111328,-12.421676635742188,-0.15085381513385832,4374
75_9.png,SRF,1178,59.66893005371094,89.30289459228516,-29.63396453857422,-0.3318365510308362,1763
75_9.png,SHRM,6385,73.19154357910156,77.91871643066406,-4.7271728515625,-0.060668002093809806,3531
76_1.png,SRF,246,85.5406494140625,77.32086944580078,8.219779968261719,0.10630739187462832,1150
76_1.png,SHRM,1561,105.48686981201172,82.25386047363281,23.233009338378906,0.2824549413802462,3691
76_10.png,SRF,43,62.79069900512695,99.69464111328125,-36.9039421081543,-0.37016976736212936,560
76_10.png,SHRM,4344,92.65676879882812,69.55010986328125,23.106658935546875,0.3322303729062254,4161
76_2.png,SRF,233,82.66952514648438,79.1966323852539,3.4728927612304688,0.04385152065982426,1424
76_2.png,SHRM,2127,114.43206024169922,79.4586181640625,34.97344207763672,0.4401466182739947,3685
76_3.png,SRF,145,81.32413482666016,88.99256134033203,-7.668426513671875,-0.08616929772754492,1344
76_3.png,SHRM,2027,126.880615234375,85.16748809814453,41.71312713623047,0.4897775908121357,3863
76_3.png,SHRM,410,85.98292541503906,81.2981948852539,4.684730529785156,0.05762404117824867,1328
76_4.png,SHRM,395,128.32911682128906,105.34101867675781,22.98809814453125,0.21822551588447178,1648
76_4.png,SHRM,934,101.20021057128906,82.13225555419922,19.067955017089844,0.2321615897241111,2480
76_4.png,SHRM,553,85.79566192626953,79.55638885498047,6.2392730712890625,0.07842579535205318,1472
76_5.png,SHRM,624,123.0,103.31803894042969,19.681961059570312,0.19049878667285183,1918
76_5.png,SHRM,2136,98.90261840820312,77.9395523071289,20.96306610107422,0.26896569816653654,3689
76_6.png,SHRM,895,118.029052734375,96.14607238769531,21.882980346679688,0.22760139653380423,2177
76_6.png,SHRM,2493,100.97151947021484,72.79405975341797,28.177459716796875,0.3870846029503641,3705
76_7.png,SHRM,4269,92.28109741210938,67.04747772216797,25.233619689941406,0.3763544960558358,4486
76_8.png,SHRM,677,116.25701904296875,88.51261901855469,27.744400024414062,0.3134513511412206,2259
76_8.png,SHRM,3999,92.60540008544922,64.74736022949219,27.85803985595703,0.4302575387972002,4445
76_9.png,SHRM,2959,99.61236572265625,70.05245971679688,29.559906005859375,0.4219681382404282,3736
77_1.png,SRF,2406,58.18412399291992,93.27348327636719,-35.089359283447266,-0.37619865851346307,2779
77_1.png,SRF,211,102.96208190917969,108.71174621582031,-5.749664306640625,-0.052889080589562855,843
77_10.png,SRF,3713,53.3681640625,61.83206558227539,-8.46390151977539,-0.13688531088312259,1578
77_10.png,SRF,2293,54.16353988647461,83.06253814697266,-28.898998260498047,-0.34791855516579007,1631
77_10.png,SRF,110,73.20909118652344,117.82059478759766,-44.61150360107422,-0.3786392666027369,301
77_10.png,SHRM,3050,125.19278717041016,84.88623046875,40.306556701660156,0.47483032853601154,2839
77_11.png,SRF,6555,42.21632385253906,71.88136291503906,-29.6650390625,-0.41269444344791995,3633
77_11.png,SHRM,3161,122.34925842285156,77.26976013183594,45.079498291015625,0.5834041443134027,2239
77_2.png,SRF,2701,63.027767181396484,95.3867416381836,-32.35897445678711,-0.33923975073527113,3077
77_2.png,SRF,185,95.654052734375,113.16981506347656,-17.515762329101562,-0.15477415350795645,901
77_3.png,SRF,3122,65.4333724975586,93.06230163574219,-27.628929138183594,-0.29688637238230764,3162
77_3.png,SRF,206,98.60679626464844,109.15831756591797,-10.551521301269531,-0.09666254974017653,878
77_4.png,SRF,3400,66.6932373046875,89.6307144165039,-22.937477111816406,-0.25591090354617185,3301
77_4.png,SRF,200,93.7699966430664,103.22222137451172,-9.452224731445312,-0.09157160740758206,828
77_5.png,SRF,3508,59.14081954956055,89.58876037597656,-30.447940826416016,-0.3398634013757456,3042
77_5.png,SRF,122,64.91802978515625,112.041015625,-47.12298583984375,-0.420586921467794,707
77_5.png,SHRM,851,139.9412384033203,82.71839904785156,57.22283935546875,0.691778854694299,1076
77_6.png,SRF,2282,48.450042724609375,72.5614013671875,-24.111358642578125,-0.33228904332436665,2451
77_6.png,SRF,217,67.14286041259766,109.7227554321289,-42.57989501953125,-0.3880680434230423,624
77_6.png,SHRM,3859,111.24151611328125,80.36788177490234,30.873634338378906,0.3841538890480036,2634
77_7.png,SRF,3013,51.13309097290039,72.39966583251953,-21.26657485961914,-0.2937385775897725,2412
77_7.png,SRF,240,65.82917022705078,103.76825714111328,-37.9390869140625,-0.36561360823926686,630
77_7.png,SHRM,3562,113.80291748046875,85.31929779052734,28.483619689941406,0.33384732912210896,2803
77_8.png,SRF,2387,52.65940475463867,68.39566040039062,-15.736255645751953,-0.23007681413749576,1658
77_8.png,SRF,1256,57.899681091308594,86.24889373779297,-28.349212646484375,-0.3286907393000239,1358
77_8.png,SHRM,3863,114.28759765625,85.96157836914062,28.326019287109375,0.3295195344770233,2993
77_9.png,SRF,136,37.57352828979492,70.6736068725586,-33.10007858276367,-0.46835134143430696,913
77_9.png,SRF,2335,49.49507522583008,67.2637710571289,-17.768695831298828,-0.2641644313430985,1543
77_9.png,SRF,1373,53.38965606689453,79.15727996826172,-25.767623901367188,-0.3255243726375991,1278
77_9.png,SRF,191,63.450260162353516,101.23017883300781,-37.7799186706543,-0.373208060147529,391
77_9.png,SHRM,4445,109.83059692382812,81.4620132446289,28.36858367919922,0.34824309576058343,3554
78_1.png,SRF,6486,47.29262924194336,109.55146789550781,-62.25883865356445,-0.5683067497821943,5052
78_1.png,SHRM,341,85.96480560302734,95.08357238769531,-9.118766784667969,-0.09590265232659707,694
78_10.png,SRF,4487,51.40316390991211,118.09735107421875,-66.69418716430664,-0.5647390611021615,3431
78_10.png,SRF,368,70.32608795166016,109.56047058105469,-39.23438262939453,-0.35810710214473085,1108
78_10.png,SHRM,448,115.36607360839844,97.64730072021484,17.718772888183594,0.18145686319535376,740
78_11.png,SRF,4326,57.34442901611328,111.37096405029297,-54.02653503417969,-0.4851043132730929,2728
78_11.png,SRF,347,67.40057373046875,106.75021362304688,-39.349639892578125,-0.3686141559540891,1177
78_11.png,SHRM,807,98.08798217773438,99.25902557373047,-1.1710433959960938,-0.011797853033790186,1274
78_12.png,SRF,4315,52.82155227661133,115.2479019165039,-62.42634963989258,-0.5416701614674072,3578
78_12.png,SRF,253,61.181819915771484,107.23707580566406,-46.05525588989258,-0.4294713889192046,1219
78_13.png,SRF,3943,50.65381622314453,114.17607879638672,-63.52226257324219,-0.55635351330048,3453
78_13.png,SRF,282,69.2127685546875,102.44552612304688,-33.232757568359375,-0.3243944252718626,1028
78_14.png,SRF,3790,53.03614807128906,111.05905151367188,-58.02290344238281,-0.5224509182418141,3912
78_15.png,SRF,3536,53.624717712402344,112.79095458984375,-59.166236877441406,-0.5245654413742237,4310
78_16.png,SRF,2729,53.4202995300293,112.2069091796875,-58.7866096496582,-0.5239125654510068,2895
78_16.png,SRF,430,76.41162872314453,114.80134582519531,-38.38971710205078,-0.3344012809789329,1490
78_17.png,SRF,2340,50.58461380004883,109.49410247802734,-58.909488677978516,-0.5380151747424035,2712
78_17.png,SRF,233,71.72103118896484,111.55719757080078,-39.83616638183594,-0.3570918528726356,1014
78_18.png,SRF,2042,52.47698211669922,116.67552947998047,-64.19854736328125,-0.5502314636960497,2595
78_18.png,SRF,142,77.33098602294922,113.5767822265625,-36.24579620361328,-0.31913033186052336,827
78_19.png,SRF,1889,56.1715202331543,116.4971694946289,-60.32564926147461,-0.5178293131341352,3182
78_2.png,SRF,5848,48.41501235961914,105.87065887451172,-57.45564651489258,-0.5426965990926215,5072
78_2.png,SHRM,1266,73.24249267578125,87.1450424194336,-13.902549743652344,-0.1595334554631192,979
78_3.png,SRF,6609,53.68482208251953,108.78276062011719,-55.097938537597656,-0.506495130510674,4571
78_3.png,SHRM,1040,86.5173110961914,98.7934799194336,-12.276168823242188,-0.12426092119898442,736
78_4.png,SRF,5905,51.811683654785156,111.79933166503906,-59.987648010253906,-0.5365653543438197,4789
78_4.png,SHRM,1257,98.8233871459961,93.67854309082031,5.144844055175781,0.054920197148966246,1151
78_5.png,SRF,5873,56.48595428466797,108.87931823730469,-52.39336395263672,-0.4812058414844619,4400
78_5.png,SHRM,1682,102.16111755371094,85.32612609863281,16.834991455078125,0.19730172017440123,1064
78_6.png,SRF,5386,51.84886932373047,112.31375885009766,-60.46488952636719,-0.5383569221208966,4172
78_6.png,SHRM,1506,108.28950500488281,98.64391326904297,9.645591735839844,0.09778192506954082,1963
78_7.png,SRF,5402,53.233985900878906,113.5521011352539,-60.318115234375,-0.5311932992109853,4242
78_7.png,SHRM,1346,113.07949829101562,84.1929931640625,28.886505126953125,0.3430986836477413,1798
78_8.png,SRF,5315,54.52229690551758,111.70924377441406,-57.186946868896484,-0.5119267209827322,3852
78_8.png,SHRM,1489,103.85426330566406,92.44709777832031,11.40716552734375,0.12339127783867364,1635
78_9.png,SRF,5648,56.11402130126953,117.58383178710938,-61.469810485839844,-0.5227743436455924,4873
79_1.png,SRF,707,59.731258392333984,128.4029998779297,-68.6717414855957,-0.5348141519347728,1665
79_10.png,SRF,2161,58.0462760925293,124.68891143798828,-66.64263534545898,-0.5344712258443484,3102
79_11.png,SRF,2347,55.74861526489258,123.0844955444336,-67.33588027954102,-0.5470703680564927,3089
79_12.png,SRF,2951,52.23483657836914,131.93154907226562,-79.69671249389648,-0.6040762278190377,3389
79_13.png,SRF,2776,51.413543701171875,138.9684600830078,-87.55491638183594,-0.6300344432797065,3393
79_14.png,SRF,2787,50.833152770996094,128.83277893066406,-77.99962615966797,-0.6054330800521367,2709
79_14.png,SHRM,870,155.91378784179688,102.00759887695312,53.90618896484375,0.5284526795878041,2237
79_15.png,SRF,2562,53.178375244140625,133.60568237304688,-80.42730712890625,-0.6019751982130617,2323
79_15.png,SHRM,1409,143.87083435058594,101.70977783203125,42.16105651855469,0.41452314042197225,1871
79_2.png,SRF,29,43.72413635253906,108.0234375,-64.29930114746094,-0.5952347253109858,512
79_2.png,SRF,820,67.0207290649414,126.53496551513672,-59.51423645019531,-0.47033826743388124,2002
79_3.png,SRF,60,69.21666717529297,117.72532653808594,-48.50865936279297,-0.4120494781307714,608
79_3.png,SRF,525,62.657142639160156,126.67111206054688,-64.01396942138672,-0.5053557072333036,1125
79_3.png,SRF,226,66.70796203613281,129.35215759277344,-62.644195556640625,-0.4842918488755103,744
79_4.png,SRF,518,60.48262405395508,125.35935974121094,-64.87673568725586,-0.5175260612465311,1127
79_4.png,SRF,266,67.91728973388672,127.31322479248047,-59.39593505859375,-0.46653389822941527,862
79_5.png,SRF,601,60.490848541259766,123.01693725585938,-62.52608871459961,-0.5082721949462407,1240
79_5.png,SRF,239,71.93724060058594,126.94214630126953,-55.004905700683594,-0.43330688272862056,847
79_6.png,SRF,633,59.26698303222656,120.41728973388672,-61.150306701660156,-0.5078199886145736,1203
79_6.png,SRF,184,77.1793441772461,132.0801544189453,-54.90081024169922,-0.41566282598034543,811
79_7.png,SRF,722,58.88642501831055,120.3414306640625,-61.45500564575195,-0.5106720545587151,1441
79_7.png,SRF,186,88.19355010986328,134.03260803222656,-45.83905792236328,-0.34199929849415317,920
79_8.png,SRF,788,56.23096466064453,123.39752197265625,-67.16655731201172,-0.5443104224321069,1532
79_8.png,SRF,489,74.7852783203125,126.79277801513672,-52.00749969482422,-0.41017714501543207,1274
79_9.png,SRF,1749,63.090335845947266,121.34308624267578,-58.252750396728516,-0.480066497404129,2871
79_9.png,SRF,2,180.5,158.22377014160156,22.276229858398438,0.14078940122879413,143
7_1.png,SHRM,1229,93.12774658203125,86.99907684326172,6.128669738769531,0.07044522725006605,2167
7_1.png,SHRM,209,151.14833068847656,99.71621704101562,51.43211364746094,0.5157848459725032,1258
7_10.png,SHRM,4478,100.02367401123047,80.57429504394531,19.449378967285156,0.2413844136852509,3338
7_11.png,SRF,97,51.96907043457031,101.72743225097656,-49.75836181640625,-0.48913415698574836,565
7_11.png,SHRM,4112,101.63448333740234,82.0188980102539,19.615585327148438,0.23915933770161263,3334
7_12.png,SHRM,4642,104.16674041748047,84.83655548095703,19.330184936523438,0.22785207186850506,3671
7_13.png,SHRM,5367,102.727783203125,78.78033447265625,23.94744873046875,0.3039774950280344,3651
7_2.png,SRF,88,64.5227279663086,97.40799713134766,-32.88526916503906,-0.33760338096979503,625
7_2.png,SHRM,1173,105.73998260498047,85.44166564941406,20.298316955566406,0.23756930300089027,1680
7_3.png,SHRM,1526,95.16120910644531,86.15492248535156,9.00628662109375,0.10453594944183298,2072
7_4.png,SHRM,2224,98.52203369140625,85.3654556274414,13.156578063964844,0.15412063307415366,2449
7_5.png,SHRM,2512,100.56409454345703,85.19208526611328,15.37200927734375,0.18043940618810336,2577
7_6.png,SHRM,2630,100.47794342041016,81.96955108642578,18.508392333984375,0.22579594603939923,2332
7_7.png,SRF,203,55.16256332397461,109.9047622680664,-54.7421989440918,-0.49808759706491373,714
7_7.png,SHRM,2102,102.35346984863281,86.59436798095703,15.759101867675781,0.18198760768300043,2061
7_8.png,SRF,200,64.66500091552734,108.0655746459961,-43.40057373046875,-0.401613315550687,671
7_8.png,SHRM,3396,99.94817352294922,80.60321044921875,19.34496307373047,0.24000238906014904,2926
7_8.png,SHRM,159,125.27672576904297,86.87013244628906,38.406593322753906,0.4421150542909592,693
7_9.png,SHRM,3330,98.58378601074219,84.82002258300781,13.763763427734375,0.1622702164959303,3106
80_10.png,SHRM,430,191.8465118408203,130.20960998535156,61.63690185546875,0.4733667650367959,916
80_11.png,SHRM,564,205.04432678222656,118.37480926513672,86.66951751708984,0.7321618345586252,1334
80_8.png,SHRM,341,161.97360229492188,120.2771987915039,41.69640350341797,0.34666922677254186,1057
81_1.png,SRF,744,70.17742156982422,119.81498718261719,-49.63756561279297,-0.41428511390763983,3216
81_10.png,SRF,388,92.10566711425781,118.4046630859375,-26.298995971679688,-0.22211115074574395,1458
81_10.png,SHRM,2152,137.5576171875,91.64894104003906,45.90867614746094,0.5009187845106101,2125
81_11.png,SHRM,1998,133.2182159423828,95.8586654663086,37.35955047607422,0.3897357666553888,2250
81_12.png,SHRM,2472,130.0610809326172,92.92048645019531,37.140594482421875,0.39970297080105105,2968
81_13.png,SHRM,2896,129.41160583496094,92.44239807128906,36.969207763671875,0.399916148163554,2769
81_14.png,SHRM,2809,131.11106872558594,92.98236083984375,38.12870788574219,0.4100638824541838,2608
81_15.png,SHRM,2799,133.35476684570312,98.33118438720703,35.023582458496094,0.35617980884457534,3098
81_16.png,SHRM,3368,117.27137756347656,90.9578628540039,26.313514709472656,0.28929345835343967,3346
81_17.png,SHRM,3303,112.78746795654297,81.84195709228516,30.945510864257812,0.3781130359500518,2898
81_18.png,SHRM,2914,111.5360336303711,87.2096939086914,24.326339721679688,0.27894077632183156,3033
81_19.png,SHRM,2625,112.16075897216797,90.89088439941406,21.269874572753906,0.23401548695779908,3235
81_2.png,SRF,800,70.30500030517578,118.62124633789062,-48.316246032714844,-0.4073152788758165,3295
81_20.png,SHRM,2464,110.53936767578125,90.9363021850586,19.603065490722656,0.21556919535643448,3234
81_3.png,SRF,453,66.1898422241211,120.67639923095703,-54.48655700683594,-0.4515096353062094,1712
81_3.png,SRF,126,60.9603157043457,119.47115325927734,-58.51083755493164,-0.48974866282533414,832
81_4.png,SRF,766,78.3041763305664,122.21653747558594,-43.91236114501953,-0.3592996664120966,2092
81_4.png,SRF,356,108.59269714355469,116.47372436523438,-7.8810272216796875,-0.06766356330262634,1408
81_5.png,SRF,973,84.60431671142578,120.33858489990234,-35.73426818847656,-0.2969477181254901,2791
81_6.png,SRF,575,72.5408706665039,119.33983612060547,-46.79896545410156,-0.39214873235460357,1589
81_6.png,SHRM,791,119.31732177734375,112.86485290527344,6.4524688720703125,0.05716986914859861,1872
81_7.png,SRF,440,65.30000305175781,116.20734405517578,-50.90734100341797,-0.43807335429030136,1389
81_7.png,SHRM,1781,126.0685043334961,99.92427062988281,26.14423370361328,0.26164047572036747,2258
81_8.png,SRF,304,64.51973724365234,118.16006469726562,-53.64032745361328,-0.45396325392207226,1237
81_8.png,SHRM,2050,128.68048095703125,100.89550018310547,27.78498077392578,0.27538374579145264,2067
81_9.png,SRF,142,68.61267852783203,112.76200103759766,-44.149322509765625,-0.39152659675705065,1000
81_9.png,SRF,51,54.01960754394531,105.24478912353516,-51.225181579589844,-0.486724159991069,576
81_9.png,SHRM,2471,128.48158264160156,95.46087646484375,33.02070617675781,0.345908265245382,2543
82_1.png,SHRM,2786,126.75269317626953,100.08470153808594,26.667991638183594,0.2664542255544963,4687
82_10.png,SHRM,5680,128.56056213378906,91.74057006835938,36.81999206542969,0.40134906550061455,4772
82_11.png,SRF,357,67.08963775634766,74.22612762451172,-7.1364898681640625,-0.09614525365334264,597
82_11.png,SHRM,5281,126.96591186523438,100.25453186035156,26.711380004882812,0.26643563646668994,4192
82_12.png,SRF,175,43.748573303222656,66.0434799194336,-22.294906616210938,-0.337579222709168,598
82_12.png,SRF,131,69.77099609375,67.76445770263672,2.0065383911132812,0.02961048400797881,467
82_12.png,SHRM,6285,123.71519470214844,83.32159423828125,40.39360046386719,0.4847914977280735,4033
82_13.png,SRF,570,61.24561309814453,72.86579132080078,-11.62017822265625,-0.15947371203994695,1140
82_13.png,SHRM,6600,122.00030517578125,92.74078369140625,29.259521484375,0.3154978890596361,5343
82_14.png,SRF,381,50.71390914916992,67.32051086425781,-16.60660171508789,-0.2466796746176322,624
82_14.png,SHRM,6919,118.84000396728516,91.02114868164062,27.81885528564453,0.3056306769204256,5579
82_2.png,SHRM,1512,116.73015594482422,100.45916748046875,16.27098846435547,0.16196618857625783,3184
82_3.png,SHRM,4120,121.83179473876953,91.4510498046875,30.38074493408203,0.33220772204328275,3769
82_4.png,SHRM,5239,117.8035888671875,95.88645935058594,21.917129516601562,0.2285737701135341,5945
82_5.png,SHRM,7139,120.835693359375,88.09153747558594,32.74415588378906,0.37170603240820854,6358
82_6.png,SHRM,4672,118.60873413085938,92.90292358398438,25.705810546875,0.27669538864013155,5274
82_7.png,SHRM,5713,121.28933715820312,94.66280364990234,26.62653350830078,0.28127767699312434,6735
82_8.png,SRF,410,64.86341094970703,77.99901580810547,-13.135604858398438,-0.16840731542965723,1020
82_8.png,SRF,118,65.19491577148438,115.41017150878906,-50.21525573730469,-0.43510251376310055,924
82_8.png,SHRM,3698,118.9759292602539,99.43959045410156,19.536338806152344,0.1964643932757321,3203
82_9.png,SHRM,4474,118.69043731689453,97.5859146118164,21.104522705078125,0.21626607476118934,3847
83_1.png,SRF,7465,51.85197448730469,117.57263946533203,-65.72066497802734,-0.5589792427634154,6388
83_10.png,SRF,2513,47.92319869995117,114.35031127929688,-66.4271125793457,-0.5809088915997759,2906
83_10.png,SRF,1148,46.86323928833008,124.81214904785156,-77.94890975952148,-0.6245298262562305,1794
83_11.png,SRF,2262,48.148983001708984,113.52754211425781,-65.37855911254883,-0.5758828024898991,2796
83_11.png,SRF,900,45.936668395996094,120.4135971069336,-74.4769287109375,-0.6185092921424653,1574
83_12.png,SRF,1781,46.55418395996094,111.00153350830078,-64.44734954833984,-0.5805987314897809,2602
83_12.png,SRF,570,47.945613861083984,122.49404907226562,-74.54843521118164,-0.6085882193934306,1261
83_13.png,SRF,785,49.79872512817383,120.40797424316406,-70.60924911499023,-0.5864167183179643,1505
83_13.png,SRF,2042,46.65230178833008,111.53604888916016,-64.88374710083008,-0.5817289364921724,2649
83_14.png,SRF,187,56.8609619140625,115.03585052490234,-58.174888610839844,-0.5057109444176836,781
83_14.png,SRF,1291,44.07048797607422,115.44603729248047,-71.37554931640625,-0.6182589804756795,2094
83_15.png,SRF,1060,42.33490753173828,113.62347412109375,-71.28856658935547,-0.6274105517437354,2045
83_16.png,SRF,136,67.1617660522461,112.75466918945312,-45.59290313720703,-0.40435490135313806,803
83_16.png,SRF,600,51.970001220703125,108.97425842285156,-57.00425720214844,-0.523098372286742,1476
83_17.png,SRF,934,47.22269821166992,107.84060668945312,-60.6179084777832,-0.5621065231239252,1650
83_17.png,SRF,448,52.47321319580078,103.83572387695312,-51.362510681152344,-0.4946516359053622,1187
83_18.png,SRF,1499,41.739158630371094,97.362548828125,-55.623390197753906,-0.5713017055043041,1666
83_18.png,SRF,931,46.798065185546875,95.41939544677734,-48.62133026123047,-0.5095539542414129,1712
83_19.png,SRF,1116,46.34677505493164,94.5,-48.15322494506836,-0.5095579359266493,1536
83_19.png,SRF,984,46.73170852661133,97.70685577392578,-50.97514724731445,-0.5217151533896536,1999
83_2.png,SRF,7608,49.73659133911133,116.26512145996094,-66.52853012084961,-0.5722139992238388,6348
83_20.png,SRF,1933,49.90791702270508,94.53907012939453,-44.63115310668945,-0.4720921524360596,3660
83_21.png,SRF,2010,48.01243591308594,91.04817962646484,-43.035743713378906,-0.47267000713180396,2532
83_21.png,SRF,132,51.318180084228516,95.53125,-44.213069915771484,-0.4628126389612978,672
83_22.png,SRF,2193,50.557228088378906,89.0934829711914,-38.5362548828125,-0.4325373034891148,2824
83_23.png,SRF,1716,44.88286590576172,90.36898803710938,-45.486122131347656,-0.5033377391884604,1851
83_23.png,SRF,82,52.5,85.83747863769531,-33.33747863769531,-0.38837905267938805,683
83_24.png,SRF,1778,47.30708694458008,89.08292388916016,-41.77583694458008,-0.46895448780463156,2050
83_24.png,SRF,152,57.09868240356445,95.90930938720703,-38.81062698364258,-0.4046596439033412,827
83_25.png,SRF,2990,49.52006530761719,91.59146881103516,-42.07140350341797,-0.45933757859279034,3985
83_3.png,SRF,7454,48.841426849365234,116.63418579101562,-67.79275894165039,-0.5812426132345195,6301
83_4.png,SRF,7452,48.267982482910156,115.90257263183594,-67.63459014892578,-0.5835469275023497,6374
83_5.png,SRF,6881,49.63522720336914,114.58185577392578,-64.94662857055664,-0.5668142493581072,6438
83_6.png,SRF,3839,52.01458740234375,110.65482330322266,-58.640235900878906,-0.5299383628329475,3772
83_6.png,SRF,2289,46.58016586303711,123.10963439941406,-76.52946853637695,-0.621636713566109,2636
83_7.png,SRF,3661,51.850040435791016,110.6334457397461,-58.78340530395508,-0.5313348500618614,3642
83_7.png,SRF,2118,46.290367126464844,121.69615173339844,-75.4057846069336,-0.6196234107067425,2442
83_8.png,SRF,3355,50.92876434326172,111.27269744873047,-60.34393310546875,-0.5423067337185078,3381
83_8.png,SRF,1932,46.894927978515625,124.53553009033203,-77.6406021118164,-0.6234413749674464,2336
83_9.png,SRF,2989,48.119773864746094,111.20907592773438,-63.08930206298828,-0.5673035364846015,3085
83_9.png,SRF,1432,47.52304458618164,116.3759536743164,-68.85290908813477,-0.5916420610465877,2104
84_6.png,SRF,32,58.75,121.5180435180664,-62.768043518066406,-0.5165327032996093,471
85_1.png,SHRM,277,152.32852172851562,108.26499938964844,44.06352233886719,0.4069969296381878,1200
85_10.png,SHRM,843,164.4887237548828,96.03213500976562,68.45658874511719,0.712850846627077,1556
85_11.png,SHRM,614,150.7019500732422,98.80101013183594,51.90093994140625,0.5253077865514918,1191
85_12.png,SHRM,436,151.17889404296875,96.80220794677734,54.376686096191406,0.561729812258912,996
85_2.png,SHRM,738,141.1436309814453,99.25299835205078,41.89063262939453,0.42205911483709835,1502
85_3.png,SHRM,1201,127.16902923583984,85.58858489990234,41.5804443359375,0.4858176401043049,1699
85_4.png,SHRM,732,132.0191192626953,90.8110580444336,41.20806121826172,0.4537780101416584,1519
85_5.png,SHRM,1402,144.4201202392578,87.32118225097656,57.09893798828125,0.6538956129128987,2002
85_6.png,SHRM,1270,139.67323303222656,87.20153045654297,52.471702575683594,0.6017291474240003,1965
85_7.png,SHRM,1070,150.56448364257812,89.2596664428711,61.30481719970703,0.6868143209894694,1914
85_8.png,SHRM,2040,138.08824157714844,88.30841827392578,49.779823303222656,0.5637041663322465,2007
85_9.png,SHRM,790,156.08607482910156,92.54817199707031,63.53790283203125,0.6865387123372095,1671
86_1.png,SRF,609,59.379310607910156,111.771728515625,-52.392417907714844,-0.4687448123376808,1542
86_1.png,SRF,651,81.6635971069336,116.54996490478516,-34.88636779785156,-0.2993254251629487,1491
86_1.png,SHRM,240,107.98332977294922,98.27496337890625,9.708366394042969,0.09878778948623626,691
86_10.png,SRF,310,60.82903289794922,91.0065689086914,-30.177536010742188,-0.3315973382209352,913
86_10.png,SRF,9,82.88888549804688,118.87052154541016,-35.98163604736328,-0.30269603918258076,363
86_10.png,SHRM,3099,143.0655059814453,92.91519165039062,50.15031433105469,0.5397428928495769,3667
86_11.png,SHRM,2633,140.05050659179688,88.55220794677734,51.49829864501953,0.5815586063757058,3055
86_11.png,SHRM,424,111.8443374633789,100.59069061279297,11.253646850585938,0.11187562966343444,1246
86_11.png,SHRM,264,137.242431640625,110.1766357421875,27.0657958984375,0.24565821706311,1087
86_12.png,SRF,101,74.85148620605469,97.48516845703125,-22.633682250976562,-0.23217564896503062,472
86_12.png,SHRM,4183,139.4391632080078,96.16399383544922,43.275169372558594,0.45001426881883455,4488
86_13.png,SHRM,4922,137.00527954101562,94.59082794189453,42.414451599121094,0.4483992002393249,4470
86_14.png,SHRM,5591,133.301025390625,90.10821533203125,43.19281005859375,0.4793437523919062,4103
86_15.png,SHRM,4543,135.51705932617188,87.13025665283203,48.386802673339844,0.5553386909685765,3424
86_16.png,SRF,73,78.5616455078125,102.58547973632812,-24.023834228515625,-0.23418357344785293,427
86_16.png,SRF,69,48.5217399597168,116.24955749511719,-67.72781753540039,-0.582607099715155,561
86_16.png,SHRM,5850,129.4762420654297,85.96688842773438,43.50935363769531,0.5061175812390862,4017
86_17.png,SRF,570,70.52104949951172,113.83110046386719,-43.31005096435547,-0.3804764320810827,1794
86_17.png,SHRM,5253,127.42337799072266,88.08959197998047,39.33378601074219,0.4465202429326874,3795
86_18.png,SRF,115,76.59130096435547,130.04148864746094,-53.45018768310547,-0.4110241142194821,675
86_18.png,SHRM,4279,129.99229431152344,90.9211196899414,39.07117462158203,0.4297260609506602,3613
86_19.png,SRF,166,76.19879150390625,127.3689193725586,-51.170127868652344,-0.40174736600361594,740
86_19.png,SHRM,3826,119.15917205810547,93.29264831542969,25.86652374267578,0.2772621874257343,3400
86_2.png,SRF,1025,58.05268478393555,109.50257873535156,-51.449893951416016,-0.4698509801834105,2324
86_20.png,SRF,159,87.01258087158203,141.05075073242188,-54.038169860839844,-0.38311153666492787,729
86_20.png,SHRM,3938,136.9725799560547,101.43328094482422,35.53929901123047,0.35037118665778416,3245
86_21.png,SRF,172,60.54069900512695,124.29124450683594,-63.750545501708984,-0.5129126010014546,594
86_21.png,SRF,155,68.49032592773438,138.88792419433594,-70.39759826660156,-0.5068662281113745,696
86_21.png,SHRM,3286,138.718505859375,109.96793365478516,28.750572204589844,0.2614450526536632,3836
86_22.png,SRF,85,44.16470718383789,119.87476348876953,-75.71005630493164,-0.6315762726157499,535
86_22.png,SRF,37,57.297298431396484,118.97882080078125,-61.681522369384766,-0.5184243880905882,425
86_22.png,SRF,170,83.95882415771484,138.80166625976562,-54.84284210205078,-0.39511659751557354,842
86_22.png,SHRM,3163,142.61048889160156,109.82138061523438,32.78910827636719,0.2985676203729923,2872
86_23.png,SRF,195,75.96410369873047,122.15580749511719,-46.19170379638672,-0.37813759937883507,783
86_23.png,SRF,147,77.11564636230469,135.53018188476562,-58.41453552246094,-0.43100757860804634,845
86_23.png,SHRM,3217,150.64967346191406,107.35868072509766,43.290992736816406,0.40323700370040133,2735
86_24.png,SRF,327,88.81651306152344,122.22822570800781,-33.411712646484375,-0.2733551309687006,907
86_24.png,SRF,218,78.18807220458984,140.50277709960938,-62.31470489501953,-0.44351226489168644,1082
86_24.png,SHRM,4398,138.8360595703125,100.98200988769531,37.85404968261719,0.37485934103228535,2835
86_3.png,SRF,190,47.84737014770508,96.32777404785156,-48.480403900146484,-0.5032858319352783,720
86_3.png,SRF,716,67.06005859375,116.44332122802734,-49.383262634277344,-0.42409699511723503,2073
86_4.png,SRF,1092,62.010074615478516,112.8265380859375,-50.816463470458984,-0.4503945998214817,2208
86_4.png,SRF,54,78.55555725097656,115.06542205810547,-36.509864807128906,-0.3172965792337879,535
86_4.png,SRF,35,62.85714340209961,125.8046875,-62.94754409790039,-0.5003592898547631,512
86_4.png,SHRM,116,126.30172729492188,117.41336822509766,8.888359069824219,0.07570142313594144,733
86_5.png,SRF,856,59.81308364868164,113.25651550292969,-53.44343185424805,-0.471879534849945,2148
86_5.png,SHRM,308,114.69805145263672,116.30952453613281,-1.6114730834960938,-0.01385503973060669,1008
86_6.png,SRF,869,80.31645202636719,121.03997039794922,-40.72351837158203,-0.336446863277422,2902
86_7.png,SRF,604,65.57450103759766,111.54090118408203,-45.966400146484375,-0.4121035392265974,1577
86_7.png,SHRM,842,133.93942260742188,99.72490692138672,34.214515686035156,0.3430889708727079,1345
86_8.png,SRF,462,58.138526916503906,105.0371322631836,-46.89860534667969,-0.446495485321985,1562
86_8.png,SRF,30,70.36666870117188,117.78515625,-47.418487548828125,-0.4025845790634431,512
86_8.png,SRF,9,74.33333587646484,123.5081558227539,-49.17481994628906,-0.39815038625351723,368
86_8.png,SHRM,1510,141.92979431152344,93.75617980957031,48.173614501953125,0.5138180181807677,2793
86_9.png,SRF,57,52.94736862182617,83.65286254882812,-30.705493927001953,-0.36705849616418296,314
86_9.png,SRF,216,57.76852035522461,98.89805603027344,-41.12953567504883,-0.4158781003992512,824
86_9.png,SHRM,2540,138.18385314941406,93.54229736328125,44.64155578613281,0.4772339042814256,3310
87_1.png,SRF,353,85.45325469970703,142.49087524414062,-57.037620544433594,-0.4002896357167196,1371
87_10.png,SRF,1086,71.34990692138672,116.50892639160156,-45.159019470214844,-0.38760136985924615,1456
87_10.png,SRF,36,81.66666412353516,146.69444274902344,-65.02777862548828,-0.44328726710351934,504
87_10.png,SHRM,3139,140.791015625,110.89884185791016,29.892173767089844,0.26954450800657936,2501
87_11.png,SRF,1300,74.45230865478516,120.38264465332031,-45.930335998535156,-0.3815361934505261,1832
87_11.png,SHRM,2973,141.7477264404297,114.13578796386719,27.6119384765625,0.24192182810621868,2526
87_12.png,SRF,1456,68.26854705810547,119.13751220703125,-50.86896514892578,-0.42697689591275184,1738
87_12.png,SRF,181,100.20994567871094,129.21722412109375,-29.007278442382812,-0.2244846121690335,801
87_12.png,SHRM,3373,136.4485626220703,114.73379516601562,21.714767456054688,0.1892621735787107,2592
87_13.png,SRF,1150,68.22348022460938,124.48040771484375,-56.256927490234375,-0.4519339912438765,1557
87_13.png,SRF,108,79.51851654052734,122.93074035644531,-43.41222381591797,-0.353143759567717,823
87_13.png,SHRM,3584,137.56472778320312,102.97931671142578,34.585411071777344,0.3358481312193443,2562
87_14.png,SRF,1307,76.7834701538086,121.2195816040039,-44.43611145019531,-0.36657535739859026,1348
87_14.png,SRF,161,69.01863098144531,118.57003021240234,-49.55139923095703,-0.41790829556332515,614
87_14.png,SHRM,3557,140.8209228515625,106.15013885498047,34.67078399658203,0.3266202415801674,2118
87_15.png,SRF,1249,72.9615707397461,105.81000518798828,-32.84843444824219,-0.3104473380365281,1179
87_15.png,SRF,400,76.19499969482422,132.81277465820312,-56.617774963378906,-0.42629765931090674,908
87_15.png,SHRM,3702,138.5829315185547,104.36166381835938,34.22126770019531,0.32791033074901094,1706
87_16.png,SRF,829,93.53558349609375,117.64176940917969,-24.106185913085938,-0.2049117930999507,1379
87_16.png,SRF,1307,76.36648559570312,116.635986328125,-40.269500732421875,-0.3452579431114349,1434
87_16.png,SHRM,3363,137.77520751953125,114.56710052490234,23.208106994628906,0.2025721772506967,1550
87_17.png,SRF,1259,74.4360580444336,122.47227478027344,-48.036216735839844,-0.39222115227320836,1605
87_17.png,SRF,722,82.05817413330078,124.59048461914062,-42.532310485839844,-0.3413768765396204,1072
87_17.png,SHRM,3572,132.98712158203125,111.24663543701172,21.74048614501953,0.1954260105001475,1784
87_18.png,SRF,989,72.4064712524414,114.54364776611328,-42.137176513671875,-0.3678700419923049,1409
87_18.png,SRF,1057,68.66698455810547,120.71138763427734,-52.044403076171875,-0.4311474177883884,1625
87_18.png,SHRM,3689,125.41529083251953,112.03153991699219,13.383750915527344,0.1194641341665374,1712
87_19.png,SRF,1120,84.71696472167969,113.29312896728516,-28.57616424560547,-0.25223210362437076,1252
87_19.png,SRF,1208,75.85844421386719,112.5971908569336,-36.738746643066406,-0.32628475331810713,1497
87_19.png,SHRM,3048,125.38681030273438,99.88710021972656,25.499710083007812,0.2552853173924846,1364
87_2.png,SRF,365,81.69041442871094,146.71185302734375,-65.02143859863281,-0.4431914481137001,1527
87_20.png,SRF,1089,71.22772979736328,102.51270294189453,-31.28497314453125,-0.3051814287080496,1299
87_20.png,SRF,1239,69.31961059570312,113.43464660644531,-44.11503601074219,-0.38890266184542943,1599
87_20.png,SHRM,2743,125.90776824951172,95.92335510253906,29.984413146972656,0.31258720167700826,1096
87_21.png,SRF,1278,76.0594711303711,110.5414810180664,-34.48200988769531,-0.31193728879079996,1603
87_21.png,SRF,1382,76.11650085449219,110.36952209472656,-34.253021240234375,-0.3103485508511682,1621
87_21.png,SHRM,2326,130.69346618652344,109.1296615600586,21.563804626464844,0.19759801614153624,1126
87_22.png,SRF,1110,71.35224914550781,98.13653564453125,-26.784286499023438,-0.27292879581607704,1311
87_22.png,SRF,1041,69.29203033447266,113.79598999023438,-44.50395965576172,-0.3910854825339708,1397
87_22.png,SHRM,2177,131.9058380126953,104.72718811035156,27.17864990234375,0.25951856812679314,1030
87_23.png,SRF,1148,74.07142639160156,115.31245422363281,-41.24102783203125,-0.35764591179414057,1405
87_23.png,SRF,755,72.01457214355469,107.94200134277344,-35.92742919921875,-0.33284012481045255,1207
87_23.png,SHRM,1911,131.01255798339844,110.12708282470703,20.885475158691406,0.18964885496817815,1259
87_24.png,SRF,904,69.65044403076172,125.47325134277344,-55.82280731201172,-0.4448980696253138,1458
87_24.png,SRF,540,68.35740661621094,115.85575103759766,-47.49834442138672,-0.40997830488339326,1130
87_24.png,SHRM,1249,136.39471435546875,114.82428741455078,21.57042694091797,0.18785596171864,1087
87_25.png,SRF,495,72.43838500976562,120.6462173461914,-48.20783233642578,-0.399580139326661,1467
87_25.png,SRF,707,66.97171020507812,126.44915771484375,-59.477447509765625,-0.4703664981612101,1367
87_25.png,SHRM,1174,132.13458251953125,108.1868667602539,23.947715759277344,0.22135510969502764,1188
87_26.png,SRF,616,76.34740447998047,123.24739074707031,-46.899986267089844,-0.3805353280325303,1342
87_26.png,SRF,238,74.85294342041016,121.83316802978516,-46.980224609375,-0.3856111219063885,1013
87_26.png,SHRM,703,154.73399353027344,102.5999984741211,52.133995056152344,0.5081286143420572,865
87_27.png,SRF,671,85.00447082519531,129.4556121826172,-44.451141357421875,-0.3433697512836806,1712
87_27.png,SRF,296,77.92229461669922,127.29930877685547,-49.37701416015625,-0.38788124330439083,1303
87_27.png,SRF,11,85.2727279663086,127.52644348144531,-42.25371551513672,-0.33133297190464267,416
87_27.png,SHRM,438,121.21232604980469,100.84976196289062,20.362564086914062,0.20190988744630664,832
87_28.png,SRF,277,77.23826599121094,128.8814239501953,-51.643157958984375,-0.40070288158005807,1324
87_28.png,SRF,86,96.48837280273438,125.49004364013672,-29.001670837402344,-0.23110734522150134,653
87_3.png,SRF,145,90.96551513671875,140.32618713378906,-49.36067199707031,-0.35175666784139953,699
87_3.png,SRF,185,88.4810791015625,141.44371032714844,-52.96263122558594,-0.3744431696756783,1057
87_3.png,SHRM,335,143.4895477294922,134.50494384765625,8.984603881835938,0.06679757356734879,909
87_4.png,SRF,238,82.54621887207031,123.16248321533203,-40.61626434326172,-0.3297778940706317,917
87_4.png,SRF,69,101.840576171875,139.84547424316406,-38.00489807128906,-0.2717635181043181,563
87_4.png,SHRM,1726,158.14369201660156,114.28121948242188,43.86247253417969,0.3838117298085568,1906
87_4.png,SHRM,54,185.98147583007812,135.79107666015625,50.190399169921875,0.3696148554410035,560
87_5.png,SRF,141,100.64539337158203,145.0956573486328,-44.45026397705078,-0.3063514428295164,784
87_5.png,SRF,183,73.40983581542969,127.41214752197266,-54.00231170654297,-0.42383958481847334,774
87_5.png,SHRM,1691,157.90005493164062,125.78084564208984,32.11920928955078,0.25535850968076795,1629
87_5.png,SHRM,61,184.09835815429688,137.52320861816406,46.57514953613281,0.3386711959684539,560
87_6.png,SRF,300,73.31666564941406,127.52591705322266,-54.209251403808594,-0.42508419195436553,926
87_6.png,SRF,130,90.6076889038086,142.5380096435547,-51.930320739746094,-0.36432612514801094,684
87_6.png,SHRM,1607,157.05787658691406,121.5560531616211,35.50182342529297,0.29206133715192034,1775
87_7.png,SRF,534,67.28651428222656,127.73872375488281,-60.45220947265625,-0.4732488919229981,1064
87_7.png,SRF,167,84.7784423828125,137.19911193847656,-52.42066955566406,-0.3820773240804268,899
87_7.png,SHRM,1841,153.8196563720703,111.75149536132812,42.06816101074219,0.3764438307936949,2004
87_7.png,SHRM,93,203.02149963378906,149.06533813476562,53.95616149902344,0.36196316443627724,551
87_8.png,SRF,589,77.65874481201172,129.2138214111328,-51.555076599121094,-0.398990417867784,1216
87_8.png,SRF,180,73.16666412353516,130.30564880371094,-57.13898468017578,-0.4384996752232013,831
87_8.png,SHRM,2447,145.1414031982422,109.8314437866211,35.309959411621094,0.3214922630009377,2379
87_8.png,SHRM,102,147.6568603515625,139.76527404785156,7.8915863037109375,0.056463140486592456,720
87_9.png,SRF,830,72.68795013427734,122.45221710205078,-49.76426696777344,-0.4063974352240618,1444
87_9.png,SRF,235,99.20425415039062,131.98536682128906,-32.78111267089844,-0.2483692962363377,957
87_9.png,SHRM,2612,147.73085021972656,111.12085723876953,36.60999298095703,0.3294610381045907,2383
87_9.png,SHRM,25,206.75999450683594,140.2435302734375,66.51646423339844,0.4742925688173213,464
88_1.png,SRF,124,73.15322875976562,123.95903015136719,-50.80580139160156,-0.4098596232123006,537
88_1.png,SHRM,1833,106.81342315673828,109.74763488769531,-2.9342117309570312,-0.026735990565624566,2746
88_10.png,SRF,282,74.30850982666016,131.62286376953125,-57.314353942871094,-0.435443754234274,875
88_10.png,SRF,629,65.19554901123047,128.06101989746094,-62.86547088623047,-0.4909024692804036,1737
88_10.png,SHRM,2617,99.48261260986328,90.0810317993164,9.401580810546875,0.10436804089335731,3332
88_11.png,SRF,694,65.81555938720703,127.6662826538086,-61.85072326660156,-0.4844718744911024,1732
88_11.png,SRF,237,67.87342071533203,126.26233673095703,-58.388916015625,-0.46244127526359324,770
88_11.png,SHRM,1756,109.18223571777344,92.6735610961914,16.50867462158203,0.17813791146373123,3143
88_12.png,SRF,132,83.75,126.28172302246094,-42.53172302246094,-0.3368003065249283,930
88_12.png,SRF,582,63.77663040161133,124.8938980102539,-61.11726760864258,-0.4893535119195719,1753
88_12.png,SHRM,1204,108.31146240234375,89.82532501220703,18.48613739013672,0.20580095187659495,1603
88_13.png,SRF,527,69.87286376953125,131.57550048828125,-61.70263671875,-0.46895232387313274,1404
88_13.png,SHRM,1647,104.86824798583984,94.63155364990234,10.2366943359375,0.10817421822967253,2288
88_14.png,SRF,351,57.75498580932617,123.31742858886719,-65.56244277954102,-0.5316559348486111,1383
88_14.png,SHRM,958,110.19207000732422,102.35997772216797,7.83209228515625,0.07651518161145578,1614
88_15.png,SRF,322,64.2732925415039,126.93475341796875,-62.661460876464844,-0.4936509441991365,1364
88_15.png,SHRM,808,106.32920837402344,102.3133316040039,4.015876770019531,0.0392507672955337,1733
88_2.png,SRF,416,67.43029022216797,117.1556625366211,-49.725372314453125,-0.4244384883992246,1227
88_2.png,SHRM,2152,104.12267303466797,102.30888366699219,1.8137893676757812,0.017728561808762675,2263
88_3.png,SRF,569,64.08787536621094,115.40986633300781,-51.321990966796875,-0.4446932710129872,1581
88_3.png,SHRM,1806,109.45902252197266,98.97760009765625,10.481422424316406,0.10589691419043208,2143
88_4.png,SRF,679,65.07363891601562,116.25627136230469,-51.18263244628906,-0.44025695858403974,1514
88_4.png,SHRM,2242,110.2863540649414,94.79656219482422,15.489791870117188,0.1634003545221697,2384
88_5.png,SRF,591,56.8426399230957,115.5606918334961,-58.71805191040039,-0.5081144027330974,1557
88_5.png,SHRM,2336,110.67379760742188,97.26275634765625,13.411041259765625,0.1378846514675069,2607
88_6.png,SRF,625,63.563201904296875,120.11893463134766,-56.55573272705078,-0.4708311216763933,1278
88_6.png,SHRM,2648,114.97545623779297,102.38732147216797,12.588134765625,0.12294622600364483,3408
88_7.png,SRF,76,105.64473724365234,132.07635498046875,-26.431617736816406,-0.20012376735203719,537
88_7.png,SRF,562,61.11743927001953,121.72986602783203,-60.6124267578125,-0.4979256836112365,1403
88_7.png,SHRM,2535,108.17041778564453,99.57890319824219,8.591514587402344,0.08627846171691922,3346
88_8.png,SRF,125,85.7040023803711,131.85841369628906,-46.15441131591797,-0.3500300816770474,565
88_8.png,SRF,500,66.2979965209961,126.51589965820312,-60.21790313720703,-0.47597103051784356,1132
88_8.png,SHRM,3197,108.41851806640625,95.54203796386719,12.876480102539062,0.13477292694351764,3723
88_9.png,SRF,185,85.8270263671875,128.7439422607422,-42.91691589355469,-0.33335095337251697,660
88_9.png,SRF,549,66.56101989746094,124.00346374511719,-57.44244384765625,-0.46323257522649747,1443
88_9.png,SHRM,2971,105.2605209350586,91.60508728027344,13.655433654785156,0.14906850765837068,3735
89_1.png,SRF,91,109.78022003173828,131.9984588623047,-22.218238830566406,-0.16832195634756275,650
89_1.png,SRF,42,86.95237731933594,130.33717346191406,-43.384796142578125,-0.3328658662009088,347
89_1.png,SRF,551,69.71869659423828,131.05897521972656,-61.34027862548828,-0.4680356955534591,1170
89_1.png,SHRM,1156,132.17733764648438,106.64254760742188,25.5347900390625,0.23944279850723846,1852
89_1.png,SHRM,60,151.5,127.8473129272461,23.652687072753906,0.1850073070070226,465
89_1.png,SHRM,971,128.59217834472656,113.0402603149414,15.551918029785156,0.1375785758671819,1366
89_10.png,SHRM,530,168.6132049560547,107.44429016113281,61.168914794921875,0.569308194071436,1472
89_11.png,SRF,458,104.97816467285156,93.18830108642578,11.789863586425781,0.12651656322708887,940
89_11.png,SHRM,721,153.07489013671875,108.58094787597656,44.49394226074219,0.4097766977643638,1291
89_12.png,SRF,227,56.8458137512207,107.43656921386719,-50.590755462646484,-0.4708895288897272,804
89_12.png,SHRM,575,163.06260681152344,102.43054962158203,60.632057189941406,0.5919333383833204,1447
89_13.png,SHRM,604,150.2715301513672,109.26026153564453,41.011268615722656,0.37535393050787585,1437
89_14.png,SHRM,511,171.30137634277344,109.81257629394531,61.488800048828125,0.5599431515406347,1574
89_14.png,SHRM,329,153.3465118408203,94.33367919921875,59.01283264160156,0.6255754375589996,971
89_15.png,SRF,253,57.3636360168457,107.57708740234375,-50.21345138549805,-0.4667671583047903,934
89_15.png,SHRM,813,136.8327178955078,99.81800079345703,37.01471710205078,0.37082206423510194,1500
89_16.png,SRF,887,51.56595230102539,93.67826843261719,-42.1123161315918,-0.4495419998276676,1523
89_16.png,SHRM,410,159.28781127929688,101.52964782714844,57.75816345214844,0.5688797773678896,1248
89_17.png,SRF,351,104.52706909179688,90.94635772705078,13.580711364746094,0.14932661080836987,727
89_17.png,SRF,565,47.23185729980469,96.22110748291016,-48.98925018310547,-0.5091320549579671,1298
89_17.png,SRF,245,47.85306167602539,96.8458023071289,-48.992740631103516,-0.50588398736924,1096
89_17.png,SHRM,624,153.98077392578125,103.60125732421875,50.3795166015625,0.48628286859396386,953
89_18.png,SRF,606,45.92079162597656,99.2725830078125,-53.35179138183594,-0.5374272509625068,1273
89_18.png,SRF,308,51.58766174316406,99.88018798828125,-48.29252624511719,-0.48350455899004974,1060
89_18.png,SHRM,462,168.1580047607422,110.6686019897461,57.489402770996094,0.519473470680715,1207
89_2.png,SRF,412,68.40291595458984,130.94796752929688,-62.54505157470703,-0.47763285490256946,961
89_2.png,SRF,123,93.23577117919922,148.63983154296875,-55.40406036376953,-0.37274033338603013,683
89_2.png,SRF,284,80.85211181640625,128.06907653808594,-47.21696472167969,-0.3686835729438404,883
89_2.png,SHRM,1104,107.4112319946289,103.27676391601562,4.134468078613281,0.04003289725436613,1261
89_2.png,SHRM,1261,127.36796569824219,97.17766571044922,30.19029998779297,0.3106711790932296,1728
89_3.png,SRF,1,90.0,102.39583587646484,-12.395835876464844,-0.1210580075875328,192
89_3.png,SRF,196,69.96939086914062,121.21585083007812,-51.2464599609375,-0.4227702863116097,593
89_3.png,SRF,164,64.20731353759766,112.15646362304688,-47.94915008544922,-0.42752016724247194,441
89_3.png,SHRM,2401,123.02165985107422,113.92268371582031,9.098976135253906,0.0798697488373015,3725
89_3.png,SHRM,1034,119.89651489257812,98.50758361816406,21.388931274414062,0.21712979334994167,1649
89_3.png,SHRM,508,128.18504333496094,108.34447479248047,19.84056854248047,0.18312487628448482,1077
89_4.png,SHRM,1548,128.4127960205078,101.12692260742188,27.285873413085938,0.2698180930414606,2931
89_5.png,SRF,465,89.4709701538086,111.7971420288086,-22.326171875,-0.1997025278986725,769
89_5.png,SRF,95,45.3684196472168,86.36772918701172,-40.99930953979492,-0.4747063506905371,688
89_5.png,SHRM,928,160.9913787841797,121.97139739990234,39.019981384277344,0.319910915313565,1643
89_6.png,SRF,521,102.60460662841797,122.64698028564453,-20.042373657226562,-0.16341514165736426,728
89_6.png,SRF,37,72.51351165771484,92.02393341064453,-19.510421752929688,-0.21201464694914782,376
89_6.png,SHRM,560,160.41250610351562,116.23835754394531,44.17414855957031,0.38003073592010916,1267
89_7.png,SRF,358,80.13966369628906,119.97753143310547,-39.837867736816406,-0.3320444024890474,890
89_7.png,SHRM,539,172.84230041503906,116.35118865966797,56.491111755371094,0.4855224291744017,1176
89_8.png,SRF,302,86.32781219482422,105.2428970336914,-18.915084838867188,-0.17972789966824937,704
89_8.png,SHRM,808,155.6732635498047,114.79580688476562,40.87745666503906,0.356088412759472,1288
89_9.png,SHRM,774,149.4315185546875,107.85334014892578,41.57817840576172,0.38550663658955614,1466
8_1.png,SRF,1199,59.929107666015625,111.98240661621094,-52.05329895019531,-0.4648346157498986,2785
8_10.png,SRF,648,57.65895080566406,116.84046173095703,-59.18151092529297,-0.506515551620871,1824
8_10.png,SHRM,2078,121.4085693359375,105.38069152832031,16.027877807617188,0.15209501451515725,2766
8_11.png,SRF,679,58.324005126953125,116.87186431884766,-58.54785919189453,-0.5009576901431584,1756
8_11.png,SHRM,2250,124.373779296875,105.92450714111328,18.44927215576172,0.174173783326492,3113
8_12.png,SRF,640,57.990623474121094,120.38494873046875,-62.394325256347656,-0.5182900845523724,1608
8_12.png,SHRM,2704,125.53032684326172,106.12847137451172,19.40185546875,0.1828148018855724,2950
8_13.png,SRF,674,58.76112747192383,122.01948547363281,-63.258358001708984,-0.5184283293456313,1591
8_13.png,SHRM,3611,111.79451751708984,106.59520721435547,5.199310302734375,0.04877621085044591,3172
8_14.png,SRF,598,57.205684661865234,119.53679656982422,-62.331111907958984,-0.5214387008568524,1617
8_14.png,SHRM,4327,114.59556579589844,101.34456634521484,13.250999450683594,0.13075194782072558,3471
8_15.png,SRF,627,58.933013916015625,117.24111938476562,-58.30810546875,-0.4973349433605509,1464
8_15.png,SHRM,4561,114.88883972167969,103.26818084716797,11.620658874511719,0.11252893949695643,3520
8_16.png,SRF,623,56.027286529541016,113.76860809326172,-57.7413215637207,-0.5075329876268443,1478
8_16.png,SHRM,4749,115.06632995605469,103.9305648803711,11.135765075683594,0.10714619985469508,3730
8_17.png,SRF,660,55.46666717529297,112.07172393798828,-56.60505676269531,-0.5050788439197752,1464
8_17.png,SHRM,4514,116.2365951538086,103.50138854980469,12.735206604003906,0.12304382368624694,3604
8_18.png,SRF,704,53.54545593261719,112.7040786743164,-59.15862274169922,-0.5249022345735265,1666
8_18.png,SHRM,4403,122.697021484375,100.9278335571289,21.769187927246094,0.21569062923483762,3686
8_19.png,SRF,781,51.239437103271484,109.50143432617188,-58.26199722290039,-0.5320660645353321,1747
8_19.png,SHRM,4305,119.80394744873047,99.81739807128906,19.986549377441406,0.20023111966079418,3368
8_2.png,SRF,957,56.87983322143555,115.62152099609375,-58.7416877746582,-0.5080515051920376,2769
8_20.png,SRF,742,48.14555358886719,111.72048950195312,-63.57493591308594,-0.5690535030458715,1796
8_20.png,SHRM,3825,119.36209106445312,101.88439178466797,17.477699279785156,0.1715444237692871,3287
8_3.png,SRF,913,57.33515930175781,110.88875579833984,-53.55359649658203,-0.48294884464186405,2436
8_3.png,SHRM,1303,124.8641586303711,89.46345520019531,35.40070343017578,0.39570015880739756,1929
8_4.png,SRF,877,55.8494873046875,111.31426239013672,-55.46477508544922,-0.4982719545052999,2272
8_5.png,SRF,871,53.48909378051758,113.14948272705078,-59.6603889465332,-0.5272705407805645,2221
8_5.png,SHRM,519,105.3853530883789,97.86225891113281,7.523094177246094,0.07687431560391118,1786
8_6.png,SRF,932,55.96995544433594,116.0636215209961,-60.093666076660156,-0.5177648714484505,2059
8_6.png,SHRM,1062,103.7005615234375,96.74817657470703,6.952384948730469,0.0718606302968612,1922
8_7.png,SRF,726,59.225894927978516,117.19762420654297,-57.97172927856445,-0.49464935548862415,1852
8_7.png,SHRM,1949,110.93073272705078,98.27198028564453,12.65875244140625,0.12881344615842066,2423
8_8.png,SRF,787,59.38627624511719,119.50807189941406,-60.121795654296875,-0.5030772792058713,1734
8_8.png,SHRM,1693,112.60897827148438,101.16104125976562,11.44793701171875,0.11316547229206796,2608
8_9.png,SRF,687,61.2518196105957,118.68843841552734,-57.43661880493164,-0.4839276644945522,1730
8_9.png,SHRM,2107,114.92975616455078,99.06714630126953,15.86260986328125,0.16011978194104873,2636
90_1.png,SRF,533,51.3958740234375,110.73976135253906,-59.34388732910156,-0.5358859961796452,1587
90_1.png,SRF,163,52.06748580932617,98.99549865722656,-46.92801284790039,-0.47404188558501387,889
90_1.png,SHRM,3957,91.10689544677734,94.52175903320312,-3.4148635864257812,-0.03612780402474551,4987
90_10.png,SRF,323,57.662540435791016,117.6548080444336,-59.99226760864258,-0.50990068834234,1321
90_10.png,SRF,400,63.41749954223633,109.5702896118164,-46.15279006958008,-0.42121628256244764,1131
90_10.png,SRF,53,79.0943374633789,124.29696655273438,-45.20262908935547,-0.36366638980025107,165
90_10.png,SRF,68,33.10293960571289,82.07119750976562,-48.968257904052734,-0.5966558231129261,618
90_10.png,SHRM,7807,96.20929718017578,68.40008544921875,27.80921173095703,0.406566915060406,4489
90_11.png,SRF,890,60.464046478271484,111.49803924560547,-51.033992767333984,-0.4577120199837542,2299
90_11.png,SRF,141,34.680850982666016,83.34742736816406,-48.66657638549805,-0.5839001625152387,757
90_11.png,SHRM,6483,97.94046020507812,74.79197692871094,23.148483276367188,0.3095048991475583,5312
90_12.png,SRF,431,52.52436065673828,111.25568389892578,-58.7313232421875,-0.5278950358666087,1584
90_12.png,SRF,94,47.287235260009766,84.47826385498047,-37.1910285949707,-0.44024376091363154,644
90_12.png,SHRM,6041,96.1287841796875,78.45665740966797,17.67212677001953,0.22524700074517642,6587
90_13.png,SRF,357,54.19607925415039,110.7109375,-56.51485824584961,-0.5104722218240597,1408
90_13.png,SRF,51,58.35293960571289,78.90357208251953,-20.55063247680664,-0.2604524983395457,560
90_13.png,SHRM,5725,93.43109130859375,80.76782989501953,12.663261413574219,0.1567859558692326,5875
90_14.png,SRF,430,52.251163482666016,111.20954132080078,-58.958377838134766,-0.5301557504680321,1761
90_14.png,SRF,115,51.599998474121094,85.42217254638672,-33.822174072265625,-0.39594139395013866,893
90_14.png,SHRM,5941,92.3257064819336,81.14387512207031,11.181831359863281,0.13780253091242786,5908
90_15.png,SRF,185,58.73513412475586,105.29293060302734,-46.557796478271484,-0.4421740017266921,693
90_15.png,SRF,531,58.31450271606445,112.3723373413086,-54.05783462524414,-0.48105998241412595,1504
90_15.png,SRF,194,56.17525863647461,88.50831604003906,-32.33305740356445,-0.365310954384645,842
90_15.png,SHRM,3622,95.19132995605469,84.49480438232422,10.696525573730469,0.126593885291817,4042
90_15.png,SHRM,2310,96.88441467285156,89.61370086669922,7.270713806152344,0.08113395313254122,2920
90_16.png,SRF,463,54.5485954284668,111.75447845458984,-57.20588302612305,-0.5118889535095277,1340
90_16.png,SRF,85,47.63529586791992,82.8602294921875,-35.22493362426758,-0.4251126727519958,601
90_16.png,SHRM,5594,93.34036254882812,85.00397491455078,8.336387634277344,0.098070562496135,6796
90_17.png,SRF,414,54.41787338256836,106.0162124633789,-51.59833908081055,-0.4867023437442091,1295
90_17.png,SRF,131,67.08396911621094,96.52700805664062,-29.443038940429688,-0.3050238428933066,611
90_17.png,SRF,177,55.316383361816406,80.54846954345703,-25.232086181640625,-0.313253452544217,784
90_17.png,SHRM,4773,89.8101806640625,82.13831329345703,7.671867370605469,0.09340181290545924,5437
90_17.png,SHRM,614,104.93159484863281,97.02194213867188,7.9096527099609375,0.08152437000957784,1276
90_18.png,SRF,536,60.526119232177734,106.18780517578125,-45.661685943603516,-0.43000875541231914,1427
90_18.png,SRF,185,66.21080780029297,86.72486114501953,-20.514053344726562,-0.23654178368096068,716
90_18.png,SRF,411,48.91484069824219,82.75,-33.83515930175781,-0.40888410032335726,1168
90_18.png,SHRM,5504,93.4091567993164,77.6918716430664,15.71728515625,0.20230282555759083,4563
90_18.png,SHRM,472,106.40042114257812,98.80355072021484,7.596870422363281,0.07688863777654692,1013
90_19.png,SRF,444,52.18918991088867,106.82584381103516,-54.636653900146484,-0.5114553927305603,1246
90_19.png,SRF,224,54.12053680419922,93.53612518310547,-39.41558837890625,-0.42139428270891754,789
90_19.png,SRF,36,24.77777862548828,76.46484375,-51.68706512451172,-0.6759585528416348,512
90_19.png,SHRM,3769,99.18333435058594,78.72102355957031,20.462310791015625,0.2599345113384005,3330
90_19.png,SHRM,248,110.70967864990234,104.67503356933594,6.034645080566406,0.057651236161955506,837
90_19.png,SHRM,781,87.41485595703125,80.38373565673828,7.031120300292969,0.0874694394686741,1488
90_2.png,SRF,552,54.28804397583008,109.07430267333984,-54.786258697509766,-0.5022838317984565,2086
90_2.png,SRF,176,65.6477279663086,102.7467041015625,-37.098976135253906,-0.36107217705574784,758
90_2.png,SRF,52,51.269229888916016,100.20186614990234,-48.93263626098633,-0.4883405683062123,322
90_2.png,SHRM,3856,88.57676696777344,89.20726013183594,-0.6304931640625,-0.0070677337599060735,4767
90_20.png,SRF,529,52.57844924926758,106.45355224609375,-53.87510299682617,-0.5060902324074684,1464
90_20.png,SRF,40,70.80000305175781,108.89375305175781,-38.09375,-0.3498249342356106,480
90_20.png,SRF,93,51.15053939819336,84.51795959472656,-33.3674201965332,-0.3947968024374211,724
90_20.png,SHRM,3702,101.35169982910156,76.36808776855469,24.983612060546875,0.32714727827497236,3328
90_20.png,SHRM,267,113.40824127197266,103.6262435913086,9.781997680664062,0.09439691473564622,907
90_21.png,SRF,472,55.934322357177734,105.8827133178711,-49.94839096069336,-0.47173319794651475,1475
90_21.png,SHRM,2233,109.72503662109375,82.87459564208984,26.850440979003906,0.3239888022496398,2480
90_21.png,SHRM,661,101.00151062011719,89.9881591796875,11.013351440429688,0.12238667332263495,1605
90_3.png,SRF,939,58.713523864746094,110.27628326416016,-51.56275939941406,-0.4675779584980988,2378
90_3.png,SRF,52,56.03845977783203,94.94932556152344,-38.910865783691406,-0.40980665795755117,592
90_3.png,SRF,39,50.02564239501953,100.64495086669922,-50.61930847167969,-0.5029493087906936,307
90_3.png,SHRM,4617,87.2954330444336,80.46272277832031,6.832710266113281,0.08491771133494715,4668
90_4.png,SRF,705,52.61134719848633,109.1409912109375,-56.52964401245117,-0.5179506195174274,2220
90_4.png,SRF,74,44.9594612121582,92.63908386230469,-47.679622650146484,-0.5146815001000626,568
90_4.png,SRF,174,56.83333206176758,93.06118774414062,-36.22785568237305,-0.38929070819487843,572
90_4.png,SHRM,4700,85.61127471923828,79.39337921142578,6.2178955078125,0.07831755707556104,4952
90_5.png,SRF,530,55.32830047607422,109.74304962158203,-54.41474914550781,-0.49583777134991,1798
90_5.png,SRF,190,55.394737243652344,93.58687591552734,-38.192138671875,-0.4080928901435677,564
90_5.png,SRF,197,56.11675262451172,90.55425262451172,-34.4375,-0.3802968828288719,940
90_5.png,SHRM,4817,86.88416290283203,80.51162719726562,6.372535705566406,0.07915050195113724,5031
90_6.png,SRF,166,63.421688079833984,116.14239501953125,-52.720706939697266,-0.4539316322074417,920
90_6.png,SRF,544,54.42831039428711,110.85029602050781,-56.4219856262207,-0.5089926473067999,1336
90_6.png,SRF,301,55.189369201660156,95.08739471435547,-39.89802551269531,-0.4195932135121571,492
90_6.png,SRF,134,49.64179229736328,89.84033966064453,-40.19854736328125,-0.4474442941235966,833
90_6.png,SRF,90,53.11111068725586,82.65693664550781,-29.545825958251953,-0.35745125765990615,411
90_6.png,SHRM,5660,85.4447021484375,80.91548919677734,4.529212951660156,0.055974610011262756,4461
90_7.png,SRF,169,71.08876037597656,117.89530181884766,-46.806541442871094,-0.3970178685728445,936
90_7.png,SRF,535,54.684112548828125,110.22884368896484,-55.54473114013672,-0.5039037812722459,1359
90_7.png,SRF,341,57.18768310546875,85.83024597167969,-28.642562866210938,-0.333711764913988,324
90_7.png,SRF,144,48.38888931274414,90.37272644042969,-41.98383712768555,-0.464563135155159,880
90_7.png,SHRM,5770,91.31126403808594,78.78379821777344,12.5274658203125,0.15901068625409753,4764
90_8.png,SRF,155,62.774192810058594,117.97258758544922,-55.198394775390625,-0.467891701836324,912
90_8.png,SRF,227,56.96475601196289,106.00448608398438,-49.039730072021484,-0.462619384175578,1115
90_8.png,SRF,84,41.44047546386719,87.75743865966797,-46.31696319580078,-0.5277838996124596,672
90_8.png,SHRM,2312,100.47534942626953,89.79048919677734,10.684860229492188,0.11899768366420345,2377
90_8.png,SHRM,2655,89.80489349365234,73.95791625976562,15.846977233886719,0.2142701962860431,2709
90_9.png,SRF,232,66.09913635253906,119.10590362548828,-53.00676727294922,-0.44503895826710255,1152
90_9.png,SRF,315,61.74603271484375,108.3145980834961,-46.568565368652344,-0.42993803413972137,1014
90_9.png,SRF,172,52.03488540649414,89.1181640625,-37.08327865600586,-0.4161135840949187,1024
90_9.png,SHRM,3531,94.65165710449219,85.66542053222656,8.986236572265625,0.10489922907557646,3485
90_9.png,SHRM,1498,90.7490005493164,76.12519073486328,14.623809814453125,0.1921021106585657,2572
91_1.png,SRF,504,64.76786041259766,113.66239929199219,-48.89453887939453,-0.43017338349322776,1561
91_10.png,SRF,243,62.23868179321289,126.83985137939453,-64.60116958618164,-0.5093128766995407,1099
91_10.png,SRF,65,64.16922760009766,113.23090362548828,-49.061676025390625,-0.43328874410171925,563
91_11.png,SRF,268,65.50373077392578,132.04867553710938,-66.5449447631836,-0.5039425385564175,1089
91_12.png,SRF,230,59.83913040161133,123.7099609375,-63.87083053588867,-0.5162949697167645,1124
91_13.png,SRF,254,58.21653366088867,122.70043182373047,-64.4838981628418,-0.5255392927669429,928
91_14.png,SRF,282,57.822696685791016,123.26335906982422,-65.4406623840332,-0.5309011767800635,1029
91_15.png,SRF,257,57.98832702636719,123.51862335205078,-65.5302963256836,-0.5305296848954526,1047
91_16.png,SRF,254,68.03936767578125,125.2431411743164,-57.203773498535156,-0.4567417661532265,1057
91_17.png,SRF,180,77.25555419921875,129.97543334960938,-52.719879150390625,-0.405614182555438,855
91_18.png,SRF,160,97.82499694824219,126.19059753417969,-28.3656005859375,-0.22478378849307262,808
91_18.png,SHRM,1684,138.98574829101562,113.79072570800781,25.195022583007812,0.22141543105770667,2523
91_19.png,SHRM,1301,137.937744140625,119.98062896728516,17.957115173339844,0.14966678644630352,2013
91_2.png,SRF,488,60.440574645996094,110.80733489990234,-50.36676025390625,-0.45454355796396506,1391
91_20.png,SRF,355,78.01689910888672,122.94685363769531,-44.929954528808594,-0.36544208492890734,1430
91_3.png,SRF,767,59.371578216552734,113.96145629882812,-54.58987808227539,-0.47902053777840975,1453
91_4.png,SRF,649,59.20955276489258,117.50464630126953,-58.29509353637695,-0.4961088380021542,1399
91_5.png,SRF,563,56.216697692871094,115.87069702148438,-59.65399932861328,-0.514832488817707,1307
91_6.png,SRF,512,59.30078125,115.54196166992188,-56.241180419921875,-0.4867597849912799,1144
91_7.png,SRF,406,60.46059036254883,108.25389862060547,-47.79330825805664,-0.44149272097401837,961
91_8.png,SRF,75,77.76000213623047,125.95423889160156,-48.194236755371094,-0.3826329084235736,590
91_8.png,SRF,288,60.80208206176758,108.42127227783203,-47.61919021606445,-0.4392052335821994,959
91_9.png,SRF,116,68.02586364746094,126.97331237792969,-58.94744873046875,-0.46425069667407454,712
91_9.png,SRF,172,66.11046600341797,111.1195297241211,-45.009063720703125,-0.40505088378656856,845
92_1.png,SHRM,4070,138.8577423095703,81.17264556884766,57.685096740722656,0.7106469961213261,4657
92_1.png,SHRM,52,124.34615325927734,80.473876953125,43.872276306152344,0.5451741355981566,555
92_10.png,SRF,4845,74.10918426513672,94.04829406738281,-19.939109802246094,-0.21200926609004,3955
92_10.png,SHRM,615,136.51707458496094,83.06293487548828,53.454139709472656,0.6435378161101658,858
92_10.png,SHRM,1026,142.21539306640625,87.30529022216797,54.91010284423828,0.6289435921294937,1664
92_11.png,SRF,4819,70.77941131591797,100.41067504882812,-29.631263732910156,-0.2951007322528301,4271
92_11.png,SHRM,1511,119.13832092285156,84.32899475097656,34.809326171875,0.41278004409594715,1614
92_12.png,SRF,4229,72.78032684326172,96.63265228271484,-23.852325439453125,-0.246835048774913,4674
92_12.png,SHRM,801,111.27091217041016,79.64667510986328,31.624237060546875,0.397056587948272,1384
92_13.png,SRF,2003,50.268096923828125,103.78446197509766,-53.51636505126953,-0.5156491061649517,2510
92_13.png,SRF,80,67.2249984741211,109.14439392089844,-41.919395446777344,-0.38407282262392795,651
92_13.png,SHRM,386,109.59326171875,73.0145492553711,36.578712463378906,0.5009784054879735,962
92_14.png,SRF,251,63.19123458862305,92.75872802734375,-29.567493438720703,-0.3187569953525526,659
92_14.png,SRF,1286,46.01788330078125,101.77153015136719,-55.75364685058594,-0.5478314688563907,2009
92_14.png,SHRM,757,117.5468978881836,74.48097229003906,43.06592559814453,0.5782137943962378,1445
92_15.png,SRF,1214,43.16968536376953,95.93669128417969,-52.767005920410156,-0.5500190304052276,1706
92_15.png,SRF,278,64.56834411621094,99.86640930175781,-35.298065185546875,-0.3534528319616431,524
92_15.png,SHRM,212,109.41509246826172,81.40908813476562,28.006004333496094,0.34401569867893134,814
92_15.png,SHRM,1309,122.5615005493164,82.46924591064453,40.092254638671875,0.486147947588994,2195
92_16.png,SRF,67,64.80596923828125,96.45988464355469,-31.653915405273438,-0.3281562643604976,511
92_16.png,SRF,323,77.3931884765625,106.8315658569336,-29.438377380371094,-0.27555879336070294,659
92_16.png,SRF,1214,42.689456939697266,96.83197021484375,-54.142513275146484,-0.5591388170148661,1833
92_16.png,SHRM,280,130.2857208251953,81.03193664550781,49.2537841796875,0.6078317539806448,908
92_16.png,SHRM,185,123.80000305175781,88.70500183105469,35.095001220703125,0.39563723010280955,939
92_16.png,SHRM,659,131.2169952392578,81.02178192138672,50.195213317871094,0.6195273928506556,1469
92_17.png,SRF,403,69.95037078857422,120.02901458740234,-50.078643798828125,-0.41722115249360825,1103
92_17.png,SRF,1035,46.672462463378906,98.33667755126953,-51.664215087890625,-0.5253809298260519,1892
92_17.png,SHRM,664,124.75301361083984,75.15113830566406,49.60187530517578,0.6600282633568219,1760
92_17.png,SHRM,92,137.70652770996094,103.33734893798828,34.369178771972656,0.3325920311019132,415
92_18.png,SRF,1791,51.79676055908203,101.39519500732422,-49.59843444824219,-0.4891596139704596,3702
92_19.png,SRF,531,52.95856857299805,102.9950942993164,-50.03652572631836,-0.4858146503648617,1427
92_19.png,SRF,256,46.609375,95.5692138671875,-48.9598388671875,-0.5122971811322731,903
92_2.png,SRF,1167,94.02399444580078,89.15818786621094,4.865806579589844,0.054574982915661985,1985
92_2.png,SHRM,978,142.70143127441406,90.83588409423828,51.86554718017578,0.5709808155372554,1828
92_2.png,SHRM,1767,141.0984649658203,86.68267059326172,54.415794372558594,0.627758628110249,2770
92_20.png,SRF,496,54.9254035949707,107.91580200195312,-52.99039840698242,-0.4910346531643565,1354
92_20.png,SRF,197,59.84771728515625,101.69751739501953,-41.84980010986328,-0.41151250474785733,886
92_3.png,SRF,655,85.59542083740234,97.7728271484375,-12.177406311035156,-0.1245479614959642,1413
92_3.png,SHRM,2249,130.8408203125,77.27196502685547,53.56885528564453,0.6932508480537146,2618
92_3.png,SHRM,1415,133.95123291015625,87.7206039428711,46.230628967285156,0.5270213255416403,1786
92_3.png,SHRM,43,156.3023223876953,103.15435028076172,53.147972106933594,0.5152276366656122,460
92_3.png,SHRM,81,126.06172943115234,92.14228820800781,33.91944122314453,0.3681202397163466,499
92_4.png,SRF,1022,87.1761245727539,96.56787872314453,-9.391754150390625,-0.09725546708255167,1650
92_4.png,SHRM,1851,142.15451049804688,81.47140502929688,60.68310546875,0.744839314443252,2448
92_4.png,SHRM,1328,135.79818725585938,82.06205749511719,53.73612976074219,0.6548230863446187,1821
92_5.png,SRF,1172,81.41297149658203,97.91608428955078,-16.50311279296875,-0.16854343096652913,1728
92_5.png,SRF,252,54.20634841918945,92.70012664794922,-38.493778228759766,-0.415250546258141,787
92_5.png,SHRM,1777,142.37648010253906,85.86924743652344,56.507232666015625,0.6580613473733666,2348
92_5.png,SHRM,1092,138.3278350830078,89.50543212890625,48.82240295410156,0.5454686022160895,1656
92_6.png,SRF,39,61.0512809753418,109.26631927490234,-48.21503829956055,-0.44126166800088396,383
92_6.png,SRF,613,82.7031021118164,100.02245330810547,-17.319351196289062,-0.17315463301963982,1425
92_6.png,SHRM,1252,140.19728088378906,87.40440368652344,52.792877197265625,0.6040070633810132,1862
92_6.png,SHRM,2895,125.3464584350586,76.73148345947266,48.61497497558594,0.6335727237863576,2525
92_7.png,SRF,1090,82.46605682373047,99.23902130126953,-16.772964477539062,-0.1690158191566576,1640
92_7.png,SHRM,2011,138.1531524658203,85.55766296386719,52.595489501953125,0.6147373324603935,2688
92_7.png,SHRM,1501,126.76615905761719,88.89640808105469,37.8697509765625,0.4259986628709825,1892
92_8.png,SRF,1308,79.71482849121094,95.55994415283203,-15.845115661621094,-0.16581336251389495,2027
92_8.png,SHRM,1637,144.1973114013672,83.74809265136719,60.44921875,0.7217981548743149,2231
92_8.png,SHRM,1215,134.61070251464844,86.99557495117188,47.61512756347656,0.5473281553711389,1807
92_9.png,SRF,3011,72.77349853515625,95.7305679321289,-22.957069396972656,-0.23980918418084354,3396
92_9.png,SHRM,1332,138.21771240234375,83.05642700195312,55.161285400390625,0.6641422872560299,1400
92_9.png,SHRM,1309,132.15049743652344,88.95640563964844,43.194091796875,0.485564715506256,1881
93_1.png,SRF,150,52.40666580200195,86.93116760253906,-34.52450180053711,-0.3971475680435785,799
93_1.png,SHRM,221,146.49774169921875,102.01213073730469,44.48561096191406,0.43608157814555065,989
93_10.png,SHRM,691,100.70911407470703,92.8546371459961,7.8544769287109375,0.08458895721450378,1424
93_2.png,SHRM,605,105.03636169433594,88.72195434570312,16.314407348632812,0.18388241635282387,1248
93_3.png,SHRM,697,115.34719848632812,91.740478515625,23.606719970703125,0.2573206544446189,1576
93_4.png,SHRM,916,115.9224853515625,94.59879302978516,21.323692321777344,0.22541188569988854,1655
93_5.png,SHRM,879,118.63026428222656,93.56293487548828,25.06732940673828,0.2679194431010249,1732
93_6.png,SHRM,1043,109.17449951171875,93.35790252685547,15.816596984863281,0.1694189410512244,1696
93_7.png,SHRM,596,117.49832153320312,106.7244644165039,10.773857116699219,0.10095021020347371,1488
93_8.png,SHRM,576,120.23784637451172,98.5933609008789,21.644485473632812,0.2195328902053877,1296
93_9.png,SHRM,755,107.65563201904297,91.91592407226562,15.739707946777344,0.17124027316966925,1344
94_1.png,SRF,961,96.62123107910156,123.7238998413086,-27.10266876220703,-0.2190576662792686,2289
94_10.png,SRF,337,111.25816345214844,133.2272491455078,-21.969085693359375,-0.1648993417958006,2187
94_10.png,SRF,208,105.83654022216797,123.70970153808594,-17.87316131591797,-0.14447663436012284,1495
94_10.png,SRF,4,104.0,137.15408325195312,-33.154083251953125,-0.24172873651197693,318
94_10.png,SHRM,133,184.97744750976562,130.1052703857422,54.87217712402344,0.4217521470216836,741
94_2.png,SRF,323,112.13622283935547,129.1741180419922,-17.03789520263672,-0.13189867646007852,1654
94_2.png,SRF,957,97.92894744873047,125.95919036865234,-28.030242919921875,-0.2225343211391251,2132
94_3.png,SRF,318,110.02515411376953,129.6095428466797,-19.584388732910156,-0.15110298441587217,1488
94_3.png,SRF,651,95.1874008178711,129.8524627685547,-34.665061950683594,-0.26695729300467413,2074
94_4.png,SRF,392,124.10204315185547,134.32443237304688,-10.222389221191406,-0.07610223278518465,2096
94_4.png,SRF,320,76.6468734741211,122.44099426269531,-45.79412078857422,-0.3740097102635709,966
94_5.png,SRF,445,129.04269409179688,130.6329345703125,-1.590240478515625,-0.012173350340374435,2016
94_5.png,SRF,148,86.49324035644531,115.37186431884766,-28.878623962402344,-0.2503090691383116,917
94_6.png,SRF,284,126.02112579345703,130.24098205566406,-4.219856262207031,-0.032400371953610535,1664
94_6.png,SRF,114,98.29824829101562,118.5344009399414,-20.23615264892578,-0.17071966018691032,814
94_7.png,SRF,207,112.22705078125,134.4642791748047,-22.237228393554688,-0.1653764741834975,1568
94_8.png,SRF,503,123.37177276611328,130.6182861328125,-7.246513366699219,-0.05547855190299292,2832
94_9.png,SRF,675,109.28888702392578,130.85308837890625,-21.56420135498047,-0.1647970378241119,3635
95_9.png,SHRM,461,118.88069152832031,79.6826171875,39.19807434082031,0.4919275461118941,1191
96_1.png,SRF,6891,43.33144760131836,124.1396713256836,-80.80822372436523,-0.6509460099371682,4847
96_10.png,SRF,4534,42.281429290771484,122.57477569580078,-80.2933464050293,-0.6550560337495279,3497
96_10.png,SRF,1013,45.746299743652344,121.87791442871094,-76.1316146850586,-0.6246547214228025,1671
96_11.png,SRF,5684,43.264427185058594,124.98204040527344,-81.71761322021484,-0.6538348466326278,4845
96_12.png,SRF,5772,42.15367126464844,127.74691009521484,-85.5932388305664,-0.670021989312856,4860
96_2.png,SRF,7273,42.987762451171875,122.91226196289062,-79.92449951171875,-0.6502565182296406,5220
96_3.png,SRF,7751,42.57128143310547,125.60628509521484,-83.03500366210938,-0.6610736365554108,5443
96_4.png,SRF,7725,42.560386657714844,125.45376586914062,-82.89337921142578,-0.660748432995554,5472
96_5.png,SRF,7823,42.930973052978516,122.9539794921875,-80.02300643920898,-0.6508370592778874,5541
96_6.png,SRF,7314,42.384056091308594,122.25599670410156,-79.87194061279297,-0.6533171604343343,5375
96_7.png,SRF,6818,42.626869201660156,121.57584381103516,-78.948974609375,-0.6493804372197908,4885
96_8.png,SRF,6345,43.4884147644043,124.40709686279297,-80.91868209838867,-0.6504346145753476,4989
96_9.png,SRF,4796,42.4507942199707,122.92484283447266,-80.47404861450195,-0.6546605776251931,3526
96_9.png,SRF,1066,50.33677291870117,123.72024536132812,-73.38347244262695,-0.5931403726876604,1655
97_10.png,SHRM,14824,156.0563201904297,101.70484924316406,54.351470947265625,0.5344039281481829,6478
97_11.png,SHRM,16571,156.1876220703125,109.4287109375,46.7589111328125,0.42730020971844185,7168
97_12.png,SHRM,13690,164.48780822753906,111.99378204345703,52.49402618408203,0.46872268465505285,6752
97_6.png,SHRM,9400,147.43287658691406,116.94258117675781,30.49029541015625,0.260728770507215,4946
97_7.png,SHRM,10563,154.74154663085938,112.63970947265625,42.101837158203125,0.3737743763306094,5515
97_8.png,SHRM,13121,148.4208526611328,108.1070327758789,40.313819885253906,0.37290654317402394,5886
97_9.png,SHRM,12787,160.58778381347656,107.15731048583984,53.43047332763672,0.49861715533348716,6306
98_3.png,SRF,204,78.54901885986328,118.26143646240234,-39.71241760253906,-0.33580192149250976,1312
98_4.png,SRF,429,72.32633972167969,127.43718719482422,-55.11084747314453,-0.4324549896796751,1592
98_5.png,SRF,622,59.9630241394043,121.528076171875,-61.5650520324707,-0.5065911842906189,1763
98_6.png,SRF,833,61.8991584777832,126.50276184082031,-64.60360336303711,-0.5106892720992801,2172
98_6.png,SHRM,160,191.28125,115.92056274414062,75.36068725585938,0.6501062923770925,919
98_7.png,SRF,740,54.7675666809082,124.08223724365234,-69.31467056274414,-0.5586188007445043,1824
98_7.png,SHRM,66,153.81817626953125,114.08016204833984,39.738014221191406,0.34833413196198815,736
98_8.png,SRF,829,61.176116943359375,121.97607421875,-60.799957275390625,-0.4984580596220282,2048
98_9.png,SRF,522,57.74329376220703,121.9881591796875,-64.24486541748047,-0.526648371854258,1520
99_1.png,SRF,43,60.46511459350586,119.4319839477539,-58.96686935424805,-0.49372762140536314,544
99_1.png,SHRM,6445,121.35345458984375,101.27210235595703,20.08135223388672,0.1982910571294711,5498
99_1.png,SHRM,614,151.9886016845703,125.88056945800781,26.1080322265625,0.20740319446419261,2177
99_10.png,SHRM,11637,133.99595642089844,107.85914611816406,26.136810302734375,0.2423235417986755,8143
99_11.png,SHRM,12016,136.63165283203125,110.09947204589844,26.532180786132812,0.24098372401887663,8143
99_12.png,SHRM,12408,135.5083770751953,107.45214080810547,28.056236267089844,0.26110448852940366,7323
99_13.png,SHRM,11634,136.69485473632812,110.97837829589844,25.716476440429688,0.23172510569457586,8232
99_14.png,SHRM,8215,140.2331085205078,106.77326965332031,33.4598388671875,0.313372803659825,5222
99_14.png,SHRM,898,152.55567932128906,129.226806640625,23.328872680664062,0.18052657406865125,2112
99_15.png,SHRM,8508,141.33462524414062,113.84693145751953,27.487693786621094,0.2414443097825413,5553
99_15.png,SHRM,1104,155.89764404296875,131.50100708007812,24.396636962890625,0.18552433555154588,2475
99_16.png,SHRM,8496,139.8629913330078,110.79499053955078,29.06800079345703,0.2623584392390065,5707
99_17.png,SHRM,7838,141.4001007080078,110.8236312866211,30.57646942138672,0.27590207130379407,5290
99_18.png,SHRM,7419,141.50289916992188,111.12593078613281,30.376968383789062,0.27335625599619046,5098
99_19.png,SHRM,7373,133.7211456298828,113.19035339355469,20.530792236328125,0.18138287955462107,5537
99_2.png,SHRM,5619,124.0325698852539,96.76243591308594,27.27013397216797,0.2818256249425405,5548
99_2.png,SHRM,216,135.76388549804688,126.07172393798828,9.692161560058594,0.07687815520652308,976
99_20.png,SHRM,6807,130.41339111328125,109.23209381103516,21.181297302246094,0.1939109337122883,5390
99_21.png,SHRM,7091,128.833740234375,111.46337127685547,17.37036895751953,0.15583925695531478,5365
99_22.png,SHRM,6009,133.22698974609375,112.433837890625,20.79315185546875,0.18493677922562965,5615
99_3.png,SHRM,5857,122.60525512695312,97.20664978027344,25.398605346679688,0.26128464877753593,5081
99_3.png,SHRM,621,154.89854431152344,126.51782989501953,28.380714416503906,0.22432185597914,1991
99_4.png,SHRM,9128,127.85582733154297,105.5382308959961,22.317596435546875,0.21146456829980423,8396
99_5.png,SHRM,8869,128.67718505859375,102.89280700683594,25.784378051757812,0.2505945634279835,8256
99_6.png,SHRM,8629,128.61431884765625,106.17404174804688,22.440277099609375,0.2113537050125736,7320
99_7.png,SHRM,11398,127.53500366210938,109.03162384033203,18.503379821777344,0.16970654173576322,8159
99_8.png,SRF,92,60.119564056396484,112.69664764404297,-52.577083587646484,-0.4665363583281854,656
99_8.png,SHRM,10943,129.09603881835938,104.76062774658203,24.335411071777344,0.2322953918398157,8092
99_9.png,SHRM,9268,128.01025390625,102.92997741699219,25.080276489257812,0.24366347995639837,6669
9_1.png,SRF,144,126.98611450195312,165.32421875,-38.338104248046875,-0.23189647916026745,768
9_1.png,SRF,135,134.8148193359375,154.24215698242188,-19.427337646484375,-0.12595348785674984,797
9_10.png,SRF,274,137.90145874023438,164.42408752441406,-26.522628784179688,-0.1613062245532702,1021
9_10.png,SRF,277,113.02165985107422,140.2204132080078,-27.198753356933594,-0.19397142494927627,1166
9_10.png,SHRM,1781,168.84109497070312,131.4824676513672,37.35862731933594,0.2841339076354601,2110
9_11.png,SHRM,1526,168.9580535888672,126.92877197265625,42.02928161621094,0.33112493694703937,2471
9_2.png,SRF,173,129.37571716308594,155.08460998535156,-25.708892822265625,-0.16577333382528378,851
9_2.png,SRF,347,130.5100860595703,149.60232543945312,-19.092239379882812,-0.12761993721554682,1373
9_3.png,SRF,281,133.16726684570312,160.2344512939453,-27.067184448242188,-0.16892237736433002,1045
9_3.png,SRF,615,139.26991271972656,150.9121551513672,-11.642242431640625,-0.0771458231443536,1662
9_4.png,SHRM,727,180.2737274169922,134.11224365234375,46.16148376464844,0.34420036909017676,1568
9_5.png,SRF,953,130.65582275390625,150.28421020507812,-19.628387451171875,-0.1306084479825721,2558
9_5.png,SHRM,733,181.3765411376953,139.82456970214844,41.551971435546875,0.29717217456173883,1123
9_6.png,SRF,91,139.38461303710938,174.9241180419922,-35.53950500488281,-0.2031709829535983,738
9_6.png,SRF,308,118.25,139.5975799560547,-21.347579956054688,-0.15292227818544493,1076
9_6.png,SHRM,877,177.09007263183594,136.17214965820312,40.91792297363281,0.300486722698718,1673
9_7.png,SHRM,2046,152.73460388183594,147.3768310546875,5.3577728271484375,0.03635424095365652,3142
9_8.png,SRF,659,130.29893493652344,168.9668731689453,-38.667938232421875,-0.22884922652121797,2204
9_8.png,SHRM,1263,167.93348693847656,141.7682647705078,26.16522216796875,0.18456332388863325,1601
9_9.png,SRF,102,116.9117660522461,187.3470001220703,-70.43523406982422,-0.37596136593556606,683
9_9.png,SRF,150,117.63999938964844,149.19467163085938,-31.554672241210938,-0.2114999945794591,750
9_9.png,SHRM,1377,162.68844604492188,148.97012329101562,13.71832275390625,0.09208774518570598,2176
