file,cls,px
100_1.png,SRF,5401
100_1.png,IRF,310
100_1.png,IRF,377
100_1.png,IRF,123
100_1.png,IRF,103
100_1.png,IRF,79
100_1.png,IRF,137
100_1.png,IRF,567
100_1.png,IRF,27
100_1.png,IRF,134
100_1.png,IRF,232
100_1.png,IRF,225
100_1.png,IRF,20
100_1.png,IRF,94
100_1.png,IRF,70
100_1.png,IRF,65
100_1.png,IRF,87
100_1.png,PED,25
100_10.png,SRF,7646
100_10.png,IRF,756
100_10.png,IRF,1889
100_10.png,IRF,3507
100_10.png,IRF,155
100_10.png,IRF,140
100_10.png,IRF,201
100_10.png,IRF,58
100_10.png,IRF,148
100_10.png,IRF,190
100_10.png,PED,12
100_11.png,SRF,7907
100_11.png,IRF,138
100_11.png,IRF,85
100_11.png,IRF,998
100_11.png,IRF,1578
100_11.png,IRF,1985
100_11.png,IRF,2492
100_11.png,IRF,252
100_11.png,IRF,107
100_11.png,PED,71
100_12.png,SRF,7781
100_12.png,IRF,101
100_12.png,IRF,1027
100_12.png,IRF,6700
100_12.png,IRF,52
100_12.png,IRF,48
100_12.png,IRF,149
100_12.png,IRF,270
100_12.png,PED,84
100_13.png,SRF,7831
100_13.png,IRF,34
100_13.png,IRF,1818
100_13.png,IRF,2593
100_13.png,IRF,312
100_13.png,IRF,2283
100_13.png,IRF,92
100_13.png,IRF,182
100_13.png,IRF,436
100_13.png,PED,54
100_14.png,SRF,8014
100_14.png,IRF,77
100_14.png,IRF,1924
100_14.png,IRF,17
100_14.png,IRF,2235
100_14.png,IRF,2885
100_14.png,IRF,126
100_14.png,IRF,102
100_14.png,IRF,367
100_14.png,IRF,415
100_15.png,SRF,7861
100_15.png,IRF,1619
100_15.png,IRF,1552
100_15.png,IRF,2828
100_15.png,IRF,50
100_15.png,IRF,566
100_15.png,IRF,471
100_15.png,PED,44
100_16.png,SRF,8127
100_16.png,IRF,12
100_16.png,IRF,4551
100_16.png,IRF,37
100_16.png,IRF,124
100_16.png,IRF,176
100_16.png,IRF,141
100_16.png,IRF,537
100_16.png,IRF,28
100_16.png,IRF,91
100_16.png,PED,87
100_17.png,SRF,6902
100_17.png,IRF,46
100_17.png,IRF,879
100_17.png,IRF,2905
100_17.png,IRF,34
100_17.png,IRF,818
100_17.png,IRF,44
100_17.png,IRF,51
100_17.png,IRF,128
100_17.png,PED,52
100_18.png,SRF,7040
100_18.png,SRF,49
100_18.png,IRF,242
100_18.png,IRF,96
100_18.png,IRF,2547
100_18.png,IRF,49
100_18.png,IRF,224
100_18.png,IRF,94
100_18.png,IRF,3213
100_18.png,IRF,369
100_18.png,IRF,88
100_18.png,IRF,110
100_18.png,IRF,41
100_18.png,IRF,50
100_18.png,IRF,517
100_18.png,IRF,168
100_18.png,IRF,199
100_18.png,PED,148
100_19.png,SRF,6511
100_19.png,SRF,100
100_19.png,IRF,90
100_19.png,IRF,1786
100_19.png,IRF,241
100_19.png,IRF,1077
100_19.png,IRF,105
100_19.png,IRF,2877
100_19.png,IRF,723
100_19.png,IRF,98
100_19.png,IRF,324
100_19.png,PED,139
100_2.png,SRF,6369
100_2.png,IRF,400
100_2.png,IRF,80
100_2.png,IRF,438
100_2.png,IRF,14
100_2.png,IRF,283
100_2.png,IRF,135
100_2.png,IRF,824
100_2.png,IRF,203
100_2.png,IRF,505
100_2.png,IRF,257
100_2.png,PED,21
100_20.png,SRF,5332
100_20.png,SRF,114
100_20.png,IRF,15
100_20.png,IRF,906
100_20.png,IRF,9
100_20.png,IRF,1331
100_20.png,IRF,84
100_20.png,IRF,2
100_20.png,IRF,155
100_20.png,IRF,2447
100_20.png,IRF,153
100_20.png,IRF,24
100_20.png,IRF,775
100_20.png,IRF,252
100_20.png,PED,134
100_21.png,SRF,1528
100_21.png,SRF,47
100_21.png,SRF,79
100_21.png,IRF,2094
100_21.png,IRF,40
100_21.png,IRF,26
100_21.png,IRF,3605
100_21.png,IRF,79
100_21.png,IRF,118
100_21.png,IRF,84
100_21.png,IRF,21
100_21.png,IRF,31
100_21.png,PED,160
100_22.png,SRF,1373
100_22.png,IRF,180
100_22.png,IRF,1584
100_22.png,IRF,18
100_22.png,IRF,228
100_22.png,IRF,20
100_22.png,IRF,3014
100_22.png,IRF,101
100_22.png,IRF,65
100_22.png,PED,135
100_22.png,PED,46
100_22.png,PED,371
100_23.png,SRF,1074
100_23.png,IRF,853
100_23.png,IRF,2218
100_23.png,IRF,407
100_23.png,IRF,208
100_23.png,IRF,213
100_23.png,IRF,258
100_23.png,PED,683
100_23.png,PED,108
100_23.png,PED,856
100_24.png,SRF,38
100_24.png,SRF,811
100_24.png,IRF,15
100_24.png,IRF,323
100_24.png,IRF,217
100_24.png,IRF,194
100_24.png,IRF,591
100_24.png,IRF,1459
100_24.png,IRF,643
100_24.png,IRF,465
100_24.png,IRF,24
100_24.png,IRF,120
100_24.png,PED,752
100_24.png,PED,1098
100_3.png,SRF,6753
100_3.png,IRF,14
100_3.png,IRF,28
100_3.png,IRF,396
100_3.png,IRF,28
100_3.png,IRF,15
100_3.png,IRF,417
100_3.png,IRF,1594
100_3.png,IRF,107
100_3.png,IRF,44
100_3.png,IRF,183
100_3.png,IRF,52
100_3.png,IRF,28
100_3.png,IRF,61
100_3.png,IRF,369
100_3.png,IRF,54
100_3.png,IRF,52
100_4.png,SRF,6975
100_4.png,IRF,189
100_4.png,IRF,117
100_4.png,IRF,38
100_4.png,IRF,392
100_4.png,IRF,7
100_4.png,IRF,20
100_4.png,IRF,1343
100_4.png,IRF,656
100_4.png,IRF,81
100_4.png,IRF,74
100_4.png,IRF,128
100_4.png,IRF,90
100_4.png,IRF,87
100_4.png,IRF,185
100_4.png,IRF,54
100_4.png,IRF,299
100_4.png,IRF,33
100_4.png,IRF,39
100_4.png,IRF,39
100_4.png,PED,68
100_5.png,SRF,6885
100_5.png,SRF,27
100_5.png,IRF,323
100_5.png,IRF,169
100_5.png,IRF,435
100_5.png,IRF,75
100_5.png,IRF,752
100_5.png,IRF,1630
100_5.png,IRF,47
100_5.png,IRF,45
100_5.png,IRF,168
100_5.png,IRF,588
100_5.png,IRF,179
100_5.png,IRF,29
100_5.png,IRF,213
100_6.png,SRF,6523
100_6.png,IRF,122
100_6.png,IRF,67
100_6.png,IRF,49
100_6.png,IRF,68
100_6.png,IRF,633
100_6.png,IRF,84
100_6.png,IRF,1258
100_6.png,IRF,508
100_6.png,IRF,499
100_6.png,IRF,82
100_6.png,IRF,287
100_6.png,IRF,171
100_6.png,IRF,1127
100_6.png,IRF,22
100_6.png,IRF,92
100_6.png,PED,173
100_7.png,SRF,6616
100_7.png,IRF,1050
100_7.png,IRF,109
100_7.png,IRF,2173
100_7.png,IRF,33
100_7.png,IRF,89
100_7.png,IRF,403
100_7.png,IRF,1059
100_7.png,IRF,62
100_7.png,IRF,71
100_7.png,IRF,62
100_7.png,PED,75
100_8.png,SRF,6632
100_8.png,SRF,746
100_8.png,IRF,159
100_8.png,IRF,70
100_8.png,IRF,207
100_8.png,IRF,996
100_8.png,IRF,307
100_8.png,IRF,213
100_8.png,IRF,31
100_8.png,IRF,2124
100_8.png,IRF,48
100_8.png,IRF,53
100_8.png,IRF,80
100_8.png,IRF,19
100_8.png,IRF,5
100_8.png,IRF,76
100_8.png,IRF,1305
100_8.png,IRF,149
100_8.png,IRF,12
100_8.png,IRF,40
100_8.png,IRF,62
100_8.png,IRF,29
100_9.png,SRF,7569
100_9.png,IRF,2505
100_9.png,IRF,200
100_9.png,IRF,138
100_9.png,IRF,1746
100_9.png,IRF,73
100_9.png,IRF,45
100_9.png,IRF,38
100_9.png,IRF,173
100_9.png,IRF,1232
100_9.png,IRF,365
100_9.png,IRF,113
100_9.png,IRF,91
100_9.png,IRF,27
100_9.png,PED,63
101_1.png,SRF,5221
101_1.png,PED,493
101_1.png,PED,751
101_1.png,PED,97
101_10.png,SRF,4804
101_10.png,PED,5637
101_11.png,SRF,5188
101_11.png,SRF,172
101_11.png,PED,5273
101_12.png,SRF,5400
101_12.png,SRF,399
101_12.png,PED,6527
101_13.png,SRF,5035
101_13.png,SRF,576
101_13.png,PED,5625
101_14.png,SRF,4225
101_14.png,SRF,874
101_14.png,PED,5037
101_15.png,SRF,3935
101_15.png,SRF,1060
101_15.png,IRF,18
101_15.png,IRF,15
101_15.png,IRF,64
101_15.png,PED,5720
101_16.png,SRF,3158
101_16.png,SRF,1289
101_16.png,IRF,41
101_16.png,PED,5560
101_17.png,SRF,2895
101_17.png,SRF,1744
101_17.png,PED,5474
101_18.png,SRF,2592
101_18.png,SRF,1538
101_18.png,PED,6110
101_19.png,SRF,2178
101_19.png,SRF,1932
101_19.png,PED,5473
101_2.png,SRF,5225
101_2.png,PED,234
101_2.png,PED,1189
101_2.png,PED,115
101_20.png,SRF,1903
101_20.png,SRF,1795
101_20.png,IRF,19
101_20.png,PED,5521
101_21.png,SRF,1791
101_21.png,SRF,2020
101_21.png,PED,5862
101_22.png,SRF,3884
101_22.png,PED,5982
101_23.png,SRF,2845
101_23.png,SRF,926
101_23.png,PED,6094
101_24.png,SRF,2366
101_24.png,SRF,888
101_24.png,PED,5944
101_25.png,SRF,1796
101_25.png,SRF,1008
101_25.png,PED,5213
101_3.png,SRF,4560
101_3.png,SRF,148
101_3.png,SRF,112
101_3.png,PED,2309
101_4.png,SRF,4918
101_4.png,SRF,216
101_4.png,PED,3131
101_5.png,SRF,4604
101_5.png,PED,4122
101_6.png,SRF,4454
101_6.png,SRF,47
101_6.png,PED,4222
101_7.png,SRF,4480
101_7.png,PED,4720
101_8.png,SRF,4631
101_8.png,PED,5903
101_9.png,SRF,4809
101_9.png,PED,4823
102_1.png,SRF,292
102_1.png,PED,299
102_10.png,SRF,13
102_10.png,PED,516
102_10.png,PED,132
102_10.png,PED,52
102_11.png,PED,682
102_11.png,PED,382
102_2.png,PED,712
102_3.png,PED,736
102_3.png,PED,23
102_4.png,PED,996
102_4.png,PED,278
102_5.png,PED,980
102_5.png,PED,514
102_6.png,PED,1084
102_6.png,PED,144
102_7.png,PED,963
102_7.png,PED,125
102_8.png,PED,1075
102_8.png,PED,36
102_9.png,PED,931
102_9.png,PED,22
103_1.png,SRF,68
103_1.png,SRF,160
103_1.png,SRF,13
103_1.png,IRF,46
103_1.png,PED,137
103_10.png,SRF,428
103_10.png,PED,986
103_11.png,SRF,519
103_11.png,SRF,110
103_11.png,PED,1457
103_12.png,SRF,630
103_12.png,PED,1559
103_13.png,SRF,1105
103_13.png,SRF,68
103_13.png,SRF,99
103_13.png,SRF,91
103_13.png,IRF,332
103_13.png,IRF,180
103_13.png,IRF,84
103_13.png,PED,1081
103_13.png,PED,350
103_14.png,SRF,1731
103_14.png,SRF,75
103_14.png,SRF,66
103_14.png,IRF,523
103_14.png,IRF,115
103_14.png,IRF,200
103_14.png,PED,320
103_15.png,SRF,1093
103_15.png,SRF,181
103_15.png,IRF,659
103_15.png,IRF,150
103_15.png,IRF,40
103_15.png,IRF,10
103_15.png,PED,462
103_15.png,PED,671
103_16.png,SRF,1375
103_16.png,SRF,81
103_16.png,IRF,39
103_16.png,IRF,55
103_16.png,IRF,99
103_16.png,PED,4933
103_17.png,SRF,1419
103_17.png,SRF,85
103_17.png,IRF,144
103_17.png,IRF,125
103_17.png,PED,5057
103_17.png,PED,483
103_18.png,SRF,1191
103_18.png,IRF,28
103_18.png,PED,6958
103_19.png,SRF,1062
103_19.png,IRF,137
103_19.png,IRF,100
103_19.png,PED,6671
103_2.png,SRF,118
103_2.png,SRF,208
103_2.png,PED,68
103_20.png,SRF,906
103_20.png,SRF,42
103_20.png,IRF,9
103_20.png,PED,7127
103_20.png,PED,453
103_21.png,SRF,957
103_21.png,IRF,150
103_21.png,IRF,103
103_21.png,PED,6946
103_21.png,PED,374
103_21.png,PED,347
103_3.png,SRF,137
103_3.png,SRF,326
103_3.png,PED,410
103_4.png,SRF,108
103_4.png,SRF,283
103_4.png,PED,470
103_4.png,PED,25
103_5.png,SRF,217
103_5.png,SRF,181
103_5.png,SRF,25
103_5.png,PED,546
103_6.png,SRF,185
103_6.png,SRF,687
103_6.png,PED,984
103_7.png,SRF,336
103_7.png,SRF,370
103_7.png,PED,1283
103_8.png,SRF,404
103_8.png,SRF,118
103_8.png,IRF,28
103_8.png,IRF,98
103_8.png,PED,428
103_9.png,SRF,424
103_9.png,SRF,12
103_9.png,IRF,1
103_9.png,PED,562
104_10.png,PED,327
104_11.png,PED,442
104_12.png,PED,207
104_12.png,PED,357
104_12.png,PED,81
104_13.png,PED,212
104_13.png,PED,381
104_14.png,PED,361
104_15.png,PED,440
104_15.png,PED,159
104_16.png,PED,670
104_16.png,PED,145
104_17.png,PED,165
104_17.png,PED,147
104_18.png,PED,161
104_18.png,PED,39
104_20.png,IRF,122
104_24.png,SRF,130
104_25.png,SRF,84
104_25.png,SRF,380
104_25.png,SRF,147
104_26.png,SRF,179
104_26.png,SRF,123
104_26.png,SRF,97
104_27.png,SRF,428
104_27.png,SRF,279
104_28.png,PED,653
104_29.png,IRF,48
104_29.png,PED,451
104_30.png,PED,296
104_31.png,IRF,87
104_31.png,PED,331
104_32.png,PED,362
104_33.png,PED,359
104_34.png,PED,495
104_35.png,SRF,22
104_35.png,PED,258
104_36.png,IRF,83
104_37.png,IRF,200
104_37.png,PED,309
104_38.png,PED,304
104_38.png,PED,130
104_39.png,PED,379
104_39.png,PED,262
104_40.png,IRF,62
104_40.png,IRF,85
104_40.png,PED,1492
104_5.png,PED,64
104_7.png,SRF,122
104_7.png,PED,229
104_7.png,PED,129
104_8.png,SRF,102
104_8.png,PED,138
104_8.png,PED,387
104_9.png,PED,404
105_10.png,SRF,324
105_11.png,SRF,273
105_12.png,SRF,200
105_12.png,IRF,319
105_13.png,SRF,264
105_14.png,SRF,154
105_14.png,PED,675
105_15.png,PED,753
105_16.png,SRF,88
105_16.png,IRF,45
105_16.png,IRF,122
105_16.png,PED,871
105_17.png,SRF,170
105_17.png,IRF,116
105_17.png,IRF,70
105_17.png,PED,649
105_18.png,SRF,78
105_18.png,IRF,517
105_18.png,PED,1139
105_2.png,PED,161
105_20.png,IRF,137
105_20.png,IRF,379
105_20.png,IRF,56
105_21.png,IRF,1086
105_22.png,IRF,1394
105_22.png,IRF,321
105_23.png,IRF,98
105_23.png,IRF,96
105_23.png,IRF,327
105_23.png,IRF,34
105_23.png,IRF,1486
105_23.png,PED,1808
105_24.png,IRF,2796
105_24.png,IRF,143
105_24.png,PED,2779
105_25.png,IRF,4642
105_25.png,IRF,89
105_25.png,PED,1165
105_26.png,IRF,5597
105_26.png,IRF,89
105_26.png,PED,1387
105_27.png,IRF,5819
105_27.png,IRF,91
105_27.png,IRF,126
105_27.png,PED,949
105_28.png,IRF,5541
105_28.png,PED,770
105_29.png,IRF,5960
105_3.png,PED,198
105_30.png,IRF,5929
105_4.png,PED,103
105_5.png,SRF,129
105_6.png,SRF,307
105_7.png,SRF,570
105_8.png,SRF,605
105_8.png,IRF,121
105_9.png,SRF,411
106_1.png,PED,211
106_1.png,PED,91
106_11.png,SRF,58
106_11.png,IRF,206
106_12.png,IRF,361
106_12.png,PED,163
106_13.png,IRF,527
106_14.png,IRF,488
106_15.png,IRF,336
106_15.png,PED,5956
106_16.png,PED,6090
106_17.png,IRF,35
106_17.png,PED,5392
106_18.png,PED,4330
106_19.png,SRF,169
106_19.png,IRF,154
106_19.png,PED,4596
106_2.png,SRF,32
106_2.png,IRF,312
106_20.png,IRF,298
106_20.png,PED,4036
106_21.png,IRF,303
106_21.png,IRF,68
106_21.png,IRF,33
106_21.png,IRF,39
106_21.png,IRF,129
106_21.png,PED,3472
106_22.png,IRF,275
106_22.png,IRF,38
106_22.png,IRF,42
106_22.png,IRF,121
106_22.png,PED,3338
106_23.png,IRF,278
106_23.png,IRF,106
106_23.png,PED,1512
106_24.png,IRF,91
106_24.png,IRF,58
106_24.png,PED,1404
106_25.png,IRF,81
106_25.png,IRF,50
106_25.png,IRF,187
106_25.png,IRF,88
106_25.png,PED,1724
106_25.png,PED,259
106_26.png,IRF,89
106_26.png,IRF,153
106_26.png,PED,1191
106_26.png,PED,223
106_27.png,IRF,31
106_27.png,IRF,58
106_27.png,IRF,200
106_27.png,PED,997
106_28.png,IRF,33
106_28.png,IRF,36
106_28.png,IRF,63
106_28.png,IRF,221
106_28.png,PED,915
106_29.png,IRF,18
106_29.png,IRF,30
106_29.png,IRF,73
106_29.png,IRF,37
106_29.png,IRF,10
106_29.png,IRF,57
106_29.png,PED,579
106_3.png,IRF,83
106_3.png,IRF,87
106_3.png,IRF,52
106_3.png,IRF,116
106_30.png,IRF,160
106_30.png,IRF,155
106_30.png,PED,338
106_32.png,IRF,84
106_32.png,IRF,59
106_32.png,IRF,58
106_32.png,IRF,17
106_33.png,IRF,45
106_4.png,SRF,47
106_4.png,IRF,36
106_4.png,IRF,186
106_4.png,PED,266
106_4.png,PED,85
106_5.png,SRF,89
106_5.png,IRF,51
106_5.png,IRF,59
106_5.png,IRF,53
106_5.png,PED,446
106_6.png,IRF,241
106_6.png,PED,877
106_7.png,IRF,231
106_7.png,PED,437
106_8.png,SRF,96
106_8.png,IRF,40
106_8.png,IRF,12
106_8.png,IRF,94
106_8.png,PED,1536
106_9.png,SRF,52
106_9.png,IRF,23
106_9.png,PED,977
107_1.png,SRF,348
107_1.png,SRF,2221
107_1.png,PED,5452
107_1.png,PED,1781
107_10.png,SRF,10786
107_10.png,PED,7615
107_11.png,SRF,10919
107_11.png,PED,7989
107_12.png,SRF,11923
107_12.png,PED,8130
107_13.png,SRF,12004
107_13.png,PED,7988
107_14.png,SRF,11820
107_14.png,PED,6778
107_15.png,SRF,12562
107_15.png,PED,6270
107_16.png,SRF,11863
107_16.png,PED,5580
107_17.png,SRF,11087
107_17.png,PED,5707
107_18.png,SRF,10670
107_18.png,PED,5195
107_19.png,SRF,9607
107_19.png,PED,4778
107_2.png,SRF,140
107_2.png,SRF,3026
107_2.png,PED,6932
107_20.png,SRF,9112
107_20.png,PED,4093
107_21.png,SRF,8321
107_21.png,PED,3905
107_22.png,SRF,7787
107_22.png,PED,3485
107_23.png,SRF,6816
107_23.png,PED,2084
107_24.png,SRF,7312
107_24.png,PED,1374
107_25.png,SRF,7387
107_25.png,PED,557
107_26.png,SRF,7129
107_26.png,PED,164
107_27.png,SRF,6773
107_27.png,PED,165
107_28.png,SRF,602
107_28.png,SRF,4703
107_28.png,PED,237
107_28.png,PED,97
107_29.png,SRF,569
107_29.png,SRF,4514
107_29.png,PED,228
107_3.png,SRF,3524
107_3.png,PED,7285
107_30.png,SRF,2886
107_31.png,SRF,1847
107_32.png,PED,214
107_4.png,SRF,3709
107_4.png,PED,8243
107_5.png,SRF,4369
107_5.png,PED,7922
107_6.png,SRF,4967
107_6.png,PED,8015
107_7.png,SRF,5907
107_7.png,SRF,2
107_7.png,PED,7652
107_8.png,SRF,7498
107_8.png,PED,7653
107_9.png,SRF,9578
107_9.png,PED,8226
108_12.png,IRF,97
108_12.png,IRF,146
108_13.png,IRF,55
108_13.png,IRF,63
108_14.png,IRF,138
108_14.png,IRF,62
108_14.png,PED,2150
108_15.png,IRF,113
108_15.png,IRF,30
108_16.png,IRF,41
108_16.png,PED,3642
108_17.png,PED,3327
108_17.png,PED,364
108_18.png,PED,938
108_18.png,PED,574
108_18.png,PED,81
109_10.png,SRF,1555
109_11.png,SRF,1564
109_12.png,SRF,1387
109_13.png,SRF,1481
109_14.png,SRF,1740
109_14.png,PED,502
109_15.png,SRF,2017
109_15.png,PED,379
109_16.png,SRF,2330
109_16.png,PED,576
109_17.png,SRF,2762
109_17.png,PED,661
109_18.png,SRF,3057
109_18.png,PED,188
109_18.png,PED,153
109_18.png,PED,58
109_19.png,SRF,3251
109_19.png,PED,506
109_19.png,PED,270
109_20.png,SRF,3240
109_20.png,PED,553
109_21.png,SRF,3519
109_21.png,PED,353
109_21.png,PED,181
109_22.png,SRF,2541
109_22.png,PED,593
109_23.png,SRF,2255
109_23.png,PED,444
109_23.png,PED,239
109_24.png,SRF,2163
109_24.png,PED,338
109_25.png,SRF,461
109_5.png,SRF,152
109_6.png,SRF,758
109_7.png,SRF,1083
109_8.png,SRF,1304
109_9.png,SRF,1429
10_1.png,PED,313
10_2.png,PED,477
10_3.png,PED,613
10_4.png,PED,528
10_5.png,PED,366
10_6.png,PED,283
10_7.png,PED,413
110_1.png,SRF,279
110_1.png,SRF,1016
110_1.png,SRF,2853
110_1.png,SRF,435
110_1.png,PED,1106
110_10.png,SRF,2748
110_10.png,SRF,400
110_10.png,SRF,404
110_10.png,SRF,1526
110_11.png,SRF,2949
110_11.png,SRF,315
110_12.png,SRF,3066
110_12.png,SRF,357
110_13.png,SRF,2794
110_13.png,SRF,950
110_2.png,SRF,657
110_2.png,SRF,928
110_2.png,SRF,2445
110_2.png,SRF,413
110_2.png,PED,1402
110_3.png,SRF,1510
110_3.png,SRF,3132
110_3.png,SRF,761
110_4.png,SRF,1572
110_4.png,SRF,3210
110_4.png,SRF,887
110_4.png,PED,401
110_5.png,SRF,1182
110_5.png,SRF,3507
110_5.png,SRF,61
110_5.png,SRF,1225
110_6.png,SRF,1454
110_6.png,SRF,4014
110_6.png,SRF,1219
110_7.png,SRF,1794
110_7.png,SRF,3413
110_7.png,SRF,1123
110_8.png,SRF,2389
110_8.png,SRF,393
110_8.png,SRF,1683
110_8.png,SRF,1095
110_9.png,SRF,3018
110_9.png,SRF,384
110_9.png,SRF,1066
110_9.png,SRF,1213
111_10.png,SRF,785
111_10.png,SRF,610
111_10.png,IRF,1563
111_11.png,SRF,578
111_11.png,SRF,787
111_11.png,IRF,2613
111_12.png,SRF,608
111_12.png,SRF,1006
111_12.png,IRF,3072
111_13.png,SRF,709
111_13.png,SRF,1333
111_13.png,IRF,107
111_13.png,IRF,3559
111_14.png,SRF,644
111_14.png,SRF,2088
111_14.png,IRF,3242
111_15.png,SRF,675
111_15.png,SRF,1759
111_15.png,SRF,14
111_15.png,IRF,88
111_15.png,IRF,3375
111_15.png,IRF,59
111_15.png,IRF,70
111_16.png,SRF,5229
111_16.png,SRF,714
111_16.png,IRF,3182
111_17.png,SRF,676
111_17.png,SRF,2560
111_17.png,IRF,476
111_17.png,IRF,2760
111_18.png,SRF,859
111_18.png,SRF,1985
111_18.png,IRF,378
111_18.png,IRF,1189
111_19.png,SRF,1278
111_19.png,SRF,3142
111_19.png,IRF,168
111_19.png,IRF,150
111_19.png,IRF,111
111_19.png,IRF,367
111_19.png,IRF,126
111_20.png,SRF,1095
111_20.png,SRF,5588
111_20.png,IRF,482
111_20.png,IRF,199
111_20.png,IRF,618
111_21.png,SRF,1181
111_21.png,SRF,2632
111_21.png,IRF,564
111_21.png,IRF,296
111_21.png,IRF,605
111_22.png,SRF,5881
111_22.png,SRF,1107
111_22.png,IRF,412
111_22.png,IRF,536
111_23.png,SRF,7908
111_23.png,SRF,1652
111_23.png,IRF,867
111_23.png,PED,665
111_24.png,SRF,8895
111_24.png,SRF,1579
111_24.png,IRF,703
111_24.png,PED,732
111_25.png,SRF,11675
111_25.png,PED,278
111_26.png,SRF,8674
111_26.png,PED,330
111_26.png,PED,367
111_27.png,SRF,8454
111_27.png,PED,1026
111_28.png,SRF,8563
111_28.png,PED,230
111_28.png,PED,332
111_29.png,SRF,8521
111_29.png,PED,227
111_29.png,PED,369
111_3.png,SRF,240
111_3.png,IRF,434
111_30.png,SRF,8335
111_30.png,PED,1041
111_4.png,SRF,334
111_4.png,SRF,318
111_4.png,IRF,544
111_5.png,SRF,481
111_5.png,SRF,351
111_5.png,IRF,636
111_6.png,SRF,564
111_6.png,SRF,474
111_6.png,IRF,1146
111_7.png,SRF,367
111_7.png,SRF,321
111_7.png,IRF,654
111_8.png,SRF,395
111_8.png,SRF,443
111_8.png,IRF,87
111_8.png,IRF,578
111_9.png,SRF,583
111_9.png,SRF,422
111_9.png,IRF,91
111_9.png,IRF,622
112_10.png,PED,5122
112_11.png,PED,6842
112_12.png,PED,7760
112_13.png,PED,8805
112_14.png,PED,9730
112_15.png,PED,7771
112_16.png,PED,10059
112_17.png,PED,9445
112_18.png,PED,7523
112_19.png,PED,6301
112_2.png,PED,244
112_2.png,PED,233
112_20.png,PED,6307
112_20.png,PED,164
112_21.png,PED,4579
112_22.png,PED,3786
112_23.png,PED,2096
112_23.png,PED,247
112_3.png,SRF,97
112_3.png,PED,102
112_3.png,PED,1306
112_4.png,SRF,49
112_4.png,PED,460
112_4.png,PED,1034
112_4.png,PED,145
112_5.png,SRF,98
112_5.png,PED,1767
112_5.png,PED,148
112_6.png,PED,2621
112_7.png,PED,3749
112_8.png,PED,4414
112_9.png,PED,4561
113_1.png,PED,546
113_10.png,PED,171
113_11.png,PED,45
113_12.png,PED,768
113_13.png,PED,746
113_13.png,PED,72
113_14.png,PED,213
113_2.png,PED,131
113_2.png,PED,430
113_3.png,PED,1243
113_4.png,PED,72
113_4.png,PED,1951
113_5.png,PED,2281
113_6.png,PED,586
113_6.png,PED,1061
113_7.png,PED,526
113_7.png,PED,1059
113_8.png,PED,293
113_8.png,PED,625
113_9.png,PED,111
113_9.png,PED,230
114_13.png,PED,274
114_4.png,PED,1153
115_10.png,SRF,879
115_10.png,SRF,830
115_10.png,IRF,124
115_11.png,SRF,981
115_11.png,SRF,580
115_11.png,SRF,246
115_12.png,SRF,717
115_12.png,SRF,1007
115_13.png,SRF,709
115_13.png,SRF,951
115_14.png,SRF,994
115_14.png,SRF,1083
115_14.png,SRF,874
115_14.png,IRF,64
115_14.png,IRF,72
115_15.png,SRF,854
115_15.png,SRF,898
115_15.png,IRF,132
115_16.png,SRF,855
115_16.png,SRF,904
115_16.png,IRF,66
115_3.png,SRF,75
115_4.png,SRF,231
115_5.png,SRF,116
115_6.png,SRF,308
115_6.png,SRF,240
115_7.png,SRF,635
115_7.png,SRF,512
115_8.png,SRF,874
115_8.png,SRF,614
115_9.png,SRF,807
115_9.png,SRF,457
115_9.png,SRF,824
116_10.png,SRF,748
116_11.png,SRF,517
116_12.png,SRF,504
116_13.png,SRF,826
116_13.png,PED,401
116_13.png,PED,352
116_14.png,SRF,587
116_14.png,PED,133
116_5.png,SRF,189
116_6.png,SRF,186
116_7.png,SRF,448
116_9.png,SRF,1
117_10.png,SRF,691
117_10.png,PED,255
117_11.png,SRF,781
117_11.png,SRF,75
117_12.png,SRF,784
117_13.png,SRF,831
117_13.png,SRF,120
117_13.png,PED,102
117_14.png,SRF,688
117_14.png,SRF,229
117_14.png,SRF,26
117_14.png,SRF,35
117_14.png,PED,568
117_14.png,PED,122
117_15.png,SRF,569
117_15.png,PED,569
117_15.png,PED,69
117_16.png,SRF,538
117_16.png,SRF,610
117_16.png,PED,968
117_17.png,SRF,367
117_17.png,SRF,545
117_17.png,PED,1417
117_18.png,SRF,396
117_18.png,SRF,476
117_18.png,PED,1831
117_19.png,SRF,282
117_19.png,PED,2003
117_20.png,SRF,326
117_20.png,PED,730
117_20.png,PED,898
117_21.png,SRF,339
117_21.png,PED,1235
117_22.png,SRF,850
117_22.png,SRF,242
117_22.png,PED,1427
117_23.png,SRF,534
117_23.png,SRF,378
117_23.png,PED,1510
117_24.png,SRF,599
117_24.png,SRF,207
117_24.png,PED,1033
117_25.png,SRF,186
117_25.png,SRF,218
117_25.png,SRF,137
117_25.png,SRF,295
117_25.png,PED,66
117_25.png,PED,742
117_5.png,SRF,223
117_6.png,SRF,274
117_6.png,SRF,194
117_7.png,SRF,563
117_7.png,PED,90
117_8.png,SRF,563
117_8.png,PED,90
117_9.png,SRF,743
117_9.png,PED,209
117_9.png,PED,53
118_1.png,SRF,493
118_1.png,SRF,73
118_14.png,SRF,631
118_2.png,SRF,371
118_2.png,PED,204
118_3.png,IRF,65
118_3.png,PED,327
118_4.png,PED,749
118_5.png,PED,1095
118_6.png,PED,1849
118_7.png,PED,1958
118_8.png,PED,1519
119_10.png,SRF,797
119_10.png,PED,1545
119_11.png,SRF,917
119_11.png,PED,2116
119_12.png,SRF,129
119_12.png,SRF,990
119_12.png,PED,2062
119_13.png,SRF,813
119_13.png,PED,2375
119_14.png,SRF,255
119_14.png,PED,4088
119_15.png,PED,5016
119_15.png,PED,396
119_16.png,PED,6098
119_17.png,PED,6956
119_18.png,PED,7876
119_19.png,PED,9762
119_20.png,PED,13110
119_4.png,SRF,267
119_5.png,SRF,645
119_5.png,PED,436
119_6.png,SRF,742
119_6.png,PED,896
119_7.png,SRF,882
119_7.png,PED,57
119_7.png,PED,1424
119_8.png,SRF,1003
119_8.png,PED,1780
119_9.png,SRF,825
119_9.png,PED,1921
11_1.png,SRF,166
11_10.png,SRF,90
11_11.png,SRF,180
11_12.png,SRF,140
11_13.png,SRF,1179
11_2.png,SRF,179
11_3.png,SRF,259
11_4.png,SRF,350
11_5.png,SRF,414
11_6.png,SRF,612
11_7.png,SRF,709
11_8.png,SRF,249
11_9.png,SRF,99
120_12.png,PED,589
120_13.png,PED,782
120_14.png,SRF,1372
120_14.png,PED,773
120_15.png,SRF,1336
120_16.png,SRF,1950
120_16.png,PED,795
120_17.png,SRF,1692
120_17.png,PED,1001
120_18.png,PED,666
120_19.png,SRF,1638
120_19.png,PED,799
120_2.png,SRF,150
120_20.png,SRF,265
120_20.png,PED,900
120_21.png,PED,983
120_3.png,SRF,451
120_4.png,SRF,1745
120_6.png,SRF,132
120_7.png,SRF,124
120_9.png,PED,415
121_10.png,SRF,6254
121_11.png,SRF,6561
121_12.png,SRF,7088
121_12.png,PED,625
121_13.png,SRF,7338
121_13.png,PED,1678
121_14.png,SRF,7099
121_14.png,SRF,38
121_14.png,PED,2621
121_15.png,SRF,6961
121_15.png,PED,3924
121_16.png,SRF,6926
121_16.png,PED,4293
121_17.png,SRF,6951
121_17.png,PED,5135
121_18.png,SRF,9334
121_18.png,PED,6174
121_19.png,SRF,9242
121_19.png,PED,5950
121_20.png,SRF,9606
121_20.png,PED,6539
121_21.png,SRF,9064
121_21.png,PED,7424
121_22.png,SRF,9788
121_22.png,PED,7197
121_23.png,SRF,9356
121_23.png,PED,6897
121_24.png,SRF,7556
121_24.png,SRF,2641
121_24.png,PED,6439
121_24.png,PED,338
121_25.png,SRF,7976
121_25.png,SRF,2516
121_25.png,PED,7103
121_25.png,PED,667
121_26.png,SRF,8383
121_26.png,SRF,1728
121_26.png,PED,9670
121_27.png,SRF,8762
121_27.png,SRF,1583
121_27.png,PED,11541
121_28.png,SRF,8705
121_28.png,SRF,1023
121_28.png,PED,12698
121_3.png,SRF,434
121_3.png,SRF,47
121_3.png,PED,68
121_4.png,SRF,1467
121_5.png,SRF,1542
121_5.png,PED,154
121_6.png,SRF,2228
121_7.png,SRF,3876
121_8.png,SRF,5097
121_9.png,SRF,5921
122_13.png,PED,231
122_14.png,PED,292
122_18.png,PED,1350
122_19.png,PED,1982
122_20.png,PED,2152
122_20.png,PED,364
122_21.png,PED,3407
122_21.png,PED,112
122_22.png,IRF,388
122_22.png,IRF,378
122_22.png,PED,3352
122_23.png,IRF,114
122_23.png,IRF,42
122_23.png,IRF,89
122_23.png,IRF,641
122_23.png,IRF,1145
122_23.png,IRF,52
122_23.png,PED,3413
122_24.png,IRF,291
122_24.png,IRF,891
122_24.png,IRF,4289
122_24.png,PED,2857
122_25.png,IRF,7654
122_25.png,IRF,165
122_25.png,PED,3179
122_26.png,IRF,824
122_26.png,IRF,1450
122_26.png,IRF,6196
122_26.png,PED,2024
122_26.png,PED,748
122_27.png,IRF,9198
122_27.png,IRF,234
122_27.png,IRF,114
122_27.png,PED,1571
122_27.png,PED,948
122_30.png,IRF,651
122_30.png,IRF,2142
122_30.png,IRF,875
122_30.png,IRF,6922
122_30.png,PED,3106
123_10.png,SRF,9700
123_10.png,PED,608
123_11.png,SRF,11252
123_11.png,PED,778
123_12.png,SRF,12584
123_12.png,PED,512
123_13.png,SRF,13633
123_14.png,SRF,13804
123_15.png,SRF,13417
123_16.png,SRF,13023
123_16.png,PED,351
123_17.png,SRF,11591
123_17.png,PED,933
123_18.png,SRF,10394
123_18.png,PED,1455
123_19.png,SRF,10072
123_19.png,PED,1859
123_20.png,SRF,10493
123_20.png,PED,1186
123_21.png,SRF,8942
123_21.png,PED,752
123_22.png,SRF,8305
123_22.png,PED,694
123_23.png,SRF,7267
123_23.png,PED,786
123_24.png,SRF,6119
123_24.png,PED,652
123_25.png,SRF,4819
123_25.png,PED,447
123_26.png,SRF,3922
123_26.png,PED,634
123_27.png,SRF,1104
123_27.png,PED,1170
123_28.png,SRF,792
123_28.png,PED,574
123_4.png,SRF,927
123_5.png,SRF,1551
123_6.png,SRF,3008
123_7.png,SRF,5117
123_8.png,SRF,8283
123_9.png,SRF,9468
123_9.png,PED,353
124_1.png,SRF,1013
124_1.png,PED,2181
124_10.png,SRF,955
124_10.png,IRF,5313
124_10.png,IRF,237
124_10.png,IRF,1035
124_10.png,IRF,648
124_10.png,IRF,330
124_10.png,PED,3281
124_11.png,SRF,903
124_11.png,IRF,5636
124_11.png,IRF,289
124_11.png,IRF,181
124_11.png,PED,3771
124_12.png,SRF,1175
124_12.png,IRF,3546
124_12.png,IRF,132
124_12.png,IRF,214
124_12.png,IRF,252
124_12.png,IRF,657
124_12.png,PED,4203
124_13.png,SRF,1019
124_13.png,IRF,2832
124_13.png,IRF,145
124_13.png,PED,3191
124_14.png,SRF,1035
124_14.png,IRF,905
124_14.png,PED,81
124_14.png,PED,3417
124_15.png,SRF,1036
124_15.png,PED,3096
124_16.png,SRF,844
124_16.png,PED,4523
124_17.png,SRF,779
124_17.png,PED,3775
124_18.png,SRF,394
124_18.png,PED,4108
124_19.png,SRF,436
124_19.png,IRF,305
124_19.png,PED,3953
124_2.png,SRF,1030
124_2.png,PED,1538
124_20.png,SRF,361
124_20.png,IRF,143
124_20.png,IRF,144
124_20.png,PED,3343
124_21.png,SRF,338
124_21.png,IRF,78
124_21.png,IRF,105
124_21.png,IRF,67
124_21.png,IRF,100
124_21.png,PED,2013
124_22.png,SRF,163
124_22.png,SRF,78
124_22.png,SRF,156
124_22.png,PED,383
124_23.png,IRF,159
124_24.png,SRF,88
124_24.png,PED,52
124_25.png,SRF,453
124_25.png,SRF,244
124_26.png,SRF,1277
124_3.png,SRF,757
124_3.png,IRF,878
124_3.png,IRF,1208
124_3.png,PED,1112
124_4.png,SRF,626
124_4.png,IRF,1608
124_4.png,IRF,974
124_4.png,IRF,615
124_4.png,PED,1204
124_5.png,SRF,468
124_5.png,IRF,5330
124_5.png,PED,1045
124_6.png,SRF,264
124_6.png,IRF,5157
124_6.png,PED,1857
124_7.png,SRF,384
124_7.png,IRF,7011
124_7.png,PED,2063
124_8.png,SRF,507
124_8.png,IRF,6967
124_8.png,PED,2767
124_9.png,SRF,654
124_9.png,IRF,6343
124_9.png,IRF,132
124_9.png,PED,3223
125_10.png,PED,1718
125_11.png,PED,1585
125_12.png,PED,1199
125_13.png,PED,310
125_15.png,PED,130
125_16.png,PED,274
125_3.png,PED,125
125_4.png,PED,384
125_5.png,PED,226
125_6.png,PED,342
126_10.png,SRF,3390
126_10.png,PED,7205
126_11.png,SRF,80
126_11.png,SRF,3227
126_11.png,PED,7438
126_12.png,SRF,105
126_12.png,SRF,3265
126_12.png,PED,6896
126_13.png,SRF,3479
126_13.png,PED,8320
126_13.png,PED,21
126_14.png,SRF,3479
126_14.png,PED,9325
126_15.png,SRF,3776
126_15.png,PED,10023
126_16.png,SRF,501
126_16.png,SRF,3145
126_16.png,PED,10785
126_17.png,SRF,1784
126_17.png,SRF,3502
126_17.png,PED,11504
126_18.png,SRF,1773
126_18.png,SRF,343
126_18.png,SRF,1234
126_18.png,PED,13749
126_19.png,SRF,1728
126_19.png,SRF,813
126_19.png,PED,18868
126_20.png,SRF,1535
126_20.png,SRF,754
126_20.png,PED,16792
126_21.png,SRF,1441
126_21.png,SRF,1473
126_21.png,PED,19993
126_3.png,SRF,47
126_4.png,SRF,921
126_4.png,PED,1652
126_5.png,SRF,731
126_5.png,PED,2900
126_6.png,PED,2758
126_7.png,SRF,1582
126_7.png,IRF,56
126_7.png,PED,4973
126_8.png,SRF,2163
126_8.png,PED,5172
126_9.png,SRF,2967
126_9.png,PED,6324
127_10.png,SRF,1547
127_10.png,SRF,260
127_10.png,SRF,109
127_10.png,PED,1202
127_11.png,SRF,1674
127_11.png,SRF,272
127_11.png,PED,1950
127_12.png,SRF,839
127_12.png,PED,3647
127_13.png,SRF,1015
127_13.png,PED,4265
127_14.png,SRF,621
127_14.png,PED,4724
127_15.png,SRF,620
127_15.png,PED,5890
127_16.png,SRF,612
127_16.png,PED,6872
127_17.png,SRF,866
127_17.png,PED,7774
127_18.png,SRF,954
127_18.png,PED,8589
127_18.png,PED,69
127_19.png,SRF,1161
127_19.png,PED,8435
127_20.png,SRF,1347
127_20.png,PED,7281
127_21.png,SRF,1504
127_21.png,PED,6303
127_22.png,SRF,1819
127_22.png,PED,4134
127_23.png,SRF,2029
127_23.png,PED,3088
127_24.png,SRF,3684
127_24.png,IRF,410
127_24.png,IRF,146
127_24.png,PED,495
127_24.png,PED,401
127_25.png,SRF,3900
127_25.png,IRF,587
127_25.png,IRF,289
127_26.png,SRF,6158
127_26.png,IRF,814
127_27.png,SRF,4526
127_27.png,IRF,124
127_28.png,SRF,3923
127_29.png,SRF,2953
127_30.png,SRF,2030
127_31.png,SRF,1807
127_5.png,SRF,315
127_6.png,SRF,323
127_7.png,SRF,930
127_8.png,SRF,1114
127_9.png,SRF,1413
127_9.png,SRF,249
128_10.png,PED,718
128_11.png,SRF,251
128_12.png,SRF,71
128_14.png,SRF,478
128_7.png,SRF,61
128_7.png,PED,257
128_7.png,PED,102
128_8.png,PED,134
128_9.png,PED,103
129_10.png,SRF,2192
129_11.png,SRF,1586
129_12.png,SRF,1292
129_12.png,PED,146
129_13.png,SRF,794
129_13.png,PED,856
129_14.png,SRF,64
129_14.png,SRF,315
129_14.png,PED,1450
129_15.png,SRF,144
129_15.png,SRF,217
129_15.png,PED,2146
129_15.png,PED,323
129_16.png,SRF,250
129_16.png,SRF,166
129_16.png,PED,2734
129_16.png,PED,393
129_17.png,SRF,400
129_17.png,SRF,204
129_17.png,PED,3585
129_17.png,PED,487
129_18.png,SRF,392
129_18.png,SRF,310
129_18.png,PED,4488
129_18.png,PED,517
129_19.png,SRF,461
129_19.png,PED,5240
129_20.png,SRF,548
129_20.png,PED,6055
129_21.png,SRF,562
129_21.png,SRF,117
129_21.png,PED,7238
129_22.png,SRF,503
129_22.png,PED,6699
129_22.png,PED,144
129_22.png,PED,455
129_23.png,SRF,455
129_23.png,PED,6361
129_23.png,PED,369
129_24.png,SRF,1657
129_24.png,PED,3893
129_24.png,PED,610
129_25.png,SRF,1957
129_25.png,PED,2662
129_25.png,PED,951
129_26.png,SRF,1296
129_26.png,PED,3475
129_27.png,SRF,1636
129_27.png,PED,5819
129_28.png,SRF,1639
129_28.png,PED,7660
129_29.png,SRF,1689
129_29.png,PED,7331
129_3.png,SRF,724
129_30.png,SRF,2478
129_30.png,IRF,1551
129_30.png,PED,6913
129_31.png,SRF,3170
129_31.png,IRF,1086
129_31.png,PED,6679
129_31.png,PED,110
129_32.png,SRF,4194
129_32.png,PED,5699
129_32.png,PED,376
129_33.png,SRF,4702
129_33.png,PED,6166
129_34.png,SRF,4545
129_34.png,PED,7240
129_35.png,SRF,4587
129_35.png,PED,7354
129_4.png,SRF,1461
129_5.png,SRF,2088
129_6.png,SRF,2807
129_7.png,SRF,2863
129_8.png,SRF,5296
129_9.png,SRF,5604
12_1.png,SRF,2378
12_1.png,PED,924
12_10.png,SRF,2056
12_10.png,SRF,805
12_10.png,PED,1822
12_10.png,PED,1645
12_11.png,SRF,2156
12_11.png,SRF,830
12_11.png,PED,4222
12_12.png,SRF,2464
12_12.png,SRF,825
12_12.png,PED,4383
12_13.png,SRF,2805
12_13.png,SRF,857
12_13.png,PED,3980
12_13.png,PED,557
12_14.png,SRF,3108
12_14.png,SRF,921
12_14.png,PED,4406
12_14.png,PED,540
12_15.png,SRF,3339
12_15.png,SRF,934
12_15.png,PED,5090
12_15.png,PED,392
12_16.png,SRF,3912
12_16.png,SRF,782
12_16.png,PED,5843
12_16.png,PED,288
12_17.png,SRF,4070
12_17.png,SRF,862
12_17.png,PED,6970
12_18.png,SRF,3719
12_18.png,SRF,934
12_18.png,PED,7163
12_19.png,SRF,3857
12_19.png,SRF,1120
12_19.png,PED,7877
12_19.png,PED,75
12_19.png,PED,363
12_2.png,SRF,2486
12_2.png,PED,1085
12_20.png,SRF,3697
12_20.png,SRF,1016
12_20.png,PED,7984
12_20.png,PED,421
12_21.png,SRF,3237
12_21.png,SRF,1083
12_21.png,PED,8080
12_21.png,PED,917
12_21.png,PED,123
12_3.png,SRF,2667
12_3.png,PED,522
12_3.png,PED,603
12_4.png,SRF,2866
12_4.png,PED,1562
12_5.png,SRF,2929
12_5.png,PED,1538
12_6.png,SRF,1787
12_6.png,SRF,801
12_6.png,PED,1462
12_6.png,PED,235
12_7.png,SRF,1798
12_7.png,SRF,871
12_7.png,PED,2076
12_8.png,SRF,1953
12_8.png,SRF,819
12_8.png,PED,1239
12_8.png,PED,1037
12_9.png,SRF,2312
12_9.png,SRF,779
12_9.png,PED,1282
12_9.png,PED,1261
130_10.png,PED,10629
130_10.png,PED,379
130_11.png,PED,12508
130_12.png,PED,14234
130_12.png,PED,233
130_13.png,PED,15317
130_14.png,SRF,517
130_14.png,PED,16185
130_15.png,SRF,1012
130_15.png,PED,16614
130_16.png,SRF,1496
130_16.png,PED,17258
130_17.png,SRF,2098
130_17.png,PED,17471
130_18.png,SRF,2510
130_18.png,PED,17643
130_19.png,SRF,2512
130_19.png,PED,17418
130_20.png,SRF,2243
130_20.png,PED,17828
130_21.png,SRF,2355
130_21.png,PED,17355
130_22.png,SRF,1472
130_22.png,PED,17051
130_23.png,SRF,501
130_23.png,PED,16205
130_24.png,PED,15294
130_25.png,PED,14212
130_26.png,PED,10903
130_27.png,PED,8532
130_28.png,PED,6707
130_29.png,PED,4244
130_30.png,PED,440
130_4.png,PED,427
130_5.png,PED,1414
130_6.png,PED,4263
130_7.png,PED,5242
130_8.png,PED,7104
130_9.png,PED,9096
131_10.png,PED,214
131_11.png,PED,567
131_12.png,PED,410
131_13.png,PED,415
131_14.png,PED,408
131_15.png,PED,353
132_1.png,IRF,179
132_1.png,IRF,208
132_10.png,IRF,42
132_10.png,IRF,66
132_10.png,IRF,37
132_10.png,IRF,166
132_10.png,IRF,428
132_10.png,IRF,97
132_10.png,PED,3238
132_11.png,IRF,658
132_11.png,PED,5188
132_12.png,IRF,65
132_12.png,IRF,58
132_12.png,IRF,429
132_12.png,IRF,125
132_12.png,IRF,61
132_12.png,PED,5211
132_13.png,IRF,418
132_13.png,IRF,94
132_13.png,IRF,238
132_13.png,IRF,192
132_13.png,IRF,113
132_13.png,PED,5488
132_14.png,IRF,225
132_14.png,IRF,62
132_14.png,IRF,154
132_14.png,IRF,92
132_14.png,IRF,53
132_14.png,IRF,117
132_14.png,IRF,296
132_14.png,IRF,115
132_14.png,PED,4034
132_15.png,IRF,138
132_15.png,IRF,236
132_15.png,IRF,246
132_15.png,IRF,676
132_15.png,IRF,163
132_15.png,IRF,144
132_15.png,PED,6088
132_16.png,IRF,46
132_16.png,IRF,47
132_16.png,IRF,473
132_16.png,IRF,1250
132_16.png,IRF,458
132_16.png,PED,5749
132_17.png,IRF,109
132_17.png,IRF,1615
132_17.png,IRF,157
132_17.png,IRF,609
132_17.png,PED,5477
132_18.png,IRF,53
132_18.png,IRF,160
132_18.png,IRF,1520
132_18.png,IRF,382
132_18.png,PED,7359
132_19.png,IRF,263
132_19.png,IRF,72
132_19.png,IRF,567
132_19.png,IRF,982
132_19.png,IRF,249
132_19.png,IRF,92
132_19.png,PED,4844
132_2.png,IRF,474
132_20.png,IRF,111
132_20.png,IRF,26
132_20.png,IRF,43
132_20.png,IRF,43
132_20.png,IRF,1171
132_20.png,IRF,428
132_20.png,IRF,75
132_20.png,PED,5515
132_21.png,IRF,32
132_21.png,IRF,23
132_21.png,IRF,53
132_21.png,IRF,25
132_21.png,IRF,2141
132_21.png,PED,4698
132_21.png,PED,215
132_22.png,IRF,104
132_22.png,IRF,139
132_22.png,IRF,1775
132_22.png,IRF,195
132_22.png,IRF,229
132_22.png,PED,4385
132_23.png,IRF,2441
132_23.png,IRF,38
132_23.png,IRF,76
132_23.png,IRF,1065
132_23.png,PED,5044
132_24.png,IRF,94
132_24.png,IRF,1583
132_24.png,IRF,49
132_24.png,IRF,83
132_24.png,IRF,111
132_24.png,IRF,327
132_24.png,PED,4228
132_25.png,IRF,116
132_25.png,IRF,993
132_25.png,IRF,231
132_25.png,IRF,125
132_25.png,IRF,210
132_25.png,PED,3191
132_26.png,IRF,28
132_26.png,IRF,41
132_26.png,IRF,118
132_26.png,IRF,69
132_26.png,IRF,111
132_26.png,IRF,171
132_26.png,IRF,152
132_26.png,IRF,29
132_26.png,PED,2637
132_27.png,IRF,145
132_27.png,IRF,40
132_27.png,IRF,46
132_27.png,IRF,496
132_27.png,PED,3466
132_28.png,IRF,79
132_28.png,IRF,167
132_28.png,IRF,94
132_28.png,IRF,167
132_28.png,PED,2988
132_29.png,IRF,196
132_29.png,IRF,84
132_29.png,PED,2691
132_3.png,IRF,45
132_3.png,IRF,60
132_3.png,PED,215
132_30.png,PED,2260
132_4.png,IRF,227
132_4.png,PED,860
132_5.png,IRF,621
132_5.png,IRF,206
132_5.png,IRF,173
132_5.png,PED,1664
132_6.png,IRF,279
132_6.png,IRF,161
132_6.png,IRF,66
132_6.png,IRF,96
132_6.png,IRF,71
132_6.png,PED,1307
132_7.png,IRF,86
132_7.png,IRF,181
132_7.png,IRF,131
132_7.png,PED,2022
132_8.png,IRF,100
132_8.png,PED,3590
132_9.png,IRF,367
132_9.png,IRF,47
132_9.png,IRF,74
132_9.png,IRF,240
132_9.png,IRF,178
132_9.png,PED,3122
133_10.png,SRF,1805
133_10.png,PED,1079
133_11.png,SRF,2303
133_11.png,PED,682
133_12.png,SRF,2605
133_12.png,SRF,57
133_12.png,PED,813
133_13.png,SRF,3061
133_13.png,PED,548
133_13.png,PED,73
133_14.png,SRF,4246
133_14.png,PED,762
133_15.png,SRF,4387
133_15.png,PED,801
133_16.png,SRF,4895
133_16.png,PED,739
133_17.png,SRF,4976
133_17.png,PED,982
133_18.png,SRF,5354
133_18.png,PED,851
133_19.png,SRF,5509
133_19.png,PED,102
133_19.png,PED,962
133_2.png,SRF,278
133_20.png,SRF,5477
133_20.png,PED,1404
133_21.png,SRF,5240
133_21.png,PED,1341
133_22.png,SRF,5008
133_22.png,PED,1001
133_23.png,SRF,2174
133_23.png,SRF,2015
133_23.png,PED,820
133_23.png,PED,94
133_23.png,PED,104
133_24.png,SRF,1929
133_24.png,SRF,1463
133_24.png,PED,286
133_24.png,PED,572
133_25.png,SRF,1622
133_25.png,SRF,1248
133_25.png,PED,1264
133_3.png,SRF,451
133_4.png,SRF,912
133_5.png,SRF,1093
133_6.png,SRF,1282
133_7.png,SRF,1408
133_8.png,SRF,1478
133_8.png,PED,343
133_8.png,PED,79
133_9.png,SRF,1573
133_9.png,PED,543
134_13.png,PED,415
134_21.png,SRF,317
134_22.png,PED,510
134_22.png,PED,268
134_23.png,PED,940
134_24.png,PED,704
134_25.png,PED,944
134_26.png,PED,697
134_28.png,SRF,159
134_29.png,SRF,135
134_30.png,SRF,501
134_30.png,SRF,49
134_8.png,SRF,188
134_9.png,SRF,157
135_10.png,PED,304
135_10.png,PED,167
135_4.png,PED,90
135_5.png,PED,167
135_6.png,PED,103
135_7.png,SRF,2
135_8.png,PED,469
135_9.png,PED,521
136_10.png,SRF,5006
136_10.png,PED,767
136_10.png,PED,328
136_11.png,SRF,5327
136_11.png,PED,866
136_11.png,PED,554
136_11.png,PED,413
136_12.png,SRF,6165
136_12.png,PED,1464
136_12.png,PED,608
136_13.png,SRF,6586
136_13.png,PED,1644
136_13.png,PED,156
136_14.png,SRF,6608
136_14.png,PED,1805
136_14.png,PED,209
136_14.png,PED,277
136_15.png,SRF,6421
136_15.png,PED,3053
136_15.png,PED,224
136_16.png,SRF,5951
136_16.png,PED,2742
136_16.png,PED,486
136_17.png,SRF,5572
136_17.png,SRF,172
136_17.png,PED,2690
136_17.png,PED,619
136_18.png,SRF,5657
136_18.png,SRF,262
136_18.png,PED,2569
136_18.png,PED,119
136_19.png,SRF,5909
136_19.png,SRF,268
136_19.png,PED,2407
136_19.png,PED,152
136_2.png,SRF,447
136_20.png,SRF,6740
136_20.png,SRF,540
136_20.png,PED,1950
136_20.png,PED,235
136_21.png,SRF,7192
136_21.png,SRF,578
136_21.png,PED,1550
136_21.png,PED,171
136_22.png,SRF,8130
136_22.png,PED,1254
136_22.png,PED,124
136_23.png,SRF,8223
136_23.png,PED,1076
136_23.png,PED,334
136_24.png,SRF,8205
136_24.png,PED,927
136_24.png,PED,608
136_25.png,SRF,7260
136_25.png,PED,881
136_25.png,PED,652
136_26.png,SRF,6278
136_26.png,PED,1303
136_27.png,SRF,5480
136_27.png,PED,1509
136_28.png,SRF,4552
136_28.png,PED,1391
136_29.png,SRF,4158
136_29.png,PED,1800
136_3.png,SRF,1033
136_30.png,SRF,3583
136_30.png,PED,930
136_31.png,SRF,2110
136_31.png,PED,429
136_4.png,SRF,1874
136_5.png,SRF,2284
136_6.png,SRF,2042
136_6.png,SRF,416
136_6.png,PED,221
136_7.png,SRF,2407
136_7.png,SRF,375
136_7.png,PED,359
136_8.png,SRF,3160
136_8.png,SRF,450
136_8.png,PED,787
136_8.png,PED,160
136_9.png,SRF,3645
136_9.png,SRF,528
136_9.png,PED,733
136_9.png,PED,142
137_10.png,SRF,431
137_10.png,SRF,1271
137_11.png,SRF,538
137_11.png,SRF,924
137_12.png,SRF,796
137_12.png,PED,92
137_13.png,SRF,995
137_13.png,PED,513
137_13.png,PED,152
137_14.png,SRF,1316
137_14.png,PED,320
137_15.png,SRF,1379
137_15.png,PED,490
137_16.png,SRF,1884
137_16.png,PED,465
137_17.png,SRF,2106
137_17.png,SRF,557
137_17.png,PED,809
137_17.png,PED,248
137_18.png,SRF,2069
137_18.png,PED,574
137_18.png,PED,183
137_19.png,SRF,2217
137_19.png,SRF,460
137_19.png,PED,704
137_19.png,PED,210
137_2.png,SRF,96
137_20.png,SRF,2742
137_20.png,SRF,470
137_20.png,PED,767
137_20.png,PED,118
137_21.png,SRF,1822
137_21.png,SRF,243
137_21.png,SRF,269
137_21.png,PED,672
137_21.png,PED,86
137_22.png,SRF,2340
137_22.png,SRF,341
137_22.png,PED,273
137_23.png,SRF,1589
137_23.png,SRF,238
137_23.png,SRF,244
137_23.png,IRF,163
137_23.png,PED,462
137_24.png,SRF,717
137_24.png,SRF,100
137_24.png,SRF,173
137_24.png,SRF,102
137_24.png,IRF,59
137_25.png,SRF,471
137_25.png,SRF,59
137_26.png,SRF,432
137_26.png,PED,653
137_26.png,PED,588
137_28.png,PED,196
137_29.png,SRF,108
137_29.png,PED,516
137_3.png,SRF,685
137_30.png,SRF,131
137_30.png,PED,321
137_4.png,SRF,1149
137_5.png,SRF,1703
137_5.png,PED,171
137_6.png,SRF,1134
137_6.png,PED,105
137_7.png,SRF,800
137_8.png,SRF,446
137_8.png,SRF,1210
137_9.png,SRF,273
138_10.png,PED,1581
138_11.png,IRF,126
138_11.png,PED,1454
138_12.png,IRF,233
138_12.png,PED,921
138_13.png,IRF,96
138_13.png,IRF,44
138_13.png,PED,470
138_14.png,PED,1549
138_15.png,PED,1402
138_16.png,PED,913
138_4.png,PED,213
138_4.png,PED,180
138_5.png,PED,95
138_5.png,PED,315
138_5.png,PED,417
138_6.png,PED,1167
138_6.png,PED,315
138_7.png,PED,1327
138_7.png,PED,437
138_8.png,PED,1212
138_8.png,PED,385
138_9.png,PED,1526
138_9.png,PED,245
139_1.png,IRF,677
139_1.png,IRF,892
139_10.png,SRF,461
139_10.png,SRF,145
139_10.png,IRF,546
139_10.png,IRF,2183
139_10.png,IRF,50
139_10.png,IRF,275
139_10.png,IRF,279
139_10.png,PED,84
139_11.png,SRF,512
139_11.png,IRF,2249
139_11.png,IRF,560
139_11.png,IRF,168
139_11.png,IRF,272
139_11.png,IRF,241
139_11.png,PED,156
139_12.png,SRF,503
139_12.png,IRF,1207
139_12.png,IRF,105
139_12.png,IRF,44
139_12.png,IRF,933
139_13.png,SRF,246
139_13.png,SRF,340
139_13.png,IRF,1018
139_13.png,IRF,151
139_14.png,SRF,87
139_14.png,SRF,375
139_14.png,SRF,141
139_14.png,SRF,293
139_14.png,SRF,79
139_14.png,SRF,383
139_15.png,SRF,338
139_15.png,IRF,141
139_2.png,IRF,650
139_2.png,IRF,91
139_2.png,IRF,65
139_3.png,IRF,823
139_4.png,IRF,618
139_4.png,IRF,983
139_5.png,SRF,103
139_5.png,IRF,1867
139_5.png,IRF,463
139_5.png,IRF,435
139_5.png,IRF,286
139_6.png,IRF,2427
139_6.png,IRF,277
139_6.png,IRF,428
139_6.png,IRF,345
139_7.png,IRF,2778
139_7.png,IRF,1315
139_8.png,IRF,2721
139_8.png,IRF,739
139_9.png,SRF,401
139_9.png,IRF,1563
139_9.png,IRF,321
139_9.png,IRF,154
139_9.png,IRF,237
13_1.png,SRF,2685
13_1.png,SRF,430
13_10.png,SRF,3730
13_10.png,SRF,276
13_10.png,PED,2562
13_10.png,PED,100
13_11.png,SRF,4155
13_11.png,SRF,321
13_11.png,PED,2628
13_12.png,SRF,4213
13_12.png,SRF,390
13_12.png,IRF,151
13_12.png,IRF,378
13_12.png,PED,2593
13_13.png,SRF,5908
13_13.png,SRF,433
13_13.png,PED,2097
13_14.png,SRF,6087
13_14.png,SRF,644
13_14.png,PED,2046
13_15.png,SRF,7059
13_15.png,SRF,701
13_15.png,PED,1378
13_15.png,PED,368
13_16.png,SRF,8047
13_16.png,SRF,844
13_16.png,PED,1303
13_16.png,PED,128
13_17.png,SRF,9712
13_17.png,PED,931
13_18.png,SRF,11360
13_18.png,PED,616
13_19.png,SRF,11031
13_19.png,PED,523
13_2.png,SRF,2894
13_2.png,SRF,88
13_2.png,IRF,1147
13_20.png,SRF,13364
13_20.png,PED,178
13_3.png,SRF,3089
13_3.png,SRF,129
13_3.png,IRF,1001
13_4.png,SRF,3223
13_4.png,SRF,150
13_4.png,IRF,987
13_5.png,SRF,3548
13_5.png,SRF,295
13_5.png,IRF,841
13_6.png,SRF,3515
13_6.png,SRF,186
13_6.png,IRF,541
13_6.png,IRF,195
13_6.png,IRF,264
13_7.png,SRF,3643
13_7.png,SRF,195
13_7.png,IRF,636
13_7.png,PED,871
13_7.png,PED,230
13_8.png,SRF,3800
13_8.png,SRF,201
13_8.png,IRF,376
13_8.png,PED,747
13_9.png,SRF,3874
13_9.png,SRF,253
13_9.png,PED,1162
140_10.png,SRF,1514
140_10.png,SRF,1768
140_10.png,PED,2761
140_11.png,SRF,1101
140_11.png,SRF,1571
140_11.png,PED,6023
140_12.png,SRF,785
140_12.png,SRF,1545
140_12.png,PED,8383
140_13.png,SRF,595
140_13.png,SRF,1542
140_13.png,PED,10826
140_14.png,SRF,623
140_14.png,SRF,1523
140_14.png,PED,12554
140_15.png,SRF,542
140_15.png,SRF,1340
140_15.png,PED,14367
140_16.png,SRF,575
140_16.png,SRF,885
140_16.png,PED,18066
140_17.png,SRF,416
140_17.png,SRF,675
140_17.png,PED,19436
140_18.png,SRF,467
140_18.png,SRF,41
140_18.png,PED,22570
140_19.png,SRF,380
140_19.png,PED,23873
140_20.png,SRF,385
140_20.png,PED,25937
140_5.png,SRF,741
140_6.png,SRF,1515
140_7.png,SRF,2071
140_8.png,SRF,3266
140_9.png,SRF,1498
140_9.png,SRF,1825
140_9.png,PED,1544
141_10.png,SRF,1268
141_11.png,SRF,708
141_12.png,SRF,717
141_13.png,SRF,306
141_4.png,SRF,521
141_5.png,SRF,823
141_7.png,SRF,336
141_8.png,SRF,1402
141_9.png,SRF,1042
142_10.png,SRF,81
142_10.png,PED,100
142_11.png,SRF,109
142_11.png,SRF,40
142_11.png,PED,105
142_12.png,PED,167
142_12.png,PED,206
142_12.png,PED,135
142_13.png,PED,298
142_13.png,PED,83
142_14.png,SRF,24
142_14.png,PED,324
142_15.png,PED,376
142_16.png,PED,287
142_16.png,PED,44
142_17.png,PED,76
142_17.png,PED,78
142_17.png,PED,82
142_17.png,PED,143
142_18.png,PED,115
142_19.png,PED,84
142_6.png,PED,83
142_7.png,PED,114
142_8.png,PED,56
142_8.png,PED,259
142_9.png,PED,58
142_9.png,PED,61
143_1.png,SRF,219
143_1.png,SRF,772
143_1.png,SRF,55
143_10.png,SRF,3546
143_10.png,SRF,487
143_10.png,PED,313
143_11.png,SRF,3530
143_11.png,SRF,621
143_11.png,PED,66
143_11.png,PED,198
143_12.png,SRF,4470
143_12.png,SRF,710
143_12.png,IRF,63
143_12.png,IRF,3379
143_12.png,PED,77
143_13.png,SRF,4040
143_13.png,SRF,367
143_13.png,IRF,26
143_13.png,IRF,131
143_14.png,SRF,3754
143_14.png,SRF,505
143_14.png,IRF,50
143_14.png,IRF,104
143_14.png,IRF,73
143_14.png,IRF,44
143_14.png,PED,111
143_15.png,SRF,4313
143_15.png,SRF,590
143_15.png,IRF,45
143_15.png,IRF,84
143_15.png,IRF,48
143_16.png,SRF,3168
143_16.png,SRF,798
143_17.png,SRF,3108
143_17.png,SRF,742
143_17.png,IRF,55
143_18.png,SRF,2702
143_18.png,SRF,1193
143_18.png,IRF,368
143_19.png,SRF,5717
143_19.png,SRF,2539
143_19.png,IRF,788
143_2.png,SRF,1117
143_2.png,PED,167
143_20.png,SRF,4778
143_20.png,SRF,3404
143_20.png,IRF,755
143_21.png,SRF,3826
143_21.png,SRF,3065
143_21.png,IRF,606
143_21.png,PED,774
143_22.png,SRF,8118
143_22.png,IRF,603
143_22.png,PED,314
143_23.png,SRF,7175
143_23.png,IRF,664
143_23.png,PED,365
143_23.png,PED,162
143_24.png,SRF,5694
143_24.png,IRF,729
143_24.png,PED,283
143_24.png,PED,104
143_25.png,SRF,5934
143_25.png,IRF,422
143_25.png,PED,753
143_26.png,SRF,3673
143_26.png,SRF,2983
143_26.png,IRF,637
143_26.png,PED,986
143_27.png,SRF,6779
143_27.png,IRF,1317
143_27.png,PED,1335
143_28.png,SRF,6734
143_28.png,IRF,1236
143_28.png,PED,1675
143_29.png,SRF,7281
143_29.png,IRF,990
143_29.png,PED,1253
143_3.png,SRF,1567
143_3.png,PED,356
143_30.png,SRF,9175
143_30.png,PED,146
143_30.png,PED,1079
143_30.png,PED,144
143_4.png,SRF,1487
143_4.png,SRF,72
143_4.png,PED,351
143_5.png,SRF,1901
143_5.png,PED,336
143_6.png,SRF,2025
143_6.png,PED,321
143_7.png,SRF,2624
143_7.png,PED,137
143_8.png,SRF,3152
143_8.png,PED,271
143_9.png,SRF,3772
143_9.png,PED,37
143_9.png,PED,210
144_10.png,SRF,135
144_10.png,PED,172
144_11.png,SRF,128
144_11.png,PED,419
144_12.png,SRF,164
144_12.png,SRF,170
144_12.png,PED,513
144_13.png,SRF,615
144_13.png,SRF,249
144_13.png,SRF,173
144_13.png,PED,91
144_14.png,SRF,734
144_14.png,SRF,471
144_14.png,SRF,162
144_15.png,SRF,554
144_15.png,SRF,40
144_15.png,SRF,227
144_15.png,PED,216
144_15.png,PED,74
144_16.png,SRF,564
144_16.png,SRF,55
144_16.png,SRF,261
144_17.png,SRF,309
144_17.png,SRF,88
144_17.png,SRF,137
144_18.png,SRF,83
144_18.png,SRF,122
144_20.png,SRF,109
144_20.png,SRF,143
144_20.png,PED,250
144_21.png,SRF,46
144_21.png,PED,979
144_22.png,SRF,48
144_22.png,SRF,88
144_22.png,PED,977
144_23.png,SRF,243
144_26.png,SRF,370
144_26.png,SRF,158
144_3.png,SRF,147
144_4.png,SRF,422
144_5.png,SRF,330
144_6.png,SRF,162
144_7.png,SRF,114
144_7.png,SRF,48
144_8.png,SRF,227
144_9.png,SRF,278
145_1.png,SRF,125
145_10.png,SRF,4206
145_11.png,SRF,4846
145_12.png,SRF,5567
145_13.png,SRF,6268
145_13.png,PED,218
145_14.png,SRF,6719
145_14.png,PED,77
145_14.png,PED,217
145_15.png,SRF,6932
145_15.png,PED,100
145_16.png,SRF,7252
145_17.png,SRF,6763
145_18.png,SRF,6552
145_19.png,SRF,6284
145_2.png,SRF,369
145_20.png,SRF,5883
145_20.png,PED,524
145_21.png,SRF,4825
145_21.png,PED,560
145_22.png,SRF,4117
145_23.png,SRF,2737
145_24.png,SRF,1258
145_25.png,SRF,377
145_3.png,SRF,885
145_4.png,SRF,1297
145_5.png,SRF,1929
145_6.png,SRF,2535
145_7.png,SRF,3040
145_8.png,SRF,3781
145_9.png,SRF,4057
146_1.png,SRF,2888
146_1.png,SRF,3419
146_1.png,PED,6260
146_10.png,SRF,3805
146_10.png,PED,3485
146_11.png,SRF,3395
146_11.png,PED,3499
146_12.png,SRF,2412
146_12.png,PED,3570
146_13.png,SRF,1810
146_13.png,PED,3430
146_14.png,SRF,1035
146_14.png,PED,3242
146_15.png,SRF,713
146_15.png,PED,2310
146_16.png,SRF,181
146_16.png,PED,1561
146_17.png,PED,943
146_18.png,PED,369
146_2.png,SRF,3105
146_2.png,SRF,2944
146_2.png,PED,5336
146_3.png,SRF,3666
146_3.png,SRF,3209
146_3.png,PED,5823
146_4.png,SRF,3302
146_4.png,SRF,2509
146_4.png,PED,5609
146_5.png,SRF,3619
146_5.png,SRF,1828
146_5.png,PED,4960
146_6.png,SRF,4152
146_6.png,SRF,1274
146_6.png,PED,3384
146_6.png,PED,1031
146_7.png,SRF,4737
146_7.png,SRF,717
146_7.png,PED,3140
146_7.png,PED,776
146_8.png,SRF,5338
146_8.png,SRF,383
146_8.png,PED,4311
146_9.png,SRF,5030
146_9.png,PED,3645
147_12.png,PED,1039
147_12.png,PED,760
147_13.png,PED,4142
147_14.png,PED,3577
147_15.png,PED,3739
147_16.png,PED,3318
147_17.png,PED,3728
147_18.png,PED,3459
147_19.png,PED,4826
147_2.png,PED,66
147_20.png,PED,5681
147_21.png,PED,6468
147_22.png,PED,6095
147_23.png,PED,6752
147_24.png,PED,6510
147_25.png,PED,5961
147_26.png,PED,2780
147_26.png,PED,3245
147_27.png,PED,2809
147_27.png,PED,2451
147_28.png,PED,2197
147_28.png,PED,2007
147_29.png,PED,2038
147_3.png,PED,128
147_3.png,PED,191
147_30.png,PED,2203
147_4.png,PED,236
147_4.png,PED,478
147_5.png,PED,760
147_5.png,PED,83
147_5.png,PED,947
147_6.png,PED,1718
147_7.png,PED,1854
147_8.png,PED,2020
148_10.png,SRF,11292
148_11.png,SRF,13553
148_12.png,SRF,15002
148_12.png,PED,377
148_13.png,SRF,15114
148_13.png,PED,1000
148_14.png,SRF,16577
148_14.png,PED,402
148_14.png,PED,1415
148_15.png,SRF,16985
148_15.png,PED,2388
148_16.png,SRF,17348
148_16.png,PED,3214
148_17.png,SRF,19040
148_17.png,PED,3921
148_18.png,SRF,19552
148_18.png,PED,4377
148_19.png,SRF,19815
148_19.png,PED,4179
148_2.png,SRF,478
148_20.png,SRF,21688
148_20.png,PED,3393
148_21.png,SRF,24625
148_21.png,PED,2587
148_22.png,SRF,26969
148_22.png,PED,1820
148_23.png,SRF,30515
148_23.png,PED,1059
148_24.png,SRF,32203
148_24.png,PED,643
148_3.png,SRF,1154
148_4.png,SRF,1729
148_5.png,SRF,2982
148_6.png,SRF,4729
148_7.png,SRF,6104
148_8.png,SRF,7546
148_9.png,SRF,9937
149_17.png,PED,1257
149_18.png,PED,821
149_19.png,PED,1313
149_20.png,PED,905
149_21.png,IRF,53
149_21.png,IRF,63
14_1.png,SRF,134
14_1.png,SRF,443
14_1.png,PED,398
14_10.png,SRF,366
14_10.png,SRF,292
14_10.png,PED,1769
14_10.png,PED,229
14_2.png,SRF,274
14_2.png,SRF,566
14_2.png,PED,621
14_3.png,SRF,359
14_3.png,SRF,673
14_3.png,PED,1039
14_4.png,SRF,498
14_4.png,SRF,616
14_4.png,PED,1345
14_5.png,SRF,598
14_5.png,SRF,841
14_5.png,PED,1738
14_6.png,SRF,692
14_6.png,SRF,585
14_6.png,PED,1856
14_6.png,PED,127
14_7.png,SRF,440
14_7.png,SRF,670
14_7.png,PED,1915
14_7.png,PED,198
14_8.png,SRF,471
14_8.png,SRF,312
14_8.png,PED,1624
14_8.png,PED,249
14_9.png,SRF,358
14_9.png,SRF,196
14_9.png,PED,2098
14_9.png,PED,488
150_14.png,PED,725
150_15.png,PED,1271
150_16.png,PED,996
150_17.png,PED,564
150_17.png,PED,194
150_18.png,PED,1633
150_18.png,PED,113
150_19.png,PED,453
150_2.png,PED,90
150_20.png,PED,394
150_22.png,PED,376
150_23.png,PED,489
150_24.png,PED,491
150_5.png,IRF,31
151_1.png,PED,45
151_10.png,PED,692
151_11.png,PED,165
151_11.png,PED,1004
151_12.png,IRF,42
151_12.png,IRF,73
151_12.png,PED,467
151_12.png,PED,216
151_13.png,IRF,237
151_13.png,PED,140
151_13.png,PED,263
151_14.png,IRF,286
151_14.png,PED,872
151_15.png,IRF,45
151_15.png,PED,505
151_16.png,PED,224
151_17.png,PED,258
151_2.png,PED,147
151_2.png,PED,176
151_3.png,PED,101
151_3.png,PED,348
151_3.png,PED,120
151_4.png,PED,419
151_5.png,PED,539
151_6.png,PED,728
151_7.png,PED,149
151_8.png,PED,663
151_9.png,PED,1415
152_10.png,SRF,2068
152_10.png,SRF,1768
152_11.png,SRF,1994
152_11.png,SRF,1443
152_11.png,PED,174
152_11.png,PED,51
152_12.png,SRF,2271
152_12.png,SRF,1330
152_12.png,PED,164
152_13.png,SRF,2241
152_13.png,SRF,1238
152_13.png,PED,127
152_14.png,SRF,1956
152_14.png,SRF,986
152_15.png,SRF,2276
152_15.png,SRF,907
152_15.png,PED,359
152_16.png,SRF,2448
152_16.png,SRF,885
152_16.png,PED,225
152_17.png,SRF,2261
152_17.png,SRF,924
152_17.png,PED,295
152_18.png,SRF,2277
152_18.png,SRF,923
152_18.png,PED,825
152_18.png,PED,545
152_19.png,SRF,2326
152_19.png,SRF,926
152_19.png,PED,1710
152_19.png,PED,613
152_20.png,SRF,2303
152_20.png,SRF,993
152_20.png,PED,1792
152_20.png,PED,565
152_21.png,SRF,2098
152_21.png,SRF,937
152_21.png,PED,1230
152_21.png,PED,1331
152_22.png,SRF,2450
152_22.png,SRF,875
152_22.png,PED,1658
152_22.png,PED,159
152_23.png,SRF,2560
152_23.png,SRF,843
152_23.png,PED,1677
152_23.png,PED,304
152_24.png,SRF,2967
152_24.png,SRF,995
152_24.png,PED,1591
152_25.png,SRF,2991
152_25.png,SRF,1079
152_25.png,PED,1726
152_26.png,SRF,3579
152_26.png,SRF,2003
152_26.png,PED,1730
152_26.png,PED,123
152_27.png,SRF,3586
152_27.png,SRF,1776
152_27.png,PED,1750
152_27.png,PED,77
152_28.png,SRF,5630
152_28.png,PED,2101
152_29.png,SRF,5514
152_29.png,PED,2063
152_29.png,PED,305
152_3.png,SRF,1054
152_30.png,SRF,4903
152_30.png,PED,1816
152_30.png,PED,173
152_4.png,SRF,2122
152_5.png,SRF,2751
152_6.png,SRF,3775
152_7.png,SRF,4031
152_8.png,SRF,4290
152_9.png,SRF,4210
153_1.png,IRF,72
153_10.png,SRF,591
153_10.png,SRF,69
153_11.png,SRF,299
153_11.png,SRF,519
153_11.png,SRF,183
153_11.png,PED,64
153_11.png,PED,220
153_12.png,SRF,905
153_12.png,PED,134
153_13.png,SRF,345
153_13.png,SRF,304
153_13.png,PED,520
153_14.png,PED,401
153_15.png,PED,650
153_16.png,PED,137
153_17.png,PED,102
153_18.png,PED,91
153_18.png,PED,114
153_18.png,PED,120
153_19.png,PED,75
153_2.png,SRF,125
153_3.png,SRF,190
153_3.png,SRF,434
153_4.png,SRF,1433
153_5.png,SRF,1436
153_6.png,SRF,625
153_6.png,SRF,301
153_7.png,SRF,563
153_7.png,SRF,206
153_8.png,SRF,382
153_9.png,SRF,438
154_1.png,PED,1083
154_10.png,IRF,190
154_10.png,IRF,86
154_10.png,PED,3602
154_11.png,IRF,67
154_11.png,IRF,119
154_11.png,IRF,139
154_11.png,IRF,311
154_11.png,IRF,39
154_11.png,PED,3161
154_12.png,IRF,148
154_12.png,IRF,61
154_12.png,PED,3301
154_13.png,SRF,103
154_13.png,IRF,504
154_13.png,IRF,96
154_13.png,IRF,322
154_13.png,IRF,84
154_13.png,PED,2791
154_14.png,IRF,213
154_14.png,IRF,264
154_14.png,PED,2085
154_15.png,IRF,350
154_15.png,IRF,552
154_15.png,IRF,47
154_15.png,IRF,466
154_15.png,PED,3041
154_16.png,IRF,89
154_16.png,IRF,156
154_16.png,IRF,122
154_16.png,IRF,81
154_16.png,IRF,889
154_16.png,IRF,104
154_16.png,PED,2855
154_17.png,IRF,213
154_17.png,IRF,1269
154_17.png,IRF,144
154_17.png,IRF,180
154_17.png,IRF,248
154_17.png,PED,3334
154_18.png,IRF,100
154_18.png,IRF,849
154_18.png,IRF,314
154_18.png,IRF,273
154_18.png,IRF,43
154_18.png,PED,448
154_18.png,PED,3554
154_19.png,IRF,42
154_19.png,IRF,231
154_19.png,IRF,30
154_19.png,IRF,54
154_19.png,IRF,366
154_19.png,IRF,72
154_19.png,IRF,46
154_19.png,IRF,35
154_19.png,IRF,36
154_19.png,PED,490
154_19.png,PED,1268
154_2.png,PED,1863
154_2.png,PED,183
154_20.png,IRF,79
154_20.png,IRF,32
154_20.png,IRF,258
154_20.png,IRF,525
154_20.png,IRF,174
154_20.png,IRF,99
154_20.png,PED,611
154_20.png,PED,886
154_21.png,IRF,32
154_21.png,IRF,258
154_21.png,IRF,525
154_21.png,IRF,174
154_21.png,IRF,118
154_21.png,PED,561
154_21.png,PED,1145
154_22.png,IRF,178
154_22.png,IRF,23
154_22.png,IRF,114
154_22.png,IRF,137
154_22.png,IRF,124
154_22.png,IRF,38
154_22.png,IRF,33
154_22.png,IRF,45
154_22.png,PED,486
154_22.png,PED,842
154_23.png,SRF,81
154_23.png,SRF,673
154_23.png,IRF,130
154_23.png,PED,815
154_23.png,PED,474
154_24.png,SRF,210
154_24.png,SRF,895
154_24.png,IRF,333
154_24.png,IRF,54
154_24.png,IRF,199
154_24.png,PED,1207
154_24.png,PED,981
154_3.png,PED,2242
154_4.png,PED,2143
154_5.png,PED,3219
154_6.png,PED,2430
154_7.png,PED,3845
154_8.png,PED,3448
154_9.png,PED,3333
155_10.png,SRF,5922
155_10.png,PED,93
155_11.png,SRF,6655
155_11.png,PED,163
155_12.png,SRF,7117
155_12.png,PED,257
155_12.png,PED,185
155_13.png,SRF,7444
155_13.png,PED,366
155_13.png,PED,304
155_14.png,SRF,516
155_14.png,SRF,222
155_14.png,SRF,5856
155_14.png,PED,636
155_14.png,PED,640
155_15.png,SRF,406
155_15.png,SRF,5837
155_15.png,PED,1824
155_15.png,PED,233
155_16.png,SRF,295
155_16.png,SRF,5621
155_16.png,PED,2703
155_17.png,SRF,306
155_17.png,SRF,5095
155_17.png,PED,702
155_17.png,PED,2315
155_17.png,PED,123
155_18.png,SRF,224
155_18.png,SRF,4791
155_18.png,PED,3110
155_19.png,SRF,735
155_19.png,SRF,4418
155_19.png,PED,4085
155_20.png,SRF,986
155_20.png,SRF,4283
155_20.png,PED,3780
155_21.png,SRF,1029
155_21.png,SRF,3739
155_21.png,PED,3792
155_22.png,SRF,1055
155_22.png,SRF,123
155_22.png,SRF,3563
155_22.png,PED,3915
155_23.png,SRF,1032
155_23.png,SRF,2908
155_23.png,PED,2798
155_24.png,SRF,685
155_24.png,SRF,2403
155_24.png,PED,2500
155_25.png,SRF,891
155_25.png,SRF,1916
155_25.png,PED,1812
155_26.png,SRF,1081
155_26.png,SRF,1108
155_26.png,PED,917
155_27.png,SRF,900
155_27.png,SRF,41
155_27.png,SRF,539
155_27.png,PED,251
155_28.png,SRF,57
155_28.png,PED,129
155_3.png,SRF,161
155_4.png,SRF,701
155_5.png,SRF,1630
155_6.png,SRF,2830
155_7.png,SRF,3476
155_8.png,SRF,4416
155_9.png,SRF,5289
156_10.png,SRF,15615
156_11.png,SRF,17587
156_11.png,PED,242
156_11.png,PED,88
156_11.png,PED,95
156_12.png,SRF,18284
156_12.png,PED,950
156_12.png,PED,80
156_13.png,SRF,19865
156_13.png,PED,2547
156_14.png,SRF,19838
156_14.png,PED,2966
156_15.png,SRF,20694
156_15.png,PED,4840
156_16.png,SRF,21309
156_16.png,PED,5941
156_17.png,SRF,21864
156_17.png,PED,6862
156_18.png,SRF,23818
156_18.png,PED,7565
156_19.png,SRF,21831
156_19.png,PED,8624
156_2.png,SRF,1283
156_20.png,SRF,20286
156_20.png,PED,12725
156_21.png,SRF,19577
156_21.png,PED,15604
156_22.png,SRF,8899
156_22.png,SRF,10258
156_22.png,PED,16266
156_23.png,SRF,10727
156_23.png,SRF,7676
156_23.png,PED,16078
156_24.png,SRF,10351
156_24.png,SRF,7145
156_24.png,PED,17096
156_25.png,SRF,763
156_25.png,SRF,8036
156_25.png,SRF,1459
156_25.png,SRF,1374
156_25.png,PED,16587
156_25.png,PED,1337
156_26.png,SRF,7894
156_26.png,SRF,386
156_26.png,PED,16583
156_26.png,PED,1715
156_27.png,SRF,6818
156_27.png,SRF,418
156_27.png,PED,16729
156_28.png,SRF,6685
156_28.png,SRF,2722
156_28.png,PED,12779
156_28.png,PED,721
156_29.png,SRF,6854
156_29.png,SRF,3979
156_29.png,PED,13374
156_29.png,PED,276
156_3.png,SRF,2531
156_30.png,SRF,10954
156_30.png,SRF,3783
156_30.png,PED,9846
156_4.png,SRF,4277
156_4.png,PED,105
156_5.png,SRF,5747
156_5.png,PED,178
156_6.png,SRF,7542
156_6.png,PED,116
156_7.png,SRF,9724
156_7.png,PED,48
156_8.png,SRF,11675
156_8.png,PED,176
156_9.png,SRF,14245
156_9.png,PED,74
15_7.png,IRF,171
15_7.png,PED,626
15_8.png,PED,277
16_2.png,PED,77
16_2.png,PED,105
16_3.png,PED,113
16_3.png,PED,138
16_4.png,PED,183
16_4.png,PED,48
16_5.png,PED,103
16_5.png,PED,66
16_7.png,PED,129
16_8.png,PED,65
16_8.png,PED,56
17_10.png,PED,1376
17_11.png,PED,1061
17_12.png,PED,768
17_13.png,PED,379
17_14.png,PED,296
17_2.png,PED,408
17_3.png,PED,461
17_4.png,PED,660
17_5.png,PED,1237
17_6.png,PED,1561
17_7.png,PED,1735
17_8.png,PED,1843
17_9.png,PED,1721
18_1.png,SRF,296
18_1.png,SRF,792
18_1.png,IRF,387
18_1.png,PED,605
18_10.png,SRF,284
18_10.png,SRF,2131
18_10.png,SRF,240
18_10.png,IRF,1333
18_10.png,IRF,75
18_10.png,IRF,82
18_10.png,PED,599
18_10.png,PED,1284
18_11.png,SRF,311
18_11.png,SRF,2324
18_11.png,SRF,202
18_11.png,IRF,638
18_11.png,IRF,237
18_11.png,PED,872
18_11.png,PED,958
18_12.png,SRF,2655
18_12.png,SRF,58
18_12.png,IRF,738
18_12.png,IRF,285
18_12.png,IRF,267
18_12.png,IRF,157
18_12.png,IRF,90
18_12.png,PED,1044
18_12.png,PED,593
18_13.png,SRF,2694
18_13.png,IRF,1018
18_13.png,IRF,461
18_13.png,IRF,43
18_13.png,PED,1028
18_13.png,PED,531
18_14.png,SRF,2896
18_14.png,IRF,1040
18_14.png,IRF,180
18_14.png,IRF,296
18_14.png,IRF,213
18_14.png,PED,971
18_14.png,PED,508
18_15.png,SRF,2951
18_15.png,IRF,960
18_15.png,IRF,124
18_15.png,IRF,346
18_15.png,IRF,191
18_15.png,PED,921
18_15.png,PED,445
18_16.png,SRF,3442
18_16.png,SRF,426
18_16.png,IRF,1536
18_16.png,PED,1232
18_17.png,SRF,4025
18_17.png,SRF,389
18_17.png,IRF,115
18_17.png,IRF,802
18_17.png,IRF,200
18_17.png,PED,1560
18_18.png,SRF,4012
18_18.png,IRF,418
18_18.png,IRF,102
18_18.png,IRF,85
18_18.png,IRF,85
18_18.png,PED,1561
18_19.png,SRF,4349
18_19.png,IRF,127
18_19.png,IRF,598
18_19.png,IRF,112
18_19.png,PED,1666
18_2.png,SRF,262
18_2.png,SRF,755
18_2.png,IRF,365
18_2.png,PED,711
18_20.png,SRF,4766
18_20.png,IRF,364
18_20.png,IRF,45
18_20.png,PED,1390
18_3.png,SRF,91
18_3.png,SRF,384
18_3.png,SRF,724
18_3.png,IRF,456
18_3.png,IRF,451
18_3.png,PED,1210
18_4.png,SRF,768
18_4.png,SRF,815
18_4.png,IRF,599
18_4.png,IRF,430
18_4.png,PED,1443
18_5.png,SRF,209
18_5.png,SRF,727
18_5.png,IRF,175
18_5.png,IRF,730
18_5.png,PED,1822
18_6.png,SRF,508
18_6.png,SRF,447
18_6.png,SRF,624
18_6.png,IRF,1295
18_6.png,IRF,38
18_6.png,IRF,65
18_6.png,PED,299
18_6.png,PED,1755
18_7.png,SRF,658
18_7.png,SRF,586
18_7.png,IRF,591
18_7.png,IRF,134
18_7.png,IRF,481
18_7.png,IRF,96
18_7.png,PED,359
18_7.png,PED,1746
18_8.png,SRF,956
18_8.png,SRF,117
18_8.png,SRF,777
18_8.png,IRF,1680
18_8.png,IRF,110
18_8.png,PED,455
18_8.png,PED,1545
18_8.png,PED,1
18_9.png,SRF,1697
18_9.png,SRF,481
18_9.png,IRF,1019
18_9.png,IRF,597
18_9.png,PED,578
18_9.png,PED,1429
19_1.png,PED,9547
19_1.png,PED,281
19_10.png,PED,18957
19_2.png,PED,11186
19_2.png,PED,84
19_2.png,PED,359
19_3.png,PED,11912
19_3.png,PED,149
19_3.png,PED,453
19_4.png,SRF,90
19_4.png,PED,12896
19_4.png,PED,574
19_5.png,SRF,78
19_5.png,PED,14420
19_5.png,PED,216
19_6.png,PED,15791
19_7.png,PED,17361
19_8.png,PED,18520
19_9.png,PED,18101
1_2.png,PED,535
20_1.png,SRF,154
20_1.png,SRF,283
20_10.png,SRF,478
20_10.png,SRF,836
20_10.png,PED,376
20_10.png,PED,1427
20_2.png,SRF,181
20_2.png,SRF,492
20_2.png,PED,204
20_3.png,SRF,182
20_3.png,SRF,300
20_3.png,PED,466
20_4.png,SRF,197
20_4.png,SRF,346
20_4.png,PED,910
20_5.png,SRF,246
20_5.png,SRF,518
20_5.png,PED,674
20_6.png,SRF,293
20_6.png,SRF,621
20_6.png,PED,861
20_7.png,SRF,343
20_7.png,SRF,705
20_7.png,PED,1130
20_8.png,SRF,469
20_8.png,SRF,722
20_8.png,PED,1234
20_9.png,SRF,484
20_9.png,SRF,806
20_9.png,PED,112
20_9.png,PED,1131
21_1.png,SRF,139
21_1.png,SRF,633
21_1.png,IRF,3228
21_2.png,IRF,3122
21_3.png,IRF,3244
21_4.png,IRF,1988
21_4.png,IRF,913
21_5.png,IRF,2704
21_5.png,PED,316
21_6.png,IRF,3204
21_6.png,PED,2464
21_7.png,IRF,2389
21_7.png,PED,992
21_7.png,PED,928
22_1.png,SRF,2384
22_1.png,PED,712
22_1.png,PED,1064
22_1.png,PED,114
22_1.png,PED,137
22_10.png,SRF,2700
22_10.png,SRF,90
22_10.png,PED,1516
22_10.png,PED,1611
22_10.png,PED,177
22_11.png,SRF,3067
22_11.png,SRF,221
22_11.png,PED,1628
22_11.png,PED,1219
22_11.png,PED,177
22_12.png,SRF,2866
22_12.png,SRF,272
22_12.png,PED,1583
22_12.png,PED,1210
22_12.png,PED,158
22_12.png,PED,97
22_13.png,SRF,1315
22_13.png,SRF,2637
22_13.png,SRF,276
22_13.png,PED,1193
22_13.png,PED,480
22_13.png,PED,152
22_13.png,PED,411
22_14.png,SRF,3799
22_14.png,SRF,431
22_14.png,PED,2076
22_14.png,PED,570
22_14.png,PED,224
22_14.png,PED,93
22_15.png,SRF,3585
22_15.png,PED,2318
22_15.png,PED,1321
22_15.png,PED,38
22_15.png,PED,195
22_15.png,PED,244
22_15.png,PED,137
22_16.png,SRF,3220
22_16.png,PED,2697
22_16.png,PED,1107
22_17.png,SRF,3817
22_17.png,SRF,453
22_17.png,PED,1379
22_17.png,PED,461
22_17.png,PED,1056
22_18.png,SRF,4127
22_18.png,SRF,333
22_18.png,PED,1196
22_18.png,PED,1342
22_19.png,SRF,4708
22_19.png,SRF,396
22_19.png,PED,1086
22_19.png,PED,560
22_19.png,PED,717
22_2.png,SRF,2388
22_2.png,PED,2252
22_2.png,PED,97
22_20.png,SRF,4500
22_20.png,SRF,687
22_20.png,PED,1249
22_20.png,PED,214
22_20.png,PED,1034
22_20.png,PED,129
22_21.png,SRF,4799
22_21.png,SRF,935
22_21.png,PED,284
22_21.png,PED,1232
22_21.png,PED,505
22_21.png,PED,448
22_21.png,PED,275
22_3.png,SRF,2568
22_3.png,PED,1705
22_3.png,PED,241
22_3.png,PED,307
22_3.png,PED,136
22_3.png,PED,24
22_3.png,PED,113
22_4.png,SRF,3191
22_4.png,PED,1416
22_4.png,PED,136
22_4.png,PED,201
22_4.png,PED,348
22_4.png,PED,121
22_4.png,PED,148
22_4.png,PED,321
22_4.png,PED,67
22_4.png,PED,71
22_5.png,SRF,2651
22_5.png,PED,1413
22_5.png,PED,606
22_5.png,PED,224
22_5.png,PED,371
22_5.png,PED,150
22_6.png,SRF,3172
22_6.png,PED,1716
22_6.png,PED,2049
22_6.png,PED,64
22_7.png,SRF,2839
22_7.png,PED,2478
22_7.png,PED,1014
22_7.png,PED,645
22_8.png,SRF,2674
22_8.png,SRF,58
22_8.png,PED,1879
22_8.png,PED,892
22_8.png,PED,141
22_8.png,PED,356
22_8.png,PED,270
22_9.png,SRF,2482
22_9.png,SRF,181
22_9.png,PED,191
22_9.png,PED,1201
22_9.png,PED,909
22_9.png,PED,141
22_9.png,PED,330
22_9.png,PED,297
23_1.png,PED,178
23_1.png,PED,234
23_10.png,PED,1543
23_2.png,PED,305
23_2.png,PED,166
23_3.png,PED,396
23_3.png,PED,168
23_5.png,IRF,57
23_5.png,PED,643
23_6.png,PED,174
23_6.png,PED,2135
23_7.png,PED,311
23_8.png,PED,529
23_9.png,IRF,186
23_9.png,PED,1167
24_1.png,SRF,2282
24_1.png,SRF,579
24_10.png,SRF,1995
24_10.png,SRF,500
24_2.png,SRF,2311
24_2.png,SRF,431
24_3.png,SRF,2313
24_3.png,SRF,680
24_4.png,SRF,393
24_4.png,SRF,2031
24_4.png,SRF,690
24_5.png,SRF,2295
24_5.png,SRF,572
24_6.png,SRF,2444
24_6.png,SRF,1007
24_7.png,SRF,2241
24_7.png,SRF,958
24_8.png,SRF,2244
24_8.png,SRF,685
24_9.png,SRF,2018
24_9.png,SRF,988
25_9.png,PED,261
26_1.png,SRF,6564
26_1.png,PED,894
26_1.png,PED,232
26_10.png,SRF,7313
26_10.png,SRF,1551
26_10.png,PED,2843
26_11.png,SRF,6504
26_11.png,PED,3422
26_12.png,SRF,7301
26_12.png,PED,3719
26_13.png,SRF,7883
26_13.png,PED,3453
26_14.png,SRF,7971
26_14.png,PED,2629
26_15.png,SRF,8152
26_15.png,PED,3428
26_16.png,SRF,7889
26_16.png,PED,2052
26_2.png,SRF,9004
26_2.png,PED,793
26_2.png,PED,255
26_3.png,SRF,6242
26_3.png,SRF,3053
26_3.png,PED,775
26_3.png,PED,278
26_4.png,SRF,5731
26_4.png,SRF,2687
26_4.png,PED,583
26_4.png,PED,377
26_5.png,SRF,5642
26_5.png,SRF,2465
26_5.png,PED,97
26_5.png,PED,559
26_5.png,PED,251
26_6.png,SRF,6366
26_6.png,SRF,2519
26_6.png,PED,1229
26_6.png,PED,215
26_7.png,SRF,6429
26_7.png,SRF,2568
26_7.png,PED,1526
26_8.png,SRF,6847
26_8.png,SRF,2283
26_8.png,PED,2364
26_9.png,SRF,6410
26_9.png,SRF,1950
26_9.png,SRF,338
26_9.png,PED,2903
27_1.png,PED,305
27_1.png,PED,380
27_10.png,PED,463
27_10.png,PED,109
27_11.png,PED,252
27_12.png,SRF,298
27_12.png,PED,168
27_12.png,PED,249
27_2.png,PED,383
27_2.png,PED,185
27_2.png,PED,43
27_3.png,PED,437
27_4.png,PED,140
27_4.png,PED,581
27_5.png,PED,152
27_5.png,PED,489
27_6.png,PED,114
27_6.png,PED,457
27_7.png,PED,122
27_7.png,PED,134
27_7.png,PED,469
27_8.png,PED,102
27_8.png,PED,126
27_8.png,PED,330
27_8.png,PED,81
27_9.png,PED,308
27_9.png,PED,119
28_1.png,PED,569
28_10.png,PED,898
28_10.png,PED,227
28_11.png,PED,165
28_11.png,PED,963
28_12.png,PED,240
28_12.png,PED,248
28_12.png,PED,145
28_12.png,PED,38
28_2.png,PED,609
28_3.png,PED,574
28_4.png,PED,694
28_5.png,PED,730
28_6.png,PED,272
28_6.png,PED,679
28_7.png,PED,220
28_7.png,PED,686
28_8.png,PED,749
28_9.png,PED,854
29_1.png,PED,1732
29_10.png,PED,1197
29_11.png,PED,1594
29_12.png,PED,1351
29_13.png,PED,1434
29_14.png,PED,650
29_14.png,PED,639
29_15.png,PED,819
29_15.png,PED,89
29_2.png,PED,1933
29_3.png,PED,1744
29_4.png,PED,1497
29_5.png,PED,1766
29_6.png,PED,1764
29_7.png,PED,1762
29_8.png,PED,2106
29_9.png,PED,2166
2_1.png,SRF,71
2_1.png,SRF,125
2_1.png,PED,1478
2_10.png,SRF,446
2_10.png,PED,739
2_11.png,SRF,197
2_12.png,SRF,295
2_12.png,IRF,58
2_12.png,PED,375
2_2.png,SRF,151
2_2.png,IRF,65
2_2.png,IRF,78
2_2.png,PED,2254
2_3.png,SRF,380
2_3.png,SRF,159
2_3.png,PED,2085
2_4.png,SRF,680
2_4.png,SRF,52
2_4.png,PED,2178
2_5.png,SRF,548
2_5.png,PED,1368
2_5.png,PED,391
2_6.png,SRF,751
2_6.png,PED,2163
2_7.png,SRF,667
2_7.png,PED,1771
2_7.png,PED,232
2_8.png,SRF,347
2_8.png,PED,1800
2_8.png,PED,140
2_9.png,SRF,295
2_9.png,SRF,71
2_9.png,PED,1240
30_1.png,IRF,345
30_1.png,IRF,314
30_1.png,PED,387
30_1.png,PED,1865
30_10.png,PED,8364
30_11.png,PED,9336
30_12.png,PED,8471
30_13.png,PED,8486
30_14.png,PED,9362
30_15.png,PED,9246
30_16.png,PED,8419
30_2.png,IRF,356
30_2.png,PED,450
30_2.png,PED,136
30_2.png,PED,2016
30_3.png,IRF,126
30_3.png,PED,570
30_3.png,PED,179
30_3.png,PED,1880
30_4.png,PED,980
30_4.png,PED,2508
30_5.png,PED,5511
30_6.png,PED,6206
30_7.png,IRF,66
30_7.png,PED,6842
30_8.png,PED,7359
30_9.png,PED,7055
31_1.png,SRF,2809
31_10.png,SRF,3624
31_10.png,PED,1843
31_2.png,SRF,2891
31_3.png,SRF,3295
31_3.png,PED,232
31_4.png,SRF,3970
31_4.png,PED,197
31_5.png,SRF,3385
31_5.png,PED,179
31_6.png,SRF,3224
31_6.png,PED,1059
31_7.png,SRF,3583
31_7.png,PED,1138
31_8.png,SRF,3548
31_8.png,PED,799
31_8.png,PED,147
31_9.png,SRF,4671
31_9.png,PED,1485
32_1.png,PED,389
32_1.png,PED,310
32_10.png,SRF,1171
32_10.png,PED,133
32_10.png,PED,501
32_11.png,SRF,1259
32_11.png,PED,100
32_11.png,PED,464
32_12.png,SRF,48
32_12.png,SRF,1216
32_12.png,PED,110
32_12.png,PED,283
32_13.png,SRF,1247
32_13.png,PED,100
32_13.png,PED,384
32_14.png,SRF,1009
32_14.png,PED,91
32_14.png,PED,751
32_15.png,SRF,1415
32_15.png,PED,181
32_15.png,PED,631
32_2.png,SRF,60
32_2.png,PED,612
32_2.png,PED,519
32_3.png,SRF,82
32_3.png,PED,1052
32_3.png,PED,733
32_4.png,SRF,127
32_4.png,SRF,102
32_4.png,PED,1178
32_4.png,PED,603
32_5.png,SRF,437
32_5.png,PED,1041
32_5.png,PED,422
32_5.png,PED,203
32_5.png,PED,165
32_6.png,SRF,434
32_6.png,SRF,407
32_6.png,PED,1225
32_6.png,PED,1052
32_7.png,SRF,46
32_7.png,SRF,938
32_7.png,SRF,62
32_7.png,PED,607
32_7.png,PED,934
32_8.png,SRF,107
32_8.png,SRF,1111
32_8.png,SRF,45
32_8.png,PED,284
32_8.png,PED,85
32_8.png,PED,379
32_9.png,SRF,1113
32_9.png,SRF,141
32_9.png,PED,186
32_9.png,PED,468
33_1.png,PED,209
33_1.png,PED,304
33_10.png,PED,194
33_10.png,PED,5455
33_11.png,PED,76
33_11.png,PED,5754
33_12.png,PED,5793
33_13.png,PED,7089
33_14.png,IRF,621
33_14.png,PED,7160
33_15.png,IRF,1300
33_15.png,IRF,415
33_15.png,PED,7673
33_16.png,IRF,1582
33_16.png,IRF,472
33_16.png,IRF,72
33_16.png,PED,8935
33_17.png,IRF,2738
33_17.png,IRF,151
33_17.png,PED,8735
33_18.png,IRF,659
33_18.png,IRF,397
33_18.png,IRF,1088
33_18.png,IRF,454
33_18.png,IRF,107
33_18.png,PED,7944
33_19.png,IRF,1001
33_19.png,IRF,1258
33_19.png,IRF,873
33_19.png,PED,8444
33_2.png,PED,286
33_2.png,PED,443
33_20.png,IRF,2779
33_20.png,IRF,931
33_20.png,IRF,50
33_20.png,IRF,72
33_20.png,PED,7735
33_21.png,IRF,2449
33_21.png,IRF,1350
33_21.png,PED,8332
33_22.png,IRF,2108
33_22.png,IRF,785
33_22.png,IRF,346
33_22.png,PED,5430
33_22.png,PED,2332
33_3.png,PED,298
33_3.png,PED,825
33_4.png,PED,285
33_4.png,PED,1149
33_5.png,PED,289
33_5.png,PED,1417
33_6.png,PED,243
33_6.png,PED,2601
33_7.png,PED,330
33_7.png,PED,3240
33_8.png,PED,324
33_8.png,PED,3670
33_9.png,PED,200
33_9.png,PED,4524
34_1.png,SRF,1282
34_1.png,SRF,439
34_10.png,SRF,1470
34_10.png,SRF,747
34_10.png,PED,13581
34_11.png,SRF,892
34_11.png,SRF,373
34_11.png,SRF,428
34_11.png,PED,15213
34_12.png,SRF,1186
34_12.png,SRF,401
34_12.png,SRF,475
34_12.png,PED,16393
34_13.png,SRF,1109
34_13.png,SRF,401
34_13.png,SRF,450
34_13.png,PED,19468
34_14.png,SRF,1804
34_14.png,SRF,319
34_14.png,PED,19010
34_15.png,SRF,1795
34_15.png,SRF,953
34_15.png,PED,15880
34_2.png,SRF,1428
34_2.png,SRF,413
34_2.png,PED,3859
34_3.png,SRF,1183
34_3.png,SRF,858
34_3.png,PED,3748
34_4.png,SRF,1225
34_4.png,SRF,1086
34_4.png,PED,3242
34_5.png,SRF,1488
34_5.png,SRF,969
34_5.png,PED,4742
34_6.png,SRF,1287
34_6.png,SRF,650
34_6.png,PED,6541
34_7.png,SRF,1312
34_7.png,SRF,739
34_7.png,PED,5972
34_8.png,SRF,583
34_8.png,SRF,636
34_8.png,PED,7202
34_9.png,SRF,1275
34_9.png,SRF,649
34_9.png,PED,10688
35_1.png,PED,1803
35_1.png,PED,237
35_10.png,PED,4707
35_11.png,PED,5019
35_12.png,PED,5372
35_13.png,PED,5850
35_14.png,PED,5406
35_15.png,PED,6351
35_15.png,PED,1208
35_16.png,PED,6287
35_16.png,PED,1151
35_17.png,PED,9150
35_18.png,PED,9565
35_19.png,PED,10302
35_2.png,PED,2432
35_2.png,PED,92
35_2.png,PED,605
35_20.png,PED,10539
35_21.png,PED,10076
35_3.png,PED,2776
35_3.png,PED,829
35_4.png,PED,3538
35_4.png,PED,1258
35_5.png,PED,4021
35_5.png,PED,1428
35_6.png,PED,3864
35_6.png,PED,1395
35_7.png,PED,3833
35_7.png,PED,1728
35_8.png,PED,4117
35_8.png,PED,1607
35_9.png,PED,5379
35_9.png,PED,1945
36_10.png,IRF,2310
36_10.png,IRF,1000
36_10.png,IRF,488
36_11.png,IRF,2478
36_11.png,IRF,695
36_11.png,IRF,364
36_11.png,IRF,278
36_12.png,IRF,1894
36_12.png,IRF,619
36_12.png,IRF,297
36_13.png,IRF,1503
36_13.png,IRF,1307
36_13.png,IRF,691
36_14.png,IRF,1911
36_14.png,IRF,1532
36_14.png,IRF,39
36_15.png,IRF,4115
36_15.png,IRF,626
36_15.png,IRF,347
36_16.png,IRF,5142
36_16.png,IRF,408
36_17.png,IRF,5216
36_17.png,IRF,484
36_17.png,IRF,306
36_18.png,IRF,6792
36_18.png,IRF,538
36_18.png,IRF,255
36_19.png,IRF,8328
36_2.png,IRF,1449
36_20.png,IRF,7309
36_20.png,IRF,203
36_20.png,IRF,30
36_21.png,IRF,6441
36_21.png,IRF,476
36_22.png,IRF,6440
36_22.png,IRF,183
36_22.png,IRF,315
36_22.png,IRF,146
36_23.png,IRF,5802
36_23.png,IRF,758
36_23.png,IRF,201
36_3.png,IRF,2318
36_3.png,PED,3166
36_4.png,IRF,2359
36_5.png,IRF,2484
36_6.png,IRF,2704
36_7.png,IRF,2344
36_7.png,IRF,636
36_8.png,IRF,2346
36_8.png,IRF,185
36_8.png,IRF,533
36_9.png,IRF,2419
37_1.png,SRF,2246
37_1.png,PED,634
37_1.png,PED,491
37_1.png,PED,221
37_1.png,PED,640
37_10.png,SRF,902
37_10.png,SRF,1193
37_10.png,PED,7537
37_10.png,PED,4815
37_11.png,SRF,957
37_11.png,SRF,1327
37_11.png,PED,8727
37_11.png,PED,4317
37_12.png,SRF,879
37_12.png,SRF,1142
37_12.png,PED,9467
37_12.png,PED,4735
37_13.png,SRF,875
37_13.png,SRF,1036
37_13.png,PED,10514
37_13.png,PED,4741
37_14.png,SRF,792
37_14.png,SRF,1106
37_14.png,PED,11031
37_14.png,PED,5912
37_15.png,SRF,810
37_15.png,PED,12730
37_15.png,PED,5547
37_16.png,SRF,873
37_16.png,PED,21470
37_17.png,SRF,692
37_17.png,PED,23242
37_18.png,SRF,877
37_18.png,PED,24141
37_19.png,SRF,538
37_19.png,PED,26505
37_2.png,SRF,221
37_2.png,SRF,1946
37_2.png,PED,1210
37_2.png,PED,1748
37_20.png,SRF,434
37_20.png,PED,24715
37_21.png,SRF,402
37_21.png,PED,26038
37_22.png,SRF,198
37_22.png,PED,25124
37_22.png,PED,234
37_3.png,SRF,1314
37_3.png,SRF,2005
37_3.png,PED,3789
37_4.png,SRF,506
37_4.png,SRF,1583
37_4.png,PED,2506
37_4.png,PED,65
37_4.png,PED,100
37_4.png,PED,1008
37_5.png,SRF,964
37_5.png,SRF,1660
37_5.png,PED,3233
37_5.png,PED,1518
37_6.png,SRF,807
37_6.png,SRF,1767
37_6.png,PED,3915
37_6.png,PED,1634
37_7.png,SRF,1247
37_7.png,SRF,1778
37_7.png,PED,4861
37_7.png,PED,2517
37_8.png,SRF,1061
37_8.png,SRF,1346
37_8.png,PED,5522
37_8.png,PED,3095
37_9.png,SRF,1388
37_9.png,SRF,1769
37_9.png,PED,6913
37_9.png,PED,4362
38_4.png,PED,891
38_5.png,PED,630
39_10.png,SRF,1201
39_10.png,PED,651
39_11.png,SRF,1715
39_11.png,PED,2094
39_12.png,SRF,1582
39_12.png,PED,2895
39_13.png,SRF,1577
39_14.png,SRF,1997
39_2.png,PED,1371
39_3.png,SRF,644
39_3.png,PED,885
39_5.png,PED,2243
39_6.png,SRF,1422
39_6.png,PED,442
39_7.png,SRF,1863
39_7.png,PED,2416
39_8.png,SRF,1509
39_8.png,PED,3529
39_9.png,SRF,1716
39_9.png,PED,3234
3_1.png,PED,1181
3_10.png,IRF,717
3_10.png,IRF,112
3_10.png,IRF,19
3_10.png,IRF,82
3_10.png,IRF,118
3_10.png,IRF,101
3_10.png,IRF,20
3_10.png,PED,2312
3_11.png,IRF,46
3_11.png,IRF,1147
3_11.png,IRF,641
3_11.png,IRF,57
3_11.png,IRF,141
3_11.png,IRF,99
3_11.png,IRF,295
3_11.png,IRF,93
3_11.png,PED,2857
3_12.png,IRF,55
3_12.png,IRF,850
3_12.png,IRF,337
3_12.png,IRF,332
3_12.png,IRF,944
3_12.png,IRF,163
3_12.png,IRF,285
3_12.png,IRF,90
3_12.png,PED,2729
3_13.png,IRF,1350
3_13.png,IRF,1504
3_13.png,IRF,504
3_13.png,IRF,16
3_13.png,IRF,197
3_13.png,PED,2942
3_14.png,IRF,1822
3_14.png,IRF,708
3_14.png,IRF,76
3_14.png,IRF,936
3_14.png,IRF,37
3_14.png,IRF,42
3_14.png,IRF,31
3_14.png,IRF,19
3_14.png,IRF,56
3_14.png,IRF,280
3_14.png,PED,2823
3_14.png,PED,412
3_15.png,IRF,1187
3_15.png,IRF,121
3_15.png,IRF,812
3_15.png,IRF,976
3_15.png,IRF,89
3_15.png,IRF,503
3_15.png,IRF,107
3_15.png,IRF,111
3_15.png,PED,2358
3_15.png,PED,568
3_16.png,IRF,1934
3_16.png,IRF,813
3_16.png,IRF,1000
3_16.png,PED,2242
3_16.png,PED,620
3_17.png,IRF,1833
3_17.png,IRF,883
3_17.png,IRF,385
3_17.png,IRF,220
3_17.png,PED,3323
3_2.png,PED,1251
3_3.png,IRF,43
3_3.png,IRF,130
3_3.png,PED,1677
3_4.png,PED,1721
3_5.png,IRF,55
3_5.png,IRF,55
3_5.png,IRF,111
3_5.png,IRF,81
3_5.png,PED,1268
3_6.png,IRF,258
3_6.png,IRF,126
3_6.png,IRF,203
3_6.png,PED,1714
3_7.png,IRF,313
3_7.png,IRF,122
3_7.png,IRF,193
3_7.png,PED,1593
3_8.png,IRF,104
3_8.png,IRF,85
3_8.png,IRF,570
3_8.png,PED,1490
3_9.png,IRF,111
3_9.png,IRF,111
3_9.png,IRF,106
3_9.png,IRF,113
3_9.png,IRF,85
3_9.png,IRF,145
3_9.png,IRF,125
3_9.png,PED,1289
41_1.png,SRF,3413
41_10.png,SRF,2331
41_11.png,SRF,2020
41_12.png,SRF,1729
41_13.png,SRF,1688
41_14.png,SRF,1280
41_15.png,SRF,1223
41_16.png,SRF,1304
41_16.png,PED,610
41_17.png,SRF,1587
41_18.png,SRF,1664
41_19.png,SRF,1484
41_19.png,PED,768
41_2.png,SRF,3474
41_3.png,SRF,3329
41_4.png,SRF,5733
41_4.png,SRF,668
41_5.png,SRF,3983
41_5.png,SRF,708
41_6.png,SRF,2831
41_7.png,SRF,2750
41_8.png,SRF,2856
41_9.png,SRF,2328
42_1.png,SRF,102
42_1.png,PED,337
42_1.png,PED,480
42_1.png,PED,184
42_10.png,SRF,2209
42_10.png,PED,962
42_10.png,PED,231
42_10.png,PED,379
42_10.png,PED,64
42_10.png,PED,48
42_11.png,SRF,1780
42_11.png,SRF,332
42_11.png,PED,999
42_11.png,PED,290
42_11.png,PED,182
42_11.png,PED,159
42_11.png,PED,100
42_11.png,PED,49
42_12.png,SRF,1752
42_12.png,SRF,374
42_12.png,PED,975
42_12.png,PED,536
42_12.png,PED,378
42_13.png,SRF,2078
42_13.png,SRF,365
42_13.png,PED,1383
42_13.png,PED,329
42_13.png,PED,86
42_14.png,SRF,1587
42_14.png,SRF,401
42_14.png,SRF,45
42_14.png,PED,587
42_14.png,PED,554
42_14.png,PED,443
42_14.png,PED,167
42_15.png,SRF,2428
42_15.png,SRF,204
42_15.png,PED,552
42_15.png,PED,537
42_15.png,PED,793
42_16.png,SRF,2839
42_16.png,SRF,229
42_16.png,PED,153
42_16.png,PED,771
42_16.png,PED,1161
42_17.png,SRF,2962
42_17.png,SRF,153
42_17.png,PED,159
42_17.png,PED,2488
42_17.png,PED,221
42_18.png,SRF,3035
42_18.png,SRF,244
42_18.png,PED,70
42_18.png,PED,223
42_18.png,PED,2397
42_19.png,SRF,3071
42_19.png,SRF,213
42_19.png,PED,190
42_19.png,PED,2525
42_19.png,PED,151
42_2.png,SRF,283
42_2.png,PED,345
42_2.png,PED,678
42_20.png,SRF,3434
42_20.png,SRF,203
42_20.png,PED,104
42_20.png,PED,2669
42_21.png,SRF,4141
42_21.png,SRF,395
42_21.png,PED,136
42_21.png,PED,2610
42_22.png,SRF,4863
42_22.png,PED,2569
42_23.png,SRF,4515
42_23.png,SRF,259
42_23.png,PED,2757
42_23.png,PED,116
42_3.png,SRF,581
42_3.png,PED,385
42_3.png,PED,865
42_4.png,SRF,745
42_4.png,SRF,139
42_4.png,PED,1208
42_4.png,PED,93
42_4.png,PED,112
42_4.png,PED,97
42_4.png,PED,24
42_5.png,SRF,919
42_5.png,SRF,227
42_5.png,PED,316
42_5.png,PED,1225
42_5.png,PED,45
42_5.png,PED,105
42_6.png,SRF,1239
42_6.png,SRF,518
42_6.png,PED,927
42_6.png,PED,813
42_7.png,SRF,1387
42_7.png,SRF,522
42_7.png,PED,1066
42_7.png,PED,575
42_8.png,SRF,2330
42_8.png,PED,929
42_8.png,PED,90
42_8.png,PED,622
42_8.png,PED,38
42_9.png,SRF,2137
42_9.png,SRF,77
42_9.png,PED,809
42_9.png,PED,105
42_9.png,PED,313
42_9.png,PED,72
42_9.png,PED,52
43_1.png,SRF,927
43_10.png,SRF,1150
43_10.png,PED,5340
43_11.png,SRF,1676
43_11.png,PED,892
43_12.png,SRF,1378
43_12.png,PED,2176
43_12.png,PED,1767
43_13.png,SRF,1767
43_13.png,PED,1847
43_14.png,SRF,1041
43_14.png,SRF,648
43_14.png,PED,5959
43_15.png,SRF,1131
43_15.png,SRF,2166
43_15.png,IRF,526
43_15.png,PED,5715
43_16.png,SRF,1120
43_16.png,SRF,2146
43_16.png,IRF,584
43_16.png,PED,7530
43_17.png,SRF,1319
43_17.png,SRF,1990
43_17.png,PED,4796
43_17.png,PED,849
43_18.png,SRF,1265
43_18.png,SRF,2010
43_18.png,IRF,428
43_18.png,PED,5511
43_18.png,PED,1176
43_19.png,SRF,2065
43_19.png,SRF,1162
43_19.png,IRF,470
43_19.png,PED,4733
43_2.png,SRF,1436
43_20.png,SRF,2443
43_20.png,IRF,79
43_20.png,IRF,56
43_20.png,PED,3670
43_20.png,PED,1617
43_21.png,SRF,3070
43_21.png,IRF,198
43_21.png,PED,4316
43_21.png,PED,1507
43_3.png,SRF,1157
43_4.png,SRF,986
43_5.png,SRF,1133
43_6.png,SRF,1614
43_7.png,SRF,1638
43_7.png,PED,74
43_7.png,PED,58
43_7.png,PED,39
43_8.png,SRF,1122
43_8.png,SRF,40
43_9.png,SRF,1329
43_9.png,PED,1587
44_1.png,PED,405
44_10.png,PED,121
44_10.png,PED,469
44_11.png,PED,207
44_11.png,PED,104
44_2.png,PED,1302
44_3.png,PED,1079
44_4.png,PED,901
44_5.png,PED,1263
44_6.png,PED,1510
44_7.png,PED,872
44_8.png,PED,104
44_9.png,PED,83
45_1.png,SRF,451
45_1.png,SRF,198
45_1.png,PED,272
45_1.png,PED,2809
45_10.png,SRF,706
45_10.png,PED,5875
45_10.png,PED,191
45_11.png,SRF,398
45_11.png,SRF,104
45_11.png,PED,6582
45_11.png,PED,53
45_12.png,SRF,563
45_12.png,PED,6468
45_13.png,SRF,591
45_13.png,PED,6991
45_14.png,SRF,691
45_14.png,PED,8444
45_15.png,SRF,482
45_15.png,SRF,116
45_15.png,PED,8859
45_16.png,SRF,331
45_16.png,PED,11309
45_17.png,SRF,218
45_17.png,SRF,281
45_17.png,PED,11998
45_18.png,SRF,703
45_18.png,PED,9963
45_19.png,SRF,942
45_19.png,SRF,2244
45_19.png,PED,5841
45_19.png,PED,353
45_2.png,SRF,883
45_2.png,SRF,409
45_2.png,PED,3485
45_20.png,SRF,984
45_20.png,SRF,3396
45_20.png,PED,4486
45_21.png,SRF,931
45_21.png,SRF,4153
45_21.png,PED,3130
45_22.png,SRF,723
45_22.png,SRF,5179
45_22.png,PED,1691
45_23.png,SRF,803
45_23.png,SRF,5935
45_23.png,PED,1371
45_3.png,SRF,799
45_3.png,SRF,668
45_3.png,PED,618
45_3.png,PED,3149
45_4.png,SRF,524
45_4.png,SRF,705
45_4.png,PED,3755
45_5.png,SRF,643
45_5.png,PED,696
45_5.png,PED,3538
45_6.png,SRF,576
45_6.png,PED,4705
45_6.png,PED,126
45_7.png,SRF,703
45_7.png,PED,5007
45_7.png,PED,251
45_8.png,SRF,562
45_8.png,PED,5400
45_8.png,PED,198
45_9.png,SRF,562
45_9.png,PED,5400
45_9.png,PED,1
45_9.png,PED,198
46_1.png,PED,6942
46_10.png,IRF,1454
46_10.png,IRF,267
46_10.png,IRF,323
46_10.png,IRF,48
46_10.png,IRF,140
46_10.png,PED,4530
46_10.png,PED,208
46_11.png,IRF,1449
46_11.png,IRF,240
46_11.png,IRF,100
46_11.png,IRF,993
46_11.png,IRF,67
46_11.png,IRF,4
46_11.png,PED,6087
46_12.png,IRF,1566
46_12.png,IRF,1506
46_12.png,PED,5658
46_12.png,PED,50
46_12.png,PED,265
46_13.png,IRF,1817
46_13.png,IRF,940
46_13.png,PED,4901
46_13.png,PED,524
46_14.png,IRF,1225
46_14.png,IRF,30
46_14.png,IRF,552
46_14.png,IRF,606
46_14.png,PED,4535
46_14.png,PED,172
46_14.png,PED,136
46_14.png,PED,85
46_15.png,IRF,597
46_15.png,IRF,501
46_15.png,PED,3966
46_16.png,IRF,803
46_16.png,PED,3454
46_17.png,IRF,461
46_17.png,IRF,154
46_17.png,PED,3425
46_17.png,PED,66
46_2.png,PED,6573
46_2.png,PED,591
46_3.png,PED,6245
46_3.png,PED,699
46_4.png,PED,6176
46_4.png,PED,697
46_5.png,PED,6360
46_5.png,PED,671
46_6.png,IRF,85
46_6.png,PED,6236
46_6.png,PED,264
46_7.png,IRF,554
46_7.png,PED,5880
46_7.png,PED,399
46_8.png,IRF,956
46_8.png,PED,5986
46_8.png,PED,543
46_9.png,IRF,1386
46_9.png,IRF,130
46_9.png,PED,5467
46_9.png,PED,128
46_9.png,PED,301
47_1.png,SRF,70
47_1.png,SRF,903
47_1.png,SRF,470
47_1.png,IRF,75
47_1.png,IRF,102
47_1.png,PED,2646
47_10.png,SRF,1210
47_10.png,SRF,2108
47_10.png,SRF,108
47_10.png,IRF,779
47_10.png,IRF,694
47_10.png,PED,3737
47_11.png,SRF,1279
47_11.png,SRF,2366
47_11.png,IRF,134
47_11.png,IRF,1169
47_11.png,IRF,24
47_11.png,PED,3344
47_12.png,SRF,1245
47_12.png,SRF,2437
47_12.png,IRF,1087
47_12.png,PED,4177
47_13.png,SRF,1206
47_13.png,SRF,2301
47_13.png,IRF,194
47_13.png,IRF,1023
47_13.png,PED,3332
47_14.png,SRF,1068
47_14.png,SRF,2276
47_14.png,IRF,183
47_14.png,IRF,56
47_14.png,IRF,231
47_14.png,IRF,1265
47_14.png,PED,4286
47_15.png,SRF,1098
47_15.png,SRF,2472
47_15.png,IRF,113
47_15.png,IRF,1424
47_15.png,PED,5418
47_16.png,SRF,163
47_16.png,SRF,1082
47_16.png,SRF,2283
47_16.png,IRF,35
47_16.png,IRF,1445
47_16.png,PED,6066
47_17.png,SRF,1027
47_17.png,SRF,2475
47_17.png,IRF,167
47_17.png,IRF,359
47_17.png,IRF,714
47_17.png,PED,6160
47_18.png,SRF,1051
47_18.png,SRF,1282
47_18.png,IRF,392
47_18.png,PED,1974
47_18.png,PED,3008
47_19.png,SRF,1453
47_19.png,SRF,1185
47_19.png,SRF,1156
47_19.png,PED,3827
47_19.png,PED,652
47_2.png,SRF,1820
47_2.png,SRF,80
47_2.png,PED,2209
47_20.png,SRF,3805
47_20.png,SRF,1065
47_20.png,PED,3890
47_3.png,SRF,1342
47_3.png,SRF,996
47_3.png,IRF,345
47_3.png,IRF,149
47_3.png,PED,1961
47_4.png,SRF,1862
47_4.png,SRF,2159
47_4.png,IRF,676
47_4.png,PED,2159
47_5.png,SRF,208
47_5.png,SRF,1148
47_5.png,SRF,1743
47_5.png,IRF,649
47_5.png,IRF,83
47_5.png,PED,1956
47_5.png,PED,10
47_5.png,PED,8
47_6.png,SRF,3457
47_6.png,IRF,733
47_6.png,IRF,112
47_6.png,PED,2261
47_7.png,SRF,3695
47_7.png,IRF,958
47_7.png,PED,2463
47_8.png,SRF,3631
47_8.png,IRF,1115
47_8.png,PED,2156
47_9.png,SRF,1304
47_9.png,SRF,2280
47_9.png,IRF,1232
47_9.png,PED,2248
48_1.png,PED,1321
48_10.png,PED,60
48_10.png,PED,975
48_11.png,IRF,126
48_11.png,PED,364
48_11.png,PED,1196
48_12.png,IRF,206
48_12.png,IRF,895
48_12.png,PED,244
48_12.png,PED,2484
48_13.png,IRF,197
48_13.png,PED,210
48_13.png,PED,2242
48_14.png,PED,142
48_14.png,PED,131
48_14.png,PED,1123
48_15.png,IRF,224
48_15.png,IRF,192
48_15.png,PED,373
48_16.png,SRF,24
48_16.png,SRF,190
48_16.png,IRF,284
48_16.png,IRF,104
48_16.png,PED,649
48_16.png,PED,491
48_17.png,SRF,105
48_17.png,SRF,302
48_17.png,IRF,477
48_17.png,PED,77
48_17.png,PED,111
48_17.png,PED,471
48_17.png,PED,454
48_17.png,PED,169
48_18.png,SRF,367
48_18.png,SRF,154
48_18.png,IRF,587
48_18.png,PED,295
48_18.png,PED,1179
48_18.png,PED,87
48_18.png,PED,69
48_19.png,SRF,245
48_19.png,IRF,480
48_19.png,PED,1792
48_19.png,PED,1
48_2.png,PED,1364
48_2.png,PED,114
48_20.png,SRF,192
48_20.png,IRF,173
48_20.png,PED,1887
48_3.png,PED,887
48_5.png,PED,2237
48_6.png,SRF,89
48_6.png,PED,2446
48_6.png,PED,98
48_7.png,PED,2456
48_8.png,PED,1007
48_8.png,PED,1378
48_9.png,PED,184
48_9.png,PED,848
48_9.png,PED,896
48_9.png,PED,130
48_9.png,PED,100
49_10.png,PED,2435
49_11.png,PED,1714
49_2.png,PED,477
49_3.png,PED,196
49_3.png,PED,641
49_4.png,PED,132
49_4.png,PED,1121
49_5.png,PED,1153
49_6.png,PED,1824
49_7.png,PED,138
49_7.png,PED,2076
49_8.png,PED,1880
49_9.png,PED,1831
4_4.png,PED,647
4_5.png,PED,169
4_9.png,IRF,144
4_9.png,PED,276
50_1.png,SRF,3975
50_1.png,PED,1558
50_10.png,SRF,1736
50_10.png,IRF,3537
50_10.png,IRF,2062
50_10.png,IRF,262
50_10.png,PED,5192
50_10.png,PED,351
50_11.png,SRF,580
50_11.png,IRF,972
50_11.png,IRF,1622
50_11.png,IRF,286
50_11.png,IRF,3939
50_11.png,IRF,887
50_11.png,PED,7010
50_11.png,PED,77
50_12.png,SRF,340
50_12.png,IRF,2349
50_12.png,IRF,2127
50_12.png,IRF,332
50_12.png,IRF,167
50_12.png,IRF,130
50_12.png,IRF,257
50_12.png,PED,7584
50_12.png,PED,65
50_13.png,IRF,5030
50_13.png,IRF,97
50_13.png,IRF,157
50_13.png,IRF,2429
50_13.png,PED,8284
50_13.png,PED,245
50_14.png,IRF,1255
50_14.png,IRF,2115
50_14.png,IRF,604
50_14.png,IRF,489
50_14.png,PED,8310
50_14.png,PED,335
50_15.png,IRF,1444
50_15.png,IRF,137
50_15.png,IRF,942
50_15.png,IRF,191
50_15.png,IRF,742
50_15.png,IRF,783
50_15.png,PED,8006
50_16.png,IRF,1350
50_16.png,IRF,265
50_16.png,IRF,1119
50_16.png,IRF,255
50_16.png,IRF,17
50_16.png,IRF,172
50_16.png,IRF,1101
50_16.png,IRF,142
50_16.png,IRF,214
50_16.png,IRF,17
50_16.png,PED,7988
50_17.png,IRF,289
50_17.png,IRF,1217
50_17.png,IRF,266
50_17.png,IRF,298
50_17.png,IRF,830
50_17.png,IRF,84
50_17.png,PED,7318
50_17.png,PED,398
50_18.png,IRF,333
50_18.png,IRF,454
50_18.png,IRF,188
50_18.png,IRF,323
50_18.png,PED,5678
50_19.png,IRF,634
50_19.png,IRF,155
50_19.png,IRF,138
50_19.png,IRF,207
50_19.png,IRF,108
50_19.png,IRF,102
50_19.png,PED,4650
50_19.png,PED,102
50_19.png,PED,147
50_2.png,SRF,3645
50_2.png,IRF,952
50_2.png,IRF,1004
50_2.png,PED,2128
50_2.png,PED,98
50_20.png,IRF,196
50_20.png,IRF,78
50_20.png,IRF,144
50_20.png,IRF,101
50_20.png,IRF,102
50_20.png,IRF,178
50_20.png,PED,4014
50_20.png,PED,71
50_20.png,PED,113
50_21.png,IRF,104
50_21.png,PED,2463
50_22.png,IRF,180
50_22.png,IRF,183
50_22.png,PED,1254
50_22.png,PED,89
50_3.png,SRF,3508
50_3.png,IRF,5162
50_3.png,PED,2055
50_3.png,PED,193
50_4.png,SRF,3242
50_4.png,IRF,591
50_4.png,IRF,3369
50_4.png,PED,2349
50_5.png,SRF,3324
50_5.png,IRF,1904
50_5.png,IRF,2756
50_5.png,PED,1341
50_5.png,PED,217
50_6.png,SRF,2886
50_6.png,IRF,2292
50_6.png,IRF,5437
50_6.png,PED,2583
50_6.png,PED,202
50_6.png,PED,1
50_7.png,SRF,2509
50_7.png,IRF,2828
50_7.png,IRF,3366
50_7.png,PED,3758
50_8.png,SRF,2087
50_8.png,SRF,53
50_8.png,IRF,2976
50_8.png,IRF,768
50_8.png,IRF,2534
50_8.png,PED,4239
50_8.png,PED,127
50_9.png,SRF,1757
50_9.png,SRF,183
50_9.png,IRF,2945
50_9.png,IRF,1213
50_9.png,IRF,2208
50_9.png,PED,4807
50_9.png,PED,82
51_1.png,PED,2404
51_1.png,PED,73
51_10.png,PED,4121
51_10.png,PED,104
51_10.png,PED,109
51_11.png,PED,3980
51_12.png,PED,4017
51_13.png,PED,4154
51_14.png,PED,3956
51_14.png,PED,71
51_15.png,PED,4171
51_2.png,PED,129
51_2.png,PED,2649
51_2.png,PED,91
51_3.png,PED,2799
51_3.png,PED,79
51_3.png,PED,380
51_4.png,IRF,144
51_4.png,IRF,328
51_4.png,PED,3134
51_4.png,PED,221
51_5.png,IRF,56
51_5.png,IRF,112
51_5.png,IRF,161
51_5.png,PED,3454
51_5.png,PED,171
51_6.png,IRF,145
51_6.png,IRF,142
51_6.png,PED,3627
51_6.png,PED,106
51_6.png,PED,294
51_7.png,IRF,151
51_7.png,PED,3976
51_8.png,IRF,336
51_8.png,PED,4288
51_8.png,PED,174
51_8.png,PED,195
51_9.png,IRF,340
51_9.png,PED,4634
51_9.png,PED,211
51_9.png,PED,88
52_1.png,SRF,798
52_1.png,PED,417
52_1.png,PED,165
52_10.png,SRF,1891
52_10.png,PED,1205
52_10.png,PED,2144
52_11.png,SRF,1842
52_11.png,PED,3173
52_12.png,SRF,1776
52_12.png,PED,2236
52_12.png,PED,319
52_13.png,SRF,2248
52_13.png,PED,2191
52_14.png,SRF,2295
52_14.png,PED,1703
52_14.png,PED,329
52_15.png,SRF,2407
52_15.png,PED,745
52_15.png,PED,1785
52_2.png,SRF,861
52_2.png,PED,71
52_2.png,PED,413
52_2.png,PED,168
52_3.png,SRF,822
52_3.png,PED,208
52_3.png,PED,529
52_3.png,PED,303
52_3.png,PED,55
52_4.png,SRF,56
52_4.png,SRF,879
52_4.png,PED,488
52_4.png,PED,132
52_4.png,PED,992
52_5.png,SRF,712
52_5.png,SRF,99
52_5.png,SRF,106
52_5.png,PED,777
52_5.png,PED,124
52_5.png,PED,902
52_5.png,PED,161
52_6.png,SRF,998
52_6.png,SRF,136
52_6.png,PED,2407
52_6.png,PED,165
52_7.png,SRF,1548
52_7.png,PED,2407
52_7.png,PED,64
52_8.png,SRF,1853
52_8.png,PED,2820
52_8.png,PED,99
52_9.png,SRF,1681
52_9.png,PED,2532
52_9.png,PED,361
52_9.png,PED,306
53_5.png,PED,76
53_6.png,PED,101
53_7.png,PED,83
53_9.png,PED,61
54_1.png,SRF,1644
54_1.png,SRF,1055
54_1.png,PED,1956
54_10.png,SRF,1947
54_10.png,PED,3671
54_11.png,SRF,2070
54_11.png,PED,4257
54_12.png,SRF,2133
54_12.png,IRF,160
54_12.png,PED,4571
54_13.png,SRF,2343
54_13.png,IRF,246
54_13.png,IRF,243
54_13.png,IRF,173
54_14.png,SRF,2435
54_14.png,IRF,490
54_14.png,IRF,257
54_14.png,PED,4249
54_15.png,SRF,2552
54_15.png,IRF,118
54_15.png,IRF,103
54_15.png,IRF,186
54_15.png,PED,4341
54_16.png,SRF,3025
54_16.png,IRF,1065
54_16.png,PED,4717
54_17.png,SRF,3048
54_17.png,IRF,162
54_17.png,IRF,95
54_17.png,PED,5008
54_18.png,SRF,3120
54_18.png,IRF,71
54_18.png,IRF,401
54_18.png,IRF,157
54_18.png,IRF,152
54_18.png,IRF,83
54_18.png,PED,4267
54_19.png,SRF,3759
54_19.png,IRF,172
54_19.png,IRF,118
54_19.png,IRF,1735
54_19.png,PED,4392
54_2.png,SRF,1296
54_2.png,SRF,645
54_2.png,PED,2068
54_20.png,SRF,3780
54_20.png,IRF,980
54_20.png,IRF,1481
54_20.png,PED,3866
54_3.png,SRF,852
54_3.png,SRF,496
54_3.png,PED,2734
54_4.png,SRF,834
54_4.png,SRF,544
54_4.png,IRF,234
54_4.png,PED,2565
54_5.png,SRF,1054
54_5.png,PED,2348
54_6.png,SRF,1103
54_6.png,PED,3159
54_7.png,SRF,1265
54_7.png,PED,3430
54_8.png,SRF,1485
54_8.png,SRF,724
54_8.png,PED,4026
54_9.png,SRF,1794
54_9.png,PED,3093
55_1.png,SRF,2713
55_10.png,SRF,2100
55_10.png,SRF,1008
55_11.png,SRF,1706
55_11.png,SRF,2807
55_12.png,SRF,2323
55_12.png,SRF,1494
55_12.png,PED,3786
55_12.png,PED,217
55_13.png,SRF,1988
55_13.png,SRF,1083
55_13.png,PED,4452
55_14.png,SRF,2027
55_14.png,SRF,1669
55_14.png,PED,4112
55_15.png,SRF,7139
55_15.png,PED,1070
55_16.png,SRF,8236
55_16.png,PED,539
55_17.png,SRF,8794
55_2.png,SRF,3129
55_3.png,SRF,3568
55_4.png,SRF,4092
55_5.png,SRF,4862
55_6.png,SRF,3876
55_7.png,SRF,878
55_7.png,SRF,2100
55_8.png,SRF,1086
55_8.png,SRF,2422
55_8.png,PED,233
55_9.png,SRF,916
55_9.png,SRF,2480
56_1.png,SRF,1734
56_1.png,IRF,460
56_1.png,IRF,1401
56_1.png,IRF,1938
56_1.png,PED,821
56_10.png,SRF,834
56_10.png,IRF,3500
56_10.png,IRF,223
56_10.png,IRF,967
56_10.png,PED,1264
56_10.png,PED,488
56_11.png,SRF,937
56_11.png,IRF,2930
56_11.png,IRF,549
56_11.png,IRF,623
56_11.png,IRF,222
56_11.png,PED,2292
56_12.png,SRF,547
56_12.png,IRF,171
56_12.png,IRF,3397
56_12.png,IRF,163
56_12.png,IRF,294
56_12.png,IRF,227
56_12.png,IRF,122
56_12.png,IRF,173
56_12.png,PED,2329
56_13.png,SRF,498
56_13.png,IRF,3576
56_13.png,IRF,987
56_13.png,PED,2619
56_14.png,SRF,451
56_14.png,IRF,1337
56_14.png,IRF,1443
56_14.png,IRF,677
56_14.png,IRF,288
56_14.png,PED,2228
56_14.png,PED,305
56_15.png,SRF,389
56_15.png,IRF,1426
56_15.png,PED,2371
56_15.png,PED,242
56_16.png,SRF,431
56_16.png,IRF,1309
56_16.png,IRF,80
56_16.png,IRF,534
56_16.png,PED,2649
56_17.png,SRF,290
56_17.png,SRF,386
56_17.png,IRF,1067
56_17.png,PED,2792
56_18.png,SRF,878
56_18.png,IRF,1137
56_18.png,PED,936
56_18.png,PED,1365
56_18.png,PED,1
56_19.png,SRF,1169
56_19.png,IRF,899
56_19.png,PED,705
56_19.png,PED,1296
56_2.png,SRF,981
56_2.png,SRF,248
56_2.png,IRF,394
56_2.png,IRF,552
56_2.png,IRF,259
56_2.png,IRF,2791
56_2.png,IRF,160
56_2.png,IRF,533
56_2.png,PED,902
56_2.png,PED,364
56_20.png,SRF,1666
56_20.png,PED,386
56_20.png,PED,1002
56_21.png,SRF,2893
56_21.png,PED,716
56_21.png,PED,223
56_22.png,SRF,3882
56_22.png,PED,188
56_3.png,SRF,644
56_3.png,IRF,443
56_3.png,IRF,564
56_3.png,IRF,1805
56_3.png,IRF,1413
56_3.png,PED,1505
56_4.png,SRF,1043
56_4.png,IRF,503
56_4.png,IRF,309
56_4.png,IRF,253
56_4.png,IRF,275
56_4.png,IRF,131
56_4.png,IRF,2258
56_4.png,IRF,432
56_4.png,PED,1214
56_4.png,PED,64
56_5.png,SRF,878
56_5.png,IRF,78
56_5.png,IRF,126
56_5.png,IRF,280
56_5.png,IRF,489
56_5.png,IRF,957
56_5.png,IRF,2392
56_5.png,IRF,388
56_5.png,PED,1726
56_6.png,SRF,870
56_6.png,IRF,222
56_6.png,IRF,729
56_6.png,IRF,423
56_6.png,IRF,195
56_6.png,IRF,102
56_6.png,IRF,2792
56_6.png,IRF,263
56_6.png,IRF,619
56_6.png,PED,1832
56_7.png,SRF,941
56_7.png,IRF,82
56_7.png,IRF,289
56_7.png,IRF,408
56_7.png,IRF,561
56_7.png,IRF,383
56_7.png,IRF,100
56_7.png,IRF,2728
56_7.png,PED,1767
56_8.png,SRF,900
56_8.png,IRF,201
56_8.png,IRF,212
56_8.png,IRF,231
56_8.png,IRF,2140
56_8.png,IRF,425
56_8.png,IRF,164
56_8.png,IRF,59
56_8.png,IRF,242
56_8.png,IRF,76
56_8.png,IRF,217
56_8.png,IRF,560
56_8.png,PED,1510
56_9.png,SRF,888
56_9.png,IRF,3670
56_9.png,IRF,482
56_9.png,IRF,372
56_9.png,PED,1391
56_9.png,PED,217
57_1.png,IRF,545
57_1.png,PED,373
57_10.png,PED,705
57_2.png,PED,560
57_3.png,PED,877
57_4.png,PED,954
57_5.png,PED,2194
57_6.png,PED,2622
57_7.png,PED,3064
57_8.png,PED,2414
57_9.png,PED,1245
58_1.png,PED,144
58_1.png,PED,55
58_1.png,PED,12
58_10.png,PED,699
58_10.png,PED,156
58_11.png,PED,853
58_12.png,IRF,102
58_12.png,PED,634
58_13.png,IRF,48
58_13.png,PED,331
58_14.png,PED,434
58_15.png,PED,772
58_16.png,PED,53
58_17.png,IRF,112
58_17.png,PED,677
58_18.png,PED,109
58_19.png,PED,310
58_19.png,PED,253
58_20.png,PED,1105
58_21.png,IRF,55
58_21.png,IRF,78
58_21.png,PED,1243
58_22.png,SRF,27
58_22.png,IRF,43
58_22.png,IRF,76
58_22.png,PED,1570
58_22.png,PED,85
58_3.png,IRF,79
58_3.png,IRF,197
58_4.png,PED,943
58_5.png,IRF,81
58_5.png,PED,613
58_6.png,PED,560
58_7.png,PED,555
58_8.png,PED,321
58_8.png,PED,183
58_9.png,PED,811
58_9.png,PED,174
59_1.png,IRF,107
59_1.png,IRF,507
59_1.png,IRF,37
59_1.png,IRF,245
59_1.png,IRF,273
59_1.png,IRF,105
59_1.png,IRF,163
59_1.png,PED,348
59_1.png,PED,1104
59_10.png,SRF,165
59_10.png,IRF,2887
59_10.png,IRF,841
59_10.png,IRF,51
59_10.png,IRF,62
59_10.png,IRF,393
59_10.png,IRF,44
59_10.png,IRF,27
59_10.png,IRF,200
59_11.png,SRF,120
59_11.png,IRF,2556
59_11.png,IRF,544
59_11.png,IRF,365
59_12.png,IRF,1391
59_12.png,IRF,432
59_12.png,IRF,272
59_12.png,IRF,398
59_12.png,IRF,489
59_12.png,IRF,145
59_12.png,IRF,37
59_13.png,SRF,174
59_13.png,IRF,3069
59_13.png,IRF,390
59_13.png,IRF,282
59_13.png,IRF,69
59_14.png,IRF,679
59_14.png,IRF,2491
59_14.png,IRF,301
59_14.png,IRF,99
59_14.png,IRF,303
59_15.png,IRF,717
59_15.png,IRF,153
59_15.png,IRF,123
59_15.png,IRF,1032
59_15.png,IRF,124
59_15.png,IRF,296
59_15.png,IRF,207
59_15.png,IRF,401
59_16.png,SRF,48
59_16.png,IRF,361
59_16.png,IRF,344
59_16.png,IRF,711
59_16.png,IRF,226
59_16.png,IRF,634
59_16.png,IRF,91
59_16.png,PED,344
59_16.png,PED,280
59_17.png,SRF,74
59_17.png,IRF,1262
59_17.png,IRF,757
59_17.png,IRF,11
59_17.png,IRF,173
59_17.png,IRF,49
59_17.png,IRF,282
59_17.png,PED,361
59_17.png,PED,346
59_18.png,IRF,2284
59_18.png,IRF,114
59_18.png,IRF,381
59_18.png,IRF,427
59_18.png,PED,271
59_18.png,PED,552
59_19.png,SRF,91
59_19.png,IRF,522
59_19.png,IRF,451
59_19.png,IRF,392
59_19.png,IRF,209
59_19.png,IRF,144
59_19.png,IRF,361
59_19.png,IRF,146
59_19.png,PED,134
59_19.png,PED,488
59_2.png,IRF,13
59_2.png,IRF,41
59_2.png,IRF,565
59_2.png,IRF,277
59_2.png,IRF,291
59_2.png,IRF,196
59_2.png,IRF,50
59_2.png,IRF,553
59_2.png,PED,18
59_2.png,PED,814
59_20.png,IRF,326
59_20.png,IRF,266
59_20.png,IRF,438
59_20.png,IRF,241
59_20.png,IRF,111
59_20.png,IRF,476
59_20.png,PED,133
59_20.png,PED,803
59_21.png,IRF,302
59_21.png,IRF,113
59_21.png,IRF,327
59_21.png,IRF,932
59_21.png,IRF,190
59_21.png,IRF,84
59_21.png,PED,390
59_22.png,SRF,38
59_22.png,IRF,381
59_22.png,IRF,70
59_22.png,IRF,72
59_22.png,IRF,346
59_22.png,IRF,74
59_22.png,IRF,104
59_22.png,IRF,635
59_22.png,IRF,207
59_22.png,PED,542
59_23.png,IRF,101
59_23.png,IRF,86
59_23.png,IRF,70
59_23.png,IRF,115
59_23.png,IRF,259
59_23.png,IRF,935
59_23.png,PED,638
59_3.png,IRF,287
59_3.png,IRF,1278
59_3.png,IRF,479
59_3.png,IRF,292
59_3.png,IRF,221
59_3.png,IRF,517
59_3.png,PED,846
59_4.png,SRF,44
59_4.png,SRF,55
59_4.png,IRF,794
59_4.png,IRF,1246
59_4.png,IRF,505
59_4.png,IRF,815
59_4.png,PED,207
59_4.png,PED,360
59_5.png,SRF,98
59_5.png,SRF,134
59_5.png,IRF,656
59_5.png,IRF,930
59_5.png,IRF,529
59_5.png,IRF,156
59_5.png,IRF,335
59_5.png,IRF,1086
59_5.png,PED,663
59_6.png,SRF,106
59_6.png,SRF,177
59_6.png,IRF,1042
59_6.png,IRF,1085
59_6.png,IRF,787
59_6.png,IRF,206
59_6.png,IRF,1303
59_7.png,SRF,55
59_7.png,SRF,160
59_7.png,IRF,2492
59_7.png,IRF,905
59_7.png,IRF,137
59_7.png,IRF,45
59_7.png,IRF,31
59_7.png,IRF,1245
59_8.png,SRF,456
59_8.png,IRF,2671
59_8.png,IRF,1390
59_8.png,IRF,55
59_8.png,IRF,1028
59_9.png,SRF,230
59_9.png,IRF,2704
59_9.png,IRF,13
59_9.png,IRF,2233
5_1.png,SRF,6685
5_1.png,SRF,2693
5_10.png,SRF,8225
5_10.png,SRF,2556
5_10.png,IRF,1881
5_10.png,IRF,188
5_11.png,SRF,8076
5_11.png,SRF,2491
5_11.png,IRF,2575
5_11.png,PED,581
5_11.png,PED,29
5_12.png,SRF,8967
5_12.png,SRF,2970
5_12.png,IRF,2653
5_12.png,PED,318
5_13.png,SRF,9448
5_13.png,SRF,2630
5_13.png,IRF,1905
5_13.png,PED,506
5_14.png,SRF,9414
5_14.png,SRF,2986
5_14.png,IRF,857
5_14.png,PED,258
5_15.png,SRF,8759
5_15.png,SRF,2807
5_16.png,SRF,10365
5_16.png,SRF,3706
5_17.png,SRF,10168
5_17.png,SRF,3451
5_17.png,IRF,695
5_18.png,SRF,17031
5_18.png,IRF,313
5_18.png,IRF,362
5_2.png,SRF,6709
5_2.png,SRF,3164
5_3.png,SRF,6429
5_3.png,SRF,3587
5_4.png,SRF,6673
5_4.png,SRF,3187
5_5.png,SRF,7068
5_5.png,SRF,2880
5_6.png,SRF,6657
5_6.png,SRF,2905
5_7.png,SRF,7077
5_7.png,SRF,2604
5_8.png,SRF,6831
5_8.png,SRF,2977
5_9.png,SRF,7510
5_9.png,SRF,2427
5_9.png,IRF,1405
5_9.png,IRF,212
60_1.png,SRF,171
60_11.png,SRF,134
60_16.png,PED,853
60_17.png,PED,756
60_18.png,PED,696
60_19.png,PED,620
60_2.png,SRF,210
60_3.png,SRF,268
60_3.png,PED,1123
60_4.png,SRF,230
60_4.png,PED,1319
60_5.png,SRF,263
60_5.png,PED,1553
60_6.png,SRF,132
60_6.png,PED,1309
60_7.png,SRF,141
60_7.png,PED,1425
60_8.png,PED,1361
61_1.png,SRF,2402
61_10.png,SRF,657
61_10.png,SRF,2107
61_10.png,PED,496
61_11.png,SRF,294
61_11.png,SRF,2250
61_11.png,PED,411
61_12.png,SRF,250
61_12.png,SRF,2252
61_12.png,PED,676
61_13.png,SRF,298
61_13.png,SRF,2493
61_13.png,PED,515
61_14.png,SRF,297
61_14.png,SRF,2571
61_14.png,PED,685
61_15.png,SRF,405
61_15.png,SRF,2614
61_15.png,PED,699
61_16.png,SRF,488
61_16.png,SRF,2781
61_16.png,PED,1047
61_17.png,SRF,510
61_17.png,SRF,2831
61_17.png,PED,1012
61_18.png,SRF,579
61_18.png,SRF,2991
61_18.png,PED,883
61_19.png,SRF,3326
61_19.png,SRF,553
61_19.png,PED,754
61_2.png,SRF,2561
61_2.png,PED,116
61_2.png,PED,37
61_2.png,PED,282
61_20.png,SRF,3355
61_20.png,SRF,373
61_20.png,PED,666
61_21.png,SRF,237
61_21.png,SRF,509
61_21.png,SRF,3487
61_21.png,PED,446
61_22.png,SRF,4710
61_22.png,SRF,1110
61_22.png,SRF,181
61_22.png,PED,304
61_23.png,SRF,6047
61_23.png,PED,130
61_24.png,SRF,5496
61_3.png,SRF,2394
61_3.png,PED,162
61_3.png,PED,99
61_4.png,SRF,3168
61_4.png,PED,282
61_5.png,SRF,823
61_5.png,SRF,1987
61_5.png,PED,342
61_6.png,SRF,300
61_6.png,SRF,1821
61_6.png,PED,746
61_7.png,SRF,1855
61_7.png,PED,610
61_8.png,SRF,1734
61_8.png,PED,772
61_9.png,SRF,240
61_9.png,SRF,1806
61_9.png,PED,780
61_9.png,PED,65
62_10.png,PED,279
62_5.png,PED,475
62_6.png,PED,715
62_7.png,PED,636
62_8.png,PED,802
62_9.png,PED,630
63_10.png,SRF,461
63_10.png,SRF,119
63_11.png,SRF,807
63_12.png,SRF,665
63_13.png,SRF,666
63_14.png,SRF,871
63_15.png,SRF,907
63_15.png,PED,157
63_15.png,PED,117
63_16.png,SRF,827
63_16.png,PED,180
63_17.png,SRF,1047
63_17.png,SRF,162
63_17.png,SRF,68
63_17.png,PED,257
63_18.png,SRF,1950
63_18.png,PED,175
63_19.png,SRF,1523
63_2.png,PED,134
63_20.png,SRF,2735
63_20.png,SRF,264
63_21.png,SRF,3414
63_21.png,SRF,185
63_22.png,SRF,2871
63_22.png,SRF,254
63_22.png,PED,87
63_23.png,SRF,4465
63_23.png,SRF,215
63_24.png,SRF,5310
63_25.png,SRF,8944
63_26.png,SRF,4895
63_26.png,SRF,4053
63_26.png,PED,210
63_26.png,PED,30
63_27.png,SRF,8180
63_27.png,PED,247
63_27.png,PED,92
63_27.png,PED,60
63_27.png,PED,58
63_28.png,SRF,8966
63_28.png,PED,481
63_28.png,PED,46
63_3.png,PED,40
63_4.png,SRF,67
63_4.png,PED,181
63_5.png,SRF,84
63_5.png,PED,198
63_7.png,SRF,156
63_7.png,PED,123
63_8.png,SRF,273
63_9.png,SRF,460
63_9.png,SRF,140
64_1.png,SRF,1279
64_10.png,SRF,2603
64_10.png,IRF,65
64_10.png,IRF,116
64_10.png,IRF,207
64_11.png,SRF,2727
64_11.png,IRF,52
64_11.png,IRF,181
64_11.png,IRF,181
64_11.png,IRF,296
64_11.png,IRF,128
64_11.png,IRF,191
64_11.png,IRF,433
64_12.png,SRF,2930
64_12.png,IRF,667
64_12.png,IRF,1916
64_12.png,IRF,1960
64_13.png,SRF,3097
64_13.png,IRF,337
64_13.png,IRF,457
64_13.png,IRF,720
64_13.png,IRF,128
64_13.png,IRF,235
64_13.png,IRF,268
64_13.png,IRF,780
64_14.png,SRF,3291
64_14.png,IRF,435
64_14.png,IRF,467
64_14.png,IRF,982
64_14.png,IRF,364
64_14.png,IRF,1804
64_15.png,SRF,3679
64_15.png,IRF,1276
64_15.png,IRF,884
64_15.png,IRF,117
64_15.png,IRF,228
64_15.png,IRF,1297
64_16.png,SRF,3676
64_16.png,IRF,1401
64_16.png,IRF,1061
64_16.png,IRF,250
64_16.png,IRF,1548
64_17.png,SRF,3869
64_17.png,IRF,1248
64_17.png,IRF,574
64_17.png,IRF,128
64_17.png,IRF,2093
64_17.png,PED,1494
64_18.png,SRF,3884
64_18.png,SRF,2314
64_18.png,IRF,1207
64_18.png,IRF,265
64_18.png,PED,1420
64_19.png,SRF,4428
64_19.png,IRF,94
64_19.png,IRF,497
64_19.png,IRF,66
64_19.png,IRF,1781
64_19.png,PED,2816
64_2.png,SRF,1556
64_20.png,SRF,2136
64_20.png,SRF,3999
64_20.png,IRF,184
64_20.png,IRF,107
64_20.png,PED,2548
64_21.png,SRF,4084
64_21.png,IRF,457
64_21.png,IRF,887
64_21.png,IRF,146
64_21.png,IRF,2216
64_21.png,PED,2873
64_22.png,SRF,4130
64_22.png,SRF,145
64_22.png,IRF,694
64_22.png,IRF,1372
64_22.png,IRF,1144
64_22.png,PED,2683
64_22.png,PED,158
64_23.png,SRF,4099
64_23.png,SRF,141
64_23.png,IRF,850
64_23.png,IRF,1750
64_23.png,IRF,1392
64_23.png,PED,2100
64_23.png,PED,204
64_24.png,SRF,4022
64_24.png,SRF,253
64_24.png,IRF,1862
64_24.png,IRF,567
64_24.png,IRF,534
64_24.png,IRF,1124
64_24.png,IRF,112
64_24.png,PED,1498
64_24.png,PED,108
64_24.png,PED,124
64_25.png,SRF,3897
64_25.png,SRF,323
64_25.png,IRF,2848
64_25.png,PED,3084
64_25.png,PED,660
64_25.png,PED,456
64_26.png,SRF,3489
64_26.png,SRF,551
64_26.png,IRF,2406
64_26.png,PED,1922
64_26.png,PED,173
64_26.png,PED,437
64_26.png,PED,946
64_27.png,SRF,3183
64_27.png,SRF,702
64_27.png,IRF,922
64_27.png,PED,594
64_27.png,PED,218
64_28.png,SRF,3021
64_28.png,SRF,588
64_28.png,IRF,535
64_28.png,PED,1484
64_28.png,PED,713
64_29.png,SRF,2416
64_29.png,SRF,400
64_29.png,IRF,2683
64_29.png,PED,1211
64_29.png,PED,621
64_3.png,SRF,1744
64_30.png,SRF,2215
64_30.png,SRF,330
64_30.png,IRF,5094
64_30.png,PED,1566
64_30.png,PED,515
64_31.png,SRF,2079
64_31.png,IRF,5512
64_31.png,PED,1262
64_31.png,PED,91
64_31.png,PED,410
64_32.png,SRF,1999
64_32.png,IRF,4563
64_32.png,PED,963
64_32.png,PED,105
64_32.png,PED,371
64_33.png,SRF,1822
64_33.png,IRF,1387
64_33.png,IRF,1228
64_33.png,IRF,1839
64_33.png,PED,714
64_33.png,PED,137
64_33.png,PED,134
64_34.png,SRF,1448
64_34.png,IRF,5504
64_34.png,PED,497
64_34.png,PED,211
64_34.png,PED,331
64_4.png,SRF,2037
64_5.png,SRF,2076
64_6.png,SRF,4568
64_6.png,PED,114
64_7.png,SRF,2308
64_8.png,SRF,2431
64_9.png,SRF,2448
65_1.png,PED,1309
65_10.png,SRF,1135
65_10.png,PED,3483
65_10.png,PED,143
65_11.png,SRF,696
65_11.png,PED,4659
65_11.png,PED,343
65_12.png,SRF,199
65_12.png,PED,6490
65_13.png,PED,7781
65_14.png,PED,8901
65_15.png,PED,10508
65_15.png,PED,63
65_16.png,PED,11046
65_17.png,PED,12045
65_2.png,PED,246
65_2.png,PED,648
65_2.png,PED,280
65_3.png,PED,454
65_3.png,PED,663
65_3.png,PED,382
65_4.png,SRF,200
65_4.png,PED,693
65_4.png,PED,1176
65_5.png,SRF,358
65_5.png,SRF,48
65_5.png,PED,696
65_5.png,PED,602
65_6.png,SRF,1023
65_6.png,PED,631
65_6.png,PED,740
65_7.png,SRF,1204
65_7.png,PED,1708
65_8.png,SRF,1325
65_8.png,PED,1842
65_8.png,PED,65
65_8.png,PED,453
65_9.png,SRF,1294
65_9.png,PED,2183
65_9.png,PED,429
66_1.png,SRF,183
66_1.png,SRF,897
66_1.png,PED,1548
66_10.png,SRF,4186
66_10.png,SRF,345
66_10.png,PED,4042
66_11.png,SRF,4615
66_11.png,SRF,361
66_11.png,PED,4104
66_11.png,PED,202
66_12.png,SRF,5112
66_12.png,SRF,391
66_12.png,PED,5016
66_13.png,SRF,5390
66_13.png,SRF,333
66_13.png,PED,4608
66_14.png,SRF,5856
66_14.png,SRF,309
66_14.png,PED,4240
66_15.png,SRF,5905
66_15.png,SRF,407
66_15.png,PED,3975
66_16.png,SRF,5947
66_16.png,SRF,493
66_16.png,PED,3817
66_17.png,SRF,7060
66_17.png,SRF,436
66_17.png,PED,3302
66_18.png,SRF,5807
66_18.png,SRF,369
66_18.png,PED,2739
66_19.png,SRF,5364
66_19.png,SRF,401
66_19.png,PED,2463
66_2.png,SRF,242
66_2.png,SRF,1231
66_2.png,PED,1813
66_20.png,SRF,4980
66_20.png,SRF,428
66_20.png,PED,2241
66_21.png,SRF,4295
66_21.png,SRF,509
66_21.png,PED,1923
66_22.png,SRF,491
66_22.png,SRF,3887
66_22.png,PED,1482
66_23.png,SRF,484
66_23.png,SRF,3105
66_23.png,PED,408
66_23.png,PED,835
66_3.png,SRF,260
66_3.png,SRF,1515
66_3.png,PED,1850
66_4.png,SRF,215
66_4.png,SRF,2244
66_4.png,PED,2340
66_5.png,SRF,290
66_5.png,SRF,2569
66_5.png,PED,2728
66_6.png,SRF,2881
66_6.png,SRF,241
66_6.png,PED,3175
66_7.png,SRF,3077
66_7.png,SRF,227
66_7.png,PED,3390
66_8.png,SRF,3573
66_8.png,SRF,260
66_8.png,PED,3205
66_9.png,SRF,4077
66_9.png,SRF,330
66_9.png,PED,3748
67_1.png,PED,170
67_1.png,PED,217
67_10.png,SRF,1116
67_10.png,PED,271
67_11.png,SRF,1260
67_11.png,PED,523
67_12.png,SRF,1613
67_12.png,PED,855
67_13.png,SRF,1790
67_13.png,PED,732
67_14.png,SRF,2091
67_14.png,PED,1057
67_15.png,SRF,2489
67_15.png,PED,1005
67_16.png,SRF,2892
67_16.png,PED,494
67_16.png,PED,123
67_17.png,SRF,3913
67_17.png,SRF,402
67_17.png,PED,594
67_17.png,PED,47
67_2.png,PED,72
67_2.png,PED,607
67_2.png,PED,140
67_3.png,PED,899
67_3.png,PED,266
67_4.png,SRF,72
67_4.png,PED,1107
67_4.png,PED,1128
67_4.png,PED,112
67_5.png,PED,2345
67_6.png,SRF,21
67_6.png,PED,100
67_6.png,PED,1585
67_7.png,SRF,39
67_7.png,PED,103
67_7.png,PED,1438
67_8.png,PED,1349
67_9.png,SRF,647
67_9.png,PED,1013
68_1.png,SRF,591
68_1.png,IRF,59
68_1.png,PED,298
68_10.png,SRF,292
68_10.png,SRF,150
68_10.png,IRF,157
68_10.png,PED,2383
68_11.png,SRF,285
68_11.png,IRF,785
68_11.png,IRF,101
68_11.png,PED,2777
68_12.png,SRF,170
68_12.png,IRF,673
68_12.png,IRF,561
68_12.png,IRF,961
68_12.png,IRF,38
68_12.png,PED,2239
68_13.png,SRF,303
68_13.png,IRF,698
68_13.png,IRF,1171
68_13.png,IRF,694
68_13.png,PED,967
68_13.png,PED,1390
68_14.png,SRF,192
68_14.png,IRF,4578
68_14.png,PED,2414
68_15.png,SRF,476
68_15.png,IRF,3329
68_15.png,PED,1914
68_16.png,SRF,582
68_16.png,IRF,2795
68_16.png,PED,2233
68_17.png,SRF,793
68_17.png,IRF,2713
68_17.png,IRF,288
68_17.png,PED,1684
68_18.png,SRF,950
68_18.png,IRF,2321
68_18.png,PED,588
68_19.png,SRF,989
68_19.png,IRF,2705
68_2.png,SRF,327
68_2.png,IRF,225
68_2.png,PED,1287
68_20.png,SRF,870
68_20.png,IRF,2439
68_20.png,PED,255
68_3.png,IRF,271
68_3.png,PED,1194
68_4.png,SRF,68
68_4.png,IRF,283
68_4.png,PED,1275
68_5.png,IRF,555
68_5.png,PED,1833
68_6.png,IRF,327
68_6.png,PED,1795
68_7.png,SRF,35
68_7.png,IRF,166
68_7.png,IRF,231
68_7.png,IRF,19
68_7.png,PED,2065
68_8.png,SRF,57
68_8.png,SRF,196
68_8.png,IRF,175
68_8.png,PED,2181
68_9.png,SRF,151
68_9.png,SRF,179
68_9.png,IRF,337
68_9.png,IRF,101
68_9.png,PED,2747
69_1.png,SRF,2406
69_1.png,PED,243
69_10.png,SRF,1456
69_10.png,PED,8538
69_11.png,SRF,740
69_11.png,SRF,106
69_11.png,PED,10335
69_12.png,SRF,353
69_12.png,PED,13639
69_13.png,SRF,551
69_13.png,SRF,165
69_13.png,PED,10779
69_14.png,SRF,356
69_14.png,SRF,83
69_14.png,PED,12893
69_15.png,SRF,433
69_15.png,SRF,337
69_15.png,PED,12282
69_15.png,PED,226
69_16.png,SRF,373
69_16.png,SRF,457
69_16.png,PED,12173
69_16.png,PED,162
69_17.png,SRF,487
69_17.png,SRF,686
69_17.png,PED,12236
69_17.png,PED,214
69_18.png,SRF,443
69_18.png,SRF,1135
69_18.png,PED,11111
69_19.png,SRF,520
69_19.png,SRF,1728
69_19.png,PED,8930
69_2.png,SRF,2345
69_2.png,PED,324
69_2.png,PED,171
69_20.png,SRF,526
69_20.png,SRF,1802
69_20.png,PED,7677
69_20.png,PED,1
69_21.png,SRF,2645
69_21.png,SRF,761
69_21.png,IRF,69
69_22.png,SRF,3689
69_22.png,IRF,211
69_22.png,IRF,184
69_3.png,SRF,2443
69_3.png,PED,534
69_3.png,PED,394
69_4.png,SRF,2396
69_4.png,PED,918
69_4.png,PED,325
69_5.png,SRF,2303
69_5.png,PED,1839
69_6.png,SRF,2024
69_6.png,PED,3204
69_7.png,SRF,2071
69_7.png,PED,3689
69_8.png,SRF,1808
69_8.png,PED,6334
69_9.png,SRF,1595
69_9.png,PED,7470
6_1.png,SRF,867
6_11.png,IRF,104
6_11.png,IRF,233
6_11.png,IRF,748
6_12.png,IRF,218
6_12.png,IRF,610
6_13.png,IRF,687
6_14.png,IRF,379
6_2.png,SRF,1261
6_3.png,SRF,929
6_4.png,SRF,937
6_5.png,SRF,491
6_5.png,SRF,314
6_6.png,SRF,951
6_7.png,SRF,795
6_8.png,SRF,648
6_9.png,SRF,631
70_1.png,SRF,2732
70_1.png,PED,486
70_1.png,PED,391
70_10.png,SRF,13106
70_10.png,PED,194
70_10.png,PED,1430
70_11.png,SRF,14628
70_11.png,PED,2456
70_12.png,SRF,13430
70_12.png,PED,2372
70_13.png,SRF,14119
70_13.png,PED,2689
70_2.png,SRF,2894
70_2.png,PED,635
70_2.png,PED,596
70_3.png,SRF,3402
70_3.png,PED,830
70_3.png,PED,925
70_4.png,SRF,3729
70_4.png,SRF,188
70_4.png,PED,845
70_4.png,PED,1139
70_5.png,SRF,4169
70_5.png,SRF,1766
70_5.png,SRF,249
70_5.png,PED,2164
70_6.png,SRF,4510
70_6.png,SRF,467
70_6.png,SRF,2275
70_6.png,PED,187
70_6.png,PED,1808
70_7.png,SRF,3651
70_7.png,SRF,5686
70_7.png,IRF,234
70_7.png,PED,1931
70_8.png,SRF,10197
70_8.png,PED,1863
70_9.png,SRF,12718
70_9.png,IRF,180
70_9.png,PED,1442
70_9.png,PED,135
71_1.png,SRF,3330
71_1.png,PED,1004
71_10.png,SRF,3736
71_10.png,PED,1944
71_11.png,SRF,3115
71_11.png,PED,768
71_12.png,SRF,5360
71_12.png,PED,578
71_13.png,SRF,4830
71_13.png,PED,772
71_14.png,SRF,5811
71_14.png,PED,166
71_15.png,SRF,6815
71_15.png,SRF,402
71_15.png,PED,256
71_16.png,SRF,6775
71_16.png,SRF,770
71_16.png,PED,332
71_17.png,SRF,6016
71_17.png,SRF,529
71_17.png,PED,878
71_18.png,SRF,7028
71_18.png,SRF,1131
71_18.png,PED,1071
71_19.png,SRF,10623
71_2.png,SRF,3088
71_2.png,SRF,153
71_2.png,PED,807
71_20.png,SRF,14495
71_21.png,SRF,14766
71_22.png,SRF,14207
71_23.png,SRF,13851
71_23.png,PED,230
71_24.png,SRF,12456
71_24.png,IRF,104
71_3.png,SRF,3613
71_3.png,PED,1661
71_4.png,SRF,3741
71_4.png,PED,1192
71_5.png,SRF,3975
71_5.png,PED,2558
71_6.png,SRF,4325
71_6.png,PED,2322
71_7.png,SRF,5103
71_7.png,PED,1559
71_8.png,SRF,5464
71_8.png,PED,1743
71_9.png,SRF,4291
71_9.png,PED,1923
72_10.png,PED,198
72_11.png,PED,661
72_12.png,PED,508
72_2.png,IRF,96
72_3.png,IRF,988
72_3.png,IRF,23
72_3.png,IRF,305
72_4.png,PED,265
72_5.png,PED,418
72_6.png,IRF,87
72_6.png,IRF,27
72_6.png,PED,216
72_7.png,IRF,69
72_7.png,PED,200
72_8.png,IRF,25
72_8.png,IRF,18
72_8.png,IRF,21
72_8.png,IRF,36
72_8.png,PED,463
72_9.png,PED,303
73_1.png,PED,263
73_1.png,PED,205
73_10.png,PED,1321
73_11.png,PED,1361
73_12.png,PED,1245
73_13.png,PED,831
73_13.png,PED,1
73_14.png,PED,786
73_15.png,PED,600
73_2.png,PED,863
73_3.png,PED,1138
73_4.png,PED,1513
73_5.png,PED,1628
73_6.png,PED,1848
73_7.png,PED,1900
73_8.png,PED,1493
73_9.png,PED,1473
74_1.png,SRF,72
74_1.png,PED,465
74_10.png,SRF,5978
74_10.png,PED,658
74_11.png,SRF,7302
74_11.png,PED,1140
74_12.png,SRF,7962
74_12.png,PED,946
74_12.png,PED,461
74_13.png,SRF,7954
74_13.png,PED,1252
74_13.png,PED,515
74_14.png,SRF,5805
74_14.png,SRF,1301
74_14.png,PED,4796
74_15.png,SRF,6067
74_15.png,SRF,1302
74_15.png,IRF,256
74_15.png,IRF,37
74_15.png,IRF,66
74_15.png,PED,4432
74_15.png,PED,1290
74_16.png,SRF,5727
74_16.png,SRF,1469
74_16.png,IRF,587
74_16.png,IRF,80
74_16.png,PED,5715
74_16.png,PED,337
74_16.png,PED,621
74_17.png,SRF,5104
74_17.png,SRF,1537
74_17.png,IRF,184
74_17.png,IRF,561
74_17.png,PED,7135
74_17.png,PED,671
74_18.png,SRF,3565
74_18.png,SRF,1925
74_18.png,IRF,1368
74_18.png,PED,9621
74_18.png,PED,967
74_19.png,SRF,3107
74_19.png,SRF,2302
74_19.png,IRF,1255
74_19.png,PED,10023
74_19.png,PED,865
74_2.png,PED,478
74_20.png,SRF,2606
74_20.png,SRF,2572
74_20.png,IRF,1176
74_20.png,IRF,42
74_20.png,PED,11957
74_20.png,PED,1198
74_21.png,SRF,2560
74_21.png,SRF,3073
74_21.png,IRF,576
74_21.png,IRF,94
74_21.png,IRF,63
74_21.png,PED,11909
74_21.png,PED,1159
74_22.png,SRF,3135
74_22.png,SRF,2219
74_22.png,IRF,283
74_22.png,IRF,339
74_22.png,IRF,248
74_22.png,PED,12477
74_23.png,SRF,2512
74_23.png,SRF,3242
74_23.png,IRF,703
74_23.png,IRF,457
74_23.png,IRF,151
74_23.png,PED,12130
74_24.png,SRF,2781
74_24.png,SRF,3394
74_24.png,IRF,562
74_24.png,IRF,359
74_24.png,IRF,147
74_24.png,IRF,110
74_24.png,IRF,136
74_24.png,PED,11896
74_25.png,SRF,2885
74_25.png,SRF,3250
74_25.png,IRF,281
74_25.png,IRF,237
74_25.png,IRF,245
74_25.png,IRF,37
74_25.png,IRF,74
74_25.png,IRF,83
74_25.png,PED,11854
74_26.png,SRF,3263
74_26.png,SRF,3079
74_26.png,IRF,419
74_26.png,PED,11770
74_27.png,SRF,3268
74_27.png,SRF,3422
74_27.png,IRF,34
74_27.png,IRF,305
74_27.png,IRF,269
74_27.png,IRF,87
74_27.png,IRF,88
74_27.png,IRF,31
74_27.png,PED,11302
74_28.png,SRF,4162
74_28.png,SRF,3424
74_28.png,IRF,21
74_28.png,IRF,83
74_28.png,IRF,100
74_28.png,IRF,180
74_28.png,IRF,120
74_28.png,PED,11013
74_29.png,SRF,4094
74_29.png,SRF,3291
74_29.png,IRF,53
74_29.png,IRF,74
74_29.png,IRF,125
74_29.png,IRF,121
74_29.png,IRF,53
74_29.png,IRF,54
74_29.png,PED,10777
74_3.png,SRF,99
74_3.png,PED,376
74_30.png,SRF,4953
74_30.png,SRF,3178
74_30.png,IRF,77
74_30.png,IRF,102
74_30.png,IRF,31
74_30.png,PED,8878
74_31.png,SRF,5365
74_31.png,SRF,3365
74_31.png,IRF,53
74_31.png,IRF,81
74_31.png,PED,8468
74_32.png,SRF,5773
74_32.png,SRF,3400
74_32.png,IRF,118
74_32.png,IRF,139
74_32.png,PED,6684
74_33.png,SRF,7833
74_33.png,SRF,3196
74_33.png,IRF,178
74_33.png,IRF,201
74_33.png,PED,2722
74_34.png,SRF,12299
74_34.png,IRF,37
74_34.png,PED,1977
74_4.png,SRF,84
74_4.png,SRF,696
74_4.png,PED,260
74_5.png,SRF,1204
74_5.png,PED,173
74_6.png,SRF,2176
74_6.png,PED,206
74_7.png,SRF,2920
74_7.png,PED,294
74_8.png,SRF,3841
74_8.png,PED,411
74_9.png,SRF,4691
75_1.png,IRF,42
75_1.png,IRF,146
75_1.png,IRF,267
75_10.png,SRF,900
75_10.png,IRF,442
75_10.png,PED,324
75_10.png,PED,209
75_10.png,PED,251
75_11.png,SRF,4341
75_11.png,IRF,270
75_11.png,IRF,602
75_11.png,PED,208
75_11.png,PED,126
75_12.png,SRF,7058
75_12.png,PED,310
75_13.png,SRF,7992
75_13.png,IRF,328
75_13.png,IRF,276
75_13.png,PED,329
75_14.png,SRF,8153
75_14.png,IRF,59
75_14.png,IRF,70
75_14.png,IRF,223
75_14.png,IRF,18
75_14.png,IRF,257
75_14.png,PED,152
75_15.png,SRF,6675
75_15.png,IRF,179
75_15.png,IRF,737
75_15.png,PED,247
75_16.png,SRF,336
75_16.png,IRF,342
75_16.png,PED,1966
75_17.png,SRF,360
75_17.png,PED,1614
75_18.png,SRF,253
75_18.png,PED,1513
75_19.png,SRF,214
75_19.png,PED,1846
75_2.png,SRF,485
75_2.png,IRF,237
75_2.png,IRF,107
75_2.png,IRF,56
75_20.png,SRF,57
75_20.png,IRF,149
75_20.png,PED,2082
75_21.png,SRF,162
75_21.png,IRF,521
75_21.png,IRF,162
75_21.png,PED,1546
75_22.png,SRF,84
75_22.png,IRF,36
75_22.png,IRF,283
75_22.png,IRF,45
75_22.png,PED,851
75_3.png,SRF,621
75_3.png,IRF,75
75_3.png,IRF,206
75_3.png,IRF,114
75_4.png,SRF,809
75_4.png,IRF,80
75_5.png,SRF,1580
75_5.png,IRF,63
75_5.png,IRF,172
75_6.png,SRF,2271
75_6.png,IRF,125
75_6.png,IRF,815
75_7.png,SRF,2149
75_7.png,IRF,130
75_7.png,IRF,397
75_7.png,IRF,235
75_7.png,PED,173
75_7.png,PED,266
75_7.png,PED,781
75_8.png,SRF,4
75_8.png,SRF,1
75_8.png,SRF,78
75_8.png,SRF,4
75_8.png,SRF,14
75_8.png,SRF,18
75_8.png,PED,135
75_8.png,PED,125
75_8.png,PED,1068
75_9.png,SRF,1178
75_9.png,IRF,512
75_9.png,PED,492
75_9.png,PED,481
75_9.png,PED,203
76_1.png,SRF,246
76_10.png,SRF,43
76_2.png,SRF,233
76_3.png,SRF,145
76_3.png,PED,450
76_4.png,PED,742
76_5.png,IRF,19
76_5.png,IRF,102
76_5.png,PED,739
76_6.png,IRF,60
76_6.png,PED,780
77_1.png,SRF,2406
77_1.png,SRF,211
77_1.png,PED,914
77_10.png,SRF,3713
77_10.png,SRF,2293
77_10.png,SRF,110
77_10.png,IRF,109
77_10.png,IRF,45
77_10.png,PED,7166
77_11.png,SRF,6555
77_11.png,IRF,113
77_11.png,IRF,61
77_11.png,PED,9309
77_2.png,SRF,2701
77_2.png,SRF,185
77_2.png,PED,1810
77_3.png,SRF,3122
77_3.png,SRF,206
77_3.png,PED,2188
77_4.png,SRF,3400
77_4.png,SRF,200
77_4.png,PED,2870
77_5.png,SRF,3508
77_5.png,SRF,122
77_5.png,IRF,111
77_5.png,PED,4362
77_6.png,SRF,2282
77_6.png,SRF,217
77_6.png,IRF,28
77_6.png,IRF,326
77_6.png,IRF,198
77_6.png,IRF,128
77_6.png,IRF,140
77_6.png,IRF,89
77_6.png,PED,5292
77_7.png,SRF,3013
77_7.png,SRF,240
77_7.png,IRF,257
77_7.png,IRF,144
77_7.png,PED,5872
77_8.png,SRF,2387
77_8.png,SRF,1256
77_8.png,IRF,179
77_8.png,PED,6551
77_9.png,SRF,136
77_9.png,SRF,2335
77_9.png,SRF,1373
77_9.png,SRF,191
77_9.png,IRF,114
77_9.png,PED,6981
78_1.png,SRF,6486
78_10.png,SRF,4487
78_10.png,SRF,368
78_10.png,PED,2137
78_11.png,SRF,4326
78_11.png,SRF,347
78_11.png,PED,2069
78_12.png,SRF,4315
78_12.png,SRF,253
78_12.png,PED,2183
78_13.png,SRF,3943
78_13.png,SRF,282
78_13.png,PED,2116
78_14.png,SRF,3790
78_14.png,IRF,175
78_14.png,PED,2119
78_15.png,SRF,3536
78_15.png,PED,1576
78_16.png,SRF,2729
78_16.png,SRF,430
78_16.png,PED,1735
78_17.png,SRF,2340
78_17.png,SRF,233
78_17.png,PED,1047
78_18.png,SRF,2042
78_18.png,SRF,142
78_18.png,PED,586
78_19.png,SRF,1889
78_2.png,SRF,5848
78_2.png,PED,86
78_3.png,SRF,6609
78_3.png,PED,1009
78_4.png,SRF,5905
78_4.png,PED,1052
78_5.png,SRF,5873
78_5.png,PED,1588
78_6.png,SRF,5386
78_6.png,PED,1846
78_6.png,PED,220
78_7.png,SRF,5402
78_7.png,PED,1877
78_8.png,SRF,5315
78_8.png,PED,2361
78_9.png,SRF,5648
78_9.png,PED,2279
79_1.png,SRF,707
79_10.png,SRF,2161
79_10.png,PED,290
79_11.png,SRF,2347
79_11.png,PED,171
79_12.png,SRF,2951
79_12.png,PED,379
79_13.png,SRF,2776
79_13.png,PED,645
79_14.png,SRF,2787
79_14.png,PED,295
79_15.png,SRF,2562
79_2.png,SRF,29
79_2.png,SRF,820
79_3.png,SRF,60
79_3.png,SRF,525
79_3.png,SRF,226
79_3.png,PED,352
79_4.png,SRF,518
79_4.png,SRF,266
79_4.png,PED,600
79_5.png,SRF,601
79_5.png,SRF,239
79_5.png,PED,850
79_6.png,SRF,633
79_6.png,SRF,184
79_6.png,PED,952
79_7.png,SRF,722
79_7.png,SRF,186
79_7.png,PED,914
79_8.png,SRF,788
79_8.png,SRF,489
79_8.png,PED,790
79_9.png,SRF,1749
79_9.png,SRF,2
79_9.png,PED,574
7_1.png,PED,987
7_10.png,PED,1706
7_11.png,SRF,97
7_11.png,PED,2423
7_12.png,PED,1446
7_13.png,PED,836
7_13.png,PED,398
7_2.png,SRF,88
7_2.png,PED,838
7_3.png,PED,961
7_4.png,IRF,321
7_4.png,IRF,200
7_4.png,PED,536
7_5.png,PED,740
7_6.png,PED,1134
7_7.png,SRF,203
7_7.png,PED,1583
7_8.png,SRF,200
7_8.png,PED,2067
7_9.png,PED,2581
80_1.png,PED,880
80_10.png,PED,462
80_10.png,PED,175
80_11.png,PED,408
80_11.png,PED,193
80_12.png,PED,385
80_2.png,PED,239
80_2.png,PED,459
80_2.png,PED,185
80_3.png,PED,425
80_3.png,PED,401
80_3.png,PED,131
80_3.png,PED,76
80_4.png,PED,1257
80_4.png,PED,383
80_5.png,PED,1577
80_5.png,PED,779
80_6.png,PED,1768
80_6.png,PED,201
80_7.png,PED,1713
80_7.png,PED,239
80_7.png,PED,51
80_8.png,PED,1221
80_8.png,PED,216
80_8.png,PED,44
80_9.png,PED,1083
80_9.png,PED,208
80_9.png,PED,1
81_1.png,SRF,744
81_1.png,IRF,1027
81_1.png,IRF,32
81_10.png,SRF,388
81_10.png,PED,1464
81_11.png,IRF,157
81_11.png,IRF,201
81_11.png,IRF,85
81_11.png,PED,2008
81_12.png,IRF,120
81_12.png,IRF,204
81_12.png,IRF,85
81_12.png,PED,2175
81_13.png,IRF,135
81_13.png,IRF,28
81_13.png,PED,1397
81_14.png,IRF,249
81_14.png,PED,1243
81_15.png,PED,984
81_16.png,PED,852
81_16.png,PED,185
81_17.png,PED,876
81_18.png,IRF,162
81_18.png,IRF,112
81_18.png,PED,547
81_18.png,PED,172
81_19.png,IRF,807
81_19.png,PED,404
81_19.png,PED,64
81_2.png,SRF,800
81_2.png,IRF,1505
81_20.png,IRF,411
81_20.png,PED,271
81_20.png,PED,144
81_3.png,SRF,453
81_3.png,SRF,126
81_3.png,IRF,150
81_3.png,IRF,179
81_3.png,IRF,163
81_4.png,SRF,766
81_4.png,SRF,356
81_4.png,PED,103
81_5.png,SRF,973
81_5.png,IRF,208
81_5.png,IRF,164
81_5.png,PED,184
81_6.png,SRF,575
81_6.png,IRF,112
81_6.png,IRF,145
81_6.png,IRF,44
81_6.png,IRF,29
81_6.png,IRF,88
81_6.png,IRF,136
81_6.png,IRF,40
81_6.png,PED,827
81_7.png,SRF,440
81_7.png,IRF,172
81_7.png,IRF,275
81_7.png,PED,685
81_8.png,SRF,304
81_8.png,IRF,63
81_8.png,IRF,245
81_8.png,PED,849
81_8.png,PED,1
81_9.png,SRF,142
81_9.png,SRF,51
81_9.png,IRF,79
81_9.png,IRF,137
81_9.png,IRF,34
81_9.png,IRF,34
81_9.png,PED,1363
82_1.png,PED,125
82_1.png,PED,535
82_1.png,PED,134
82_10.png,IRF,133
82_10.png,IRF,284
82_10.png,IRF,661
82_10.png,IRF,441
82_10.png,IRF,182
82_10.png,IRF,71
82_10.png,IRF,826
82_10.png,IRF,103
82_10.png,IRF,230
82_10.png,IRF,130
82_10.png,IRF,75
82_10.png,IRF,25
82_10.png,PED,5354
82_11.png,SRF,357
82_11.png,IRF,474
82_11.png,IRF,301
82_11.png,IRF,528
82_11.png,IRF,477
82_11.png,IRF,392
82_11.png,IRF,237
82_11.png,IRF,165
82_11.png,IRF,44
82_11.png,IRF,53
82_11.png,IRF,130
82_11.png,IRF,612
82_11.png,IRF,139
82_11.png,IRF,221
82_11.png,PED,5308
82_12.png,SRF,175
82_12.png,SRF,131
82_12.png,IRF,1133
82_12.png,IRF,1010
82_12.png,IRF,320
82_12.png,IRF,323
82_12.png,IRF,26
82_12.png,IRF,371
82_12.png,IRF,160
82_12.png,IRF,25
82_12.png,PED,30
82_12.png,PED,197
82_12.png,PED,5648
82_13.png,SRF,570
82_13.png,IRF,15
82_13.png,IRF,47
82_13.png,IRF,2366
82_13.png,IRF,99
82_13.png,IRF,37
82_13.png,IRF,41
82_13.png,IRF,46
82_13.png,IRF,45
82_13.png,IRF,35
82_13.png,IRF,311
82_13.png,IRF,100
82_13.png,IRF,43
82_13.png,IRF,88
82_13.png,PED,370
82_13.png,PED,5422
82_14.png,SRF,381
82_14.png,IRF,270
82_14.png,IRF,2239
82_14.png,IRF,86
82_14.png,IRF,431
82_14.png,IRF,79
82_14.png,IRF,330
82_14.png,IRF,170
82_14.png,IRF,249
82_14.png,PED,295
82_14.png,PED,5158
82_2.png,PED,1132
82_2.png,PED,1274
82_3.png,IRF,238
82_3.png,IRF,58
82_3.png,IRF,87
82_3.png,PED,4040
82_4.png,IRF,98
82_4.png,IRF,97
82_4.png,IRF,81
82_4.png,IRF,388
82_4.png,IRF,181
82_4.png,PED,4031
82_5.png,IRF,327
82_5.png,IRF,692
82_5.png,IRF,63
82_5.png,IRF,426
82_5.png,PED,3424
82_5.png,PED,490
82_5.png,PED,557
82_6.png,IRF,937
82_6.png,IRF,79
82_6.png,IRF,360
82_6.png,PED,5230
82_6.png,PED,266
82_7.png,IRF,514
82_7.png,IRF,98
82_7.png,IRF,1330
82_7.png,IRF,147
82_7.png,PED,247
82_7.png,PED,182
82_7.png,PED,4704
82_8.png,SRF,410
82_8.png,SRF,118
82_8.png,IRF,174
82_8.png,IRF,272
82_8.png,IRF,309
82_8.png,IRF,59
82_8.png,IRF,446
82_8.png,IRF,164
82_8.png,IRF,302
82_8.png,IRF,794
82_8.png,IRF,205
82_8.png,PED,66
82_8.png,PED,5714
82_8.png,PED,301
82_9.png,IRF,71
82_9.png,IRF,360
82_9.png,IRF,343
82_9.png,IRF,149
82_9.png,IRF,699
82_9.png,IRF,199
82_9.png,IRF,69
82_9.png,IRF,179
82_9.png,IRF,43
82_9.png,PED,5471
83_1.png,SRF,7465
83_10.png,SRF,2513
83_10.png,SRF,1148
83_10.png,PED,6918
83_11.png,SRF,2262
83_11.png,SRF,900
83_11.png,PED,7900
83_12.png,SRF,1781
83_12.png,SRF,570
83_12.png,PED,9677
83_13.png,SRF,785
83_13.png,SRF,2042
83_13.png,PED,8886
83_14.png,SRF,187
83_14.png,SRF,1291
83_14.png,PED,11601
83_15.png,SRF,1060
83_15.png,PED,12127
83_16.png,SRF,136
83_16.png,SRF,600
83_16.png,PED,13165
83_17.png,SRF,934
83_17.png,SRF,448
83_17.png,PED,12710
83_18.png,SRF,1499
83_18.png,SRF,931
83_18.png,PED,9864
83_19.png,SRF,1116
83_19.png,SRF,984
83_19.png,PED,8460
83_2.png,SRF,7608
83_2.png,PED,659
83_20.png,SRF,1933
83_20.png,PED,7792
83_21.png,SRF,2010
83_21.png,SRF,132
83_21.png,PED,6706
83_22.png,SRF,2193
83_22.png,PED,4602
83_22.png,PED,685
83_23.png,SRF,1716
83_23.png,SRF,82
83_23.png,PED,3198
83_23.png,PED,821
83_24.png,SRF,1778
83_24.png,SRF,152
83_24.png,PED,1347
83_24.png,PED,619
83_25.png,SRF,2990
83_25.png,PED,611
83_25.png,PED,137
83_3.png,SRF,7454
83_3.png,PED,996
83_4.png,SRF,7452
83_4.png,PED,1331
83_5.png,SRF,6881
83_5.png,PED,2255
83_6.png,SRF,3839
83_6.png,SRF,2289
83_6.png,PED,3071
83_7.png,SRF,3661
83_7.png,SRF,2118
83_7.png,PED,3841
83_8.png,SRF,3355
83_8.png,SRF,1932
83_8.png,PED,4485
83_9.png,SRF,2989
83_9.png,SRF,1432
83_9.png,PED,5781
84_1.png,PED,149
84_1.png,PED,200
84_1.png,PED,307
84_10.png,PED,87
84_10.png,PED,122
84_11.png,IRF,112
84_11.png,PED,303
84_2.png,PED,992
84_2.png,PED,79
84_2.png,PED,597
84_2.png,PED,36
84_3.png,PED,1056
84_3.png,PED,110
84_3.png,PED,773
84_4.png,PED,815
84_4.png,PED,1253
84_5.png,PED,465
84_5.png,PED,205
84_5.png,PED,581
84_5.png,PED,52
84_5.png,PED,368
84_6.png,SRF,32
84_6.png,PED,450
84_6.png,PED,68
84_6.png,PED,365
84_6.png,PED,150
84_6.png,PED,357
84_7.png,PED,113
84_7.png,PED,196
84_7.png,PED,68
84_7.png,PED,60
84_8.png,PED,329
84_9.png,PED,90
85_1.png,IRF,119
85_10.png,IRF,199
85_10.png,IRF,59
85_10.png,PED,1545
85_11.png,IRF,57
85_11.png,IRF,19
85_11.png,IRF,98
85_11.png,PED,1082
85_12.png,IRF,209
85_12.png,IRF,52
85_12.png,PED,919
85_13.png,IRF,289
85_13.png,IRF,124
85_13.png,PED,398
85_13.png,PED,109
85_14.png,IRF,32
85_14.png,IRF,29
85_14.png,IRF,26
85_14.png,PED,360
85_14.png,PED,41
85_15.png,PED,407
85_15.png,PED,16
85_16.png,PED,164
85_3.png,PED,624
85_4.png,IRF,12
85_4.png,IRF,175
85_4.png,PED,1381
85_5.png,PED,1236
85_6.png,PED,1587
85_7.png,PED,1475
85_8.png,IRF,32
85_8.png,IRF,44
85_8.png,IRF,67
85_8.png,IRF,77
85_8.png,PED,555
85_9.png,PED,1657
86_1.png,SRF,609
86_1.png,SRF,651
86_1.png,IRF,24
86_1.png,PED,1481
86_10.png,SRF,310
86_10.png,SRF,9
86_10.png,PED,3906
86_10.png,PED,213
86_11.png,PED,5122
86_12.png,SRF,101
86_12.png,PED,5053
86_13.png,PED,6254
86_13.png,PED,141
86_14.png,PED,5364
86_14.png,PED,105
86_15.png,PED,5838
86_15.png,PED,50
86_16.png,SRF,73
86_16.png,SRF,69
86_16.png,PED,556
86_16.png,PED,3555
86_17.png,SRF,570
86_17.png,PED,5019
86_18.png,SRF,115
86_18.png,PED,3648
86_19.png,SRF,166
86_19.png,PED,4389
86_2.png,SRF,1025
86_2.png,IRF,106
86_2.png,PED,1479
86_20.png,SRF,159
86_20.png,IRF,187
86_20.png,PED,5423
86_21.png,SRF,172
86_21.png,SRF,155
86_21.png,IRF,94
86_21.png,IRF,72
86_21.png,IRF,8
86_21.png,PED,4215
86_22.png,SRF,85
86_22.png,SRF,37
86_22.png,SRF,170
86_22.png,PED,4680
86_23.png,SRF,195
86_23.png,SRF,147
86_23.png,PED,4413
86_24.png,SRF,327
86_24.png,SRF,218
86_24.png,PED,4240
86_3.png,SRF,190
86_3.png,SRF,716
86_3.png,PED,1840
86_4.png,SRF,1092
86_4.png,SRF,54
86_4.png,SRF,35
86_4.png,PED,1476
86_5.png,SRF,856
86_5.png,PED,1488
86_6.png,SRF,869
86_6.png,PED,2027
86_7.png,SRF,604
86_7.png,PED,2445
86_8.png,SRF,462
86_8.png,SRF,30
86_8.png,SRF,9
86_8.png,PED,2813
86_9.png,SRF,57
86_9.png,SRF,216
86_9.png,PED,3622
87_1.png,SRF,353
87_1.png,IRF,43
87_10.png,SRF,1086
87_10.png,SRF,36
87_11.png,SRF,1300
87_12.png,SRF,1456
87_12.png,SRF,181
87_13.png,SRF,1150
87_13.png,SRF,108
87_13.png,PED,250
87_14.png,SRF,1307
87_14.png,SRF,161
87_14.png,IRF,5
87_14.png,IRF,109
87_14.png,IRF,101
87_14.png,IRF,62
87_14.png,PED,1146
87_15.png,SRF,1249
87_15.png,SRF,400
87_15.png,IRF,57
87_15.png,IRF,53
87_15.png,PED,1634
87_16.png,SRF,829
87_16.png,SRF,1307
87_16.png,PED,1823
87_17.png,SRF,1259
87_17.png,SRF,722
87_17.png,PED,1067
87_18.png,SRF,989
87_18.png,SRF,1057
87_18.png,PED,1071
87_19.png,SRF,1120
87_19.png,SRF,1208
87_19.png,PED,1018
87_2.png,SRF,365
87_2.png,IRF,348
87_20.png,SRF,1089
87_20.png,SRF,1239
87_20.png,PED,1394
87_21.png,SRF,1278
87_21.png,SRF,1382
87_21.png,PED,954
87_22.png,SRF,1110
87_22.png,SRF,1041
87_22.png,PED,1030
87_22.png,PED,24
87_23.png,SRF,1148
87_23.png,SRF,755
87_23.png,PED,939
87_23.png,PED,88
87_24.png,SRF,904
87_24.png,SRF,540
87_24.png,IRF,130
87_24.png,IRF,140
87_24.png,IRF,28
87_24.png,PED,599
87_25.png,SRF,495
87_25.png,SRF,707
87_25.png,PED,429
87_26.png,SRF,616
87_26.png,SRF,238
87_26.png,PED,421
87_27.png,SRF,671
87_27.png,SRF,296
87_27.png,SRF,11
87_27.png,PED,299
87_28.png,SRF,277
87_28.png,SRF,86
87_28.png,IRF,661
87_28.png,PED,204
87_3.png,SRF,145
87_3.png,SRF,185
87_4.png,SRF,238
87_4.png,SRF,69
87_5.png,SRF,141
87_5.png,SRF,183
87_5.png,IRF,149
87_5.png,PED,204
87_6.png,SRF,300
87_6.png,SRF,130
87_6.png,PED,294
87_7.png,SRF,534
87_7.png,SRF,167
87_7.png,PED,327
87_8.png,SRF,589
87_8.png,SRF,180
87_8.png,PED,298
87_9.png,SRF,830
87_9.png,SRF,235
88_1.png,SRF,124
88_1.png,IRF,150
88_10.png,SRF,282
88_10.png,SRF,629
88_10.png,PED,114
88_11.png,SRF,694
88_11.png,SRF,237
88_11.png,PED,60
88_12.png,SRF,132
88_12.png,SRF,582
88_12.png,PED,160
88_13.png,SRF,527
88_13.png,IRF,35
88_13.png,PED,292
88_14.png,SRF,351
88_14.png,IRF,34
88_14.png,PED,77
88_15.png,SRF,322
88_15.png,PED,102
88_2.png,SRF,416
88_3.png,SRF,569
88_3.png,IRF,29
88_4.png,SRF,679
88_5.png,SRF,591
88_6.png,SRF,625
88_6.png,PED,75
88_7.png,SRF,76
88_7.png,SRF,562
88_7.png,PED,90
88_8.png,SRF,125
88_8.png,SRF,500
88_8.png,PED,118
88_9.png,SRF,185
88_9.png,SRF,549
88_9.png,PED,88
89_1.png,SRF,91
89_1.png,SRF,42
89_1.png,SRF,551
89_1.png,IRF,20
89_1.png,IRF,85
89_1.png,IRF,77
89_1.png,IRF,35
89_1.png,PED,2193
89_1.png,PED,512
89_10.png,PED,13506
89_11.png,SRF,458
89_11.png,PED,14421
89_12.png,SRF,227
89_12.png,PED,13594
89_12.png,PED,1272
89_13.png,PED,13915
89_13.png,PED,1068
89_14.png,IRF,51
89_14.png,PED,14886
89_14.png,PED,1358
89_15.png,SRF,253
89_15.png,PED,15247
89_15.png,PED,241
89_15.png,PED,1087
89_16.png,SRF,887
89_16.png,PED,15894
89_16.png,PED,966
89_17.png,SRF,351
89_17.png,SRF,565
89_17.png,SRF,245
89_17.png,PED,16611
89_17.png,PED,905
89_18.png,SRF,606
89_18.png,SRF,308
89_18.png,IRF,20
89_18.png,IRF,15
89_18.png,PED,16834
89_18.png,PED,422
89_2.png,SRF,412
89_2.png,SRF,123
89_2.png,SRF,284
89_2.png,IRF,10
89_2.png,PED,2710
89_3.png,SRF,1
89_3.png,SRF,196
89_3.png,SRF,164
89_3.png,PED,3159
89_3.png,PED,700
89_4.png,IRF,476
89_4.png,IRF,66
89_4.png,PED,6012
89_4.png,PED,510
89_5.png,SRF,465
89_5.png,SRF,95
89_5.png,PED,5945
89_5.png,PED,834
89_6.png,SRF,521
89_6.png,SRF,37
89_6.png,IRF,105
89_6.png,PED,9152
89_7.png,SRF,358
89_7.png,IRF,21
89_7.png,PED,10404
89_8.png,SRF,302
89_8.png,IRF,38
89_8.png,IRF,273
89_8.png,PED,11358
89_9.png,IRF,47
89_9.png,IRF,30
89_9.png,PED,13105
8_1.png,SRF,1199
8_1.png,IRF,147
8_10.png,SRF,648
8_10.png,IRF,661
8_11.png,SRF,679
8_11.png,IRF,432
8_11.png,IRF,221
8_12.png,SRF,640
8_12.png,IRF,534
8_13.png,SRF,674
8_13.png,IRF,214
8_13.png,IRF,321
8_14.png,SRF,598
8_14.png,IRF,230
8_14.png,IRF,274
8_15.png,SRF,627
8_15.png,IRF,616
8_16.png,SRF,623
8_16.png,IRF,175
8_16.png,IRF,315
8_17.png,SRF,660
8_17.png,IRF,189
8_17.png,IRF,320
8_18.png,SRF,704
8_18.png,IRF,211
8_18.png,IRF,120
8_19.png,SRF,781
8_2.png,SRF,957
8_2.png,IRF,257
8_2.png,IRF,97
8_20.png,SRF,742
8_3.png,SRF,913
8_3.png,IRF,254
8_4.png,SRF,877
8_4.png,IRF,216
8_4.png,IRF,174
8_5.png,SRF,871
8_5.png,IRF,377
8_5.png,IRF,58
8_5.png,IRF,32
8_6.png,SRF,932
8_6.png,IRF,386
8_6.png,IRF,207
8_7.png,SRF,726
8_7.png,IRF,347
8_7.png,IRF,197
8_7.png,IRF,125
8_8.png,SRF,787
8_8.png,IRF,374
8_8.png,IRF,241
8_9.png,SRF,687
8_9.png,IRF,307
8_9.png,IRF,185
90_1.png,SRF,533
90_1.png,SRF,163
90_1.png,PED,72
90_10.png,SRF,323
90_10.png,SRF,400
90_10.png,SRF,53
90_10.png,SRF,68
90_10.png,PED,3141
90_11.png,SRF,890
90_11.png,SRF,141
90_11.png,PED,3344
90_12.png,SRF,431
90_12.png,SRF,94
90_12.png,PED,2837
90_13.png,SRF,357
90_13.png,SRF,51
90_13.png,PED,2354
90_14.png,SRF,430
90_14.png,SRF,115
90_14.png,PED,1440
90_15.png,SRF,185
90_15.png,SRF,531
90_15.png,SRF,194
90_15.png,PED,1798
90_16.png,SRF,463
90_16.png,SRF,85
90_16.png,PED,1959
90_17.png,SRF,414
90_17.png,SRF,131
90_17.png,SRF,177
90_17.png,PED,619
90_17.png,PED,320
90_18.png,SRF,536
90_18.png,SRF,185
90_18.png,SRF,411
90_19.png,SRF,444
90_19.png,SRF,224
90_19.png,SRF,36
90_2.png,SRF,552
90_2.png,SRF,176
90_2.png,SRF,52
90_2.png,PED,52
90_20.png,SRF,529
90_20.png,SRF,40
90_20.png,SRF,93
90_21.png,SRF,472
90_21.png,PED,46
90_3.png,SRF,939
90_3.png,SRF,52
90_3.png,SRF,39
90_3.png,PED,83
90_4.png,SRF,705
90_4.png,SRF,74
90_4.png,SRF,174
90_4.png,PED,66
90_5.png,SRF,530
90_5.png,SRF,190
90_5.png,SRF,197
90_5.png,IRF,1009
90_5.png,PED,630
90_5.png,PED,69
90_6.png,SRF,166
90_6.png,SRF,544
90_6.png,SRF,301
90_6.png,SRF,134
90_6.png,SRF,90
90_6.png,IRF,581
90_6.png,PED,1274
90_7.png,SRF,169
90_7.png,SRF,535
90_7.png,SRF,341
90_7.png,SRF,144
90_7.png,IRF,321
90_7.png,PED,1264
90_8.png,SRF,155
90_8.png,SRF,227
90_8.png,SRF,84
90_8.png,IRF,341
90_8.png,PED,2314
90_8.png,PED,657
90_9.png,SRF,232
90_9.png,SRF,315
90_9.png,SRF,172
90_9.png,PED,3025
91_1.png,SRF,504
91_1.png,IRF,215
91_1.png,PED,556
91_10.png,SRF,243
91_10.png,SRF,65
91_10.png,IRF,215
91_10.png,IRF,175
91_10.png,IRF,29
91_10.png,IRF,87
91_10.png,IRF,247
91_10.png,IRF,91
91_10.png,IRF,521
91_10.png,PED,14954
91_11.png,SRF,268
91_11.png,IRF,68
91_11.png,IRF,34
91_11.png,IRF,398
91_11.png,IRF,152
91_11.png,IRF,187
91_11.png,PED,16479
91_12.png,SRF,230
91_12.png,IRF,206
91_12.png,IRF,192
91_12.png,IRF,480
91_12.png,IRF,28
91_12.png,IRF,132
91_12.png,IRF,134
91_12.png,IRF,33
91_12.png,PED,16710
91_12.png,PED,140
91_13.png,SRF,254
91_13.png,IRF,92
91_13.png,IRF,12
91_13.png,IRF,159
91_13.png,IRF,278
91_13.png,IRF,253
91_13.png,IRF,524
91_13.png,IRF,92
91_13.png,IRF,96
91_13.png,IRF,15
91_13.png,PED,17252
91_13.png,PED,394
91_14.png,SRF,282
91_14.png,IRF,48
91_14.png,IRF,1047
91_14.png,IRF,330
91_14.png,IRF,158
91_14.png,IRF,110
91_14.png,IRF,35
91_14.png,PED,17024
91_14.png,PED,1192
91_15.png,SRF,257
91_15.png,IRF,26
91_15.png,IRF,1517
91_15.png,IRF,749
91_15.png,IRF,73
91_15.png,IRF,138
91_15.png,IRF,60
91_15.png,PED,17317
91_15.png,PED,1341
91_16.png,SRF,254
91_16.png,IRF,16
91_16.png,IRF,1141
91_16.png,IRF,879
91_16.png,IRF,37
91_16.png,IRF,29
91_16.png,IRF,105
91_16.png,PED,17259
91_17.png,SRF,180
91_17.png,IRF,72
91_17.png,IRF,862
91_17.png,IRF,57
91_17.png,IRF,140
91_17.png,IRF,14
91_17.png,IRF,24
91_17.png,IRF,44
91_17.png,IRF,95
91_17.png,IRF,31
91_17.png,PED,16102
91_17.png,PED,263
91_18.png,SRF,160
91_18.png,IRF,31
91_18.png,IRF,46
91_18.png,IRF,355
91_18.png,IRF,344
91_18.png,IRF,357
91_18.png,IRF,123
91_18.png,IRF,214
91_18.png,PED,17191
91_18.png,PED,384
91_18.png,PED,2
91_19.png,IRF,80
91_19.png,IRF,319
91_19.png,IRF,333
91_19.png,IRF,728
91_19.png,IRF,21
91_19.png,IRF,274
91_19.png,IRF,107
91_19.png,PED,18409
91_2.png,SRF,488
91_2.png,IRF,82
91_2.png,IRF,8
91_2.png,PED,1495
91_20.png,SRF,355
91_20.png,IRF,24
91_20.png,IRF,56
91_20.png,IRF,904
91_20.png,IRF,88
91_20.png,IRF,75
91_20.png,IRF,18
91_20.png,IRF,94
91_20.png,IRF,349
91_20.png,PED,18492
91_3.png,SRF,767
91_3.png,IRF,42
91_3.png,IRF,288
91_3.png,PED,4252
91_4.png,SRF,649
91_4.png,IRF,488
91_4.png,IRF,76
91_4.png,PED,6457
91_5.png,SRF,563
91_5.png,IRF,50
91_5.png,IRF,29
91_5.png,IRF,87
91_5.png,IRF,159
91_5.png,IRF,16
91_5.png,PED,7971
91_6.png,SRF,512
91_6.png,IRF,223
91_6.png,IRF,98
91_6.png,IRF,40
91_6.png,PED,9050
91_7.png,SRF,406
91_7.png,IRF,58
91_7.png,IRF,14
91_7.png,IRF,17
91_7.png,IRF,68
91_7.png,IRF,126
91_7.png,IRF,126
91_7.png,PED,11128
91_8.png,SRF,75
91_8.png,SRF,288
91_8.png,IRF,126
91_8.png,IRF,22
91_8.png,IRF,213
91_8.png,IRF,122
91_8.png,IRF,120
91_8.png,IRF,17
91_8.png,IRF,100
91_8.png,PED,13292
91_9.png,SRF,116
91_9.png,SRF,172
91_9.png,IRF,153
91_9.png,IRF,86
91_9.png,IRF,238
91_9.png,IRF,39
91_9.png,IRF,26
91_9.png,IRF,69
91_9.png,IRF,61
91_9.png,IRF,11
91_9.png,IRF,202
91_9.png,PED,14147
92_1.png,IRF,347
92_10.png,SRF,4845
92_10.png,IRF,21
92_10.png,IRF,63
92_10.png,IRF,64
92_10.png,IRF,183
92_11.png,SRF,4819
92_11.png,IRF,179
92_11.png,IRF,112
92_11.png,IRF,172
92_12.png,SRF,4229
92_12.png,IRF,156
92_12.png,IRF,10
92_12.png,IRF,149
92_12.png,IRF,477
92_12.png,IRF,43
92_13.png,SRF,2003
92_13.png,SRF,80
92_13.png,IRF,129
92_13.png,IRF,406
92_13.png,IRF,72
92_13.png,IRF,77
92_13.png,PED,1553
92_14.png,SRF,251
92_14.png,SRF,1286
92_14.png,PED,1357
92_15.png,SRF,1214
92_15.png,SRF,278
92_15.png,PED,952
92_16.png,SRF,67
92_16.png,SRF,323
92_16.png,SRF,1214
92_16.png,PED,839
92_17.png,SRF,403
92_17.png,SRF,1035
92_17.png,IRF,15
92_17.png,IRF,62
92_17.png,PED,472
92_17.png,PED,131
92_18.png,SRF,1791
92_18.png,IRF,54
92_18.png,PED,350
92_19.png,SRF,531
92_19.png,SRF,256
92_19.png,PED,906
92_2.png,SRF,1167
92_2.png,IRF,46
92_2.png,IRF,156
92_2.png,IRF,256
92_20.png,SRF,496
92_20.png,SRF,197
92_20.png,IRF,22
92_20.png,PED,1177
92_3.png,SRF,655
92_3.png,IRF,58
92_3.png,IRF,26
92_3.png,IRF,342
92_3.png,PED,114
92_4.png,SRF,1022
92_4.png,IRF,153
92_4.png,IRF,47
92_4.png,IRF,113
92_4.png,IRF,131
92_4.png,IRF,60
92_4.png,IRF,171
92_4.png,IRF,220
92_4.png,PED,98
92_5.png,SRF,1172
92_5.png,SRF,252
92_5.png,PED,96
92_6.png,SRF,39
92_6.png,SRF,613
92_6.png,IRF,199
92_6.png,IRF,231
92_7.png,SRF,1090
92_7.png,IRF,97
92_7.png,IRF,126
92_7.png,IRF,52
92_7.png,IRF,55
92_7.png,IRF,233
92_7.png,PED,95
92_8.png,SRF,1308
92_8.png,IRF,278
92_8.png,PED,49
92_9.png,SRF,3011
92_9.png,IRF,164
92_9.png,IRF,129
93_1.png,SRF,150
93_1.png,IRF,29
93_1.png,IRF,35
93_1.png,IRF,67
93_1.png,IRF,125
93_2.png,IRF,20
93_2.png,IRF,21
93_2.png,IRF,22
93_3.png,IRF,30
93_3.png,IRF,25
93_3.png,IRF,11
93_3.png,IRF,20
93_4.png,IRF,31
93_4.png,IRF,18
93_4.png,IRF,56
93_4.png,IRF,17
93_4.png,IRF,25
93_5.png,IRF,18
93_5.png,IRF,22
93_6.png,IRF,43
93_7.png,IRF,23
93_8.png,IRF,40
93_8.png,IRF,67
94_1.png,SRF,961
94_10.png,SRF,337
94_10.png,SRF,208
94_10.png,SRF,4
94_2.png,SRF,323
94_2.png,SRF,957
94_3.png,SRF,318
94_3.png,SRF,651
94_4.png,SRF,392
94_4.png,SRF,320
94_4.png,PED,582
94_5.png,SRF,445
94_5.png,SRF,148
94_5.png,PED,804
94_6.png,SRF,284
94_6.png,SRF,114
94_6.png,PED,845
94_7.png,SRF,207
94_7.png,PED,657
94_8.png,SRF,503
94_8.png,PED,326
94_9.png,SRF,675
94_9.png,PED,245
95_1.png,PED,129
95_10.png,PED,57
95_2.png,PED,115
95_2.png,PED,167
95_3.png,PED,275
95_3.png,PED,81
95_4.png,PED,47
95_4.png,PED,48
95_4.png,PED,322
95_4.png,PED,134
95_5.png,PED,986
95_6.png,PED,646
95_7.png,PED,616
95_8.png,PED,536
96_1.png,SRF,6891
96_1.png,PED,688
96_10.png,SRF,4534
96_10.png,SRF,1013
96_10.png,PED,211
96_11.png,SRF,5684
96_11.png,PED,317
96_12.png,SRF,5772
96_12.png,PED,57
96_12.png,PED,36
96_2.png,SRF,7273
96_2.png,PED,352
96_3.png,SRF,7751
96_4.png,SRF,7725
96_5.png,SRF,7823
96_6.png,SRF,7314
96_7.png,SRF,6818
96_7.png,PED,518
96_8.png,SRF,6345
96_8.png,IRF,260
96_8.png,PED,207
96_9.png,SRF,4796
96_9.png,SRF,1066
96_9.png,PED,319
97_1.png,PED,100
97_1.png,PED,105
97_1.png,PED,136
97_10.png,IRF,57
97_11.png,PED,594
97_12.png,PED,863
97_2.png,PED,100
97_2.png,PED,1630
97_2.png,PED,43
97_3.png,PED,3625
97_3.png,PED,77
97_4.png,PED,5752
97_4.png,PED,47
97_5.png,PED,8540
97_6.png,IRF,60
97_6.png,PED,76
97_8.png,IRF,110
97_8.png,PED,169
98_1.png,IRF,35
98_1.png,PED,311
98_2.png,PED,676
98_3.png,SRF,204
98_3.png,PED,843
98_4.png,SRF,429
98_4.png,PED,398
98_5.png,SRF,622
98_5.png,PED,300
98_6.png,SRF,833
98_7.png,SRF,740
98_8.png,SRF,829
98_9.png,SRF,522
98_9.png,IRF,53
99_1.png,SRF,43
99_1.png,IRF,45
99_1.png,IRF,223
99_1.png,IRF,109
99_1.png,IRF,1018
99_1.png,IRF,245
99_1.png,IRF,34
99_1.png,PED,10097
99_10.png,IRF,32
99_10.png,IRF,55
99_10.png,IRF,178
99_10.png,IRF,126
99_10.png,IRF,187
99_10.png,IRF,79
99_10.png,IRF,157
99_10.png,IRF,51
99_10.png,IRF,9
99_10.png,IRF,208
99_10.png,IRF,68
99_10.png,IRF,54
99_10.png,IRF,108
99_10.png,IRF,177
99_10.png,PED,8692
99_11.png,IRF,167
99_11.png,IRF,166
99_11.png,IRF,77
99_11.png,IRF,128
99_11.png,IRF,46
99_11.png,IRF,97
99_11.png,IRF,345
99_11.png,IRF,17
99_11.png,IRF,134
99_11.png,IRF,34
99_11.png,PED,6826
99_12.png,IRF,142
99_12.png,IRF,41
99_12.png,IRF,53
99_12.png,IRF,225
99_12.png,IRF,88
99_12.png,IRF,543
99_12.png,IRF,40
99_12.png,PED,8327
99_13.png,IRF,36
99_13.png,IRF,242
99_13.png,IRF,200
99_13.png,IRF,44
99_13.png,IRF,28
99_13.png,IRF,382
99_13.png,IRF,88
99_13.png,PED,8071
99_14.png,IRF,19
99_14.png,IRF,11
99_14.png,IRF,30
99_14.png,IRF,166
99_14.png,IRF,181
99_14.png,IRF,130
99_14.png,IRF,76
99_14.png,IRF,77
99_14.png,IRF,90
99_14.png,PED,7109
99_15.png,IRF,32
99_15.png,IRF,320
99_15.png,IRF,24
99_15.png,IRF,66
99_15.png,IRF,89
99_15.png,IRF,17
99_15.png,IRF,280
99_15.png,IRF,55
99_15.png,PED,8114
99_16.png,IRF,28
99_16.png,IRF,45
99_16.png,IRF,73
99_16.png,IRF,166
99_16.png,IRF,47
99_16.png,IRF,110
99_16.png,IRF,46
99_16.png,IRF,165
99_16.png,IRF,69
99_16.png,IRF,152
99_16.png,IRF,45
99_16.png,PED,8418
99_17.png,IRF,41
99_17.png,IRF,255
99_17.png,IRF,80
99_17.png,IRF,90
99_17.png,IRF,421
99_17.png,IRF,24
99_17.png,PED,8829
99_18.png,IRF,38
99_18.png,IRF,12
99_18.png,IRF,186
99_18.png,IRF,76
99_18.png,IRF,87
99_18.png,IRF,11
99_18.png,IRF,170
99_18.png,IRF,405
99_18.png,IRF,237
99_18.png,IRF,93
99_18.png,IRF,10
99_18.png,IRF,9
99_18.png,PED,8571
99_19.png,IRF,62
99_19.png,IRF,31
99_19.png,IRF,182
99_19.png,IRF,5
99_19.png,IRF,97
99_19.png,IRF,367
99_19.png,IRF,144
99_19.png,IRF,223
99_19.png,IRF,77
99_19.png,IRF,15
99_19.png,PED,8740
99_2.png,IRF,82
99_2.png,IRF,199
99_2.png,IRF,228
99_2.png,IRF,46
99_2.png,IRF,43
99_2.png,IRF,22
99_2.png,IRF,224
99_2.png,IRF,118
99_2.png,IRF,43
99_2.png,IRF,76
99_2.png,IRF,122
99_2.png,IRF,341
99_2.png,IRF,75
99_2.png,IRF,108
99_2.png,IRF,18
99_2.png,IRF,264
99_2.png,IRF,62
99_2.png,PED,10769
99_20.png,IRF,305
99_20.png,IRF,349
99_20.png,IRF,181
99_20.png,IRF,62
99_20.png,IRF,364
99_20.png,IRF,61
99_20.png,PED,9541
99_21.png,IRF,278
99_21.png,IRF,276
99_21.png,IRF,28
99_21.png,IRF,642
99_21.png,IRF,180
99_21.png,IRF,21
99_21.png,IRF,576
99_21.png,IRF,28
99_21.png,IRF,109
99_21.png,PED,9444
99_22.png,IRF,330
99_22.png,IRF,160
99_22.png,IRF,52
99_22.png,IRF,75
99_22.png,IRF,243
99_22.png,IRF,79
99_22.png,IRF,308
99_22.png,IRF,59
99_22.png,IRF,12
99_22.png,IRF,16
99_22.png,PED,7064
99_3.png,IRF,192
99_3.png,IRF,49
99_3.png,IRF,125
99_3.png,IRF,89
99_3.png,IRF,48
99_3.png,IRF,110
99_3.png,IRF,154
99_3.png,IRF,100
99_3.png,IRF,11
99_3.png,IRF,122
99_3.png,IRF,433
99_3.png,IRF,241
99_3.png,PED,9459
99_4.png,IRF,22
99_4.png,IRF,68
99_4.png,IRF,121
99_4.png,IRF,56
99_4.png,IRF,48
99_4.png,IRF,33
99_4.png,IRF,86
99_4.png,IRF,175
99_4.png,IRF,360
99_4.png,IRF,312
99_4.png,IRF,294
99_4.png,IRF,45
99_4.png,IRF,248
99_4.png,IRF,119
99_4.png,PED,7060
99_5.png,IRF,7
99_5.png,IRF,169
99_5.png,IRF,96
99_5.png,IRF,331
99_5.png,IRF,98
99_5.png,IRF,77
99_5.png,IRF,145
99_5.png,IRF,66
99_5.png,IRF,526
99_5.png,IRF,59
99_5.png,IRF,206
99_5.png,PED,7123
99_6.png,IRF,86
99_6.png,IRF,129
99_6.png,IRF,155
99_6.png,IRF,523
99_6.png,IRF,83
99_6.png,IRF,174
99_6.png,IRF,18
99_6.png,IRF,172
99_6.png,IRF,13
99_6.png,IRF,80
99_6.png,IRF,300
99_6.png,IRF,19
99_6.png,IRF,7
99_6.png,IRF,139
99_6.png,IRF,313
99_6.png,IRF,52
99_6.png,IRF,13
99_6.png,IRF,21
99_6.png,IRF,306
99_6.png,IRF,187
99_6.png,PED,9067
99_7.png,IRF,167
99_7.png,IRF,29
99_7.png,IRF,21
99_7.png,IRF,63
99_7.png,IRF,147
99_7.png,IRF,764
99_7.png,IRF,50
99_7.png,IRF,130
99_7.png,IRF,92
99_7.png,IRF,204
99_7.png,PED,9619
99_8.png,SRF,92
99_8.png,IRF,118
99_8.png,IRF,32
99_8.png,IRF,28
99_8.png,IRF,20
99_8.png,IRF,77
99_8.png,IRF,321
99_8.png,IRF,250
99_8.png,IRF,318
99_8.png,IRF,40
99_8.png,IRF,216
99_8.png,IRF,14
99_8.png,PED,8757
99_9.png,IRF,18
99_9.png,IRF,486
99_9.png,IRF,72
99_9.png,IRF,493
99_9.png,IRF,157
99_9.png,IRF,114
99_9.png,IRF,56
99_9.png,IRF,208
99_9.png,IRF,51
99_9.png,IRF,234
99_9.png,PED,10318
9_1.png,SRF,144
9_1.png,SRF,135
9_1.png,PED,489
9_10.png,SRF,274
9_10.png,SRF,277
9_2.png,SRF,173
9_2.png,SRF,347
9_2.png,PED,380
9_3.png,SRF,281
9_3.png,SRF,615
9_3.png,PED,273
9_5.png,SRF,953
9_6.png,SRF,91
9_6.png,SRF,308
9_8.png,SRF,659
9_9.png,SRF,102
9_9.png,SRF,150
