cls,threshold,specificity,recall_subpatch,recall_all,n_subpatch,n_positive,youden_threshold
IRF,0.002,0.12111801242236025,1.0,1.0,79,118,0.16
IRF,0.004,0.2484472049689441,0.9746835443037974,0.9830508474576272,79,118,0.16
IRF,0.006,0.33229813664596275,0.9620253164556962,0.9745762711864406,79,118,0.16
IRF,0.008,0.4254658385093168,0.9367088607594937,0.9576271186440678,79,118,0.16
IRF,0.01,0.4720496894409938,0.9113924050632911,0.940677966101695,79,118,0.16
IRF,0.012,0.4968944099378882,0.8987341772151899,0.9322033898305084,79,118,0.16
IRF,0.014,0.5248447204968945,0.8987341772151899,0.9322033898305084,79,118,0.16
IRF,0.016,0.5372670807453416,0.8860759493670886,0.923728813559322,79,118,0.16
IRF,0.018000000000000002,0.562111801242236,0.8860759493670886,0.923728813559322,79,118,0.16
IRF,0.020000000000000004,0.577639751552795,0.8860759493670886,0.923728813559322,79,118,0.16
IRF,0.022,0.5838509316770186,0.8860759493670886,0.923728813559322,79,118,0.16
IRF,0.024,0.6055900621118012,0.8734177215189873,0.9152542372881356,79,118,0.16
IRF,0.026000000000000002,0.6118012422360248,0.8734177215189873,0.9152542372881356,79,118,0.16
IRF,0.028000000000000004,0.6273291925465838,0.8734177215189873,0.9152542372881356,79,118,0.16
IRF,0.03,0.6428571428571429,0.8734177215189873,0.9152542372881356,79,118,0.16
IRF,0.032,0.6490683229813664,0.8734177215189873,0.9067796610169492,79,118,0.16
IRF,0.034,0.6583850931677019,0.8734177215189873,0.9067796610169492,79,118,0.16
IRF,0.036000000000000004,0.6645962732919255,0.8734177215189873,0.9067796610169492,79,118,0.16
IRF,0.038000000000000006,0.6677018633540373,0.8734177215189873,0.9067796610169492,79,118,0.16
IRF,0.04,0.6770186335403726,0.8607594936708861,0.8983050847457628,79,118,0.16
IRF,0.042,0.6801242236024845,0.8607594936708861,0.8983050847457628,79,118,0.16
IRF,0.044000000000000004,0.6832298136645962,0.8481012658227848,0.8898305084745762,79,118,0.16
IRF,0.046,0.7018633540372671,0.8481012658227848,0.8898305084745762,79,118,0.16
IRF,0.048,0.717391304347826,0.8481012658227848,0.8898305084745762,79,118,0.16
IRF,0.05,0.7236024844720497,0.8481012658227848,0.8898305084745762,79,118,0.16
IRF,0.052000000000000005,0.7267080745341615,0.8481012658227848,0.8898305084745762,79,118,0.16
IRF,0.054000000000000006,0.7267080745341615,0.8481012658227848,0.8898305084745762,79,118,0.16
IRF,0.056,0.7298136645962733,0.8481012658227848,0.8898305084745762,79,118,0.16
IRF,0.058,0.7391304347826086,0.8481012658227848,0.8898305084745762,79,118,0.16
IRF,0.060000000000000005,0.7422360248447205,0.8227848101265823,0.8728813559322034,79,118,0.16
IRF,0.062,0.7484472049689441,0.8227848101265823,0.8728813559322034,79,118,0.16
IRF,0.064,0.7546583850931677,0.8227848101265823,0.8728813559322034,79,118,0.16
IRF,0.066,0.7546583850931677,0.8227848101265823,0.8728813559322034,79,118,0.16
IRF,0.068,0.7608695652173914,0.810126582278481,0.864406779661017,79,118,0.16
IRF,0.07,0.7732919254658385,0.810126582278481,0.8559322033898306,79,118,0.16
IRF,0.07200000000000001,0.7763975155279503,0.810126582278481,0.8559322033898306,79,118,0.16
IRF,0.07400000000000001,0.782608695652174,0.810126582278481,0.8559322033898306,79,118,0.16
IRF,0.076,0.7857142857142857,0.7974683544303798,0.847457627118644,79,118,0.16
IRF,0.078,0.7919254658385093,0.7974683544303798,0.847457627118644,79,118,0.16
IRF,0.08,0.7950310559006211,0.7974683544303798,0.847457627118644,79,118,0.16
IRF,0.082,0.7981366459627329,0.759493670886076,0.8220338983050848,79,118,0.16
IRF,0.084,0.8043478260869565,0.759493670886076,0.8220338983050848,79,118,0.16
IRF,0.08600000000000001,0.8074534161490683,0.759493670886076,0.8220338983050848,79,118,0.16
IRF,0.08800000000000001,0.8105590062111802,0.7468354430379747,0.8135593220338984,79,118,0.16
IRF,0.09,0.8167701863354038,0.7468354430379747,0.8135593220338984,79,118,0.16
IRF,0.092,0.8198757763975155,0.7341772151898734,0.8050847457627118,79,118,0.16
IRF,0.094,0.8229813664596274,0.7341772151898734,0.8050847457627118,79,118,0.16
IRF,0.096,0.8229813664596274,0.7341772151898734,0.8050847457627118,79,118,0.16
IRF,0.098,0.8260869565217391,0.7215189873417721,0.7966101694915254,79,118,0.16
IRF,0.1,0.8260869565217391,0.7215189873417721,0.7966101694915254,79,118,0.16
IRF,0.10200000000000001,0.8291925465838509,0.7215189873417721,0.7966101694915254,79,118,0.16
IRF,0.10400000000000001,0.8322981366459627,0.7215189873417721,0.7966101694915254,79,118,0.16
IRF,0.10600000000000001,0.8322981366459627,0.7215189873417721,0.7966101694915254,79,118,0.16
IRF,0.108,0.8385093167701864,0.6962025316455697,0.7796610169491526,79,118,0.16
IRF,0.11,0.84472049689441,0.6962025316455697,0.7796610169491526,79,118,0.16
IRF,0.112,0.8509316770186336,0.6962025316455697,0.7796610169491526,79,118,0.16
IRF,0.114,0.8540372670807453,0.6962025316455697,0.7796610169491526,79,118,0.16
IRF,0.116,0.8571428571428571,0.6962025316455697,0.7796610169491526,79,118,0.16
IRF,0.11800000000000001,0.860248447204969,0.6962025316455697,0.7796610169491526,79,118,0.16
IRF,0.12000000000000001,0.860248447204969,0.6962025316455697,0.7796610169491526,79,118,0.16
IRF,0.122,0.860248447204969,0.6962025316455697,0.7796610169491526,79,118,0.16
IRF,0.124,0.8664596273291926,0.6962025316455697,0.7796610169491526,79,118,0.16
IRF,0.126,0.8695652173913043,0.6962025316455697,0.7796610169491526,79,118,0.16
IRF,0.128,0.8726708074534162,0.6962025316455697,0.7796610169491526,79,118,0.16
IRF,0.13,0.8726708074534162,0.6962025316455697,0.7796610169491526,79,118,0.16
IRF,0.132,0.8757763975155279,0.6962025316455697,0.7796610169491526,79,118,0.16
IRF,0.134,0.8757763975155279,0.6962025316455697,0.7796610169491526,79,118,0.16
IRF,0.136,0.8757763975155279,0.6962025316455697,0.7796610169491526,79,118,0.16
IRF,0.138,0.8788819875776398,0.6835443037974683,0.7711864406779662,79,118,0.16
IRF,0.14,0.8819875776397516,0.6835443037974683,0.7711864406779662,79,118,0.16
IRF,0.14200000000000002,0.8850931677018633,0.6835443037974683,0.7711864406779662,79,118,0.16
IRF,0.14400000000000002,0.8850931677018633,0.6835443037974683,0.7711864406779662,79,118,0.16
IRF,0.14600000000000002,0.8881987577639752,0.6835443037974683,0.7711864406779662,79,118,0.16
IRF,0.148,0.8881987577639752,0.6835443037974683,0.7711864406779662,79,118,0.16
IRF,0.15,0.8881987577639752,0.6835443037974683,0.7711864406779662,79,118,0.16
IRF,0.152,0.8975155279503105,0.6835443037974683,0.7711864406779662,79,118,0.16
IRF,0.154,0.8975155279503105,0.6708860759493671,0.7627118644067796,79,118,0.16
IRF,0.156,0.8975155279503105,0.6708860759493671,0.7627118644067796,79,118,0.16
IRF,0.158,0.9006211180124224,0.6708860759493671,0.7627118644067796,79,118,0.16
IRF,0.16,0.9006211180124224,0.6708860759493671,0.7627118644067796,79,118,0.16
IRF,0.162,0.9006211180124224,0.6708860759493671,0.7627118644067796,79,118,0.16
IRF,0.164,0.9006211180124224,0.6708860759493671,0.7627118644067796,79,118,0.16
IRF,0.166,0.9006211180124224,0.6708860759493671,0.7627118644067796,79,118,0.16
IRF,0.168,0.9006211180124224,0.6708860759493671,0.7627118644067796,79,118,0.16
IRF,0.17,0.9006211180124224,0.6708860759493671,0.7627118644067796,79,118,0.16
IRF,0.17200000000000001,0.9006211180124224,0.6708860759493671,0.7627118644067796,79,118,0.16
IRF,0.17400000000000002,0.9037267080745341,0.6708860759493671,0.7627118644067796,79,118,0.16
IRF,0.17600000000000002,0.9037267080745341,0.6582278481012658,0.7542372881355932,79,118,0.16
IRF,0.178,0.9037267080745341,0.6582278481012658,0.7542372881355932,79,118,0.16
IRF,0.18,0.9037267080745341,0.6582278481012658,0.7542372881355932,79,118,0.16
IRF,0.182,0.9037267080745341,0.6329113924050633,0.7372881355932204,79,118,0.16
IRF,0.184,0.9037267080745341,0.6329113924050633,0.7372881355932204,79,118,0.16
IRF,0.186,0.9037267080745341,0.6329113924050633,0.7372881355932204,79,118,0.16
IRF,0.188,0.9037267080745341,0.6329113924050633,0.7372881355932204,79,118,0.16
IRF,0.19,0.906832298136646,0.6329113924050633,0.7372881355932204,79,118,0.16
IRF,0.192,0.906832298136646,0.6329113924050633,0.7372881355932204,79,118,0.16
IRF,0.194,0.906832298136646,0.6329113924050633,0.7372881355932204,79,118,0.16
IRF,0.196,0.906832298136646,0.620253164556962,0.7288135593220338,79,118,0.16
IRF,0.198,0.906832298136646,0.620253164556962,0.7288135593220338,79,118,0.16
IRF,0.2,0.906832298136646,0.620253164556962,0.7288135593220338,79,118,0.16
IRF,0.202,0.9099378881987578,0.620253164556962,0.7288135593220338,79,118,0.16
IRF,0.20400000000000001,0.9099378881987578,0.620253164556962,0.7288135593220338,79,118,0.16
IRF,0.20600000000000002,0.9099378881987578,0.620253164556962,0.7288135593220338,79,118,0.16
IRF,0.20800000000000002,0.9099378881987578,0.620253164556962,0.7288135593220338,79,118,0.16
IRF,0.21000000000000002,0.9161490683229814,0.620253164556962,0.7288135593220338,79,118,0.16
IRF,0.212,0.9161490683229814,0.620253164556962,0.7288135593220338,79,118,0.16
IRF,0.214,0.9161490683229814,0.620253164556962,0.7288135593220338,79,118,0.16
IRF,0.216,0.9161490683229814,0.620253164556962,0.7288135593220338,79,118,0.16
IRF,0.218,0.9161490683229814,0.620253164556962,0.7288135593220338,79,118,0.16
IRF,0.22,0.9161490683229814,0.620253164556962,0.7288135593220338,79,118,0.16
IRF,0.222,0.9161490683229814,0.620253164556962,0.7288135593220338,79,118,0.16
IRF,0.224,0.9161490683229814,0.620253164556962,0.7288135593220338,79,118,0.16
IRF,0.226,0.9161490683229814,0.620253164556962,0.7288135593220338,79,118,0.16
IRF,0.228,0.9192546583850931,0.620253164556962,0.7288135593220338,79,118,0.16
IRF,0.23,0.9192546583850931,0.620253164556962,0.7288135593220338,79,118,0.16
IRF,0.232,0.9192546583850931,0.620253164556962,0.7288135593220338,79,118,0.16
IRF,0.234,0.9192546583850931,0.620253164556962,0.7288135593220338,79,118,0.16
IRF,0.23600000000000002,0.9192546583850931,0.620253164556962,0.7288135593220338,79,118,0.16
IRF,0.23800000000000002,0.9192546583850931,0.6075949367088608,0.7203389830508474,79,118,0.16
IRF,0.24000000000000002,0.9192546583850931,0.6075949367088608,0.7203389830508474,79,118,0.16
IRF,0.242,0.9192546583850931,0.6075949367088608,0.7203389830508474,79,118,0.16
IRF,0.244,0.9192546583850931,0.6075949367088608,0.7203389830508474,79,118,0.16
IRF,0.246,0.9192546583850931,0.5949367088607594,0.711864406779661,79,118,0.16
IRF,0.248,0.9192546583850931,0.5949367088607594,0.711864406779661,79,118,0.16
IRF,0.25,0.9192546583850931,0.5949367088607594,0.711864406779661,79,118,0.16
IRF,0.252,0.9192546583850931,0.5949367088607594,0.711864406779661,79,118,0.16
IRF,0.254,0.9192546583850931,0.5949367088607594,0.711864406779661,79,118,0.16
IRF,0.256,0.9254658385093167,0.5949367088607594,0.711864406779661,79,118,0.16
IRF,0.258,0.9254658385093167,0.5822784810126582,0.7033898305084746,79,118,0.16
IRF,0.26,0.9254658385093167,0.5822784810126582,0.7033898305084746,79,118,0.16
IRF,0.262,0.9254658385093167,0.5822784810126582,0.7033898305084746,79,118,0.16
IRF,0.264,0.9254658385093167,0.5822784810126582,0.7033898305084746,79,118,0.16
IRF,0.266,0.9254658385093167,0.5822784810126582,0.7033898305084746,79,118,0.16
IRF,0.268,0.9254658385093167,0.5822784810126582,0.7033898305084746,79,118,0.16
IRF,0.27,0.9285714285714286,0.5822784810126582,0.7033898305084746,79,118,0.16
IRF,0.272,0.9285714285714286,0.5822784810126582,0.7033898305084746,79,118,0.16
IRF,0.274,0.9285714285714286,0.569620253164557,0.6949152542372882,79,118,0.16
IRF,0.276,0.9285714285714286,0.5569620253164557,0.6864406779661016,79,118,0.16
IRF,0.278,0.9285714285714286,0.5569620253164557,0.6864406779661016,79,118,0.16
IRF,0.28,0.9285714285714286,0.5569620253164557,0.6864406779661016,79,118,0.16
IRF,0.28200000000000003,0.9285714285714286,0.5569620253164557,0.6864406779661016,79,118,0.16
IRF,0.28400000000000003,0.9285714285714286,0.5569620253164557,0.6864406779661016,79,118,0.16
IRF,0.28600000000000003,0.9285714285714286,0.5569620253164557,0.6864406779661016,79,118,0.16
IRF,0.28800000000000003,0.9285714285714286,0.5443037974683544,0.6779661016949152,79,118,0.16
IRF,0.29000000000000004,0.9285714285714286,0.5443037974683544,0.6779661016949152,79,118,0.16
IRF,0.292,0.9285714285714286,0.5443037974683544,0.6779661016949152,79,118,0.16
IRF,0.294,0.9285714285714286,0.5443037974683544,0.6779661016949152,79,118,0.16
IRF,0.296,0.9285714285714286,0.5443037974683544,0.6779661016949152,79,118,0.16
IRF,0.298,0.9285714285714286,0.5443037974683544,0.6779661016949152,79,118,0.16
IRF,0.3,0.9316770186335404,0.5443037974683544,0.6779661016949152,79,118,0.16
IRF,0.302,0.9316770186335404,0.5443037974683544,0.6779661016949152,79,118,0.16
IRF,0.304,0.9316770186335404,0.5443037974683544,0.6779661016949152,79,118,0.16
IRF,0.306,0.9316770186335404,0.5443037974683544,0.6779661016949152,79,118,0.16
IRF,0.308,0.9316770186335404,0.5443037974683544,0.6779661016949152,79,118,0.16
IRF,0.31,0.9316770186335404,0.5443037974683544,0.6779661016949152,79,118,0.16
IRF,0.312,0.9316770186335404,0.5443037974683544,0.6779661016949152,79,118,0.16
IRF,0.314,0.9316770186335404,0.5443037974683544,0.6779661016949152,79,118,0.16
IRF,0.316,0.9316770186335404,0.5443037974683544,0.6779661016949152,79,118,0.16
IRF,0.318,0.9316770186335404,0.5443037974683544,0.6779661016949152,79,118,0.16
IRF,0.32,0.9316770186335404,0.5443037974683544,0.6779661016949152,79,118,0.16
IRF,0.322,0.9316770186335404,0.5443037974683544,0.6779661016949152,79,118,0.16
IRF,0.324,0.9316770186335404,0.5443037974683544,0.6779661016949152,79,118,0.16
IRF,0.326,0.9316770186335404,0.5443037974683544,0.6779661016949152,79,118,0.16
IRF,0.328,0.9316770186335404,0.5443037974683544,0.6779661016949152,79,118,0.16
IRF,0.33,0.9316770186335404,0.5443037974683544,0.6779661016949152,79,118,0.16
IRF,0.332,0.9316770186335404,0.5443037974683544,0.6779661016949152,79,118,0.16
IRF,0.334,0.9316770186335404,0.5443037974683544,0.6779661016949152,79,118,0.16
IRF,0.336,0.9316770186335404,0.5443037974683544,0.6779661016949152,79,118,0.16
IRF,0.338,0.9316770186335404,0.5443037974683544,0.6779661016949152,79,118,0.16
IRF,0.34,0.9316770186335404,0.5443037974683544,0.6779661016949152,79,118,0.16
IRF,0.342,0.9316770186335404,0.5443037974683544,0.6779661016949152,79,118,0.16
IRF,0.34400000000000003,0.9316770186335404,0.5443037974683544,0.6779661016949152,79,118,0.16
IRF,0.34600000000000003,0.9316770186335404,0.5443037974683544,0.6779661016949152,79,118,0.16
IRF,0.34800000000000003,0.9316770186335404,0.5443037974683544,0.6779661016949152,79,118,0.16
IRF,0.35000000000000003,0.9316770186335404,0.5443037974683544,0.6779661016949152,79,118,0.16
IRF,0.35200000000000004,0.9316770186335404,0.5443037974683544,0.6779661016949152,79,118,0.16
IRF,0.354,0.9316770186335404,0.5443037974683544,0.6779661016949152,79,118,0.16
IRF,0.356,0.9316770186335404,0.5443037974683544,0.6779661016949152,79,118,0.16
IRF,0.358,0.9316770186335404,0.5443037974683544,0.6779661016949152,79,118,0.16
IRF,0.36,0.9316770186335404,0.5443037974683544,0.6779661016949152,79,118,0.16
IRF,0.362,0.9316770186335404,0.5443037974683544,0.6779661016949152,79,118,0.16
IRF,0.364,0.9316770186335404,0.5443037974683544,0.6779661016949152,79,118,0.16
IRF,0.366,0.9316770186335404,0.5189873417721519,0.6610169491525424,79,118,0.16
IRF,0.368,0.9347826086956522,0.5189873417721519,0.6610169491525424,79,118,0.16
IRF,0.37,0.9347826086956522,0.5189873417721519,0.6610169491525424,79,118,0.16
IRF,0.372,0.9347826086956522,0.5189873417721519,0.6610169491525424,79,118,0.16
IRF,0.374,0.9347826086956522,0.5189873417721519,0.6610169491525424,79,118,0.16
IRF,0.376,0.9347826086956522,0.5189873417721519,0.6610169491525424,79,118,0.16
IRF,0.378,0.9347826086956522,0.5189873417721519,0.6610169491525424,79,118,0.16
IRF,0.38,0.9347826086956522,0.5189873417721519,0.6610169491525424,79,118,0.16
IRF,0.382,0.9347826086956522,0.5189873417721519,0.6610169491525424,79,118,0.16
IRF,0.384,0.9347826086956522,0.5189873417721519,0.6610169491525424,79,118,0.16
IRF,0.386,0.9347826086956522,0.5189873417721519,0.6610169491525424,79,118,0.16
IRF,0.388,0.9347826086956522,0.5189873417721519,0.6610169491525424,79,118,0.16
IRF,0.39,0.9347826086956522,0.5189873417721519,0.6610169491525424,79,118,0.16
IRF,0.392,0.9347826086956522,0.5189873417721519,0.6610169491525424,79,118,0.16
IRF,0.394,0.9347826086956522,0.5189873417721519,0.6610169491525424,79,118,0.16
IRF,0.396,0.9347826086956522,0.5189873417721519,0.6610169491525424,79,118,0.16
IRF,0.398,0.9347826086956522,0.5189873417721519,0.6610169491525424,79,118,0.16
IRF,0.4,0.9347826086956522,0.5189873417721519,0.6610169491525424,79,118,0.16
IRF,0.402,0.9347826086956522,0.5189873417721519,0.6610169491525424,79,118,0.16
IRF,0.404,0.9347826086956522,0.5189873417721519,0.6610169491525424,79,118,0.16
IRF,0.406,0.9347826086956522,0.5189873417721519,0.6610169491525424,79,118,0.16
IRF,0.40800000000000003,0.9347826086956522,0.5189873417721519,0.6610169491525424,79,118,0.16
IRF,0.41000000000000003,0.9347826086956522,0.5189873417721519,0.6610169491525424,79,118,0.16
IRF,0.41200000000000003,0.9347826086956522,0.5189873417721519,0.6610169491525424,79,118,0.16
IRF,0.41400000000000003,0.9347826086956522,0.5189873417721519,0.6610169491525424,79,118,0.16
IRF,0.41600000000000004,0.9347826086956522,0.5189873417721519,0.6610169491525424,79,118,0.16
IRF,0.41800000000000004,0.9347826086956522,0.5189873417721519,0.6610169491525424,79,118,0.16
IRF,0.42,0.9347826086956522,0.5189873417721519,0.6610169491525424,79,118,0.16
IRF,0.422,0.9347826086956522,0.5189873417721519,0.6610169491525424,79,118,0.16
IRF,0.424,0.9347826086956522,0.5063291139240507,0.652542372881356,79,118,0.16
IRF,0.426,0.9347826086956522,0.5063291139240507,0.652542372881356,79,118,0.16
IRF,0.428,0.9347826086956522,0.5063291139240507,0.652542372881356,79,118,0.16
IRF,0.43,0.9347826086956522,0.5063291139240507,0.652542372881356,79,118,0.16
IRF,0.432,0.9347826086956522,0.5063291139240507,0.652542372881356,79,118,0.16
IRF,0.434,0.9347826086956522,0.5063291139240507,0.652542372881356,79,118,0.16
IRF,0.436,0.9347826086956522,0.5063291139240507,0.652542372881356,79,118,0.16
IRF,0.438,0.9347826086956522,0.5063291139240507,0.652542372881356,79,118,0.16
IRF,0.44,0.9347826086956522,0.4936708860759494,0.6440677966101694,79,118,0.16
IRF,0.442,0.9347826086956522,0.4936708860759494,0.6440677966101694,79,118,0.16
IRF,0.444,0.9347826086956522,0.4936708860759494,0.6440677966101694,79,118,0.16
IRF,0.446,0.9347826086956522,0.4936708860759494,0.6440677966101694,79,118,0.16
IRF,0.448,0.9347826086956522,0.4936708860759494,0.6440677966101694,79,118,0.16
IRF,0.45,0.9347826086956522,0.4936708860759494,0.6440677966101694,79,118,0.16
IRF,0.452,0.9347826086956522,0.4936708860759494,0.6440677966101694,79,118,0.16
IRF,0.454,0.9347826086956522,0.4936708860759494,0.6440677966101694,79,118,0.16
IRF,0.456,0.9347826086956522,0.4936708860759494,0.6440677966101694,79,118,0.16
IRF,0.458,0.9347826086956522,0.4936708860759494,0.6440677966101694,79,118,0.16
IRF,0.46,0.9347826086956522,0.4936708860759494,0.6440677966101694,79,118,0.16
IRF,0.462,0.9347826086956522,0.4936708860759494,0.6440677966101694,79,118,0.16
IRF,0.464,0.9347826086956522,0.4936708860759494,0.6440677966101694,79,118,0.16
IRF,0.466,0.9347826086956522,0.4936708860759494,0.6440677966101694,79,118,0.16
IRF,0.468,0.937888198757764,0.4936708860759494,0.6440677966101694,79,118,0.16
IRF,0.47000000000000003,0.937888198757764,0.4936708860759494,0.6440677966101694,79,118,0.16
IRF,0.47200000000000003,0.937888198757764,0.4936708860759494,0.6440677966101694,79,118,0.16
IRF,0.47400000000000003,0.937888198757764,0.4936708860759494,0.6440677966101694,79,118,0.16
IRF,0.47600000000000003,0.937888198757764,0.4936708860759494,0.6440677966101694,79,118,0.16
IRF,0.47800000000000004,0.937888198757764,0.4936708860759494,0.6440677966101694,79,118,0.16
IRF,0.48000000000000004,0.937888198757764,0.4936708860759494,0.6440677966101694,79,118,0.16
IRF,0.482,0.937888198757764,0.4936708860759494,0.6440677966101694,79,118,0.16
IRF,0.484,0.937888198757764,0.4936708860759494,0.6440677966101694,79,118,0.16
IRF,0.486,0.9409937888198758,0.4936708860759494,0.6440677966101694,79,118,0.16
IRF,0.488,0.9409937888198758,0.4936708860759494,0.6440677966101694,79,118,0.16
IRF,0.49,0.9409937888198758,0.4936708860759494,0.6440677966101694,79,118,0.16
IRF,0.492,0.9409937888198758,0.4936708860759494,0.6440677966101694,79,118,0.16
IRF,0.494,0.9409937888198758,0.4936708860759494,0.6440677966101694,79,118,0.16
IRF,0.496,0.9409937888198758,0.4936708860759494,0.6440677966101694,79,118,0.16
IRF,0.498,0.9409937888198758,0.4936708860759494,0.6440677966101694,79,118,0.16
IRF,0.5,0.9409937888198758,0.4936708860759494,0.6440677966101694,79,118,0.16
IRF,0.502,0.9409937888198758,0.4936708860759494,0.6440677966101694,79,118,0.16
IRF,0.504,0.9409937888198758,0.4936708860759494,0.6440677966101694,79,118,0.16
IRF,0.506,0.9440993788819876,0.4936708860759494,0.6440677966101694,79,118,0.16
IRF,0.508,0.9440993788819876,0.4810126582278481,0.635593220338983,79,118,0.16
IRF,0.51,0.9440993788819876,0.4810126582278481,0.635593220338983,79,118,0.16
IRF,0.512,0.9440993788819876,0.45569620253164556,0.6186440677966102,79,118,0.16
IRF,0.514,0.9440993788819876,0.45569620253164556,0.6186440677966102,79,118,0.16
IRF,0.516,0.9440993788819876,0.45569620253164556,0.6186440677966102,79,118,0.16
IRF,0.518,0.9440993788819876,0.45569620253164556,0.6186440677966102,79,118,0.16
IRF,0.52,0.9440993788819876,0.45569620253164556,0.6186440677966102,79,118,0.16
IRF,0.522,0.9472049689440993,0.45569620253164556,0.6186440677966102,79,118,0.16
IRF,0.524,0.9472049689440993,0.45569620253164556,0.6186440677966102,79,118,0.16
IRF,0.526,0.9472049689440993,0.45569620253164556,0.6186440677966102,79,118,0.16
IRF,0.528,0.9472049689440993,0.45569620253164556,0.6186440677966102,79,118,0.16
IRF,0.53,0.9472049689440993,0.45569620253164556,0.6186440677966102,79,118,0.16
IRF,0.532,0.9472049689440993,0.45569620253164556,0.6186440677966102,79,118,0.16
IRF,0.534,0.9472049689440993,0.45569620253164556,0.6186440677966102,79,118,0.16
IRF,0.536,0.9472049689440993,0.4430379746835443,0.6101694915254238,79,118,0.16
IRF,0.538,0.9472049689440993,0.4430379746835443,0.6101694915254238,79,118,0.16
IRF,0.54,0.9472049689440993,0.4430379746835443,0.6101694915254238,79,118,0.16
IRF,0.542,0.9472049689440993,0.4430379746835443,0.6101694915254238,79,118,0.16
IRF,0.544,0.9472049689440993,0.4430379746835443,0.6101694915254238,79,118,0.16
IRF,0.546,0.9472049689440993,0.4430379746835443,0.6101694915254238,79,118,0.16
IRF,0.548,0.9472049689440993,0.4430379746835443,0.6101694915254238,79,118,0.16
IRF,0.55,0.9472049689440993,0.4430379746835443,0.6101694915254238,79,118,0.16
IRF,0.552,0.9472049689440993,0.4430379746835443,0.6101694915254238,79,118,0.16
IRF,0.554,0.9472049689440993,0.4430379746835443,0.6101694915254238,79,118,0.16
IRF,0.556,0.9472049689440993,0.4430379746835443,0.6101694915254238,79,118,0.16
IRF,0.558,0.9472049689440993,0.4430379746835443,0.6101694915254238,79,118,0.16
IRF,0.56,0.9472049689440993,0.4430379746835443,0.6101694915254238,79,118,0.16
IRF,0.562,0.9472049689440993,0.4430379746835443,0.6101694915254238,79,118,0.16
IRF,0.5640000000000001,0.9472049689440993,0.4430379746835443,0.6101694915254238,79,118,0.16
IRF,0.5660000000000001,0.9472049689440993,0.43037974683544306,0.6016949152542372,79,118,0.16
IRF,0.5680000000000001,0.9472049689440993,0.43037974683544306,0.6016949152542372,79,118,0.16
IRF,0.5700000000000001,0.9472049689440993,0.43037974683544306,0.6016949152542372,79,118,0.16
IRF,0.5720000000000001,0.9503105590062112,0.4177215189873418,0.5932203389830508,79,118,0.16
IRF,0.5740000000000001,0.9503105590062112,0.4177215189873418,0.5932203389830508,79,118,0.16
IRF,0.5760000000000001,0.9503105590062112,0.4177215189873418,0.5932203389830508,79,118,0.16
IRF,0.5780000000000001,0.9503105590062112,0.4177215189873418,0.5932203389830508,79,118,0.16
IRF,0.58,0.9503105590062112,0.4177215189873418,0.5932203389830508,79,118,0.16
IRF,0.582,0.9503105590062112,0.4177215189873418,0.5932203389830508,79,118,0.16
IRF,0.584,0.9503105590062112,0.4177215189873418,0.5932203389830508,79,118,0.16
IRF,0.586,0.9503105590062112,0.4050632911392405,0.5847457627118644,79,118,0.16
IRF,0.588,0.9503105590062112,0.4050632911392405,0.5847457627118644,79,118,0.16
IRF,0.59,0.9503105590062112,0.4050632911392405,0.5847457627118644,79,118,0.16
IRF,0.592,0.9503105590062112,0.4050632911392405,0.5847457627118644,79,118,0.16
IRF,0.594,0.9503105590062112,0.4050632911392405,0.5847457627118644,79,118,0.16
IRF,0.596,0.9503105590062112,0.4050632911392405,0.5847457627118644,79,118,0.16
IRF,0.598,0.9503105590062112,0.4050632911392405,0.5847457627118644,79,118,0.16
IRF,0.6,0.9503105590062112,0.4050632911392405,0.5847457627118644,79,118,0.16
IRF,0.602,0.9503105590062112,0.4050632911392405,0.5847457627118644,79,118,0.16
IRF,0.604,0.9503105590062112,0.4050632911392405,0.5847457627118644,79,118,0.16
IRF,0.606,0.953416149068323,0.3924050632911392,0.576271186440678,79,118,0.16
IRF,0.608,0.953416149068323,0.3924050632911392,0.576271186440678,79,118,0.16
IRF,0.61,0.953416149068323,0.3924050632911392,0.576271186440678,79,118,0.16
IRF,0.612,0.953416149068323,0.3924050632911392,0.5677966101694916,79,118,0.16
IRF,0.614,0.953416149068323,0.3924050632911392,0.5677966101694916,79,118,0.16
IRF,0.616,0.953416149068323,0.3924050632911392,0.5677966101694916,79,118,0.16
IRF,0.618,0.953416149068323,0.3924050632911392,0.5677966101694916,79,118,0.16
IRF,0.62,0.953416149068323,0.3924050632911392,0.5677966101694916,79,118,0.16
IRF,0.622,0.953416149068323,0.3924050632911392,0.5677966101694916,79,118,0.16
IRF,0.624,0.953416149068323,0.3924050632911392,0.5677966101694916,79,118,0.16
IRF,0.626,0.953416149068323,0.3924050632911392,0.5677966101694916,79,118,0.16
IRF,0.628,0.953416149068323,0.3924050632911392,0.5677966101694916,79,118,0.16
IRF,0.63,0.953416149068323,0.3924050632911392,0.5677966101694916,79,118,0.16
IRF,0.632,0.953416149068323,0.3924050632911392,0.5677966101694916,79,118,0.16
IRF,0.634,0.953416149068323,0.3924050632911392,0.5677966101694916,79,118,0.16
IRF,0.636,0.953416149068323,0.3924050632911392,0.5677966101694916,79,118,0.16
IRF,0.638,0.953416149068323,0.3924050632911392,0.5677966101694916,79,118,0.16
IRF,0.64,0.953416149068323,0.3924050632911392,0.5677966101694916,79,118,0.16
IRF,0.642,0.953416149068323,0.3924050632911392,0.5677966101694916,79,118,0.16
IRF,0.644,0.953416149068323,0.3924050632911392,0.5677966101694916,79,118,0.16
IRF,0.646,0.953416149068323,0.3924050632911392,0.5677966101694916,79,118,0.16
IRF,0.648,0.953416149068323,0.3924050632911392,0.5677966101694916,79,118,0.16
IRF,0.65,0.953416149068323,0.3924050632911392,0.5677966101694916,79,118,0.16
IRF,0.652,0.953416149068323,0.3924050632911392,0.5677966101694916,79,118,0.16
IRF,0.654,0.953416149068323,0.3924050632911392,0.5677966101694916,79,118,0.16
IRF,0.656,0.953416149068323,0.3924050632911392,0.5677966101694916,79,118,0.16
IRF,0.658,0.953416149068323,0.379746835443038,0.559322033898305,79,118,0.16
IRF,0.66,0.953416149068323,0.379746835443038,0.559322033898305,79,118,0.16
IRF,0.662,0.953416149068323,0.379746835443038,0.5508474576271186,79,118,0.16
IRF,0.664,0.953416149068323,0.379746835443038,0.5508474576271186,79,118,0.16
IRF,0.666,0.953416149068323,0.379746835443038,0.5508474576271186,79,118,0.16
IRF,0.668,0.953416149068323,0.3670886075949367,0.5423728813559322,79,118,0.16
IRF,0.67,0.953416149068323,0.3670886075949367,0.5423728813559322,79,118,0.16
IRF,0.672,0.9565217391304348,0.3670886075949367,0.5423728813559322,79,118,0.16
IRF,0.674,0.9565217391304348,0.3670886075949367,0.5423728813559322,79,118,0.16
IRF,0.676,0.9565217391304348,0.3670886075949367,0.5423728813559322,79,118,0.16
IRF,0.678,0.9565217391304348,0.3670886075949367,0.5423728813559322,79,118,0.16
IRF,0.68,0.9565217391304348,0.35443037974683544,0.5338983050847458,79,118,0.16
IRF,0.682,0.9565217391304348,0.35443037974683544,0.5338983050847458,79,118,0.16
IRF,0.684,0.9565217391304348,0.35443037974683544,0.5338983050847458,79,118,0.16
IRF,0.686,0.9565217391304348,0.35443037974683544,0.5338983050847458,79,118,0.16
IRF,0.6880000000000001,0.9565217391304348,0.35443037974683544,0.5338983050847458,79,118,0.16
IRF,0.6900000000000001,0.9565217391304348,0.35443037974683544,0.5338983050847458,79,118,0.16
IRF,0.6920000000000001,0.9565217391304348,0.35443037974683544,0.5338983050847458,79,118,0.16
IRF,0.6940000000000001,0.9565217391304348,0.35443037974683544,0.5338983050847458,79,118,0.16
IRF,0.6960000000000001,0.9565217391304348,0.35443037974683544,0.5338983050847458,79,118,0.16
IRF,0.6980000000000001,0.9596273291925466,0.35443037974683544,0.5338983050847458,79,118,0.16
IRF,0.7000000000000001,0.9596273291925466,0.35443037974683544,0.5338983050847458,79,118,0.16
IRF,0.7020000000000001,0.9596273291925466,0.34177215189873417,0.5254237288135594,79,118,0.16
IRF,0.7040000000000001,0.9596273291925466,0.34177215189873417,0.5254237288135594,79,118,0.16
IRF,0.706,0.9596273291925466,0.34177215189873417,0.5254237288135594,79,118,0.16
IRF,0.708,0.9596273291925466,0.34177215189873417,0.5254237288135594,79,118,0.16
IRF,0.71,0.9596273291925466,0.34177215189873417,0.5254237288135594,79,118,0.16
IRF,0.712,0.9596273291925466,0.34177215189873417,0.5254237288135594,79,118,0.16
IRF,0.714,0.9596273291925466,0.34177215189873417,0.5254237288135594,79,118,0.16
IRF,0.716,0.9596273291925466,0.34177215189873417,0.5254237288135594,79,118,0.16
IRF,0.718,0.9596273291925466,0.34177215189873417,0.5254237288135594,79,118,0.16
IRF,0.72,0.9596273291925466,0.34177215189873417,0.5254237288135594,79,118,0.16
IRF,0.722,0.9627329192546584,0.34177215189873417,0.5254237288135594,79,118,0.16
IRF,0.724,0.9627329192546584,0.34177215189873417,0.5254237288135594,79,118,0.16
IRF,0.726,0.9627329192546584,0.34177215189873417,0.5254237288135594,79,118,0.16
IRF,0.728,0.9627329192546584,0.34177215189873417,0.5254237288135594,79,118,0.16
IRF,0.73,0.9627329192546584,0.34177215189873417,0.5254237288135594,79,118,0.16
IRF,0.732,0.9627329192546584,0.34177215189873417,0.5254237288135594,79,118,0.16
IRF,0.734,0.9627329192546584,0.34177215189873417,0.5254237288135594,79,118,0.16
IRF,0.736,0.9627329192546584,0.3291139240506329,0.5169491525423728,79,118,0.16
IRF,0.738,0.9627329192546584,0.31645569620253167,0.5084745762711864,79,118,0.16
IRF,0.74,0.9627329192546584,0.31645569620253167,0.5084745762711864,79,118,0.16
IRF,0.742,0.9627329192546584,0.31645569620253167,0.5084745762711864,79,118,0.16
IRF,0.744,0.9627329192546584,0.3037974683544304,0.5,79,118,0.16
IRF,0.746,0.9627329192546584,0.3037974683544304,0.5,79,118,0.16
IRF,0.748,0.9627329192546584,0.3037974683544304,0.5,79,118,0.16
IRF,0.75,0.9627329192546584,0.3037974683544304,0.5,79,118,0.16
IRF,0.752,0.9627329192546584,0.3037974683544304,0.5,79,118,0.16
IRF,0.754,0.9627329192546584,0.2911392405063291,0.4915254237288136,79,118,0.16
IRF,0.756,0.9627329192546584,0.2911392405063291,0.4915254237288136,79,118,0.16
IRF,0.758,0.9627329192546584,0.2911392405063291,0.4915254237288136,79,118,0.16
IRF,0.76,0.9627329192546584,0.2911392405063291,0.4915254237288136,79,118,0.16
IRF,0.762,0.9627329192546584,0.2911392405063291,0.4915254237288136,79,118,0.16
IRF,0.764,0.9627329192546584,0.2911392405063291,0.4915254237288136,79,118,0.16
IRF,0.766,0.9627329192546584,0.2911392405063291,0.4830508474576271,79,118,0.16
IRF,0.768,0.9658385093167702,0.27848101265822783,0.4745762711864407,79,118,0.16
IRF,0.77,0.9658385093167702,0.27848101265822783,0.4745762711864407,79,118,0.16
IRF,0.772,0.9658385093167702,0.27848101265822783,0.4745762711864407,79,118,0.16
IRF,0.774,0.9658385093167702,0.27848101265822783,0.4745762711864407,79,118,0.16
IRF,0.776,0.9658385093167702,0.27848101265822783,0.4745762711864407,79,118,0.16
IRF,0.778,0.9658385093167702,0.26582278481012656,0.4661016949152542,79,118,0.16
IRF,0.78,0.9658385093167702,0.26582278481012656,0.4661016949152542,79,118,0.16
IRF,0.782,0.9658385093167702,0.26582278481012656,0.4661016949152542,79,118,0.16
IRF,0.784,0.9658385093167702,0.26582278481012656,0.4661016949152542,79,118,0.16
IRF,0.786,0.9658385093167702,0.26582278481012656,0.4661016949152542,79,118,0.16
IRF,0.788,0.9658385093167702,0.26582278481012656,0.4661016949152542,79,118,0.16
IRF,0.79,0.9658385093167702,0.26582278481012656,0.4661016949152542,79,118,0.16
IRF,0.792,0.9658385093167702,0.26582278481012656,0.4661016949152542,79,118,0.16
IRF,0.794,0.9658385093167702,0.26582278481012656,0.4661016949152542,79,118,0.16
IRF,0.796,0.9658385093167702,0.26582278481012656,0.4661016949152542,79,118,0.16
IRF,0.798,0.9658385093167702,0.26582278481012656,0.4661016949152542,79,118,0.16
IRF,0.8,0.9658385093167702,0.26582278481012656,0.4661016949152542,79,118,0.16
IRF,0.802,0.9658385093167702,0.26582278481012656,0.4661016949152542,79,118,0.16
IRF,0.804,0.9658385093167702,0.26582278481012656,0.4661016949152542,79,118,0.16
IRF,0.806,0.9658385093167702,0.25316455696202533,0.4576271186440678,79,118,0.16
IRF,0.808,0.9658385093167702,0.25316455696202533,0.4576271186440678,79,118,0.16
IRF,0.81,0.9658385093167702,0.25316455696202533,0.4576271186440678,79,118,0.16
IRF,0.812,0.9658385093167702,0.25316455696202533,0.4576271186440678,79,118,0.16
IRF,0.8140000000000001,0.9658385093167702,0.25316455696202533,0.4576271186440678,79,118,0.16
IRF,0.8160000000000001,0.968944099378882,0.25316455696202533,0.4576271186440678,79,118,0.16
IRF,0.8180000000000001,0.968944099378882,0.25316455696202533,0.4576271186440678,79,118,0.16
IRF,0.8200000000000001,0.968944099378882,0.25316455696202533,0.4576271186440678,79,118,0.16
IRF,0.8220000000000001,0.968944099378882,0.25316455696202533,0.4576271186440678,79,118,0.16
IRF,0.8240000000000001,0.968944099378882,0.25316455696202533,0.4576271186440678,79,118,0.16
IRF,0.8260000000000001,0.968944099378882,0.25316455696202533,0.4576271186440678,79,118,0.16
IRF,0.8280000000000001,0.968944099378882,0.25316455696202533,0.4576271186440678,79,118,0.16
IRF,0.8300000000000001,0.968944099378882,0.25316455696202533,0.4491525423728814,79,118,0.16
IRF,0.8320000000000001,0.968944099378882,0.25316455696202533,0.4406779661016949,79,118,0.16
IRF,0.8340000000000001,0.9720496894409938,0.25316455696202533,0.4406779661016949,79,118,0.16
IRF,0.836,0.9720496894409938,0.25316455696202533,0.4406779661016949,79,118,0.16
IRF,0.838,0.9720496894409938,0.25316455696202533,0.4322033898305085,79,118,0.16
IRF,0.84,0.9720496894409938,0.25316455696202533,0.4322033898305085,79,118,0.16
IRF,0.842,0.9720496894409938,0.25316455696202533,0.4322033898305085,79,118,0.16
IRF,0.844,0.9720496894409938,0.25316455696202533,0.4322033898305085,79,118,0.16
IRF,0.846,0.9720496894409938,0.25316455696202533,0.4322033898305085,79,118,0.16
IRF,0.848,0.9720496894409938,0.25316455696202533,0.4322033898305085,79,118,0.16
IRF,0.85,0.9720496894409938,0.25316455696202533,0.4322033898305085,79,118,0.16
IRF,0.852,0.9751552795031055,0.25316455696202533,0.4322033898305085,79,118,0.16
IRF,0.854,0.9751552795031055,0.25316455696202533,0.4322033898305085,79,118,0.16
IRF,0.856,0.9751552795031055,0.22784810126582278,0.4152542372881356,79,118,0.16
IRF,0.858,0.9751552795031055,0.22784810126582278,0.4152542372881356,79,118,0.16
IRF,0.86,0.9782608695652174,0.21518987341772153,0.4067796610169492,79,118,0.16
IRF,0.862,0.9782608695652174,0.20253164556962025,0.3983050847457627,79,118,0.16
IRF,0.864,0.9782608695652174,0.20253164556962025,0.3898305084745763,79,118,0.16
IRF,0.866,0.9782608695652174,0.20253164556962025,0.3898305084745763,79,118,0.16
IRF,0.868,0.9782608695652174,0.20253164556962025,0.3898305084745763,79,118,0.16
IRF,0.87,0.9782608695652174,0.20253164556962025,0.3898305084745763,79,118,0.16
IRF,0.872,0.9782608695652174,0.20253164556962025,0.3813559322033898,79,118,0.16
IRF,0.874,0.9782608695652174,0.189873417721519,0.3728813559322034,79,118,0.16
IRF,0.876,0.9782608695652174,0.189873417721519,0.3728813559322034,79,118,0.16
IRF,0.878,0.9782608695652174,0.17721518987341772,0.3644067796610169,79,118,0.16
IRF,0.88,0.9782608695652174,0.16455696202531644,0.3559322033898305,79,118,0.16
IRF,0.882,0.9782608695652174,0.16455696202531644,0.3559322033898305,79,118,0.16
IRF,0.884,0.9782608695652174,0.16455696202531644,0.3559322033898305,79,118,0.16
IRF,0.886,0.9782608695652174,0.1518987341772152,0.3474576271186441,79,118,0.16
IRF,0.888,0.9782608695652174,0.1518987341772152,0.3474576271186441,79,118,0.16
IRF,0.89,0.9782608695652174,0.1518987341772152,0.3474576271186441,79,118,0.16
IRF,0.892,0.9782608695652174,0.1518987341772152,0.3474576271186441,79,118,0.16
IRF,0.894,0.9782608695652174,0.1518987341772152,0.3474576271186441,79,118,0.16
IRF,0.896,0.9782608695652174,0.1518987341772152,0.3474576271186441,79,118,0.16
IRF,0.898,0.9782608695652174,0.13924050632911392,0.3389830508474576,79,118,0.16
IRF,0.9,0.9782608695652174,0.13924050632911392,0.3389830508474576,79,118,0.16
IRF,0.902,0.9782608695652174,0.13924050632911392,0.3389830508474576,79,118,0.16
IRF,0.904,0.9782608695652174,0.13924050632911392,0.3389830508474576,79,118,0.16
IRF,0.906,0.9782608695652174,0.13924050632911392,0.3389830508474576,79,118,0.16
IRF,0.908,0.9782608695652174,0.13924050632911392,0.3389830508474576,79,118,0.16
IRF,0.91,0.9782608695652174,0.12658227848101267,0.3305084745762712,79,118,0.16
IRF,0.912,0.9782608695652174,0.12658227848101267,0.3305084745762712,79,118,0.16
IRF,0.914,0.9782608695652174,0.12658227848101267,0.3305084745762712,79,118,0.16
IRF,0.916,0.9782608695652174,0.12658227848101267,0.3305084745762712,79,118,0.16
IRF,0.918,0.9782608695652174,0.12658227848101267,0.3305084745762712,79,118,0.16
IRF,0.92,0.9782608695652174,0.12658227848101267,0.3305084745762712,79,118,0.16
IRF,0.922,0.9782608695652174,0.12658227848101267,0.3305084745762712,79,118,0.16
IRF,0.924,0.9782608695652174,0.12658227848101267,0.3305084745762712,79,118,0.16
IRF,0.926,0.9782608695652174,0.12658227848101267,0.3305084745762712,79,118,0.16
IRF,0.928,0.9782608695652174,0.12658227848101267,0.3305084745762712,79,118,0.16
IRF,0.93,0.9782608695652174,0.11392405063291139,0.3220338983050847,79,118,0.16
IRF,0.932,0.9782608695652174,0.11392405063291139,0.3220338983050847,79,118,0.16
IRF,0.934,0.9782608695652174,0.11392405063291139,0.3135593220338983,79,118,0.16
IRF,0.936,0.9782608695652174,0.11392405063291139,0.3135593220338983,79,118,0.16
IRF,0.9380000000000001,0.9782608695652174,0.11392405063291139,0.3135593220338983,79,118,0.16
IRF,0.9400000000000001,0.9782608695652174,0.11392405063291139,0.3135593220338983,79,118,0.16
IRF,0.9420000000000001,0.9782608695652174,0.10126582278481013,0.3050847457627119,79,118,0.16
IRF,0.9440000000000001,0.9782608695652174,0.08860759493670886,0.2966101694915254,79,118,0.16
IRF,0.9460000000000001,0.9813664596273292,0.08860759493670886,0.2966101694915254,79,118,0.16
IRF,0.9480000000000001,0.9813664596273292,0.08860759493670886,0.2966101694915254,79,118,0.16
IRF,0.9500000000000001,0.9813664596273292,0.08860759493670886,0.288135593220339,79,118,0.16
IRF,0.9520000000000001,0.9813664596273292,0.0759493670886076,0.2796610169491525,79,118,0.16
IRF,0.9540000000000001,0.9813664596273292,0.0759493670886076,0.2711864406779661,79,118,0.16
IRF,0.9560000000000001,0.9813664596273292,0.0759493670886076,0.2711864406779661,79,118,0.16
IRF,0.9580000000000001,0.984472049689441,0.06329113924050633,0.2627118644067797,79,118,0.16
IRF,0.9600000000000001,0.984472049689441,0.06329113924050633,0.2542372881355932,79,118,0.16
IRF,0.962,0.984472049689441,0.06329113924050633,0.2542372881355932,79,118,0.16
IRF,0.964,0.984472049689441,0.06329113924050633,0.2542372881355932,79,118,0.16
IRF,0.966,0.984472049689441,0.06329113924050633,0.2542372881355932,79,118,0.16
IRF,0.968,0.984472049689441,0.06329113924050633,0.2542372881355932,79,118,0.16
IRF,0.97,0.984472049689441,0.06329113924050633,0.2542372881355932,79,118,0.16
IRF,0.972,0.9906832298136646,0.05063291139240506,0.2457627118644068,79,118,0.16
IRF,0.974,0.9937888198757764,0.05063291139240506,0.23728813559322035,79,118,0.16
IRF,0.976,0.9937888198757764,0.05063291139240506,0.23728813559322035,79,118,0.16
IRF,0.978,0.9937888198757764,0.05063291139240506,0.23728813559322035,79,118,0.16
IRF,0.98,0.9937888198757764,0.05063291139240506,0.23728813559322035,79,118,0.16
IRF,0.982,0.9937888198757764,0.05063291139240506,0.23728813559322035,79,118,0.16
IRF,0.984,0.9937888198757764,0.0379746835443038,0.2288135593220339,79,118,0.16
IRF,0.986,0.9937888198757764,0.0379746835443038,0.22033898305084745,79,118,0.16
IRF,0.988,0.9937888198757764,0.02531645569620253,0.2033898305084746,79,118,0.16
IRF,0.99,1.0,0.012658227848101266,0.19491525423728814,79,118,0.16
IRF,0.992,1.0,0.012658227848101266,0.17796610169491525,79,118,0.16
IRF,0.994,1.0,0.012658227848101266,0.16101694915254236,79,118,0.16
IRF,0.996,1.0,0.0,0.1016949152542373,79,118,0.16
IRF,0.998,1.0,0.0,0.05084745762711865,79,118,0.16
SRF,0.002,0.06293706293706294,0.9886363636363636,0.9966329966329966,88,297,0.8
SRF,0.004,0.11188811188811189,0.9659090909090909,0.98989898989899,88,297,0.8
SRF,0.006,0.14685314685314685,0.9659090909090909,0.98989898989899,88,297,0.8
SRF,0.008,0.16083916083916083,0.9318181818181818,0.9797979797979798,88,297,0.8
SRF,0.01,0.18181818181818182,0.9318181818181818,0.9797979797979798,88,297,0.8
SRF,0.012,0.2097902097902098,0.9318181818181818,0.9797979797979798,88,297,0.8
SRF,0.014,0.23076923076923078,0.9318181818181818,0.9797979797979798,88,297,0.8
SRF,0.016,0.24475524475524477,0.9204545454545454,0.9764309764309764,88,297,0.8
SRF,0.018000000000000002,0.2937062937062937,0.9204545454545454,0.9764309764309764,88,297,0.8
SRF,0.020000000000000004,0.3706293706293706,0.9204545454545454,0.9764309764309764,88,297,0.8
SRF,0.022,0.38461538461538464,0.9204545454545454,0.9764309764309764,88,297,0.8
SRF,0.024,0.4195804195804196,0.9204545454545454,0.9764309764309764,88,297,0.8
SRF,0.026000000000000002,0.45454545454545453,0.9204545454545454,0.9764309764309764,88,297,0.8
SRF,0.028000000000000004,0.46853146853146854,0.9204545454545454,0.9764309764309764,88,297,0.8
SRF,0.03,0.4755244755244755,0.9204545454545454,0.9764309764309764,88,297,0.8
SRF,0.032,0.4965034965034965,0.9204545454545454,0.9764309764309764,88,297,0.8
SRF,0.034,0.5314685314685315,0.9204545454545454,0.9764309764309764,88,297,0.8
SRF,0.036000000000000004,0.5384615384615384,0.9090909090909091,0.9730639730639731,88,297,0.8
SRF,0.038000000000000006,0.5524475524475524,0.9090909090909091,0.9730639730639731,88,297,0.8
SRF,0.04,0.5664335664335665,0.9090909090909091,0.9730639730639731,88,297,0.8
SRF,0.042,0.5664335664335665,0.8977272727272727,0.9696969696969697,88,297,0.8
SRF,0.044000000000000004,0.5874125874125874,0.8977272727272727,0.9696969696969697,88,297,0.8
SRF,0.046,0.5944055944055944,0.8977272727272727,0.9696969696969697,88,297,0.8
SRF,0.048,0.6153846153846154,0.8977272727272727,0.9663299663299664,88,297,0.8
SRF,0.05,0.6293706293706294,0.8977272727272727,0.9663299663299664,88,297,0.8
SRF,0.052000000000000005,0.6433566433566433,0.8863636363636364,0.9629629629629629,88,297,0.8
SRF,0.054000000000000006,0.6573426573426573,0.875,0.9595959595959596,88,297,0.8
SRF,0.056,0.6643356643356644,0.875,0.9595959595959596,88,297,0.8
SRF,0.058,0.6783216783216783,0.875,0.9595959595959596,88,297,0.8
SRF,0.060000000000000005,0.6783216783216783,0.875,0.9595959595959596,88,297,0.8
SRF,0.062,0.6853146853146853,0.875,0.9595959595959596,88,297,0.8
SRF,0.064,0.6853146853146853,0.875,0.9595959595959596,88,297,0.8
SRF,0.066,0.6853146853146853,0.8636363636363636,0.9528619528619529,88,297,0.8
SRF,0.068,0.6853146853146853,0.8636363636363636,0.9528619528619529,88,297,0.8
SRF,0.07,0.6853146853146853,0.8636363636363636,0.9528619528619529,88,297,0.8
SRF,0.07200000000000001,0.6993006993006993,0.8636363636363636,0.9528619528619529,88,297,0.8
SRF,0.07400000000000001,0.6993006993006993,0.8522727272727273,0.9494949494949495,88,297,0.8
SRF,0.076,0.7062937062937062,0.8522727272727273,0.9494949494949495,88,297,0.8
SRF,0.078,0.7132867132867133,0.8409090909090909,0.9461279461279462,88,297,0.8
SRF,0.08,0.7202797202797203,0.8409090909090909,0.9461279461279462,88,297,0.8
SRF,0.082,0.7202797202797203,0.8409090909090909,0.9461279461279462,88,297,0.8
SRF,0.084,0.7272727272727273,0.8409090909090909,0.9461279461279462,88,297,0.8
SRF,0.08600000000000001,0.7482517482517482,0.8409090909090909,0.9461279461279462,88,297,0.8
SRF,0.08800000000000001,0.7622377622377622,0.8409090909090909,0.9461279461279462,88,297,0.8
SRF,0.09,0.7762237762237763,0.8409090909090909,0.9461279461279462,88,297,0.8
SRF,0.092,0.7762237762237763,0.8409090909090909,0.9461279461279462,88,297,0.8
SRF,0.094,0.7762237762237763,0.8409090909090909,0.9461279461279462,88,297,0.8
SRF,0.096,0.7832167832167832,0.8409090909090909,0.9461279461279462,88,297,0.8
SRF,0.098,0.7832167832167832,0.8409090909090909,0.9461279461279462,88,297,0.8
SRF,0.1,0.8041958041958042,0.8409090909090909,0.9461279461279462,88,297,0.8
SRF,0.10200000000000001,0.8111888111888111,0.8409090909090909,0.9461279461279462,88,297,0.8
SRF,0.10400000000000001,0.8181818181818182,0.8409090909090909,0.9461279461279462,88,297,0.8
SRF,0.10600000000000001,0.8251748251748252,0.8409090909090909,0.9461279461279462,88,297,0.8
SRF,0.108,0.8251748251748252,0.8409090909090909,0.9427609427609428,88,297,0.8
SRF,0.11,0.8391608391608392,0.8409090909090909,0.9427609427609428,88,297,0.8
SRF,0.112,0.8461538461538461,0.8295454545454546,0.9393939393939394,88,297,0.8
SRF,0.114,0.8531468531468531,0.8295454545454546,0.9393939393939394,88,297,0.8
SRF,0.116,0.8531468531468531,0.8295454545454546,0.9393939393939394,88,297,0.8
SRF,0.11800000000000001,0.8531468531468531,0.8295454545454546,0.9393939393939394,88,297,0.8
SRF,0.12000000000000001,0.8531468531468531,0.8295454545454546,0.9393939393939394,88,297,0.8
SRF,0.122,0.8601398601398601,0.8295454545454546,0.9393939393939394,88,297,0.8
SRF,0.124,0.8601398601398601,0.8295454545454546,0.9393939393939394,88,297,0.8
SRF,0.126,0.8671328671328671,0.8295454545454546,0.9393939393939394,88,297,0.8
SRF,0.128,0.8671328671328671,0.8295454545454546,0.9393939393939394,88,297,0.8
SRF,0.13,0.8741258741258742,0.8295454545454546,0.9393939393939394,88,297,0.8
SRF,0.132,0.8811188811188811,0.8295454545454546,0.9393939393939394,88,297,0.8
SRF,0.134,0.8881118881118881,0.8295454545454546,0.9393939393939394,88,297,0.8
SRF,0.136,0.8951048951048951,0.8068181818181818,0.9326599326599326,88,297,0.8
SRF,0.138,0.9020979020979021,0.8068181818181818,0.9326599326599326,88,297,0.8
SRF,0.14,0.9020979020979021,0.8068181818181818,0.9326599326599326,88,297,0.8
SRF,0.14200000000000002,0.9020979020979021,0.8068181818181818,0.9326599326599326,88,297,0.8
SRF,0.14400000000000002,0.9020979020979021,0.7954545454545454,0.9292929292929293,88,297,0.8
SRF,0.14600000000000002,0.916083916083916,0.7954545454545454,0.9292929292929293,88,297,0.8
SRF,0.148,0.916083916083916,0.7954545454545454,0.9292929292929293,88,297,0.8
SRF,0.15,0.916083916083916,0.7954545454545454,0.9292929292929293,88,297,0.8
SRF,0.152,0.916083916083916,0.7954545454545454,0.9292929292929293,88,297,0.8
SRF,0.154,0.916083916083916,0.7954545454545454,0.9292929292929293,88,297,0.8
SRF,0.156,0.9230769230769231,0.7954545454545454,0.9292929292929293,88,297,0.8
SRF,0.158,0.9230769230769231,0.7954545454545454,0.9292929292929293,88,297,0.8
SRF,0.16,0.9230769230769231,0.7954545454545454,0.9292929292929293,88,297,0.8
SRF,0.162,0.9230769230769231,0.7954545454545454,0.9292929292929293,88,297,0.8
SRF,0.164,0.9230769230769231,0.7954545454545454,0.9292929292929293,88,297,0.8
SRF,0.166,0.9230769230769231,0.7954545454545454,0.9292929292929293,88,297,0.8
SRF,0.168,0.9230769230769231,0.7954545454545454,0.9292929292929293,88,297,0.8
SRF,0.17,0.9230769230769231,0.7954545454545454,0.9292929292929293,88,297,0.8
SRF,0.17200000000000001,0.9230769230769231,0.7954545454545454,0.9292929292929293,88,297,0.8
SRF,0.17400000000000002,0.9230769230769231,0.7954545454545454,0.9292929292929293,88,297,0.8
SRF,0.17600000000000002,0.9230769230769231,0.7954545454545454,0.9292929292929293,88,297,0.8
SRF,0.178,0.9230769230769231,0.7954545454545454,0.9292929292929293,88,297,0.8
SRF,0.18,0.9230769230769231,0.7954545454545454,0.9292929292929293,88,297,0.8
SRF,0.182,0.9230769230769231,0.7840909090909091,0.9259259259259259,88,297,0.8
SRF,0.184,0.9300699300699301,0.7840909090909091,0.9259259259259259,88,297,0.8
SRF,0.186,0.9300699300699301,0.7840909090909091,0.9259259259259259,88,297,0.8
SRF,0.188,0.9370629370629371,0.7840909090909091,0.9259259259259259,88,297,0.8
SRF,0.19,0.9370629370629371,0.7840909090909091,0.9259259259259259,88,297,0.8
SRF,0.192,0.9370629370629371,0.7840909090909091,0.9259259259259259,88,297,0.8
SRF,0.194,0.9370629370629371,0.7840909090909091,0.9259259259259259,88,297,0.8
SRF,0.196,0.9370629370629371,0.7840909090909091,0.9259259259259259,88,297,0.8
SRF,0.198,0.9370629370629371,0.7840909090909091,0.9259259259259259,88,297,0.8
SRF,0.2,0.9370629370629371,0.7840909090909091,0.9259259259259259,88,297,0.8
SRF,0.202,0.9370629370629371,0.7840909090909091,0.9259259259259259,88,297,0.8
SRF,0.20400000000000001,0.9370629370629371,0.7840909090909091,0.9259259259259259,88,297,0.8
SRF,0.20600000000000002,0.9370629370629371,0.7840909090909091,0.9259259259259259,88,297,0.8
SRF,0.20800000000000002,0.9370629370629371,0.7840909090909091,0.9259259259259259,88,297,0.8
SRF,0.21000000000000002,0.9440559440559441,0.7840909090909091,0.9259259259259259,88,297,0.8
SRF,0.212,0.9440559440559441,0.7727272727272727,0.9225589225589226,88,297,0.8
SRF,0.214,0.9440559440559441,0.7727272727272727,0.9225589225589226,88,297,0.8
SRF,0.216,0.9440559440559441,0.7727272727272727,0.9225589225589226,88,297,0.8
SRF,0.218,0.9440559440559441,0.7727272727272727,0.9225589225589226,88,297,0.8
SRF,0.22,0.9440559440559441,0.7727272727272727,0.9225589225589226,88,297,0.8
SRF,0.222,0.9440559440559441,0.7727272727272727,0.9225589225589226,88,297,0.8
SRF,0.224,0.9440559440559441,0.7727272727272727,0.9225589225589226,88,297,0.8
SRF,0.226,0.9440559440559441,0.7727272727272727,0.9225589225589226,88,297,0.8
SRF,0.228,0.9440559440559441,0.7727272727272727,0.9225589225589226,88,297,0.8
SRF,0.23,0.9440559440559441,0.7727272727272727,0.9225589225589226,88,297,0.8
SRF,0.232,0.9440559440559441,0.7727272727272727,0.9225589225589226,88,297,0.8
SRF,0.234,0.951048951048951,0.7727272727272727,0.9225589225589226,88,297,0.8
SRF,0.23600000000000002,0.951048951048951,0.7727272727272727,0.9225589225589226,88,297,0.8
SRF,0.23800000000000002,0.951048951048951,0.7727272727272727,0.9225589225589226,88,297,0.8
SRF,0.24000000000000002,0.958041958041958,0.7727272727272727,0.9225589225589226,88,297,0.8
SRF,0.242,0.958041958041958,0.7727272727272727,0.9225589225589226,88,297,0.8
SRF,0.244,0.958041958041958,0.7727272727272727,0.9225589225589226,88,297,0.8
SRF,0.246,0.958041958041958,0.7613636363636364,0.9191919191919192,88,297,0.8
SRF,0.248,0.958041958041958,0.7613636363636364,0.9191919191919192,88,297,0.8
SRF,0.25,0.958041958041958,0.7613636363636364,0.9191919191919192,88,297,0.8
SRF,0.252,0.958041958041958,0.75,0.9158249158249159,88,297,0.8
SRF,0.254,0.958041958041958,0.75,0.9158249158249159,88,297,0.8
SRF,0.256,0.958041958041958,0.75,0.9158249158249159,88,297,0.8
SRF,0.258,0.958041958041958,0.75,0.9158249158249159,88,297,0.8
SRF,0.26,0.958041958041958,0.75,0.9158249158249159,88,297,0.8
SRF,0.262,0.958041958041958,0.75,0.9158249158249159,88,297,0.8
SRF,0.264,0.958041958041958,0.75,0.9158249158249159,88,297,0.8
SRF,0.266,0.958041958041958,0.7272727272727273,0.9090909090909091,88,297,0.8
SRF,0.268,0.958041958041958,0.7272727272727273,0.9090909090909091,88,297,0.8
SRF,0.27,0.958041958041958,0.7272727272727273,0.9090909090909091,88,297,0.8
SRF,0.272,0.958041958041958,0.7272727272727273,0.9090909090909091,88,297,0.8
SRF,0.274,0.958041958041958,0.7272727272727273,0.9090909090909091,88,297,0.8
SRF,0.276,0.965034965034965,0.7272727272727273,0.9090909090909091,88,297,0.8
SRF,0.278,0.965034965034965,0.7272727272727273,0.9090909090909091,88,297,0.8
SRF,0.28,0.965034965034965,0.7272727272727273,0.9090909090909091,88,297,0.8
SRF,0.28200000000000003,0.965034965034965,0.7272727272727273,0.9090909090909091,88,297,0.8
SRF,0.28400000000000003,0.965034965034965,0.7272727272727273,0.9090909090909091,88,297,0.8
SRF,0.28600000000000003,0.965034965034965,0.7272727272727273,0.9090909090909091,88,297,0.8
SRF,0.28800000000000003,0.965034965034965,0.7272727272727273,0.9090909090909091,88,297,0.8
SRF,0.29000000000000004,0.965034965034965,0.7272727272727273,0.9090909090909091,88,297,0.8
SRF,0.292,0.965034965034965,0.7272727272727273,0.9090909090909091,88,297,0.8
SRF,0.294,0.965034965034965,0.7272727272727273,0.9090909090909091,88,297,0.8
SRF,0.296,0.965034965034965,0.7272727272727273,0.9090909090909091,88,297,0.8
SRF,0.298,0.965034965034965,0.7272727272727273,0.9057239057239057,88,297,0.8
SRF,0.3,0.965034965034965,0.7159090909090909,0.9023569023569024,88,297,0.8
SRF,0.302,0.965034965034965,0.7159090909090909,0.9023569023569024,88,297,0.8
SRF,0.304,0.965034965034965,0.7159090909090909,0.9023569023569024,88,297,0.8
SRF,0.306,0.965034965034965,0.7159090909090909,0.9023569023569024,88,297,0.8
SRF,0.308,0.965034965034965,0.7159090909090909,0.9023569023569024,88,297,0.8
SRF,0.31,0.965034965034965,0.7159090909090909,0.9023569023569024,88,297,0.8
SRF,0.312,0.965034965034965,0.7159090909090909,0.9023569023569024,88,297,0.8
SRF,0.314,0.965034965034965,0.7159090909090909,0.9023569023569024,88,297,0.8
SRF,0.316,0.965034965034965,0.7159090909090909,0.9023569023569024,88,297,0.8
SRF,0.318,0.965034965034965,0.7159090909090909,0.9023569023569024,88,297,0.8
SRF,0.32,0.965034965034965,0.7159090909090909,0.9023569023569024,88,297,0.8
SRF,0.322,0.965034965034965,0.7159090909090909,0.9023569023569024,88,297,0.8
SRF,0.324,0.965034965034965,0.7159090909090909,0.9023569023569024,88,297,0.8
SRF,0.326,0.965034965034965,0.7159090909090909,0.9023569023569024,88,297,0.8
SRF,0.328,0.965034965034965,0.7159090909090909,0.9023569023569024,88,297,0.8
SRF,0.33,0.965034965034965,0.7159090909090909,0.9023569023569024,88,297,0.8
SRF,0.332,0.965034965034965,0.7159090909090909,0.9023569023569024,88,297,0.8
SRF,0.334,0.965034965034965,0.7159090909090909,0.9023569023569024,88,297,0.8
SRF,0.336,0.965034965034965,0.7045454545454546,0.898989898989899,88,297,0.8
SRF,0.338,0.965034965034965,0.7045454545454546,0.898989898989899,88,297,0.8
SRF,0.34,0.965034965034965,0.7045454545454546,0.898989898989899,88,297,0.8
SRF,0.342,0.972027972027972,0.7045454545454546,0.898989898989899,88,297,0.8
SRF,0.34400000000000003,0.972027972027972,0.7045454545454546,0.898989898989899,88,297,0.8
SRF,0.34600000000000003,0.972027972027972,0.6931818181818182,0.8956228956228957,88,297,0.8
SRF,0.34800000000000003,0.972027972027972,0.6931818181818182,0.8956228956228957,88,297,0.8
SRF,0.35000000000000003,0.972027972027972,0.6931818181818182,0.8956228956228957,88,297,0.8
SRF,0.35200000000000004,0.9790209790209791,0.6931818181818182,0.8956228956228957,88,297,0.8
SRF,0.354,0.9790209790209791,0.6931818181818182,0.8956228956228957,88,297,0.8
SRF,0.356,0.9790209790209791,0.6931818181818182,0.8956228956228957,88,297,0.8
SRF,0.358,0.9790209790209791,0.6931818181818182,0.8956228956228957,88,297,0.8
SRF,0.36,0.9790209790209791,0.6931818181818182,0.8956228956228957,88,297,0.8
SRF,0.362,0.9790209790209791,0.6931818181818182,0.8956228956228957,88,297,0.8
SRF,0.364,0.9790209790209791,0.6931818181818182,0.8956228956228957,88,297,0.8
SRF,0.366,0.9790209790209791,0.6931818181818182,0.8956228956228957,88,297,0.8
SRF,0.368,0.9790209790209791,0.6818181818181818,0.8888888888888888,88,297,0.8
SRF,0.37,0.9790209790209791,0.6818181818181818,0.8888888888888888,88,297,0.8
SRF,0.372,0.9790209790209791,0.6818181818181818,0.8888888888888888,88,297,0.8
SRF,0.374,0.9790209790209791,0.6818181818181818,0.8888888888888888,88,297,0.8
SRF,0.376,0.9790209790209791,0.6818181818181818,0.8888888888888888,88,297,0.8
SRF,0.378,0.9790209790209791,0.6818181818181818,0.8888888888888888,88,297,0.8
SRF,0.38,0.9790209790209791,0.6818181818181818,0.8888888888888888,88,297,0.8
SRF,0.382,0.9790209790209791,0.6818181818181818,0.8888888888888888,88,297,0.8
SRF,0.384,0.9790209790209791,0.6818181818181818,0.8888888888888888,88,297,0.8
SRF,0.386,0.9790209790209791,0.6818181818181818,0.8888888888888888,88,297,0.8
SRF,0.388,0.9790209790209791,0.6818181818181818,0.8888888888888888,88,297,0.8
SRF,0.39,0.9790209790209791,0.6818181818181818,0.8888888888888888,88,297,0.8
SRF,0.392,0.9790209790209791,0.6818181818181818,0.8888888888888888,88,297,0.8
SRF,0.394,0.9790209790209791,0.6818181818181818,0.8888888888888888,88,297,0.8
SRF,0.396,0.9790209790209791,0.6818181818181818,0.8888888888888888,88,297,0.8
SRF,0.398,0.9790209790209791,0.6818181818181818,0.8888888888888888,88,297,0.8
SRF,0.4,0.9790209790209791,0.6818181818181818,0.8888888888888888,88,297,0.8
SRF,0.402,0.9790209790209791,0.6818181818181818,0.8888888888888888,88,297,0.8
SRF,0.404,0.9790209790209791,0.6818181818181818,0.8888888888888888,88,297,0.8
SRF,0.406,0.9790209790209791,0.6818181818181818,0.8888888888888888,88,297,0.8
SRF,0.40800000000000003,0.9790209790209791,0.6704545454545454,0.8855218855218855,88,297,0.8
SRF,0.41000000000000003,0.9790209790209791,0.6704545454545454,0.8855218855218855,88,297,0.8
SRF,0.41200000000000003,0.9790209790209791,0.6704545454545454,0.8855218855218855,88,297,0.8
SRF,0.41400000000000003,0.9790209790209791,0.6704545454545454,0.8855218855218855,88,297,0.8
SRF,0.41600000000000004,0.9790209790209791,0.6704545454545454,0.8855218855218855,88,297,0.8
SRF,0.41800000000000004,0.9790209790209791,0.6704545454545454,0.8855218855218855,88,297,0.8
SRF,0.42,0.9790209790209791,0.6704545454545454,0.8855218855218855,88,297,0.8
SRF,0.422,0.9790209790209791,0.6590909090909091,0.8821548821548821,88,297,0.8
SRF,0.424,0.9790209790209791,0.6590909090909091,0.8821548821548821,88,297,0.8
SRF,0.426,0.9790209790209791,0.6590909090909091,0.8821548821548821,88,297,0.8
SRF,0.428,0.9790209790209791,0.6590909090909091,0.8821548821548821,88,297,0.8
SRF,0.43,0.9790209790209791,0.6590909090909091,0.8821548821548821,88,297,0.8
SRF,0.432,0.9790209790209791,0.6590909090909091,0.8821548821548821,88,297,0.8
SRF,0.434,0.9790209790209791,0.6590909090909091,0.8821548821548821,88,297,0.8
SRF,0.436,0.9790209790209791,0.6590909090909091,0.8821548821548821,88,297,0.8
SRF,0.438,0.9790209790209791,0.6590909090909091,0.8821548821548821,88,297,0.8
SRF,0.44,0.9790209790209791,0.6590909090909091,0.8821548821548821,88,297,0.8
SRF,0.442,0.9790209790209791,0.6590909090909091,0.8821548821548821,88,297,0.8
SRF,0.444,0.9790209790209791,0.6590909090909091,0.8821548821548821,88,297,0.8
SRF,0.446,0.9790209790209791,0.6590909090909091,0.8821548821548821,88,297,0.8
SRF,0.448,0.9790209790209791,0.6590909090909091,0.8821548821548821,88,297,0.8
SRF,0.45,0.9790209790209791,0.6590909090909091,0.8821548821548821,88,297,0.8
SRF,0.452,0.9790209790209791,0.6477272727272727,0.8787878787878788,88,297,0.8
SRF,0.454,0.9790209790209791,0.6477272727272727,0.8787878787878788,88,297,0.8
SRF,0.456,0.9790209790209791,0.6477272727272727,0.8787878787878788,88,297,0.8
SRF,0.458,0.9790209790209791,0.6477272727272727,0.8787878787878788,88,297,0.8
SRF,0.46,0.9790209790209791,0.6477272727272727,0.8787878787878788,88,297,0.8
SRF,0.462,0.9790209790209791,0.6477272727272727,0.8787878787878788,88,297,0.8
SRF,0.464,0.9790209790209791,0.6477272727272727,0.8787878787878788,88,297,0.8
SRF,0.466,0.9790209790209791,0.6477272727272727,0.8787878787878788,88,297,0.8
SRF,0.468,0.9790209790209791,0.6477272727272727,0.8787878787878788,88,297,0.8
SRF,0.47000000000000003,0.9790209790209791,0.6477272727272727,0.8787878787878788,88,297,0.8
SRF,0.47200000000000003,0.9790209790209791,0.6477272727272727,0.8787878787878788,88,297,0.8
SRF,0.47400000000000003,0.9790209790209791,0.6477272727272727,0.8787878787878788,88,297,0.8
SRF,0.47600000000000003,0.9790209790209791,0.6477272727272727,0.8787878787878788,88,297,0.8
SRF,0.47800000000000004,0.9790209790209791,0.6477272727272727,0.8787878787878788,88,297,0.8
SRF,0.48000000000000004,0.9790209790209791,0.6477272727272727,0.8787878787878788,88,297,0.8
SRF,0.482,0.9790209790209791,0.6477272727272727,0.8787878787878788,88,297,0.8
SRF,0.484,0.9790209790209791,0.6477272727272727,0.8787878787878788,88,297,0.8
SRF,0.486,0.9790209790209791,0.6477272727272727,0.8787878787878788,88,297,0.8
SRF,0.488,0.9790209790209791,0.6477272727272727,0.8787878787878788,88,297,0.8
SRF,0.49,0.9790209790209791,0.6477272727272727,0.8787878787878788,88,297,0.8
SRF,0.492,0.9790209790209791,0.6477272727272727,0.8787878787878788,88,297,0.8
SRF,0.494,0.9790209790209791,0.6477272727272727,0.8787878787878788,88,297,0.8
SRF,0.496,0.9790209790209791,0.6477272727272727,0.8787878787878788,88,297,0.8
SRF,0.498,0.9790209790209791,0.6477272727272727,0.8787878787878788,88,297,0.8
SRF,0.5,0.9790209790209791,0.6477272727272727,0.8787878787878788,88,297,0.8
SRF,0.502,0.9790209790209791,0.6477272727272727,0.8787878787878788,88,297,0.8
SRF,0.504,0.9790209790209791,0.6363636363636364,0.8754208754208754,88,297,0.8
SRF,0.506,0.9790209790209791,0.6363636363636364,0.8754208754208754,88,297,0.8
SRF,0.508,0.9790209790209791,0.6363636363636364,0.8754208754208754,88,297,0.8
SRF,0.51,0.9790209790209791,0.6363636363636364,0.8754208754208754,88,297,0.8
SRF,0.512,0.9790209790209791,0.625,0.8686868686868687,88,297,0.8
SRF,0.514,0.9790209790209791,0.625,0.8686868686868687,88,297,0.8
SRF,0.516,0.9790209790209791,0.625,0.8686868686868687,88,297,0.8
SRF,0.518,0.9790209790209791,0.625,0.8686868686868687,88,297,0.8
SRF,0.52,0.9790209790209791,0.625,0.8686868686868687,88,297,0.8
SRF,0.522,0.9790209790209791,0.625,0.8686868686868687,88,297,0.8
SRF,0.524,0.9790209790209791,0.625,0.8686868686868687,88,297,0.8
SRF,0.526,0.9790209790209791,0.625,0.8686868686868687,88,297,0.8
SRF,0.528,0.9790209790209791,0.625,0.8686868686868687,88,297,0.8
SRF,0.53,0.9790209790209791,0.625,0.8686868686868687,88,297,0.8
SRF,0.532,0.9790209790209791,0.625,0.8686868686868687,88,297,0.8
SRF,0.534,0.9790209790209791,0.625,0.8686868686868687,88,297,0.8
SRF,0.536,0.9790209790209791,0.625,0.8686868686868687,88,297,0.8
SRF,0.538,0.9790209790209791,0.625,0.8686868686868687,88,297,0.8
SRF,0.54,0.9790209790209791,0.625,0.8686868686868687,88,297,0.8
SRF,0.542,0.9790209790209791,0.625,0.8686868686868687,88,297,0.8
SRF,0.544,0.9790209790209791,0.625,0.8686868686868687,88,297,0.8
SRF,0.546,0.9790209790209791,0.625,0.8686868686868687,88,297,0.8
SRF,0.548,0.9790209790209791,0.625,0.8686868686868687,88,297,0.8
SRF,0.55,0.9790209790209791,0.625,0.8686868686868687,88,297,0.8
SRF,0.552,0.9790209790209791,0.625,0.8686868686868687,88,297,0.8
SRF,0.554,0.9790209790209791,0.625,0.8686868686868687,88,297,0.8
SRF,0.556,0.9790209790209791,0.625,0.8686868686868687,88,297,0.8
SRF,0.558,0.9790209790209791,0.6136363636363636,0.8653198653198653,88,297,0.8
SRF,0.56,0.9790209790209791,0.6136363636363636,0.8653198653198653,88,297,0.8
SRF,0.562,0.9790209790209791,0.6136363636363636,0.8653198653198653,88,297,0.8
SRF,0.5640000000000001,0.9790209790209791,0.6136363636363636,0.8653198653198653,88,297,0.8
SRF,0.5660000000000001,0.9790209790209791,0.6136363636363636,0.8619528619528619,88,297,0.8
SRF,0.5680000000000001,0.9790209790209791,0.6136363636363636,0.8619528619528619,88,297,0.8
SRF,0.5700000000000001,0.9790209790209791,0.6136363636363636,0.8619528619528619,88,297,0.8
SRF,0.5720000000000001,0.9790209790209791,0.6136363636363636,0.8619528619528619,88,297,0.8
SRF,0.5740000000000001,0.9790209790209791,0.6136363636363636,0.8619528619528619,88,297,0.8
SRF,0.5760000000000001,0.9790209790209791,0.6136363636363636,0.8619528619528619,88,297,0.8
SRF,0.5780000000000001,0.9790209790209791,0.6136363636363636,0.8619528619528619,88,297,0.8
SRF,0.58,0.9790209790209791,0.6136363636363636,0.8619528619528619,88,297,0.8
SRF,0.582,0.9790209790209791,0.6136363636363636,0.8619528619528619,88,297,0.8
SRF,0.584,0.9790209790209791,0.6136363636363636,0.8619528619528619,88,297,0.8
SRF,0.586,0.9790209790209791,0.6136363636363636,0.8619528619528619,88,297,0.8
SRF,0.588,0.9790209790209791,0.6136363636363636,0.8619528619528619,88,297,0.8
SRF,0.59,0.9790209790209791,0.6136363636363636,0.8619528619528619,88,297,0.8
SRF,0.592,0.9790209790209791,0.6136363636363636,0.8619528619528619,88,297,0.8
SRF,0.594,0.9790209790209791,0.6022727272727273,0.8585858585858586,88,297,0.8
SRF,0.596,0.9790209790209791,0.5909090909090909,0.8552188552188552,88,297,0.8
SRF,0.598,0.9790209790209791,0.5909090909090909,0.8552188552188552,88,297,0.8
SRF,0.6,0.9790209790209791,0.5909090909090909,0.8552188552188552,88,297,0.8
SRF,0.602,0.9790209790209791,0.5795454545454546,0.8518518518518519,88,297,0.8
SRF,0.604,0.9790209790209791,0.5795454545454546,0.8518518518518519,88,297,0.8
SRF,0.606,0.9790209790209791,0.5795454545454546,0.8518518518518519,88,297,0.8
SRF,0.608,0.9790209790209791,0.5795454545454546,0.8518518518518519,88,297,0.8
SRF,0.61,0.9790209790209791,0.5795454545454546,0.8518518518518519,88,297,0.8
SRF,0.612,0.9790209790209791,0.5795454545454546,0.8518518518518519,88,297,0.8
SRF,0.614,0.9790209790209791,0.5795454545454546,0.8518518518518519,88,297,0.8
SRF,0.616,0.9790209790209791,0.5795454545454546,0.8518518518518519,88,297,0.8
SRF,0.618,0.9790209790209791,0.5795454545454546,0.8518518518518519,88,297,0.8
SRF,0.62,0.9790209790209791,0.5795454545454546,0.8518518518518519,88,297,0.8
SRF,0.622,0.9790209790209791,0.5795454545454546,0.8518518518518519,88,297,0.8
SRF,0.624,0.9790209790209791,0.5795454545454546,0.8518518518518519,88,297,0.8
SRF,0.626,0.9790209790209791,0.5795454545454546,0.8518518518518519,88,297,0.8
SRF,0.628,0.9790209790209791,0.5795454545454546,0.8518518518518519,88,297,0.8
SRF,0.63,0.9790209790209791,0.5795454545454546,0.8518518518518519,88,297,0.8
SRF,0.632,0.9790209790209791,0.5681818181818182,0.8484848484848485,88,297,0.8
SRF,0.634,0.9790209790209791,0.5681818181818182,0.8484848484848485,88,297,0.8
SRF,0.636,0.9790209790209791,0.5681818181818182,0.8484848484848485,88,297,0.8
SRF,0.638,0.9790209790209791,0.5568181818181818,0.8451178451178452,88,297,0.8
SRF,0.64,0.9790209790209791,0.5568181818181818,0.8451178451178452,88,297,0.8
SRF,0.642,0.9790209790209791,0.5568181818181818,0.8451178451178452,88,297,0.8
SRF,0.644,0.9790209790209791,0.5568181818181818,0.8451178451178452,88,297,0.8
SRF,0.646,0.9790209790209791,0.5568181818181818,0.8451178451178452,88,297,0.8
SRF,0.648,0.9790209790209791,0.5568181818181818,0.8451178451178452,88,297,0.8
SRF,0.65,0.9790209790209791,0.5568181818181818,0.8417508417508418,88,297,0.8
SRF,0.652,0.9790209790209791,0.5568181818181818,0.8417508417508418,88,297,0.8
SRF,0.654,0.9790209790209791,0.5568181818181818,0.8417508417508418,88,297,0.8
SRF,0.656,0.9790209790209791,0.5568181818181818,0.8417508417508418,88,297,0.8
SRF,0.658,0.9790209790209791,0.5568181818181818,0.8417508417508418,88,297,0.8
SRF,0.66,0.9790209790209791,0.5568181818181818,0.8417508417508418,88,297,0.8
SRF,0.662,0.9790209790209791,0.5568181818181818,0.8417508417508418,88,297,0.8
SRF,0.664,0.9790209790209791,0.5568181818181818,0.8417508417508418,88,297,0.8
SRF,0.666,0.9790209790209791,0.5568181818181818,0.8417508417508418,88,297,0.8
SRF,0.668,0.9790209790209791,0.5568181818181818,0.8417508417508418,88,297,0.8
SRF,0.67,0.9790209790209791,0.5568181818181818,0.8417508417508418,88,297,0.8
SRF,0.672,0.9790209790209791,0.5568181818181818,0.8417508417508418,88,297,0.8
SRF,0.674,0.9790209790209791,0.5568181818181818,0.8417508417508418,88,297,0.8
SRF,0.676,0.9790209790209791,0.5568181818181818,0.8417508417508418,88,297,0.8
SRF,0.678,0.9790209790209791,0.5568181818181818,0.8417508417508418,88,297,0.8
SRF,0.68,0.9790209790209791,0.5568181818181818,0.8417508417508418,88,297,0.8
SRF,0.682,0.9790209790209791,0.5568181818181818,0.8417508417508418,88,297,0.8
SRF,0.684,0.9790209790209791,0.5568181818181818,0.8417508417508418,88,297,0.8
SRF,0.686,0.9790209790209791,0.5454545454545454,0.8383838383838383,88,297,0.8
SRF,0.6880000000000001,0.9790209790209791,0.5454545454545454,0.8383838383838383,88,297,0.8
SRF,0.6900000000000001,0.9790209790209791,0.5454545454545454,0.8383838383838383,88,297,0.8
SRF,0.6920000000000001,0.9790209790209791,0.5454545454545454,0.8383838383838383,88,297,0.8
SRF,0.6940000000000001,0.9790209790209791,0.5454545454545454,0.8383838383838383,88,297,0.8
SRF,0.6960000000000001,0.9790209790209791,0.5454545454545454,0.8383838383838383,88,297,0.8
SRF,0.6980000000000001,0.9790209790209791,0.5454545454545454,0.8383838383838383,88,297,0.8
SRF,0.7000000000000001,0.9790209790209791,0.5454545454545454,0.8383838383838383,88,297,0.8
SRF,0.7020000000000001,0.9790209790209791,0.5454545454545454,0.8383838383838383,88,297,0.8
SRF,0.7040000000000001,0.9790209790209791,0.5454545454545454,0.8383838383838383,88,297,0.8
SRF,0.706,0.9790209790209791,0.5454545454545454,0.8383838383838383,88,297,0.8
SRF,0.708,0.9790209790209791,0.5340909090909091,0.835016835016835,88,297,0.8
SRF,0.71,0.9790209790209791,0.5340909090909091,0.835016835016835,88,297,0.8
SRF,0.712,0.9790209790209791,0.5340909090909091,0.835016835016835,88,297,0.8
SRF,0.714,0.9790209790209791,0.5340909090909091,0.835016835016835,88,297,0.8
SRF,0.716,0.9790209790209791,0.5340909090909091,0.835016835016835,88,297,0.8
SRF,0.718,0.9790209790209791,0.5340909090909091,0.835016835016835,88,297,0.8
SRF,0.72,0.9790209790209791,0.5340909090909091,0.835016835016835,88,297,0.8
SRF,0.722,0.9790209790209791,0.5340909090909091,0.835016835016835,88,297,0.8
SRF,0.724,0.9790209790209791,0.5340909090909091,0.835016835016835,88,297,0.8
SRF,0.726,0.9790209790209791,0.5340909090909091,0.835016835016835,88,297,0.8
SRF,0.728,0.9790209790209791,0.5340909090909091,0.835016835016835,88,297,0.8
SRF,0.73,0.9790209790209791,0.5340909090909091,0.835016835016835,88,297,0.8
SRF,0.732,0.9790209790209791,0.5340909090909091,0.835016835016835,88,297,0.8
SRF,0.734,0.9790209790209791,0.5340909090909091,0.835016835016835,88,297,0.8
SRF,0.736,0.9790209790209791,0.5340909090909091,0.835016835016835,88,297,0.8
SRF,0.738,0.9790209790209791,0.5340909090909091,0.835016835016835,88,297,0.8
SRF,0.74,0.986013986013986,0.5340909090909091,0.835016835016835,88,297,0.8
SRF,0.742,0.986013986013986,0.5340909090909091,0.835016835016835,88,297,0.8
SRF,0.744,0.986013986013986,0.5340909090909091,0.835016835016835,88,297,0.8
SRF,0.746,0.986013986013986,0.5340909090909091,0.835016835016835,88,297,0.8
SRF,0.748,0.986013986013986,0.5227272727272727,0.8316498316498316,88,297,0.8
SRF,0.75,0.986013986013986,0.5227272727272727,0.8316498316498316,88,297,0.8
SRF,0.752,0.986013986013986,0.5227272727272727,0.8316498316498316,88,297,0.8
SRF,0.754,0.986013986013986,0.5227272727272727,0.8316498316498316,88,297,0.8
SRF,0.756,0.986013986013986,0.5227272727272727,0.8316498316498316,88,297,0.8
SRF,0.758,0.986013986013986,0.5227272727272727,0.8316498316498316,88,297,0.8
SRF,0.76,0.986013986013986,0.5227272727272727,0.8316498316498316,88,297,0.8
SRF,0.762,0.986013986013986,0.5227272727272727,0.8316498316498316,88,297,0.8
SRF,0.764,0.986013986013986,0.5227272727272727,0.8316498316498316,88,297,0.8
SRF,0.766,0.986013986013986,0.5227272727272727,0.8316498316498316,88,297,0.8
SRF,0.768,0.986013986013986,0.5227272727272727,0.8316498316498316,88,297,0.8
SRF,0.77,0.986013986013986,0.5227272727272727,0.8316498316498316,88,297,0.8
SRF,0.772,0.986013986013986,0.5227272727272727,0.8316498316498316,88,297,0.8
SRF,0.774,0.986013986013986,0.5227272727272727,0.8316498316498316,88,297,0.8
SRF,0.776,0.986013986013986,0.5227272727272727,0.8316498316498316,88,297,0.8
SRF,0.778,0.986013986013986,0.5227272727272727,0.8316498316498316,88,297,0.8
SRF,0.78,0.986013986013986,0.5227272727272727,0.8316498316498316,88,297,0.8
SRF,0.782,0.986013986013986,0.5227272727272727,0.8316498316498316,88,297,0.8
SRF,0.784,0.986013986013986,0.5227272727272727,0.8316498316498316,88,297,0.8
SRF,0.786,0.986013986013986,0.5227272727272727,0.8316498316498316,88,297,0.8
SRF,0.788,0.986013986013986,0.5227272727272727,0.8316498316498316,88,297,0.8
SRF,0.79,0.986013986013986,0.5227272727272727,0.8316498316498316,88,297,0.8
SRF,0.792,0.986013986013986,0.5113636363636364,0.8282828282828283,88,297,0.8
SRF,0.794,0.986013986013986,0.5113636363636364,0.8282828282828283,88,297,0.8
SRF,0.796,0.986013986013986,0.5,0.8249158249158249,88,297,0.8
SRF,0.798,0.986013986013986,0.5,0.8249158249158249,88,297,0.8
SRF,0.8,0.986013986013986,0.5,0.8249158249158249,88,297,0.8
SRF,0.802,0.986013986013986,0.48863636363636365,0.8215488215488216,88,297,0.8
SRF,0.804,0.986013986013986,0.48863636363636365,0.8181818181818182,88,297,0.8
SRF,0.806,0.986013986013986,0.48863636363636365,0.8181818181818182,88,297,0.8
SRF,0.808,0.986013986013986,0.48863636363636365,0.8181818181818182,88,297,0.8
SRF,0.81,0.986013986013986,0.4772727272727273,0.8148148148148148,88,297,0.8
SRF,0.812,0.986013986013986,0.4772727272727273,0.8148148148148148,88,297,0.8
SRF,0.8140000000000001,0.986013986013986,0.4772727272727273,0.8148148148148148,88,297,0.8
SRF,0.8160000000000001,0.986013986013986,0.4772727272727273,0.8148148148148148,88,297,0.8
SRF,0.8180000000000001,0.986013986013986,0.4772727272727273,0.8148148148148148,88,297,0.8
SRF,0.8200000000000001,0.986013986013986,0.4772727272727273,0.8148148148148148,88,297,0.8
SRF,0.8220000000000001,0.986013986013986,0.4772727272727273,0.8148148148148148,88,297,0.8
SRF,0.8240000000000001,0.986013986013986,0.4772727272727273,0.8148148148148148,88,297,0.8
SRF,0.8260000000000001,0.986013986013986,0.4772727272727273,0.8148148148148148,88,297,0.8
SRF,0.8280000000000001,0.986013986013986,0.4772727272727273,0.8148148148148148,88,297,0.8
SRF,0.8300000000000001,0.986013986013986,0.4659090909090909,0.8114478114478114,88,297,0.8
SRF,0.8320000000000001,0.986013986013986,0.4659090909090909,0.8114478114478114,88,297,0.8
SRF,0.8340000000000001,0.986013986013986,0.4659090909090909,0.8114478114478114,88,297,0.8
SRF,0.836,0.986013986013986,0.45454545454545453,0.8080808080808081,88,297,0.8
SRF,0.838,0.986013986013986,0.45454545454545453,0.8080808080808081,88,297,0.8
SRF,0.84,0.986013986013986,0.45454545454545453,0.8080808080808081,88,297,0.8
SRF,0.842,0.986013986013986,0.4431818181818182,0.8047138047138047,88,297,0.8
SRF,0.844,0.986013986013986,0.4431818181818182,0.8047138047138047,88,297,0.8
SRF,0.846,0.986013986013986,0.4431818181818182,0.8047138047138047,88,297,0.8
SRF,0.848,0.986013986013986,0.4431818181818182,0.8047138047138047,88,297,0.8
SRF,0.85,0.986013986013986,0.4431818181818182,0.8047138047138047,88,297,0.8
SRF,0.852,0.986013986013986,0.4431818181818182,0.8047138047138047,88,297,0.8
SRF,0.854,0.986013986013986,0.4431818181818182,0.8047138047138047,88,297,0.8
SRF,0.856,0.986013986013986,0.4431818181818182,0.8047138047138047,88,297,0.8
SRF,0.858,0.986013986013986,0.4431818181818182,0.8047138047138047,88,297,0.8
SRF,0.86,0.986013986013986,0.4431818181818182,0.8047138047138047,88,297,0.8
SRF,0.862,0.986013986013986,0.4431818181818182,0.8047138047138047,88,297,0.8
SRF,0.864,0.986013986013986,0.4431818181818182,0.8047138047138047,88,297,0.8
SRF,0.866,0.986013986013986,0.4431818181818182,0.8047138047138047,88,297,0.8
SRF,0.868,0.986013986013986,0.4431818181818182,0.8047138047138047,88,297,0.8
SRF,0.87,0.986013986013986,0.4431818181818182,0.8047138047138047,88,297,0.8
SRF,0.872,0.986013986013986,0.4431818181818182,0.8047138047138047,88,297,0.8
SRF,0.874,0.986013986013986,0.4431818181818182,0.8047138047138047,88,297,0.8
SRF,0.876,0.986013986013986,0.4431818181818182,0.8047138047138047,88,297,0.8
SRF,0.878,0.986013986013986,0.4318181818181818,0.8013468013468014,88,297,0.8
SRF,0.88,0.986013986013986,0.4318181818181818,0.8013468013468014,88,297,0.8
SRF,0.882,0.986013986013986,0.4318181818181818,0.8013468013468014,88,297,0.8
SRF,0.884,0.986013986013986,0.42045454545454547,0.797979797979798,88,297,0.8
SRF,0.886,0.986013986013986,0.42045454545454547,0.797979797979798,88,297,0.8
SRF,0.888,0.986013986013986,0.42045454545454547,0.797979797979798,88,297,0.8
SRF,0.89,0.986013986013986,0.42045454545454547,0.797979797979798,88,297,0.8
SRF,0.892,0.986013986013986,0.42045454545454547,0.797979797979798,88,297,0.8
SRF,0.894,0.986013986013986,0.42045454545454547,0.797979797979798,88,297,0.8
SRF,0.896,0.986013986013986,0.42045454545454547,0.797979797979798,88,297,0.8
SRF,0.898,0.986013986013986,0.42045454545454547,0.797979797979798,88,297,0.8
SRF,0.9,0.986013986013986,0.42045454545454547,0.797979797979798,88,297,0.8
SRF,0.902,0.986013986013986,0.42045454545454547,0.797979797979798,88,297,0.8
SRF,0.904,0.986013986013986,0.42045454545454547,0.7946127946127947,88,297,0.8
SRF,0.906,0.986013986013986,0.4090909090909091,0.7912457912457912,88,297,0.8
SRF,0.908,0.986013986013986,0.4090909090909091,0.7912457912457912,88,297,0.8
SRF,0.91,0.986013986013986,0.4090909090909091,0.7912457912457912,88,297,0.8
SRF,0.912,0.986013986013986,0.4090909090909091,0.7878787878787878,88,297,0.8
SRF,0.914,0.986013986013986,0.4090909090909091,0.7845117845117845,88,297,0.8
SRF,0.916,0.986013986013986,0.4090909090909091,0.7845117845117845,88,297,0.8
SRF,0.918,0.986013986013986,0.4090909090909091,0.7845117845117845,88,297,0.8
SRF,0.92,0.986013986013986,0.3977272727272727,0.7811447811447811,88,297,0.8
SRF,0.922,0.986013986013986,0.3977272727272727,0.7811447811447811,88,297,0.8
SRF,0.924,0.986013986013986,0.3977272727272727,0.7777777777777778,88,297,0.8
SRF,0.926,0.986013986013986,0.38636363636363635,0.7744107744107744,88,297,0.8
SRF,0.928,0.986013986013986,0.38636363636363635,0.7710437710437711,88,297,0.8
SRF,0.93,0.986013986013986,0.38636363636363635,0.7710437710437711,88,297,0.8
SRF,0.932,0.986013986013986,0.38636363636363635,0.7710437710437711,88,297,0.8
SRF,0.934,0.986013986013986,0.38636363636363635,0.7710437710437711,88,297,0.8
SRF,0.936,0.986013986013986,0.38636363636363635,0.7710437710437711,88,297,0.8
SRF,0.9380000000000001,0.986013986013986,0.375,0.7676767676767676,88,297,0.8
SRF,0.9400000000000001,0.986013986013986,0.375,0.7676767676767676,88,297,0.8
SRF,0.9420000000000001,0.986013986013986,0.375,0.7676767676767676,88,297,0.8
SRF,0.9440000000000001,0.986013986013986,0.375,0.7676767676767676,88,297,0.8
SRF,0.9460000000000001,0.986013986013986,0.36363636363636365,0.7643097643097643,88,297,0.8
SRF,0.9480000000000001,0.986013986013986,0.36363636363636365,0.7609427609427609,88,297,0.8
SRF,0.9500000000000001,0.986013986013986,0.3522727272727273,0.7542087542087542,88,297,0.8
SRF,0.9520000000000001,0.986013986013986,0.32954545454545453,0.7474747474747475,88,297,0.8
SRF,0.9540000000000001,0.993006993006993,0.32954545454545453,0.7474747474747475,88,297,0.8
SRF,0.9560000000000001,0.993006993006993,0.32954545454545453,0.7474747474747475,88,297,0.8
SRF,0.9580000000000001,0.993006993006993,0.3068181818181818,0.7407407407407407,88,297,0.8
SRF,0.9600000000000001,0.993006993006993,0.29545454545454547,0.734006734006734,88,297,0.8
SRF,0.962,0.993006993006993,0.2727272727272727,0.7239057239057239,88,297,0.8
SRF,0.964,0.993006993006993,0.26136363636363635,0.7171717171717171,88,297,0.8
SRF,0.966,0.993006993006993,0.25,0.7104377104377104,88,297,0.8
SRF,0.968,0.993006993006993,0.20454545454545456,0.696969696969697,88,297,0.8
SRF,0.97,0.993006993006993,0.18181818181818182,0.6835016835016835,88,297,0.8
SRF,0.972,0.993006993006993,0.17045454545454544,0.6767676767676768,88,297,0.8
SRF,0.974,0.993006993006993,0.17045454545454544,0.6734006734006734,88,297,0.8
SRF,0.976,0.993006993006993,0.1590909090909091,0.6632996632996633,88,297,0.8
SRF,0.978,0.993006993006993,0.1590909090909091,0.6599326599326599,88,297,0.8
SRF,0.98,0.993006993006993,0.14772727272727273,0.6363636363636364,88,297,0.8
SRF,0.982,0.993006993006993,0.10227272727272728,0.6195286195286195,88,297,0.8
SRF,0.984,0.993006993006993,0.10227272727272728,0.6195286195286195,88,297,0.8
SRF,0.986,0.993006993006993,0.10227272727272728,0.6195286195286195,88,297,0.8
SRF,0.988,1.0,0.09090909090909091,0.6094276094276094,88,297,0.8
SRF,0.99,1.0,0.07954545454545454,0.5993265993265994,88,297,0.8
SRF,0.992,1.0,0.06818181818181818,0.5858585858585859,88,297,0.8
SRF,0.994,1.0,0.045454545454545456,0.5454545454545454,88,297,0.8
SRF,0.996,1.0,0.022727272727272728,0.49158249158249157,88,297,0.8
SRF,0.998,1.0,0.011363636363636364,0.41414141414141414,88,297,0.8
PED,0.002,0.014285714285714285,1.0,1.0,119,300,0.8300000000000001
PED,0.004,0.05714285714285714,1.0,1.0,119,300,0.8300000000000001
PED,0.006,0.07142857142857142,1.0,1.0,119,300,0.8300000000000001
PED,0.008,0.09285714285714286,1.0,1.0,119,300,0.8300000000000001
PED,0.01,0.1,0.9915966386554622,0.9966666666666667,119,300,0.8300000000000001
PED,0.012,0.10714285714285714,0.9915966386554622,0.9966666666666667,119,300,0.8300000000000001
PED,0.014,0.12142857142857143,0.9915966386554622,0.9966666666666667,119,300,0.8300000000000001
PED,0.016,0.12857142857142856,0.9915966386554622,0.9966666666666667,119,300,0.8300000000000001
PED,0.018000000000000002,0.1357142857142857,0.9915966386554622,0.9966666666666667,119,300,0.8300000000000001
PED,0.020000000000000004,0.14285714285714285,0.9915966386554622,0.9966666666666667,119,300,0.8300000000000001
PED,0.022,0.14285714285714285,0.9915966386554622,0.9966666666666667,119,300,0.8300000000000001
PED,0.024,0.15714285714285714,0.9915966386554622,0.9966666666666667,119,300,0.8300000000000001
PED,0.026000000000000002,0.16428571428571428,0.9915966386554622,0.9966666666666667,119,300,0.8300000000000001
PED,0.028000000000000004,0.16428571428571428,0.9915966386554622,0.9966666666666667,119,300,0.8300000000000001
PED,0.03,0.17142857142857143,0.9915966386554622,0.9966666666666667,119,300,0.8300000000000001
PED,0.032,0.17142857142857143,0.9915966386554622,0.9966666666666667,119,300,0.8300000000000001
PED,0.034,0.17142857142857143,0.9915966386554622,0.9966666666666667,119,300,0.8300000000000001
PED,0.036000000000000004,0.17142857142857143,0.9915966386554622,0.9966666666666667,119,300,0.8300000000000001
PED,0.038000000000000006,0.17857142857142858,0.9915966386554622,0.9966666666666667,119,300,0.8300000000000001
PED,0.04,0.17857142857142858,0.9915966386554622,0.9966666666666667,119,300,0.8300000000000001
PED,0.042,0.17857142857142858,0.9915966386554622,0.9966666666666667,119,300,0.8300000000000001
PED,0.044000000000000004,0.17857142857142858,0.9915966386554622,0.9966666666666667,119,300,0.8300000000000001
PED,0.046,0.17857142857142858,0.9915966386554622,0.9966666666666667,119,300,0.8300000000000001
PED,0.048,0.19285714285714287,0.9915966386554622,0.9966666666666667,119,300,0.8300000000000001
PED,0.05,0.2,0.9915966386554622,0.9966666666666667,119,300,0.8300000000000001
PED,0.052000000000000005,0.2,0.9915966386554622,0.9966666666666667,119,300,0.8300000000000001
PED,0.054000000000000006,0.20714285714285716,0.9915966386554622,0.9966666666666667,119,300,0.8300000000000001
PED,0.056,0.20714285714285716,0.9915966386554622,0.9966666666666667,119,300,0.8300000000000001
PED,0.058,0.20714285714285716,0.9915966386554622,0.9966666666666667,119,300,0.8300000000000001
PED,0.060000000000000005,0.21428571428571427,0.9915966386554622,0.9966666666666667,119,300,0.8300000000000001
PED,0.062,0.21428571428571427,0.9915966386554622,0.9966666666666667,119,300,0.8300000000000001
PED,0.064,0.22142857142857142,0.9915966386554622,0.9966666666666667,119,300,0.8300000000000001
PED,0.066,0.22857142857142856,0.9915966386554622,0.9966666666666667,119,300,0.8300000000000001
PED,0.068,0.22857142857142856,0.9915966386554622,0.9966666666666667,119,300,0.8300000000000001
PED,0.07,0.22857142857142856,0.9915966386554622,0.9966666666666667,119,300,0.8300000000000001
PED,0.07200000000000001,0.22857142857142856,0.9915966386554622,0.9966666666666667,119,300,0.8300000000000001
PED,0.07400000000000001,0.22857142857142856,0.9915966386554622,0.9966666666666667,119,300,0.8300000000000001
PED,0.076,0.22857142857142856,0.9915966386554622,0.9966666666666667,119,300,0.8300000000000001
PED,0.078,0.2357142857142857,0.9915966386554622,0.9966666666666667,119,300,0.8300000000000001
PED,0.08,0.24285714285714285,0.9915966386554622,0.9966666666666667,119,300,0.8300000000000001
PED,0.082,0.24285714285714285,0.9915966386554622,0.9966666666666667,119,300,0.8300000000000001
PED,0.084,0.24285714285714285,0.9915966386554622,0.9966666666666667,119,300,0.8300000000000001
PED,0.08600000000000001,0.2571428571428571,0.9915966386554622,0.9966666666666667,119,300,0.8300000000000001
PED,0.08800000000000001,0.2571428571428571,0.9915966386554622,0.9966666666666667,119,300,0.8300000000000001
PED,0.09,0.2642857142857143,0.9915966386554622,0.9966666666666667,119,300,0.8300000000000001
PED,0.092,0.2714285714285714,0.9915966386554622,0.9966666666666667,119,300,0.8300000000000001
PED,0.094,0.2714285714285714,0.9915966386554622,0.9966666666666667,119,300,0.8300000000000001
PED,0.096,0.2714285714285714,0.9915966386554622,0.9966666666666667,119,300,0.8300000000000001
PED,0.098,0.2714285714285714,0.9915966386554622,0.9933333333333333,119,300,0.8300000000000001
PED,0.1,0.2785714285714286,0.9915966386554622,0.9933333333333333,119,300,0.8300000000000001
PED,0.10200000000000001,0.2857142857142857,0.9915966386554622,0.9933333333333333,119,300,0.8300000000000001
PED,0.10400000000000001,0.29285714285714287,0.9915966386554622,0.9933333333333333,119,300,0.8300000000000001
PED,0.10600000000000001,0.3,0.9915966386554622,0.9933333333333333,119,300,0.8300000000000001
PED,0.108,0.30714285714285716,0.9915966386554622,0.9933333333333333,119,300,0.8300000000000001
PED,0.11,0.3142857142857143,0.9915966386554622,0.9933333333333333,119,300,0.8300000000000001
PED,0.112,0.3142857142857143,0.9831932773109243,0.99,119,300,0.8300000000000001
PED,0.114,0.3142857142857143,0.9831932773109243,0.99,119,300,0.8300000000000001
PED,0.116,0.3142857142857143,0.9831932773109243,0.99,119,300,0.8300000000000001
PED,0.11800000000000001,0.3142857142857143,0.9831932773109243,0.99,119,300,0.8300000000000001
PED,0.12000000000000001,0.3142857142857143,0.9831932773109243,0.99,119,300,0.8300000000000001
PED,0.122,0.3142857142857143,0.9831932773109243,0.99,119,300,0.8300000000000001
PED,0.124,0.3142857142857143,0.9747899159663865,0.9866666666666667,119,300,0.8300000000000001
PED,0.126,0.3142857142857143,0.9747899159663865,0.9866666666666667,119,300,0.8300000000000001
PED,0.128,0.32142857142857145,0.9747899159663865,0.9866666666666667,119,300,0.8300000000000001
PED,0.13,0.32142857142857145,0.9747899159663865,0.9866666666666667,119,300,0.8300000000000001
PED,0.132,0.32142857142857145,0.9747899159663865,0.9866666666666667,119,300,0.8300000000000001
PED,0.134,0.32142857142857145,0.9747899159663865,0.9866666666666667,119,300,0.8300000000000001
PED,0.136,0.32142857142857145,0.9747899159663865,0.9866666666666667,119,300,0.8300000000000001
PED,0.138,0.32142857142857145,0.9747899159663865,0.9866666666666667,119,300,0.8300000000000001
PED,0.14,0.32142857142857145,0.9747899159663865,0.9866666666666667,119,300,0.8300000000000001
PED,0.14200000000000002,0.32142857142857145,0.9663865546218487,0.9833333333333333,119,300,0.8300000000000001
PED,0.14400000000000002,0.32142857142857145,0.9663865546218487,0.9833333333333333,119,300,0.8300000000000001
PED,0.14600000000000002,0.32142857142857145,0.9663865546218487,0.9833333333333333,119,300,0.8300000000000001
PED,0.148,0.32857142857142857,0.9663865546218487,0.9833333333333333,119,300,0.8300000000000001
PED,0.15,0.32857142857142857,0.9663865546218487,0.9833333333333333,119,300,0.8300000000000001
PED,0.152,0.32857142857142857,0.9663865546218487,0.9833333333333333,119,300,0.8300000000000001
PED,0.154,0.32857142857142857,0.9663865546218487,0.9833333333333333,119,300,0.8300000000000001
PED,0.156,0.32857142857142857,0.9663865546218487,0.9833333333333333,119,300,0.8300000000000001
PED,0.158,0.32857142857142857,0.9663865546218487,0.9833333333333333,119,300,0.8300000000000001
PED,0.16,0.34285714285714286,0.9663865546218487,0.9833333333333333,119,300,0.8300000000000001
PED,0.162,0.34285714285714286,0.9663865546218487,0.9833333333333333,119,300,0.8300000000000001
PED,0.164,0.34285714285714286,0.9663865546218487,0.9833333333333333,119,300,0.8300000000000001
PED,0.166,0.34285714285714286,0.9663865546218487,0.9833333333333333,119,300,0.8300000000000001
PED,0.168,0.34285714285714286,0.9663865546218487,0.9833333333333333,119,300,0.8300000000000001
PED,0.17,0.34285714285714286,0.9663865546218487,0.9833333333333333,119,300,0.8300000000000001
PED,0.17200000000000001,0.34285714285714286,0.9663865546218487,0.9833333333333333,119,300,0.8300000000000001
PED,0.17400000000000002,0.34285714285714286,0.9663865546218487,0.9833333333333333,119,300,0.8300000000000001
PED,0.17600000000000002,0.34285714285714286,0.9663865546218487,0.9833333333333333,119,300,0.8300000000000001
PED,0.178,0.34285714285714286,0.9663865546218487,0.9833333333333333,119,300,0.8300000000000001
PED,0.18,0.35,0.957983193277311,0.98,119,300,0.8300000000000001
PED,0.182,0.35,0.957983193277311,0.98,119,300,0.8300000000000001
PED,0.184,0.35,0.957983193277311,0.98,119,300,0.8300000000000001
PED,0.186,0.35,0.957983193277311,0.98,119,300,0.8300000000000001
PED,0.188,0.35,0.957983193277311,0.98,119,300,0.8300000000000001
PED,0.19,0.35714285714285715,0.957983193277311,0.98,119,300,0.8300000000000001
PED,0.192,0.35714285714285715,0.957983193277311,0.98,119,300,0.8300000000000001
PED,0.194,0.35714285714285715,0.957983193277311,0.9766666666666667,119,300,0.8300000000000001
PED,0.196,0.36428571428571427,0.957983193277311,0.9766666666666667,119,300,0.8300000000000001
PED,0.198,0.36428571428571427,0.957983193277311,0.9766666666666667,119,300,0.8300000000000001
PED,0.2,0.37857142857142856,0.957983193277311,0.9733333333333334,119,300,0.8300000000000001
PED,0.202,0.37857142857142856,0.957983193277311,0.9733333333333334,119,300,0.8300000000000001
PED,0.20400000000000001,0.38571428571428573,0.9495798319327731,0.97,119,300,0.8300000000000001
PED,0.20600000000000002,0.38571428571428573,0.9495798319327731,0.97,119,300,0.8300000000000001
PED,0.20800000000000002,0.38571428571428573,0.9495798319327731,0.97,119,300,0.8300000000000001
PED,0.21000000000000002,0.38571428571428573,0.9495798319327731,0.97,119,300,0.8300000000000001
PED,0.212,0.38571428571428573,0.9495798319327731,0.97,119,300,0.8300000000000001
PED,0.214,0.38571428571428573,0.9495798319327731,0.97,119,300,0.8300000000000001
PED,0.216,0.38571428571428573,0.9495798319327731,0.97,119,300,0.8300000000000001
PED,0.218,0.38571428571428573,0.9495798319327731,0.97,119,300,0.8300000000000001
PED,0.22,0.38571428571428573,0.9495798319327731,0.97,119,300,0.8300000000000001
PED,0.222,0.38571428571428573,0.9495798319327731,0.97,119,300,0.8300000000000001
PED,0.224,0.38571428571428573,0.9495798319327731,0.97,119,300,0.8300000000000001
PED,0.226,0.38571428571428573,0.9327731092436975,0.9633333333333334,119,300,0.8300000000000001
PED,0.228,0.38571428571428573,0.9327731092436975,0.9633333333333334,119,300,0.8300000000000001
PED,0.23,0.38571428571428573,0.9327731092436975,0.9633333333333334,119,300,0.8300000000000001
PED,0.232,0.38571428571428573,0.9327731092436975,0.9633333333333334,119,300,0.8300000000000001
PED,0.234,0.38571428571428573,0.9327731092436975,0.9633333333333334,119,300,0.8300000000000001
PED,0.23600000000000002,0.38571428571428573,0.9327731092436975,0.96,119,300,0.8300000000000001
PED,0.23800000000000002,0.39285714285714285,0.9327731092436975,0.96,119,300,0.8300000000000001
PED,0.24000000000000002,0.39285714285714285,0.9327731092436975,0.96,119,300,0.8300000000000001
PED,0.242,0.39285714285714285,0.9327731092436975,0.96,119,300,0.8300000000000001
PED,0.244,0.39285714285714285,0.9327731092436975,0.96,119,300,0.8300000000000001
PED,0.246,0.4,0.9243697478991597,0.9566666666666667,119,300,0.8300000000000001
PED,0.248,0.40714285714285714,0.9243697478991597,0.9566666666666667,119,300,0.8300000000000001
PED,0.25,0.40714285714285714,0.9243697478991597,0.9566666666666667,119,300,0.8300000000000001
PED,0.252,0.40714285714285714,0.9243697478991597,0.9566666666666667,119,300,0.8300000000000001
PED,0.254,0.40714285714285714,0.9243697478991597,0.9566666666666667,119,300,0.8300000000000001
PED,0.256,0.4142857142857143,0.9243697478991597,0.9566666666666667,119,300,0.8300000000000001
PED,0.258,0.42857142857142855,0.9243697478991597,0.9566666666666667,119,300,0.8300000000000001
PED,0.26,0.42857142857142855,0.9243697478991597,0.9566666666666667,119,300,0.8300000000000001
PED,0.262,0.42857142857142855,0.9243697478991597,0.9566666666666667,119,300,0.8300000000000001
PED,0.264,0.42857142857142855,0.9243697478991597,0.9566666666666667,119,300,0.8300000000000001
PED,0.266,0.4357142857142857,0.9243697478991597,0.9566666666666667,119,300,0.8300000000000001
PED,0.268,0.4357142857142857,0.9243697478991597,0.9566666666666667,119,300,0.8300000000000001
PED,0.27,0.4357142857142857,0.9243697478991597,0.9566666666666667,119,300,0.8300000000000001
PED,0.272,0.4357142857142857,0.9243697478991597,0.9566666666666667,119,300,0.8300000000000001
PED,0.274,0.4357142857142857,0.9159663865546218,0.9533333333333334,119,300,0.8300000000000001
PED,0.276,0.4357142857142857,0.9159663865546218,0.9533333333333334,119,300,0.8300000000000001
PED,0.278,0.4357142857142857,0.9159663865546218,0.9533333333333334,119,300,0.8300000000000001
PED,0.28,0.4357142857142857,0.9159663865546218,0.9533333333333334,119,300,0.8300000000000001
PED,0.28200000000000003,0.4357142857142857,0.9159663865546218,0.9533333333333334,119,300,0.8300000000000001
PED,0.28400000000000003,0.4357142857142857,0.907563025210084,0.95,119,300,0.8300000000000001
PED,0.28600000000000003,0.4357142857142857,0.8991596638655462,0.9466666666666667,119,300,0.8300000000000001
PED,0.28800000000000003,0.4357142857142857,0.8991596638655462,0.9466666666666667,119,300,0.8300000000000001
PED,0.29000000000000004,0.44285714285714284,0.8991596638655462,0.9466666666666667,119,300,0.8300000000000001
PED,0.292,0.44285714285714284,0.8991596638655462,0.9466666666666667,119,300,0.8300000000000001
PED,0.294,0.44285714285714284,0.8991596638655462,0.9466666666666667,119,300,0.8300000000000001
PED,0.296,0.45,0.8907563025210085,0.9433333333333334,119,300,0.8300000000000001
PED,0.298,0.45714285714285713,0.8907563025210085,0.9433333333333334,119,300,0.8300000000000001
PED,0.3,0.45714285714285713,0.8907563025210085,0.9433333333333334,119,300,0.8300000000000001
PED,0.302,0.45714285714285713,0.8907563025210085,0.9433333333333334,119,300,0.8300000000000001
PED,0.304,0.4642857142857143,0.8907563025210085,0.9433333333333334,119,300,0.8300000000000001
PED,0.306,0.4642857142857143,0.8907563025210085,0.9433333333333334,119,300,0.8300000000000001
PED,0.308,0.4642857142857143,0.8907563025210085,0.9433333333333334,119,300,0.8300000000000001
PED,0.31,0.4642857142857143,0.8907563025210085,0.9433333333333334,119,300,0.8300000000000001
PED,0.312,0.4642857142857143,0.8907563025210085,0.9433333333333334,119,300,0.8300000000000001
PED,0.314,0.4714285714285714,0.8907563025210085,0.9433333333333334,119,300,0.8300000000000001
PED,0.316,0.4714285714285714,0.8907563025210085,0.9433333333333334,119,300,0.8300000000000001
PED,0.318,0.4785714285714286,0.8907563025210085,0.9433333333333334,119,300,0.8300000000000001
PED,0.32,0.4785714285714286,0.8907563025210085,0.9433333333333334,119,300,0.8300000000000001
PED,0.322,0.4785714285714286,0.8907563025210085,0.9433333333333334,119,300,0.8300000000000001
PED,0.324,0.4785714285714286,0.8907563025210085,0.9433333333333334,119,300,0.8300000000000001
PED,0.326,0.4785714285714286,0.8907563025210085,0.9433333333333334,119,300,0.8300000000000001
PED,0.328,0.4785714285714286,0.8907563025210085,0.9433333333333334,119,300,0.8300000000000001
PED,0.33,0.4785714285714286,0.8907563025210085,0.9433333333333334,119,300,0.8300000000000001
PED,0.332,0.4785714285714286,0.8907563025210085,0.9433333333333334,119,300,0.8300000000000001
PED,0.334,0.4785714285714286,0.8907563025210085,0.9433333333333334,119,300,0.8300000000000001
PED,0.336,0.4785714285714286,0.8907563025210085,0.9433333333333334,119,300,0.8300000000000001
PED,0.338,0.4785714285714286,0.8907563025210085,0.9433333333333334,119,300,0.8300000000000001
PED,0.34,0.4785714285714286,0.8907563025210085,0.9433333333333334,119,300,0.8300000000000001
PED,0.342,0.4785714285714286,0.8907563025210085,0.9433333333333334,119,300,0.8300000000000001
PED,0.34400000000000003,0.4785714285714286,0.8907563025210085,0.9433333333333334,119,300,0.8300000000000001
PED,0.34600000000000003,0.4785714285714286,0.8907563025210085,0.9433333333333334,119,300,0.8300000000000001
PED,0.34800000000000003,0.4785714285714286,0.8907563025210085,0.9433333333333334,119,300,0.8300000000000001
PED,0.35000000000000003,0.4785714285714286,0.8907563025210085,0.9433333333333334,119,300,0.8300000000000001
PED,0.35200000000000004,0.4785714285714286,0.8907563025210085,0.9433333333333334,119,300,0.8300000000000001
PED,0.354,0.4785714285714286,0.8907563025210085,0.9433333333333334,119,300,0.8300000000000001
PED,0.356,0.4785714285714286,0.8907563025210085,0.9433333333333334,119,300,0.8300000000000001
PED,0.358,0.4785714285714286,0.8907563025210085,0.9433333333333334,119,300,0.8300000000000001
PED,0.36,0.4785714285714286,0.8907563025210085,0.9433333333333334,119,300,0.8300000000000001
PED,0.362,0.4857142857142857,0.8823529411764706,0.94,119,300,0.8300000000000001
PED,0.364,0.4857142857142857,0.8823529411764706,0.94,119,300,0.8300000000000001
PED,0.366,0.4857142857142857,0.8823529411764706,0.94,119,300,0.8300000000000001
PED,0.368,0.4857142857142857,0.8823529411764706,0.94,119,300,0.8300000000000001
PED,0.37,0.4857142857142857,0.8823529411764706,0.94,119,300,0.8300000000000001
PED,0.372,0.4928571428571429,0.8823529411764706,0.94,119,300,0.8300000000000001
PED,0.374,0.4928571428571429,0.8823529411764706,0.94,119,300,0.8300000000000001
PED,0.376,0.4928571428571429,0.8823529411764706,0.94,119,300,0.8300000000000001
PED,0.378,0.4928571428571429,0.8823529411764706,0.94,119,300,0.8300000000000001
PED,0.38,0.4928571428571429,0.8823529411764706,0.94,119,300,0.8300000000000001
PED,0.382,0.4928571428571429,0.8823529411764706,0.94,119,300,0.8300000000000001
PED,0.384,0.5,0.8739495798319328,0.9333333333333333,119,300,0.8300000000000001
PED,0.386,0.5071428571428571,0.8739495798319328,0.9333333333333333,119,300,0.8300000000000001
PED,0.388,0.5071428571428571,0.8739495798319328,0.9333333333333333,119,300,0.8300000000000001
PED,0.39,0.5071428571428571,0.8739495798319328,0.9333333333333333,119,300,0.8300000000000001
PED,0.392,0.5071428571428571,0.8739495798319328,0.9333333333333333,119,300,0.8300000000000001
PED,0.394,0.5071428571428571,0.8739495798319328,0.9333333333333333,119,300,0.8300000000000001
PED,0.396,0.5071428571428571,0.8739495798319328,0.9333333333333333,119,300,0.8300000000000001
PED,0.398,0.5071428571428571,0.8739495798319328,0.9333333333333333,119,300,0.8300000000000001
PED,0.4,0.5071428571428571,0.8739495798319328,0.9333333333333333,119,300,0.8300000000000001
PED,0.402,0.5071428571428571,0.8739495798319328,0.9333333333333333,119,300,0.8300000000000001
PED,0.404,0.5071428571428571,0.8739495798319328,0.9333333333333333,119,300,0.8300000000000001
PED,0.406,0.5071428571428571,0.8739495798319328,0.9333333333333333,119,300,0.8300000000000001
PED,0.40800000000000003,0.5071428571428571,0.8739495798319328,0.9333333333333333,119,300,0.8300000000000001
PED,0.41000000000000003,0.5071428571428571,0.8739495798319328,0.9333333333333333,119,300,0.8300000000000001
PED,0.41200000000000003,0.5142857142857142,0.8739495798319328,0.9333333333333333,119,300,0.8300000000000001
PED,0.41400000000000003,0.5285714285714286,0.8739495798319328,0.9333333333333333,119,300,0.8300000000000001
PED,0.41600000000000004,0.5285714285714286,0.865546218487395,0.93,119,300,0.8300000000000001
PED,0.41800000000000004,0.5285714285714286,0.865546218487395,0.93,119,300,0.8300000000000001
PED,0.42,0.5357142857142857,0.865546218487395,0.93,119,300,0.8300000000000001
PED,0.422,0.5357142857142857,0.865546218487395,0.93,119,300,0.8300000000000001
PED,0.424,0.5357142857142857,0.865546218487395,0.93,119,300,0.8300000000000001
PED,0.426,0.5357142857142857,0.865546218487395,0.93,119,300,0.8300000000000001
PED,0.428,0.5357142857142857,0.865546218487395,0.93,119,300,0.8300000000000001
PED,0.43,0.5357142857142857,0.865546218487395,0.93,119,300,0.8300000000000001
PED,0.432,0.5357142857142857,0.865546218487395,0.93,119,300,0.8300000000000001
PED,0.434,0.5428571428571428,0.865546218487395,0.93,119,300,0.8300000000000001
PED,0.436,0.5428571428571428,0.8571428571428571,0.9266666666666666,119,300,0.8300000000000001
PED,0.438,0.5428571428571428,0.8487394957983193,0.9233333333333333,119,300,0.8300000000000001
PED,0.44,0.55,0.8487394957983193,0.9233333333333333,119,300,0.8300000000000001
PED,0.442,0.55,0.8487394957983193,0.9233333333333333,119,300,0.8300000000000001
PED,0.444,0.55,0.8487394957983193,0.9233333333333333,119,300,0.8300000000000001
PED,0.446,0.5571428571428572,0.8403361344537815,0.92,119,300,0.8300000000000001
PED,0.448,0.5571428571428572,0.8403361344537815,0.92,119,300,0.8300000000000001
PED,0.45,0.5571428571428572,0.8403361344537815,0.92,119,300,0.8300000000000001
PED,0.452,0.5571428571428572,0.8403361344537815,0.92,119,300,0.8300000000000001
PED,0.454,0.5571428571428572,0.8403361344537815,0.92,119,300,0.8300000000000001
PED,0.456,0.5571428571428572,0.8403361344537815,0.92,119,300,0.8300000000000001
PED,0.458,0.5571428571428572,0.8403361344537815,0.92,119,300,0.8300000000000001
PED,0.46,0.5571428571428572,0.8319327731092437,0.9166666666666666,119,300,0.8300000000000001
PED,0.462,0.5571428571428572,0.8319327731092437,0.9166666666666666,119,300,0.8300000000000001
PED,0.464,0.5571428571428572,0.8319327731092437,0.9166666666666666,119,300,0.8300000000000001
PED,0.466,0.5571428571428572,0.8235294117647058,0.9133333333333333,119,300,0.8300000000000001
PED,0.468,0.5571428571428572,0.8235294117647058,0.9133333333333333,119,300,0.8300000000000001
PED,0.47000000000000003,0.5571428571428572,0.8151260504201681,0.91,119,300,0.8300000000000001
PED,0.47200000000000003,0.5642857142857143,0.8151260504201681,0.91,119,300,0.8300000000000001
PED,0.47400000000000003,0.5642857142857143,0.8151260504201681,0.91,119,300,0.8300000000000001
PED,0.47600000000000003,0.5714285714285714,0.8067226890756303,0.9066666666666666,119,300,0.8300000000000001
PED,0.47800000000000004,0.5714285714285714,0.8067226890756303,0.9066666666666666,119,300,0.8300000000000001
PED,0.48000000000000004,0.5714285714285714,0.8067226890756303,0.9066666666666666,119,300,0.8300000000000001
PED,0.482,0.5714285714285714,0.8067226890756303,0.9066666666666666,119,300,0.8300000000000001
PED,0.484,0.5785714285714286,0.8067226890756303,0.9066666666666666,119,300,0.8300000000000001
PED,0.486,0.5785714285714286,0.8067226890756303,0.9066666666666666,119,300,0.8300000000000001
PED,0.488,0.5785714285714286,0.8067226890756303,0.9066666666666666,119,300,0.8300000000000001
PED,0.49,0.5857142857142857,0.8067226890756303,0.9066666666666666,119,300,0.8300000000000001
PED,0.492,0.5928571428571429,0.8067226890756303,0.9066666666666666,119,300,0.8300000000000001
PED,0.494,0.5928571428571429,0.8067226890756303,0.9066666666666666,119,300,0.8300000000000001
PED,0.496,0.5928571428571429,0.8067226890756303,0.9066666666666666,119,300,0.8300000000000001
PED,0.498,0.5928571428571429,0.8067226890756303,0.9066666666666666,119,300,0.8300000000000001
PED,0.5,0.5928571428571429,0.8067226890756303,0.9066666666666666,119,300,0.8300000000000001
PED,0.502,0.5928571428571429,0.8067226890756303,0.9066666666666666,119,300,0.8300000000000001
PED,0.504,0.5928571428571429,0.8067226890756303,0.9066666666666666,119,300,0.8300000000000001
PED,0.506,0.5928571428571429,0.7983193277310925,0.9033333333333333,119,300,0.8300000000000001
PED,0.508,0.5928571428571429,0.7983193277310925,0.9033333333333333,119,300,0.8300000000000001
PED,0.51,0.6,0.7983193277310925,0.9033333333333333,119,300,0.8300000000000001
PED,0.512,0.6,0.7983193277310925,0.9033333333333333,119,300,0.8300000000000001
PED,0.514,0.6071428571428571,0.7983193277310925,0.9033333333333333,119,300,0.8300000000000001
PED,0.516,0.6142857142857143,0.7983193277310925,0.9033333333333333,119,300,0.8300000000000001
PED,0.518,0.6285714285714286,0.7983193277310925,0.9033333333333333,119,300,0.8300000000000001
PED,0.52,0.6285714285714286,0.7815126050420168,0.8966666666666666,119,300,0.8300000000000001
PED,0.522,0.6285714285714286,0.7815126050420168,0.8966666666666666,119,300,0.8300000000000001
PED,0.524,0.6357142857142857,0.7815126050420168,0.8966666666666666,119,300,0.8300000000000001
PED,0.526,0.6357142857142857,0.7815126050420168,0.8966666666666666,119,300,0.8300000000000001
PED,0.528,0.6428571428571429,0.7815126050420168,0.8966666666666666,119,300,0.8300000000000001
PED,0.53,0.6428571428571429,0.7815126050420168,0.8966666666666666,119,300,0.8300000000000001
PED,0.532,0.6428571428571429,0.7815126050420168,0.8966666666666666,119,300,0.8300000000000001
PED,0.534,0.6428571428571429,0.7815126050420168,0.8966666666666666,119,300,0.8300000000000001
PED,0.536,0.6428571428571429,0.7815126050420168,0.8966666666666666,119,300,0.8300000000000001
PED,0.538,0.6428571428571429,0.7815126050420168,0.8966666666666666,119,300,0.8300000000000001
PED,0.54,0.6428571428571429,0.7815126050420168,0.8966666666666666,119,300,0.8300000000000001
PED,0.542,0.6428571428571429,0.773109243697479,0.8933333333333333,119,300,0.8300000000000001
PED,0.544,0.65,0.773109243697479,0.8933333333333333,119,300,0.8300000000000001
PED,0.546,0.65,0.773109243697479,0.8933333333333333,119,300,0.8300000000000001
PED,0.548,0.65,0.773109243697479,0.8933333333333333,119,300,0.8300000000000001
PED,0.55,0.65,0.773109243697479,0.8933333333333333,119,300,0.8300000000000001
PED,0.552,0.65,0.7647058823529411,0.89,119,300,0.8300000000000001
PED,0.554,0.65,0.7647058823529411,0.89,119,300,0.8300000000000001
PED,0.556,0.6571428571428571,0.7647058823529411,0.89,119,300,0.8300000000000001
PED,0.558,0.6571428571428571,0.7563025210084033,0.8866666666666667,119,300,0.8300000000000001
PED,0.56,0.6571428571428571,0.7563025210084033,0.8866666666666667,119,300,0.8300000000000001
PED,0.562,0.6642857142857143,0.7563025210084033,0.8866666666666667,119,300,0.8300000000000001
PED,0.5640000000000001,0.6714285714285714,0.7563025210084033,0.8866666666666667,119,300,0.8300000000000001
PED,0.5660000000000001,0.6857142857142857,0.7563025210084033,0.8866666666666667,119,300,0.8300000000000001
PED,0.5680000000000001,0.6857142857142857,0.7478991596638656,0.8833333333333333,119,300,0.8300000000000001
PED,0.5700000000000001,0.6928571428571428,0.7478991596638656,0.8833333333333333,119,300,0.8300000000000001
PED,0.5720000000000001,0.6928571428571428,0.7478991596638656,0.8833333333333333,119,300,0.8300000000000001
PED,0.5740000000000001,0.6928571428571428,0.7478991596638656,0.8833333333333333,119,300,0.8300000000000001
PED,0.5760000000000001,0.6928571428571428,0.7478991596638656,0.8833333333333333,119,300,0.8300000000000001
PED,0.5780000000000001,0.6928571428571428,0.7478991596638656,0.8833333333333333,119,300,0.8300000000000001
PED,0.58,0.6928571428571428,0.7478991596638656,0.8833333333333333,119,300,0.8300000000000001
PED,0.582,0.7,0.7478991596638656,0.8833333333333333,119,300,0.8300000000000001
PED,0.584,0.7,0.7478991596638656,0.8833333333333333,119,300,0.8300000000000001
PED,0.586,0.7,0.7478991596638656,0.8833333333333333,119,300,0.8300000000000001
PED,0.588,0.7071428571428572,0.7478991596638656,0.8833333333333333,119,300,0.8300000000000001
PED,0.59,0.7142857142857143,0.7394957983193278,0.88,119,300,0.8300000000000001
PED,0.592,0.7142857142857143,0.7394957983193278,0.88,119,300,0.8300000000000001
PED,0.594,0.7214285714285714,0.7310924369747899,0.8766666666666667,119,300,0.8300000000000001
PED,0.596,0.7357142857142858,0.7310924369747899,0.8766666666666667,119,300,0.8300000000000001
PED,0.598,0.7357142857142858,0.7310924369747899,0.8766666666666667,119,300,0.8300000000000001
PED,0.6,0.7428571428571429,0.7310924369747899,0.8766666666666667,119,300,0.8300000000000001
PED,0.602,0.7571428571428571,0.7310924369747899,0.8766666666666667,119,300,0.8300000000000001
PED,0.604,0.7571428571428571,0.7310924369747899,0.8766666666666667,119,300,0.8300000000000001
PED,0.606,0.7642857142857142,0.7310924369747899,0.8766666666666667,119,300,0.8300000000000001
PED,0.608,0.7642857142857142,0.7310924369747899,0.8766666666666667,119,300,0.8300000000000001
PED,0.61,0.7642857142857142,0.7310924369747899,0.8766666666666667,119,300,0.8300000000000001
PED,0.612,0.7642857142857142,0.7310924369747899,0.8766666666666667,119,300,0.8300000000000001
PED,0.614,0.7642857142857142,0.7310924369747899,0.8766666666666667,119,300,0.8300000000000001
PED,0.616,0.7714285714285715,0.7226890756302521,0.8733333333333333,119,300,0.8300000000000001
PED,0.618,0.7714285714285715,0.7226890756302521,0.8733333333333333,119,300,0.8300000000000001
PED,0.62,0.7714285714285715,0.7226890756302521,0.8733333333333333,119,300,0.8300000000000001
PED,0.622,0.7714285714285715,0.7226890756302521,0.8733333333333333,119,300,0.8300000000000001
PED,0.624,0.7714285714285715,0.7226890756302521,0.8733333333333333,119,300,0.8300000000000001
PED,0.626,0.7714285714285715,0.7226890756302521,0.8733333333333333,119,300,0.8300000000000001
PED,0.628,0.7714285714285715,0.7226890756302521,0.8733333333333333,119,300,0.8300000000000001
PED,0.63,0.7714285714285715,0.7226890756302521,0.8733333333333333,119,300,0.8300000000000001
PED,0.632,0.7714285714285715,0.7226890756302521,0.8733333333333333,119,300,0.8300000000000001
PED,0.634,0.7714285714285715,0.7226890756302521,0.8733333333333333,119,300,0.8300000000000001
PED,0.636,0.7714285714285715,0.7226890756302521,0.8733333333333333,119,300,0.8300000000000001
PED,0.638,0.7785714285714286,0.7226890756302521,0.8733333333333333,119,300,0.8300000000000001
PED,0.64,0.7785714285714286,0.7226890756302521,0.8733333333333333,119,300,0.8300000000000001
PED,0.642,0.7785714285714286,0.7226890756302521,0.8733333333333333,119,300,0.8300000000000001
PED,0.644,0.7857142857142857,0.7226890756302521,0.8733333333333333,119,300,0.8300000000000001
PED,0.646,0.7857142857142857,0.7226890756302521,0.8733333333333333,119,300,0.8300000000000001
PED,0.648,0.7928571428571428,0.7226890756302521,0.8733333333333333,119,300,0.8300000000000001
PED,0.65,0.7928571428571428,0.7226890756302521,0.8733333333333333,119,300,0.8300000000000001
PED,0.652,0.7928571428571428,0.7226890756302521,0.8733333333333333,119,300,0.8300000000000001
PED,0.654,0.7928571428571428,0.7226890756302521,0.8733333333333333,119,300,0.8300000000000001
PED,0.656,0.7928571428571428,0.7226890756302521,0.8733333333333333,119,300,0.8300000000000001
PED,0.658,0.7928571428571428,0.7226890756302521,0.8733333333333333,119,300,0.8300000000000001
PED,0.66,0.7928571428571428,0.7226890756302521,0.8733333333333333,119,300,0.8300000000000001
PED,0.662,0.7928571428571428,0.7226890756302521,0.8733333333333333,119,300,0.8300000000000001
PED,0.664,0.8,0.7226890756302521,0.8733333333333333,119,300,0.8300000000000001
PED,0.666,0.8,0.7142857142857143,0.87,119,300,0.8300000000000001
PED,0.668,0.8,0.7142857142857143,0.87,119,300,0.8300000000000001
PED,0.67,0.8,0.7142857142857143,0.87,119,300,0.8300000000000001
PED,0.672,0.8,0.7142857142857143,0.87,119,300,0.8300000000000001
PED,0.674,0.8,0.7142857142857143,0.87,119,300,0.8300000000000001
PED,0.676,0.8,0.7142857142857143,0.87,119,300,0.8300000000000001
PED,0.678,0.8,0.7142857142857143,0.87,119,300,0.8300000000000001
PED,0.68,0.8,0.7142857142857143,0.87,119,300,0.8300000000000001
PED,0.682,0.8,0.7142857142857143,0.87,119,300,0.8300000000000001
PED,0.684,0.8,0.7058823529411765,0.8666666666666667,119,300,0.8300000000000001
PED,0.686,0.8,0.7058823529411765,0.8666666666666667,119,300,0.8300000000000001
PED,0.6880000000000001,0.8071428571428572,0.7058823529411765,0.8666666666666667,119,300,0.8300000000000001
PED,0.6900000000000001,0.8071428571428572,0.7058823529411765,0.8666666666666667,119,300,0.8300000000000001
PED,0.6920000000000001,0.8142857142857143,0.6974789915966386,0.8633333333333333,119,300,0.8300000000000001
PED,0.6940000000000001,0.8142857142857143,0.6890756302521008,0.86,119,300,0.8300000000000001
PED,0.6960000000000001,0.8142857142857143,0.6890756302521008,0.86,119,300,0.8300000000000001
PED,0.6980000000000001,0.8142857142857143,0.6890756302521008,0.86,119,300,0.8300000000000001
PED,0.7000000000000001,0.8142857142857143,0.6890756302521008,0.86,119,300,0.8300000000000001
PED,0.7020000000000001,0.8142857142857143,0.6890756302521008,0.86,119,300,0.8300000000000001
PED,0.7040000000000001,0.8142857142857143,0.6890756302521008,0.86,119,300,0.8300000000000001
PED,0.706,0.8142857142857143,0.6890756302521008,0.86,119,300,0.8300000000000001
PED,0.708,0.8142857142857143,0.6890756302521008,0.86,119,300,0.8300000000000001
PED,0.71,0.8214285714285714,0.680672268907563,0.8566666666666667,119,300,0.8300000000000001
PED,0.712,0.8214285714285714,0.6722689075630253,0.85,119,300,0.8300000000000001
PED,0.714,0.8214285714285714,0.6722689075630253,0.85,119,300,0.8300000000000001
PED,0.716,0.8214285714285714,0.6722689075630253,0.85,119,300,0.8300000000000001
PED,0.718,0.8214285714285714,0.6722689075630253,0.85,119,300,0.8300000000000001
PED,0.72,0.8214285714285714,0.6638655462184874,0.8466666666666667,119,300,0.8300000000000001
PED,0.722,0.8285714285714286,0.6638655462184874,0.8466666666666667,119,300,0.8300000000000001
PED,0.724,0.8285714285714286,0.6638655462184874,0.8466666666666667,119,300,0.8300000000000001
PED,0.726,0.8285714285714286,0.6638655462184874,0.8466666666666667,119,300,0.8300000000000001
PED,0.728,0.8285714285714286,0.6638655462184874,0.8466666666666667,119,300,0.8300000000000001
PED,0.73,0.8285714285714286,0.6638655462184874,0.8466666666666667,119,300,0.8300000000000001
PED,0.732,0.8285714285714286,0.6638655462184874,0.8466666666666667,119,300,0.8300000000000001
PED,0.734,0.8285714285714286,0.6554621848739496,0.8433333333333334,119,300,0.8300000000000001
PED,0.736,0.8285714285714286,0.6554621848739496,0.8433333333333334,119,300,0.8300000000000001
PED,0.738,0.8285714285714286,0.6554621848739496,0.8433333333333334,119,300,0.8300000000000001
PED,0.74,0.8357142857142857,0.6470588235294118,0.84,119,300,0.8300000000000001
PED,0.742,0.8357142857142857,0.6470588235294118,0.84,119,300,0.8300000000000001
PED,0.744,0.8357142857142857,0.6470588235294118,0.84,119,300,0.8300000000000001
PED,0.746,0.8357142857142857,0.6470588235294118,0.84,119,300,0.8300000000000001
PED,0.748,0.8428571428571429,0.6470588235294118,0.84,119,300,0.8300000000000001
PED,0.75,0.8428571428571429,0.6470588235294118,0.8366666666666667,119,300,0.8300000000000001
PED,0.752,0.85,0.6470588235294118,0.8366666666666667,119,300,0.8300000000000001
PED,0.754,0.85,0.6470588235294118,0.8366666666666667,119,300,0.8300000000000001
PED,0.756,0.85,0.6470588235294118,0.8366666666666667,119,300,0.8300000000000001
PED,0.758,0.85,0.6470588235294118,0.8366666666666667,119,300,0.8300000000000001
PED,0.76,0.8642857142857143,0.6470588235294118,0.8366666666666667,119,300,0.8300000000000001
PED,0.762,0.8714285714285714,0.6470588235294118,0.8366666666666667,119,300,0.8300000000000001
PED,0.764,0.8714285714285714,0.6470588235294118,0.8366666666666667,119,300,0.8300000000000001
PED,0.766,0.8714285714285714,0.6470588235294118,0.8366666666666667,119,300,0.8300000000000001
PED,0.768,0.8785714285714286,0.6470588235294118,0.8366666666666667,119,300,0.8300000000000001
PED,0.77,0.8857142857142857,0.6470588235294118,0.8366666666666667,119,300,0.8300000000000001
PED,0.772,0.8857142857142857,0.6386554621848739,0.8333333333333334,119,300,0.8300000000000001
PED,0.774,0.8857142857142857,0.6386554621848739,0.8333333333333334,119,300,0.8300000000000001
PED,0.776,0.8928571428571429,0.6386554621848739,0.8333333333333334,119,300,0.8300000000000001
PED,0.778,0.8928571428571429,0.6386554621848739,0.8333333333333334,119,300,0.8300000000000001
PED,0.78,0.8928571428571429,0.6302521008403361,0.83,119,300,0.8300000000000001
PED,0.782,0.8928571428571429,0.6302521008403361,0.83,119,300,0.8300000000000001
PED,0.784,0.8928571428571429,0.6218487394957983,0.8266666666666667,119,300,0.8300000000000001
PED,0.786,0.8928571428571429,0.6218487394957983,0.8266666666666667,119,300,0.8300000000000001
PED,0.788,0.8928571428571429,0.6218487394957983,0.8266666666666667,119,300,0.8300000000000001
PED,0.79,0.8928571428571429,0.6218487394957983,0.8266666666666667,119,300,0.8300000000000001
PED,0.792,0.8928571428571429,0.6134453781512605,0.8233333333333334,119,300,0.8300000000000001
PED,0.794,0.8928571428571429,0.6134453781512605,0.8233333333333334,119,300,0.8300000000000001
PED,0.796,0.8928571428571429,0.6134453781512605,0.82,119,300,0.8300000000000001
PED,0.798,0.8928571428571429,0.6134453781512605,0.82,119,300,0.8300000000000001
PED,0.8,0.8928571428571429,0.6134453781512605,0.8166666666666667,119,300,0.8300000000000001
PED,0.802,0.8928571428571429,0.6134453781512605,0.8166666666666667,119,300,0.8300000000000001
PED,0.804,0.8928571428571429,0.6134453781512605,0.8166666666666667,119,300,0.8300000000000001
PED,0.806,0.8928571428571429,0.6134453781512605,0.8166666666666667,119,300,0.8300000000000001
PED,0.808,0.8928571428571429,0.6134453781512605,0.8166666666666667,119,300,0.8300000000000001
PED,0.81,0.8928571428571429,0.6134453781512605,0.8166666666666667,119,300,0.8300000000000001
PED,0.812,0.8928571428571429,0.6134453781512605,0.8166666666666667,119,300,0.8300000000000001
PED,0.8140000000000001,0.8928571428571429,0.6050420168067226,0.8133333333333334,119,300,0.8300000000000001
PED,0.8160000000000001,0.8928571428571429,0.6050420168067226,0.8133333333333334,119,300,0.8300000000000001
PED,0.8180000000000001,0.8928571428571429,0.6050420168067226,0.8133333333333334,119,300,0.8300000000000001
PED,0.8200000000000001,0.8928571428571429,0.6050420168067226,0.8066666666666666,119,300,0.8300000000000001
PED,0.8220000000000001,0.8928571428571429,0.6050420168067226,0.8066666666666666,119,300,0.8300000000000001
PED,0.8240000000000001,0.9,0.6050420168067226,0.8066666666666666,119,300,0.8300000000000001
PED,0.8260000000000001,0.9,0.5966386554621849,0.8033333333333333,119,300,0.8300000000000001
PED,0.8280000000000001,0.9,0.5966386554621849,0.8033333333333333,119,300,0.8300000000000001
PED,0.8300000000000001,0.9,0.5966386554621849,0.8033333333333333,119,300,0.8300000000000001
PED,0.8320000000000001,0.9,0.5966386554621849,0.8033333333333333,119,300,0.8300000000000001
PED,0.8340000000000001,0.9,0.5966386554621849,0.8033333333333333,119,300,0.8300000000000001
PED,0.836,0.9,0.5966386554621849,0.8033333333333333,119,300,0.8300000000000001
PED,0.838,0.9,0.5966386554621849,0.8,119,300,0.8300000000000001
PED,0.84,0.9,0.5966386554621849,0.8,119,300,0.8300000000000001
PED,0.842,0.9,0.5966386554621849,0.8,119,300,0.8300000000000001
PED,0.844,0.9,0.5882352941176471,0.7933333333333333,119,300,0.8300000000000001
PED,0.846,0.9,0.5882352941176471,0.7933333333333333,119,300,0.8300000000000001
PED,0.848,0.9,0.5882352941176471,0.79,119,300,0.8300000000000001
PED,0.85,0.9,0.5882352941176471,0.7866666666666666,119,300,0.8300000000000001
PED,0.852,0.9,0.5882352941176471,0.7866666666666666,119,300,0.8300000000000001
PED,0.854,0.9,0.5882352941176471,0.7866666666666666,119,300,0.8300000000000001
PED,0.856,0.9,0.5882352941176471,0.7866666666666666,119,300,0.8300000000000001
PED,0.858,0.9,0.5882352941176471,0.7866666666666666,119,300,0.8300000000000001
PED,0.86,0.9,0.5882352941176471,0.7866666666666666,119,300,0.8300000000000001
PED,0.862,0.9,0.5882352941176471,0.7866666666666666,119,300,0.8300000000000001
PED,0.864,0.9,0.5882352941176471,0.7866666666666666,119,300,0.8300000000000001
PED,0.866,0.9,0.5882352941176471,0.7866666666666666,119,300,0.8300000000000001
PED,0.868,0.9071428571428571,0.5882352941176471,0.7833333333333333,119,300,0.8300000000000001
PED,0.87,0.9071428571428571,0.5882352941176471,0.7833333333333333,119,300,0.8300000000000001
PED,0.872,0.9071428571428571,0.5882352941176471,0.7833333333333333,119,300,0.8300000000000001
PED,0.874,0.9071428571428571,0.5798319327731093,0.78,119,300,0.8300000000000001
PED,0.876,0.9142857142857143,0.5714285714285714,0.7766666666666666,119,300,0.8300000000000001
PED,0.878,0.9142857142857143,0.5714285714285714,0.7766666666666666,119,300,0.8300000000000001
PED,0.88,0.9142857142857143,0.5714285714285714,0.7766666666666666,119,300,0.8300000000000001
PED,0.882,0.9142857142857143,0.5714285714285714,0.7766666666666666,119,300,0.8300000000000001
PED,0.884,0.9142857142857143,0.5546218487394958,0.7633333333333333,119,300,0.8300000000000001
PED,0.886,0.9142857142857143,0.5546218487394958,0.7633333333333333,119,300,0.8300000000000001
PED,0.888,0.9142857142857143,0.5462184873949579,0.7566666666666667,119,300,0.8300000000000001
PED,0.89,0.9142857142857143,0.5462184873949579,0.7566666666666667,119,300,0.8300000000000001
PED,0.892,0.9142857142857143,0.5462184873949579,0.7566666666666667,119,300,0.8300000000000001
PED,0.894,0.9214285714285714,0.5378151260504201,0.7533333333333333,119,300,0.8300000000000001
PED,0.896,0.9214285714285714,0.5378151260504201,0.7533333333333333,119,300,0.8300000000000001
PED,0.898,0.9214285714285714,0.5378151260504201,0.75,119,300,0.8300000000000001
PED,0.9,0.9214285714285714,0.5378151260504201,0.75,119,300,0.8300000000000001
PED,0.902,0.9214285714285714,0.5294117647058824,0.7466666666666667,119,300,0.8300000000000001
PED,0.904,0.9214285714285714,0.5210084033613446,0.7433333333333333,119,300,0.8300000000000001
PED,0.906,0.9214285714285714,0.5126050420168067,0.7366666666666667,119,300,0.8300000000000001
PED,0.908,0.9285714285714286,0.5042016806722689,0.7333333333333333,119,300,0.8300000000000001
PED,0.91,0.9285714285714286,0.5042016806722689,0.7333333333333333,119,300,0.8300000000000001
PED,0.912,0.9285714285714286,0.5042016806722689,0.7333333333333333,119,300,0.8300000000000001
PED,0.914,0.9357142857142857,0.48739495798319327,0.7233333333333334,119,300,0.8300000000000001
PED,0.916,0.9357142857142857,0.48739495798319327,0.72,119,300,0.8300000000000001
PED,0.918,0.9357142857142857,0.4789915966386555,0.7166666666666667,119,300,0.8300000000000001
PED,0.92,0.9357142857142857,0.4789915966386555,0.7133333333333334,119,300,0.8300000000000001
PED,0.922,0.9357142857142857,0.4789915966386555,0.7133333333333334,119,300,0.8300000000000001
PED,0.924,0.9357142857142857,0.46218487394957986,0.7066666666666667,119,300,0.8300000000000001
PED,0.926,0.9357142857142857,0.46218487394957986,0.7066666666666667,119,300,0.8300000000000001
PED,0.928,0.9357142857142857,0.453781512605042,0.7033333333333334,119,300,0.8300000000000001
PED,0.93,0.9357142857142857,0.4369747899159664,0.6933333333333334,119,300,0.8300000000000001
PED,0.932,0.9357142857142857,0.4369747899159664,0.6933333333333334,119,300,0.8300000000000001
PED,0.934,0.9357142857142857,0.4369747899159664,0.6866666666666666,119,300,0.8300000000000001
PED,0.936,0.9357142857142857,0.4369747899159664,0.6866666666666666,119,300,0.8300000000000001
PED,0.9380000000000001,0.9428571428571428,0.4369747899159664,0.6833333333333333,119,300,0.8300000000000001
PED,0.9400000000000001,0.9428571428571428,0.42857142857142855,0.6733333333333333,119,300,0.8300000000000001
PED,0.9420000000000001,0.9428571428571428,0.42857142857142855,0.67,119,300,0.8300000000000001
PED,0.9440000000000001,0.9428571428571428,0.42016806722689076,0.6666666666666666,119,300,0.8300000000000001
PED,0.9460000000000001,0.9428571428571428,0.4117647058823529,0.6633333333333333,119,300,0.8300000000000001
PED,0.9480000000000001,0.9428571428571428,0.40336134453781514,0.66,119,300,0.8300000000000001
PED,0.9500000000000001,0.9428571428571428,0.3949579831932773,0.6533333333333333,119,300,0.8300000000000001
PED,0.9520000000000001,0.95,0.3865546218487395,0.6433333333333333,119,300,0.8300000000000001
PED,0.9540000000000001,0.9571428571428572,0.3865546218487395,0.6366666666666667,119,300,0.8300000000000001
PED,0.9560000000000001,0.9571428571428572,0.37815126050420167,0.6333333333333333,119,300,0.8300000000000001
PED,0.9580000000000001,0.9571428571428572,0.37815126050420167,0.6333333333333333,119,300,0.8300000000000001
PED,0.9600000000000001,0.9642857142857143,0.3697478991596639,0.63,119,300,0.8300000000000001
PED,0.962,0.9642857142857143,0.36134453781512604,0.6233333333333333,119,300,0.8300000000000001
PED,0.964,0.9642857142857143,0.3445378151260504,0.6133333333333333,119,300,0.8300000000000001
PED,0.966,0.9642857142857143,0.33613445378151263,0.61,119,300,0.8300000000000001
PED,0.968,0.9642857142857143,0.31932773109243695,0.6,119,300,0.8300000000000001
PED,0.97,0.9714285714285714,0.31092436974789917,0.5866666666666667,119,300,0.8300000000000001
PED,0.972,0.9714285714285714,0.3025210084033613,0.58,119,300,0.8300000000000001
PED,0.974,0.9857142857142858,0.3025210084033613,0.58,119,300,0.8300000000000001
PED,0.976,0.9857142857142858,0.3025210084033613,0.5766666666666667,119,300,0.8300000000000001
PED,0.978,0.9857142857142858,0.29411764705882354,0.57,119,300,0.8300000000000001
PED,0.98,0.9928571428571429,0.2773109243697479,0.5533333333333333,119,300,0.8300000000000001
PED,0.982,0.9928571428571429,0.2605042016806723,0.5433333333333333,119,300,0.8300000000000001
PED,0.984,0.9928571428571429,0.25210084033613445,0.5233333333333333,119,300,0.8300000000000001
PED,0.986,0.9928571428571429,0.23529411764705882,0.5033333333333333,119,300,0.8300000000000001
PED,0.988,0.9928571428571429,0.226890756302521,0.49,119,300,0.8300000000000001
PED,0.99,0.9928571428571429,0.21008403361344538,0.46,119,300,0.8300000000000001
PED,0.992,0.9928571428571429,0.20168067226890757,0.44,119,300,0.8300000000000001
PED,0.994,0.9928571428571429,0.15966386554621848,0.4033333333333333,119,300,0.8300000000000001
PED,0.996,1.0,0.15126050420168066,0.36333333333333334,119,300,0.8300000000000001
PED,0.998,1.0,0.1092436974789916,0.3,119,300,0.8300000000000001
