file,cls,px,inside,around,contrast,weber,ring_px
100_1.png,SRF,5401,100.15904235839844,134.8835906982422,-34.72454833984375,-0.25744086556480056,6692
100_1.png,IRF,310,59.09354782104492,114.5819320678711,-55.48838424682617,-0.48426818474275996,952
100_1.png,IRF,377,49.745357513427734,101.97518920898438,-52.22983169555664,-0.5121817581384297,927
100_1.png,IRF,123,55.88617706298828,97.96802520751953,-42.08184814453125,-0.4295467633995062,688
100_1.png,IRF,103,43.1456298828125,97.64649963378906,-54.50086975097656,-0.5581446335032514,529
100_1.png,IRF,79,57.18987274169922,88.31159210205078,-31.121719360351562,-0.3524080884465093,414
100_1.png,IRF,137,55.99270248413086,97.1771240234375,-41.18442153930664,-0.42380778350029835,542
100_1.png,IRF,567,45.61552047729492,105.62371826171875,-60.00819778442383,-0.568131843604796,1071
100_1.png,IRF,27,50.814815521240234,99.46884155273438,-48.65402603149414,-0.48913836003307365,337
100_1.png,IRF,134,59.61940383911133,102.58599090576172,-42.96658706665039,-0.41883483979913655,628
100_1.png,IRF,232,44.068965911865234,90.36915588378906,-46.30018997192383,-0.5123450531225934,791
100_1.png,IRF,225,58.351112365722656,91.86141204833984,-33.51029968261719,-0.36479190701949155,736
100_1.png,IRF,20,49.349998474121094,96.12090301513672,-46.770904541015625,-0.486584115149754,397
100_1.png,IRF,94,53.585105895996094,104.50401306152344,-50.918907165527344,-0.4872435581545605,623
100_1.png,IRF,70,43.128570556640625,103.59500885009766,-60.46643829345703,-0.5836809993515438,521
100_1.png,IRF,65,56.0,111.4857177734375,-55.4857177734375,-0.4976935062318582,525
100_1.png,IRF,87,69.5862045288086,102.71183776855469,-33.125633239746094,-0.3225103742607508,583
100_1.png,PED,25,128.55999755859375,145.89854431152344,-17.338546752929688,-0.11883975151875621,276
100_10.png,SRF,7646,99.39484405517578,138.43394470214844,-39.039100646972656,-0.2820052605664627,7676
100_10.png,IRF,756,43.33333206176758,84.56127166748047,-41.22793960571289,-0.4875510832882593,1224
100_10.png,IRF,1889,41.46320724487305,95.85692596435547,-54.39371871948242,-0.5674469337740791,1943
100_10.png,IRF,3507,41.63587188720703,100.46727752685547,-58.83140563964844,-0.5855777830142005,3621
100_10.png,IRF,155,77.651611328125,107.15834045410156,-29.506729125976562,-0.27535634651429663,821
100_10.png,IRF,140,57.514286041259766,114.78276824951172,-57.26848220825195,-0.4989292650945938,557
100_10.png,IRF,201,58.35820770263672,107.04044342041016,-48.68223571777344,-0.4548022612964144,717
100_10.png,IRF,58,59.344825744628906,100.88597869873047,-41.54115295410156,-0.4117633935846856,535
100_10.png,IRF,148,42.06756591796875,103.11034393310547,-61.04277801513672,-0.5920141053427116,435
100_10.png,IRF,190,45.342105865478516,85.16949462890625,-39.827388763427734,-0.46762504505821556,767
100_10.png,PED,12,138.4166717529297,141.21490478515625,-2.7982330322265625,-0.019815422716771874,349
100_11.png,SRF,7907,101.4953842163086,144.59352111816406,-43.09813690185547,-0.2980640942178523,8266
100_11.png,IRF,138,48.840579986572266,124.44589233398438,-75.60531234741211,-0.6075356199343623,536
100_11.png,IRF,85,55.023529052734375,110.32740783691406,-55.30387878417969,-0.5012705352955438,394
100_11.png,IRF,998,42.20641326904297,89.44570922851562,-47.239295959472656,-0.5281337290175189,1667
100_11.png,IRF,1578,42.148921966552734,96.4399185180664,-54.29099655151367,-0.5629514975310059,1448
100_11.png,IRF,1985,41.428714752197266,104.30291748046875,-62.874202728271484,-0.6028038740147896,1578
100_11.png,IRF,2492,40.14606857299805,106.07990264892578,-65.93383407592773,-0.6215487800185628,2065
100_11.png,IRF,252,58.31745910644531,111.51481628417969,-53.197357177734375,-0.4770429522312843,810
100_11.png,IRF,107,52.19626235961914,92.11803436279297,-39.92177200317383,-0.4333762903140981,610
100_11.png,PED,71,147.54930114746094,142.46653747558594,5.082763671875,0.03567689481290312,493
100_12.png,SRF,7781,100.50816345214844,144.9513702392578,-44.443206787109375,-0.3066077037681747,8061
100_12.png,IRF,101,49.821781158447266,120.99594116210938,-71.17416000366211,-0.5882359302309451,493
100_12.png,IRF,1027,44.259979248046875,92.91082763671875,-48.650848388671875,-0.5236294802893873,1570
100_12.png,IRF,6700,39.42388153076172,100.5433349609375,-61.11945343017578,-0.6078916464619116,4881
100_12.png,IRF,52,47.38461685180664,103.79779052734375,-56.41317367553711,-0.54349108385574,544
100_12.png,IRF,48,53.625,108.9512710571289,-55.326271057128906,-0.507807486046844,472
100_12.png,IRF,149,49.28187942504883,102.98941040039062,-53.7075309753418,-0.5214859543961239,661
100_12.png,IRF,270,61.84074020385742,102.50054168701172,-40.6598014831543,-0.39667889373024134,925
100_12.png,PED,84,132.7857208251953,138.6727752685547,-5.887054443359375,-0.042452849392813144,654
100_13.png,SRF,7831,102.91814422607422,147.50808715820312,-44.589942932128906,-0.3022881239338829,8032
100_13.png,IRF,34,62.088233947753906,125.16475677490234,-63.07652282714844,-0.503947951902994,437
100_13.png,IRF,1818,39.2805290222168,94.79317474365234,-55.51264572143555,-0.5856185940766041,2021
100_13.png,IRF,2593,38.39567947387695,90.65740966796875,-52.2617301940918,-0.5764749995118933,2160
100_13.png,IRF,312,49.644229888916016,95.10399627685547,-45.45976638793945,-0.47800059059140243,750
100_13.png,IRF,2283,39.71923065185547,97.33430480957031,-57.615074157714844,-0.5919297853972024,2064
100_13.png,IRF,92,57.7282600402832,114.65789794921875,-56.92963790893555,-0.4965173697336517,570
100_13.png,IRF,182,42.96154022216797,95.04849243164062,-52.086952209472656,-0.5480039806726431,598
100_13.png,IRF,436,57.426605224609375,101.0671615600586,-43.64055633544922,-0.43179758550472463,1206
100_13.png,PED,54,144.87037658691406,143.46827697753906,1.402099609375,0.009772889442273766,457
100_14.png,SRF,8014,102.47367095947266,148.5679168701172,-46.09424591064453,-0.3102570654668436,8105
100_14.png,IRF,77,68.2727279663086,127.38976287841797,-59.117034912109375,-0.4640642511324183,508
100_14.png,IRF,1924,43.33627700805664,98.61898040771484,-55.2827033996582,-0.5605685961374379,2181
100_14.png,IRF,17,78.70587921142578,120.6990737915039,-41.993194580078125,-0.34791646083894023,432
100_14.png,IRF,2235,41.161075592041016,96.21990203857422,-55.0588264465332,-0.5722186915598845,2010
100_14.png,IRF,2885,42.381282806396484,100.78677368164062,-58.40549087524414,-0.5794955899643339,2434
100_14.png,IRF,126,53.89682388305664,117.12631225585938,-63.229488372802734,-0.5398401704535832,570
100_14.png,IRF,102,61.79411697387695,112.9869384765625,-51.19282150268555,-0.45308619025290925,536
100_14.png,IRF,367,46.5940055847168,92.89498901367188,-46.30098342895508,-0.4984228312050363,838
100_14.png,IRF,415,48.3325309753418,105.64244079589844,-57.30990982055664,-0.5424894520496699,1211
100_15.png,SRF,7861,102.62803649902344,143.1192626953125,-40.49122619628906,-0.28291947173100723,7932
100_15.png,IRF,1619,41.89067459106445,93.48345184326172,-51.592777252197266,-0.5518920860849242,2296
100_15.png,IRF,1552,43.07023239135742,87.50714874267578,-44.43691635131836,-0.5078089846349572,1818
100_15.png,IRF,2828,39.55233383178711,95.42279052734375,-55.87045669555664,-0.5855043264485831,2545
100_15.png,IRF,50,63.779998779296875,116.46896362304688,-52.68896484375,-0.4523863113805875,435
100_15.png,IRF,566,45.64841079711914,94.11353302001953,-48.46512222290039,-0.5149644335697295,1101
100_15.png,IRF,471,70.4649658203125,98.62120056152344,-28.156234741210938,-0.285498803308991,1217
100_15.png,PED,44,158.93182373046875,134.31776428222656,24.614059448242188,0.18325245048393954,321
100_16.png,SRF,8127,97.82884216308594,139.7858123779297,-41.95697021484375,-0.3001518501849634,8469
100_16.png,IRF,12,57.75,91.70893096923828,-33.95893096923828,-0.3702903371606092,347
100_16.png,IRF,4551,39.14963912963867,102.15437316894531,-63.00473403930664,-0.6167600278365756,3077
100_16.png,IRF,37,59.72972869873047,98.2457275390625,-38.51599884033203,-0.39203739241503477,468
100_16.png,IRF,124,52.024192810058594,115.20858001708984,-63.18438720703125,-0.5484347363508741,513
100_16.png,IRF,176,46.181819915771484,87.02861022949219,-40.8467903137207,-0.4693489900161427,769
100_16.png,IRF,141,56.014183044433594,116.07005310058594,-60.055870056152344,-0.5174105503691647,571
100_16.png,IRF,537,43.797019958496094,102.85509490966797,-59.058074951171875,-0.5741871611030972,1118
100_16.png,IRF,28,43.71428680419922,114.59041595458984,-70.87612915039062,-0.6185170771914955,459
100_16.png,IRF,91,50.120880126953125,90.8805160522461,-40.75963592529297,-0.4484969682815264,544
100_16.png,PED,87,131.13792419433594,123.99357604980469,7.14434814453125,0.0576186958400294,623
100_17.png,SRF,6902,93.91162109375,141.99179077148438,-48.080169677734375,-0.3386123198848346,9021
100_17.png,IRF,46,57.456520080566406,118.130859375,-60.674339294433594,-0.5136197232073475,512
100_17.png,IRF,879,41.988624572753906,87.53794860839844,-45.54932403564453,-0.5203380335014443,1502
100_17.png,IRF,2905,35.41996383666992,98.2457275390625,-62.82576370239258,-0.639475784607662,2222
100_17.png,IRF,34,54.20588302612305,112.93981170654297,-58.73392868041992,-0.520046277684889,432
100_17.png,IRF,818,42.65281295776367,87.38584899902344,-44.733036041259766,-0.511902516868145,1555
100_17.png,IRF,44,44.931819915771484,109.54989624023438,-64.61807632446289,-0.5898506392261704,491
100_17.png,IRF,51,33.3725471496582,61.643131256103516,-28.270584106445312,-0.4586169380168555,524
100_17.png,IRF,128,52.40625,110.56723022460938,-58.160980224609375,-0.5260236700011344,647
100_17.png,PED,52,105.71154022216797,136.62062072753906,-30.909080505371094,-0.22624022889643225,485
100_18.png,SRF,7040,101.10383605957031,146.02232360839844,-44.918487548828125,-0.30761383902703937,8241
100_18.png,SRF,49,149.75509643554688,183.6666717529297,-33.91157531738281,-0.18463652111582343,672
100_18.png,IRF,242,55.417354583740234,110.31047058105469,-54.89311599731445,-0.4976238040520343,802
100_18.png,IRF,96,66.94791412353516,118.96488189697266,-52.0169677734375,-0.4372464120839109,598
100_18.png,IRF,2547,40.44797897338867,103.84149169921875,-63.39351272583008,-0.6104834559720315,2473
100_18.png,IRF,49,60.75510025024414,107.71372985839844,-46.9586296081543,-0.4359576970353416,517
100_18.png,IRF,224,44.55803680419922,93.32080078125,-48.76276397705078,-0.5225283491871642,798
100_18.png,IRF,94,70.7978744506836,119.42317962646484,-48.62530517578125,-0.4071680667678824,768
100_18.png,IRF,3213,39.52069854736328,103.06040954589844,-63.539710998535156,-0.616528803625969,2185
100_18.png,IRF,369,51.723575592041016,96.4145736694336,-44.69099807739258,-0.46352948912702613,837
100_18.png,IRF,88,43.17045593261719,107.5146484375,-64.34419250488281,-0.5984690778418639,546
100_18.png,IRF,110,51.55454635620117,123.8983383178711,-72.34379196166992,-0.5838963858907142,482
100_18.png,IRF,41,56.07316970825195,119.79319763183594,-63.720027923583984,-0.5319169133410786,353
100_18.png,IRF,50,63.560001373291016,110.87438201904297,-47.31438064575195,-0.4267386188238288,406
100_18.png,IRF,517,42.26112365722656,89.8664321899414,-47.605308532714844,-0.529734043876321,861
100_18.png,IRF,168,54.46428680419922,122.0350112915039,-67.57072448730469,-0.5536994979735702,714
100_18.png,IRF,199,45.100502014160156,104.41516876220703,-59.314666748046875,-0.5680656120293105,778
100_18.png,PED,148,133.3783721923828,124.51223754882812,8.866134643554688,0.07120693369659979,572
100_19.png,SRF,6511,101.5711898803711,149.87925720214844,-48.308067321777344,-0.3223132288187299,7760
100_19.png,SRF,100,162.02000427246094,172.0353240966797,-10.01531982421875,-0.058216647521705384,736
100_19.png,IRF,90,51.022220611572266,115.22047424316406,-64.1982536315918,-0.5571774812877983,635
100_19.png,IRF,1786,40.491600036621094,108.17334747314453,-67.68174743652344,-0.6256785892044834,1771
100_19.png,IRF,241,41.69709396362305,92.4490737915039,-50.75197982788086,-0.548972290867288,864
100_19.png,IRF,1077,38.263694763183594,91.44670104980469,-53.183006286621094,-0.5815738094002537,1229
100_19.png,IRF,105,73.4190444946289,125.93040466308594,-52.51136016845703,-0.4169871470590908,661
100_19.png,IRF,2877,41.29301452636719,93.77921295166016,-52.48619842529297,-0.5596783847220784,2935
100_19.png,IRF,723,42.01106643676758,92.1787338256836,-50.167667388916016,-0.5442433987408264,1091
100_19.png,IRF,98,64.86734771728516,114.76947784423828,-49.902130126953125,-0.4348031468321117,616
100_19.png,IRF,324,44.03395080566406,97.40605163574219,-53.372100830078125,-0.5479341368816325,1091
100_19.png,PED,139,136.53237915039062,125.02285766601562,11.509521484375,0.09205933778222683,525
100_2.png,SRF,6369,96.63887786865234,140.28749084472656,-43.64861297607422,-0.31113688550025825,7621
100_2.png,IRF,400,47.525001525878906,97.67123413085938,-50.14623260498047,-0.5134186442017803,876
100_2.png,IRF,80,47.400001525878906,86.69827270507812,-39.29827117919922,-0.4532762874397776,580
100_2.png,IRF,438,43.404109954833984,109.45531463623047,-66.05120468139648,-0.603453609364831,828
100_2.png,IRF,14,38.07143020629883,100.04812622070312,-61.9766960144043,-0.6194688332061871,374
100_2.png,IRF,283,50.579505920410156,109.18447875976562,-58.60497283935547,-0.5367518671614646,683
100_2.png,IRF,135,41.82222366333008,88.42476654052734,-46.602542877197266,-0.5270304316363461,638
100_2.png,IRF,824,49.42718505859375,101.80487823486328,-52.37769317626953,-0.5144909957598937,1394
100_2.png,IRF,203,52.58620834350586,98.8678970336914,-46.28168869018555,-0.4681164470850841,704
100_2.png,IRF,505,51.124752044677734,97.31446838378906,-46.18971633911133,-0.47464387471088265,1396
100_2.png,IRF,257,47.24513626098633,102.19164276123047,-54.94650650024414,-0.5376810178952303,1101
100_2.png,PED,21,151.14285278320312,145.4646453857422,5.6782073974609375,0.0390349653855994,396
100_20.png,SRF,5332,93.45967864990234,148.7634735107422,-55.303794860839844,-0.37175654450449735,7703
100_20.png,SRF,114,167.13157653808594,171.2196044921875,-4.0880279541015625,-0.023875933869991466,806
100_20.png,IRF,15,57.33333206176758,122.21875,-64.88541793823242,-0.5308957744882223,416
100_20.png,IRF,906,42.58609390258789,97.30241394042969,-54.7163200378418,-0.5623326063764474,1369
100_20.png,IRF,9,34.55555725097656,84.24456787109375,-49.68901062011719,-0.5898185708086068,368
100_20.png,IRF,1331,39.33809280395508,89.91988372802734,-50.581790924072266,-0.5625206442332877,1348
100_20.png,IRF,84,54.380950927734375,118.5644302368164,-64.18347930908203,-0.5413384029331918,551
100_20.png,IRF,2,23.0,109.94078826904297,-86.94078826904297,-0.7907964790673024,304
100_20.png,IRF,155,71.348388671875,122.68022918701172,-51.33184051513672,-0.4184198289757619,688
100_20.png,IRF,2447,37.7637939453125,93.67176818847656,-55.90797424316406,-0.5968497800817837,2090
100_20.png,IRF,153,56.83660125732422,117.91854095458984,-61.081939697265625,-0.5180011489523784,712
100_20.png,IRF,24,46.33333206176758,103.36383819580078,-57.0305061340332,-0.5517452440765701,448
100_20.png,IRF,775,39.2735481262207,83.60652923583984,-44.33298110961914,-0.5302574035164564,1347
100_20.png,IRF,252,59.96825408935547,98.38311767578125,-38.41486358642578,-0.39046194605278584,770
100_20.png,PED,134,126.62686920166016,124.14102935791016,2.48583984375,0.020024321182186205,546
100_21.png,SRF,1528,57.686519622802734,145.96295166015625,-88.27643203735352,-0.6047865642158734,2105
100_21.png,SRF,47,134.44680786132812,176.0859375,-41.639129638671875,-0.23647049974488665,768
100_21.png,SRF,79,42.7088623046875,87.01408386230469,-44.30522155761719,-0.5091729935090499,497
100_21.png,IRF,2094,42.2722053527832,98.58748626708984,-56.31528091430664,-0.5712213897181556,2126
100_21.png,IRF,40,44.474998474121094,99.34581756591797,-54.870819091796875,-0.5523213803680157,454
100_21.png,IRF,26,64.84615325927734,120.78605651855469,-55.939903259277344,-0.46313212693291356,416
100_21.png,IRF,3605,38.8371696472168,98.71449279785156,-59.877323150634766,-0.6065707420819362,2802
100_21.png,IRF,79,62.468353271484375,113.15982055664062,-50.69146728515625,-0.4479634824074621,438
100_21.png,IRF,118,56.6779670715332,99.10973358154297,-42.431766510009766,-0.4281291551964353,483
100_21.png,IRF,84,56.4523811340332,114.82003784179688,-58.36765670776367,-0.5083403367989192,539
100_21.png,IRF,21,54.619049072265625,111.53571319580078,-56.916664123535156,-0.510299907471054,448
100_21.png,IRF,31,49.90322494506836,86.62953186035156,-36.7263069152832,-0.4239467318660651,386
100_21.png,PED,160,119.54374694824219,125.36538696289062,-5.8216400146484375,-0.046437379213544,728
100_22.png,SRF,1373,58.9781494140625,148.0825958251953,-89.10444641113281,-0.6017212618038956,2046
100_22.png,IRF,180,49.57777786254883,109.4719467163086,-59.894168853759766,-0.5471188797708393,606
100_22.png,IRF,1584,39.12815475463867,102.69721984863281,-63.56906509399414,-0.6189949950708469,1473
100_22.png,IRF,18,41.61111068725586,81.30376434326172,-39.69265365600586,-0.4882019175449839,372
100_22.png,IRF,228,49.27193069458008,100.23065185546875,-50.95872116088867,-0.5084145440296094,659
100_22.png,IRF,20,40.04999923706055,96.70909118652344,-56.65909194946289,-0.5858714134763622,440
100_22.png,IRF,3014,37.90876007080078,102.12671661376953,-64.21795654296875,-0.6288066303534757,2762
100_22.png,IRF,101,53.43564224243164,113.67877960205078,-60.24313735961914,-0.5299418024235399,523
100_22.png,IRF,65,58.5076904296875,91.42253875732422,-32.91484832763672,-0.3600299092000416,426
100_22.png,PED,135,112.20740509033203,121.13597869873047,-8.928573608398438,-0.07370703323910166,831
100_22.png,PED,46,172.97825622558594,167.9739532470703,5.004302978515625,0.029792136707974436,576
100_22.png,PED,371,126.45282745361328,129.4874725341797,-3.0346450805664062,-0.023435819860993714,1198
100_23.png,SRF,1074,64.49069213867188,142.0305633544922,-77.53987121582031,-0.5459379262074008,2159
100_23.png,IRF,853,42.22274398803711,98.57675170898438,-56.354007720947266,-0.5716764525505369,1127
100_23.png,IRF,2218,42.976104736328125,99.4186019897461,-56.44249725341797,-0.5677257185656199,2365
100_23.png,IRF,407,52.17444610595703,104.7078857421875,-52.53343963623047,-0.5017142621481124,1116
100_23.png,IRF,208,52.85095977783203,97.85174560546875,-45.00078582763672,-0.45988740976657355,688
100_23.png,IRF,213,57.93427276611328,117.81725311279297,-59.88298034667969,-0.5082700433471352,684
100_23.png,IRF,258,46.83720779418945,105.51263427734375,-58.6754264831543,-0.5560985836911609,831
100_23.png,PED,683,151.06149291992188,124.93124389648438,26.1302490234375,0.2091570387715704,2007
100_23.png,PED,108,165.87962341308594,165.0896759033203,0.789947509765625,0.004784960085742936,736
100_23.png,PED,856,112.34929656982422,132.13333129882812,-19.784034729003906,-0.14972781306982283,1890
100_24.png,SRF,38,70.42105102539062,139.0582733154297,-68.63722229003906,-0.4935860388137236,532
100_24.png,SRF,811,68.18988800048828,147.94688415527344,-79.75699615478516,-0.5390920978847954,1299
100_24.png,IRF,15,40.86666488647461,107.59249877929688,-66.72583389282227,-0.6201718024013563,400
100_24.png,IRF,323,52.448917388916016,108.61233520507812,-56.16341781616211,-0.517099809244652,681
100_24.png,IRF,217,47.792625427246094,106.37430572509766,-58.58168029785156,-0.5507126923041338,724
100_24.png,IRF,194,51.58247375488281,89.29012298583984,-37.70764923095703,-0.4223048190552603,648
100_24.png,IRF,591,46.85279083251953,106.52095794677734,-59.66816711425781,-0.5601542481815711,1169
100_24.png,IRF,1459,47.40232849121094,108.1169662475586,-60.714637756347656,-0.561564385901539,1821
100_24.png,IRF,643,40.762054443359375,91.5999984741211,-50.83794403076172,-0.5549993982273318,855
100_24.png,IRF,465,40.948387145996094,98.20101928710938,-57.25263214111328,-0.5830146423808933,786
100_24.png,IRF,24,63.5,102.849853515625,-39.349853515625,-0.3825951342716006,333
100_24.png,IRF,120,43.07500076293945,120.11737823486328,-77.04237747192383,-0.6413924330023613,656
100_24.png,PED,752,150.9002685546875,127.75389099121094,23.146377563476562,0.18117943323596272,1670
100_24.png,PED,1098,108.22312927246094,143.74925231933594,-35.526123046875,-0.2471395327187822,2026
100_3.png,SRF,6753,94.9866714477539,136.787109375,-41.800437927246094,-0.30558755220603984,7398
100_3.png,IRF,14,50.78571319580078,100.23577117919922,-49.45005798339844,-0.4933374323522962,369
100_3.png,IRF,28,54.35714340209961,104.9151382446289,-50.5579948425293,-0.481894183131552,436
100_3.png,IRF,396,45.26262664794922,88.875244140625,-43.61261749267578,-0.49071727357135203,1010
100_3.png,IRF,28,58.64285659790039,90.09722137451172,-31.454364776611328,-0.34911581397014857,432
100_3.png,IRF,15,50.13333511352539,89.92896270751953,-39.79562759399414,-0.4425229247158499,366
100_3.png,IRF,417,41.09112548828125,94.97013092041016,-53.879005432128906,-0.5673257992797996,971
100_3.png,IRF,1594,49.367000579833984,104.2782211303711,-54.91122055053711,-0.5265837866747439,2383
100_3.png,IRF,107,51.42055892944336,93.60535430908203,-42.18479537963867,-0.45066647833355516,560
100_3.png,IRF,44,55.477272033691406,105.37684631347656,-49.899574279785156,-0.47353451944598135,406
100_3.png,IRF,183,54.256832122802734,111.54984283447266,-57.29301071166992,-0.5136090670848033,642
100_3.png,IRF,52,44.980770111083984,90.3697280883789,-45.38895797729492,-0.5022584325240624,522
100_3.png,IRF,28,48.92856979370117,90.79854583740234,-41.86997604370117,-0.46113046918923023,412
100_3.png,IRF,61,56.180328369140625,103.40152740478516,-47.22119903564453,-0.4566779642508381,523
100_3.png,IRF,369,53.01897048950195,106.95863342285156,-53.93966293334961,-0.5043039650675405,1112
100_3.png,IRF,54,58.46296310424805,105.0655746459961,-46.60261154174805,-0.44355738498332203,488
100_3.png,IRF,52,57.17307662963867,101.81298065185547,-44.6399040222168,-0.4384500260812595,524
100_4.png,SRF,6975,94.88043212890625,136.17958068847656,-41.29914855957031,-0.303269758584776,8030
100_4.png,IRF,189,55.645503997802734,111.28521728515625,-55.639713287353516,-0.4999739825711335,859
100_4.png,IRF,117,45.38461685180664,96.4772720336914,-51.092655181884766,-0.5295822954451116,616
100_4.png,IRF,38,54.605262756347656,94.35470581054688,-39.74944305419922,-0.4212767419784172,499
100_4.png,IRF,392,39.4770393371582,89.35803985595703,-49.88100051879883,-0.5582150257459293,958
100_4.png,IRF,7,51.71428680419922,83.43174743652344,-31.71746063232422,-0.38016056964952705,315
100_4.png,IRF,20,38.400001525878906,101.03243255615234,-62.63243103027344,-0.6199240129694319,370
100_4.png,IRF,1343,45.53239059448242,105.9312973022461,-60.39890670776367,-0.5701705562562106,1834
100_4.png,IRF,656,42.65243911743164,95.80429077148438,-53.151851654052734,-0.5547961497970099,1211
100_4.png,IRF,81,48.320987701416016,88.53263092041016,-40.21164321899414,-0.45420138090264095,475
100_4.png,IRF,74,55.97297286987305,99.953125,-43.98015213012695,-0.44000777494577537,576
100_4.png,IRF,128,47.2265625,97.89120483398438,-50.664642333984375,-0.5175607187582126,671
100_4.png,IRF,90,57.07777786254883,96.81636810302734,-39.738590240478516,-0.41045322210590063,501
100_4.png,IRF,87,49.747127532958984,94.44490814208984,-44.69778060913086,-0.4732682945901566,481
100_4.png,IRF,185,50.464866638183594,101.15433502197266,-50.68946838378906,-0.5011101933770643,784
100_4.png,IRF,54,49.77777862548828,84.97649383544922,-35.19871520996094,-0.41421708076260105,468
100_4.png,IRF,299,46.02006530761719,95.18181610107422,-49.16175079345703,-0.5165036012892613,1166
100_4.png,IRF,33,64.54545593261719,92.97429656982422,-28.42884063720703,-0.3057709677411414,428
100_4.png,IRF,39,52.97435760498047,116.71428680419922,-63.73992919921875,-0.5461193393243223,483
100_4.png,IRF,39,63.25640869140625,100.0544204711914,-36.798011779785156,-0.3677799702051183,441
100_4.png,PED,68,150.86764526367188,142.81019592285156,8.057449340820312,0.05642068683368434,353
100_5.png,SRF,6885,95.7909927368164,138.22760009765625,-42.436607360839844,-0.3070053110294822,7478
100_5.png,SRF,27,49.0,139.71644592285156,-90.71644592285156,-0.6492896761269124,462
100_5.png,IRF,323,55.074302673339844,113.9111557006836,-58.83685302734375,-0.516515284788658,968
100_5.png,IRF,169,46.15976333618164,97.1584701538086,-50.99870681762695,-0.5249023243870808,732
100_5.png,IRF,435,45.910343170166016,92.47966766357422,-46.5693244934082,-0.50356284435212,959
100_5.png,IRF,75,62.84000015258789,105.14022064208984,-42.30022048950195,-0.40232196804586395,542
100_5.png,IRF,752,46.43484115600586,95.18224334716797,-48.74740219116211,-0.5121480696074866,1284
100_5.png,IRF,1630,49.959510803222656,105.87613677978516,-55.9166259765625,-0.5281324732584937,1647
100_5.png,IRF,47,107.40425872802734,118.08456420898438,-10.680305480957031,-0.09044624547248342,473
100_5.png,IRF,45,61.68888854980469,107.30036163330078,-45.611473083496094,-0.42508219347268744,556
100_5.png,IRF,168,58.56547546386719,109.87702178955078,-51.311546325683594,-0.46699069095594364,618
100_5.png,IRF,588,50.97789001464844,105.56847381591797,-54.59058380126953,-0.5171106659783707,1161
100_5.png,IRF,179,51.636871337890625,91.4632339477539,-39.82636260986328,-0.43543575807316304,680
100_5.png,IRF,29,60.0,106.07466125488281,-46.07466125488281,-0.4343606730373783,442
100_5.png,IRF,213,53.07511901855469,106.7957763671875,-53.72065734863281,-0.5030223027166291,710
100_6.png,SRF,6523,92.55664825439453,139.81468200683594,-47.258033752441406,-0.33800480088443663,7387
100_6.png,IRF,122,69.2213134765625,116.10670471191406,-46.88539123535156,-0.40381295250506327,656
100_6.png,IRF,67,58.955223083496094,118.2249984741211,-59.269775390625,-0.5013303121640461,560
100_6.png,IRF,49,57.0,100.92045593261719,-43.92045593261719,-0.4351987466440114,528
100_6.png,IRF,68,43.867645263671875,95.625,-51.757354736328125,-0.5412533828635621,560
100_6.png,IRF,633,47.25908279418945,90.17119598388672,-42.912113189697266,-0.4758960189167893,1361
100_6.png,IRF,84,61.27381134033203,100.26703643798828,-38.99322509765625,-0.38889376292449035,543
100_6.png,IRF,1258,42.58028793334961,102.87029266357422,-60.29000473022461,-0.5860778964379573,1488
100_6.png,IRF,508,47.9232292175293,106.41322326660156,-58.489994049072266,-0.5496496793686514,847
100_6.png,IRF,499,42.643287658691406,83.6928482055664,-41.049560546875,-0.49047871385675695,853
100_6.png,IRF,82,61.30487823486328,115.82640075683594,-54.521522521972656,-0.4707175753171702,553
100_6.png,IRF,287,48.03484344482422,105.0277328491211,-56.992889404296875,-0.5426460979232097,577
100_6.png,IRF,171,56.8070182800293,103.462646484375,-46.6556282043457,-0.45094176294235494,763
100_6.png,IRF,1127,50.37976837158203,108.28868865966797,-57.90892028808594,-0.5347642584359235,1680
100_6.png,IRF,22,55.181819915771484,95.49652099609375,-40.314701080322266,-0.4221588457863436,431
100_6.png,IRF,92,47.9782600402832,117.97090911865234,-69.99264907836914,-0.593304312065377,550
100_6.png,PED,173,142.1040496826172,123.39281463623047,18.71123504638672,0.15163958372737163,863
100_7.png,SRF,6616,94.80093383789062,139.90496826171875,-45.104034423828125,-0.3223905125331395,7566
100_7.png,IRF,1050,47.036190032958984,93.01679992675781,-45.98060989379883,-0.4943258629624362,1905
100_7.png,IRF,109,53.50458526611328,92.5062484741211,-39.00166320800781,-0.42161112196565453,640
100_7.png,IRF,2173,45.02853012084961,105.2973403930664,-60.2688102722168,-0.5723678304431834,2334
100_7.png,IRF,33,72.36363983154297,115.01363372802734,-42.649993896484375,-0.37082554923304817,440
100_7.png,IRF,89,45.494380950927734,80.07048797607422,-34.576107025146484,-0.43182086058321684,454
100_7.png,IRF,403,56.295284271240234,111.4877700805664,-55.19248580932617,-0.4950541729325238,1267
100_7.png,IRF,1059,47.74882125854492,97.40814971923828,-49.65932846069336,-0.5098067112847084,1595
100_7.png,IRF,62,45.967742919921875,79.5248031616211,-33.55706024169922,-0.4219697365801712,383
100_7.png,IRF,71,48.197181701660156,92.54863739013672,-44.35145568847656,-0.4792232164533551,514
100_7.png,IRF,62,50.0,100.6479721069336,-50.647972106933594,-0.5032190022976576,517
100_7.png,PED,75,144.17333984375,143.71006774902344,0.4632720947265625,0.0032236578966452446,407
100_8.png,SRF,6632,105.09152221679688,139.53759765625,-34.446075439453125,-0.24685873927907814,6622
100_8.png,SRF,746,65.23190307617188,140.78634643554688,-75.554443359375,-0.5366603031634494,1713
100_8.png,IRF,159,49.006290435791016,116.1404037475586,-67.13411331176758,-0.5780427064614783,641
100_8.png,IRF,70,53.25714111328125,123.02140045166016,-69.7642593383789,-0.5670904337151647,514
100_8.png,IRF,207,38.130435943603516,86.14305114746094,-48.01261520385742,-0.5573591202576366,734
100_8.png,IRF,996,40.52710723876953,92.30137634277344,-51.774269104003906,-0.5609262955270924,1450
100_8.png,IRF,307,47.79153060913086,95.5873031616211,-47.795772552490234,-0.5000221888431783,945
100_8.png,IRF,213,38.01877975463867,75.62229919433594,-37.603519439697266,-0.4972543792018657,556
100_8.png,IRF,31,44.74193572998047,86.20731353759766,-41.46537780761719,-0.4809960559730569,410
100_8.png,IRF,2124,43.6614875793457,95.5961685180664,-51.9346809387207,-0.543271573995204,2402
100_8.png,IRF,48,61.25,109.8005142211914,-48.550514221191406,-0.44217018987167184,391
100_8.png,IRF,53,92.5660400390625,115.85150146484375,-23.28546142578125,-0.20099404091752274,532
100_8.png,IRF,80,54.88750076293945,96.5101547241211,-41.62265396118164,-0.4312774555191834,394
100_8.png,IRF,19,51.47368240356445,110.78880310058594,-59.315120697021484,-0.5353891281158518,393
100_8.png,IRF,5,37.0,102.82621765136719,-65.82621765136719,-0.640169590546949,328
100_8.png,IRF,76,55.19736862182617,95.55451202392578,-40.35714340209961,-0.4223468107083696,532
100_8.png,IRF,1305,41.45287322998047,97.15642547607422,-55.70355224609375,-0.5733388396407331,1611
100_8.png,IRF,149,55.71812057495117,103.51277923583984,-47.79465866088867,-0.4617271317968868,665
100_8.png,IRF,12,31.83333396911621,102.99739837646484,-71.16406440734863,-0.6909306985331563,384
100_8.png,IRF,40,49.67499923706055,89.75398254394531,-40.078983306884766,-0.4465426733266271,439
100_8.png,IRF,62,65.87096405029297,101.77307891845703,-35.90211486816406,-0.3527663233705416,520
100_8.png,IRF,29,42.72413635253906,109.70616149902344,-66.98202514648438,-0.6105584611770473,422
100_9.png,SRF,7569,99.09288024902344,139.8638916015625,-40.77101135253906,-0.2915049115656352,7773
100_9.png,IRF,2505,41.674251556396484,99.41138458251953,-57.73713302612305,-0.5807899494468517,2934
100_9.png,IRF,200,40.65999984741211,95.34581756591797,-54.68581771850586,-0.5735523499045824,694
100_9.png,IRF,138,51.66666793823242,94.08401489257812,-42.4173469543457,-0.45084541728769084,488
100_9.png,IRF,1746,46.54753875732422,95.51078033447266,-48.96324157714844,-0.5126462311969632,2134
100_9.png,IRF,73,88.54794311523438,110.62190246582031,-22.073959350585938,-0.19954420289785105,484
100_9.png,IRF,45,63.42222213745117,111.55335998535156,-48.13113784790039,-0.4314629147362361,506
100_9.png,IRF,38,59.05263137817383,110.86016845703125,-51.80753707885742,-0.4673232757979952,472
100_9.png,IRF,173,56.46242904663086,112.71253967285156,-56.2501106262207,-0.4990581419732604,654
100_9.png,IRF,1232,42.78327941894531,103.85914611816406,-61.07586669921875,-0.5880644024333752,1640
100_9.png,IRF,365,40.17808151245117,101.91585540771484,-61.73777389526367,-0.605772022893606,618
100_9.png,IRF,113,51.32743453979492,108.14591217041016,-56.818477630615234,-0.5253871967077584,514
100_9.png,IRF,91,51.846153259277344,96.87308502197266,-45.02693176269531,-0.46480332233129923,457
100_9.png,IRF,27,48.62963104248047,92.62899017333984,-43.999359130859375,-0.4750063565253367,407
100_9.png,PED,63,129.1904754638672,134.46055603027344,-5.27008056640625,-0.03919424939176739,469
101_1.png,SRF,5221,52.04175567626953,113.06314086914062,-61.021385192871094,-0.5397106848773757,5923
101_1.png,PED,493,113.18052673339844,129.35543823242188,-16.174911499023438,-0.125042377189901,1387
101_1.png,PED,751,118.8695068359375,127.3952407836914,-8.525733947753906,-0.06692348862725596,1303
101_1.png,PED,97,127.64948272705078,132.63035583496094,-4.980873107910156,-0.03755454832759496,560
101_10.png,SRF,4804,52.23771667480469,107.4229965209961,-55.185279846191406,-0.5137194235259049,4279
101_10.png,PED,5637,98.48075103759766,123.3873519897461,-24.906600952148438,-0.2018570019576906,6738
101_11.png,SRF,5188,52.937740325927734,106.53540802001953,-53.5976676940918,-0.5030972208227712,4406
101_11.png,SRF,172,67.34302520751953,122.3443374633789,-55.001312255859375,-0.44956156857135143,848
101_11.png,PED,5273,92.67608642578125,121.83647918701172,-29.16039276123047,-0.23934040901223852,6617
101_12.png,SRF,5400,53.057037353515625,103.4512939453125,-50.394256591796875,-0.4871302684569302,4106
101_12.png,SRF,399,67.79698944091797,115.70281982421875,-47.90583038330078,-0.4140420298838145,1346
101_12.png,PED,6527,98.1285400390625,121.87122344970703,-23.74268341064453,-0.19481779815267464,6391
101_13.png,SRF,5035,52.842105865478516,107.29771423339844,-54.45560836791992,-0.5075188111600013,4894
101_13.png,SRF,576,59.73090362548828,116.00909423828125,-56.27819061279297,-0.4851187829912563,1430
101_13.png,PED,5625,93.8113784790039,119.51050567626953,-25.699127197265625,-0.2150365530782667,4331
101_14.png,SRF,4225,54.120235443115234,109.39018249511719,-55.26994705200195,-0.5052550950307539,4544
101_14.png,SRF,874,62.078948974609375,117.57686614990234,-55.49791717529297,-0.47201391730016834,2075
101_14.png,PED,5037,92.49613189697266,119.992919921875,-27.496788024902344,-0.22915342040851205,4378
101_15.png,SRF,3935,56.18144989013672,111.69705963134766,-55.51560974121094,-0.4970194374358494,4354
101_15.png,SRF,1060,63.01415252685547,115.16407012939453,-52.14991760253906,-0.4528314911408145,2249
101_15.png,IRF,18,55.72222137451172,106.40559387207031,-50.683372497558594,-0.47632244371000243,429
101_15.png,IRF,15,36.53333282470703,77.49038696289062,-40.957054138183594,-0.5285436780409616,416
101_15.png,IRF,64,51.015625,84.90416717529297,-33.88854217529297,-0.3991387384476283,720
101_15.png,PED,5720,93.43916320800781,119.48257446289062,-26.043411254882812,-0.2179682800772884,4418
101_16.png,SRF,3158,56.27992248535156,112.59123992919922,-56.311317443847656,-0.5001394200761793,3858
101_16.png,SRF,1289,56.58262252807617,115.275634765625,-58.69301223754883,-0.5091536677016069,2409
101_16.png,IRF,41,55.73170852661133,110.00537872314453,-54.2736701965332,-0.49337287709472993,558
101_16.png,PED,5560,86.92877960205078,118.6480941772461,-31.719314575195312,-0.26733943596102305,4487
101_17.png,SRF,2895,55.505008697509766,109.82315826416016,-54.31814956665039,-0.4945964988185616,3523
101_17.png,SRF,1744,61.518348693847656,115.96359252929688,-54.44524383544922,-0.46950290731717587,2719
101_17.png,PED,5474,88.92455291748047,117.12376403808594,-28.19921112060547,-0.2407642151206457,4137
101_18.png,SRF,2592,57.16088104248047,115.1943359375,-58.03345489501953,-0.5037873991174899,3494
101_18.png,SRF,1538,54.42457580566406,112.66497039794922,-58.240394592285156,-0.5169343619988673,2158
101_18.png,PED,6110,92.73846435546875,117.65034484863281,-24.911880493164062,-0.21174506989516537,4350
101_19.png,SRF,2178,59.40312194824219,118.3119125366211,-58.908790588378906,-0.49791089777324715,3206
101_19.png,SRF,1932,53.739646911621094,114.449462890625,-60.709815979003906,-0.5304508596691447,2592
101_19.png,PED,5473,88.87940979003906,118.42022705078125,-29.540817260742188,-0.24945752931274504,3955
101_2.png,SRF,5225,52.32612609863281,112.54315948486328,-60.21703338623047,-0.5350572496974325,5897
101_2.png,PED,234,114.9957275390625,135.80992126464844,-20.814193725585938,-0.1532597437047768,947
101_2.png,PED,1189,125.59882354736328,125.94205474853516,-0.343231201171875,-0.002725310475974009,2071
101_2.png,PED,115,136.86956787109375,110.2905044555664,26.579063415527344,0.24099140308344005,716
101_20.png,SRF,1903,65.52233123779297,122.42597961425781,-56.903648376464844,-0.4648004333374173,2979
101_20.png,SRF,1795,54.430641174316406,116.50772857666016,-62.07708740234375,-0.5328151888352888,2783
101_20.png,IRF,19,54.578948974609375,90.62068939208984,-36.04174041748047,-0.3977208809517896,464
101_20.png,PED,5521,88.48831939697266,113.33740997314453,-24.849090576171875,-0.21924879509828135,4010
101_21.png,SRF,1791,64.60357666015625,124.11463928222656,-59.51106262207031,-0.4794846358675467,3210
101_21.png,SRF,2020,56.73168182373047,116.46470642089844,-59.73302459716797,-0.5128852030184611,3372
101_21.png,PED,5862,86.07420349121094,117.29339599609375,-31.219192504882812,-0.2661632587219362,4424
101_22.png,SRF,3884,59.46549987792969,116.13855743408203,-56.673057556152344,-0.487977970523001,6279
101_22.png,PED,5982,87.38766479492188,115.8782730102539,-28.49060821533203,-0.2458666967949284,3935
101_23.png,SRF,2845,64.02249908447266,123.35030364990234,-59.32780456542969,-0.4809700731164488,4556
101_23.png,SRF,926,53.92872619628906,115.12013244628906,-61.19140625,-0.5315439180766207,2156
101_23.png,PED,6094,77.60633087158203,114.48210144042969,-36.875770568847656,-0.32210948353385893,4078
101_24.png,SRF,2366,61.38884353637695,121.23912811279297,-59.850284576416016,-0.49365485803176695,3818
101_24.png,SRF,888,54.99211883544922,113.35970306396484,-58.367584228515625,-0.514888294966518,2010
101_24.png,PED,5944,80.18135833740234,114.71147155761719,-34.530113220214844,-0.30101708879979877,4062
101_25.png,SRF,1796,62.87026596069336,123.65065002441406,-60.7803840637207,-0.49154924823864643,3767
101_25.png,SRF,1008,57.9375,113.34127807617188,-55.403778076171875,-0.4888225985852863,2139
101_25.png,PED,5213,79.54670715332031,110.40714263916016,-30.860435485839844,-0.27951484612458394,4060
101_3.png,SRF,4560,54.688377380371094,114.33744049072266,-59.64906311035156,-0.5216931816415069,4466
101_3.png,SRF,148,59.216217041015625,108.40288543701172,-49.186668395996094,-0.4537394756394779,762
101_3.png,SRF,112,64.30357360839844,105.74542999267578,-41.441856384277344,-0.39190210288187133,766
101_3.png,PED,2309,110.71070098876953,119.73495483398438,-9.024253845214844,-0.07536858269773607,3373
101_4.png,SRF,4918,54.22732925415039,110.52882385253906,-56.30149459838867,-0.5093829160210983,4718
101_4.png,SRF,216,60.48611068725586,105.05308532714844,-44.56697463989258,-0.42423289616964077,810
101_4.png,PED,3131,111.09773254394531,124.27550506591797,-13.177772521972656,-0.10603676496814822,4519
101_5.png,SRF,4604,52.22480392456055,105.69908142089844,-53.47427749633789,-0.5059105223762631,4566
101_5.png,PED,4122,108.00655364990234,118.1119155883789,-10.105361938476562,-0.08555751456689467,5370
101_6.png,SRF,4454,52.71868133544922,106.84468841552734,-54.126007080078125,-0.506585847951354,4314
101_6.png,SRF,47,60.10638427734375,112.14317321777344,-52.03678894042969,-0.4640210139174342,454
101_6.png,PED,4222,107.2150650024414,122.57318115234375,-15.358116149902344,-0.12529752434844657,5616
101_7.png,SRF,4480,53.42924118041992,111.04325103759766,-57.614009857177734,-0.5188429672116719,4023
101_7.png,PED,4720,102.98474884033203,126.75077819824219,-23.766029357910156,-0.18750203900712423,5790
101_8.png,SRF,4631,54.62945556640625,105.89347839355469,-51.26402282714844,-0.484109348421108,4403
101_8.png,PED,5903,102.25715637207031,120.65294647216797,-18.395790100097656,-0.15246863535438954,5515
101_9.png,SRF,4809,51.09877395629883,108.57069396972656,-57.471920013427734,-0.529350213322326,4456
101_9.png,PED,4823,94.03421020507812,118.42190551757812,-24.3876953125,-0.2059390549908013,5141
102_1.png,SRF,292,81.29109954833984,142.36607360839844,-61.074974060058594,-0.4289994976475608,896
102_1.png,PED,299,143.59197998046875,152.43572998046875,-8.84375,-0.058016253808297634,957
102_10.png,SRF,13,69.46154022216797,139.16163635253906,-69.7000961303711,-0.5008571180767046,365
102_10.png,PED,516,147.8682098388672,161.69015502929688,-13.821945190429688,-0.08548414829539416,1604
102_10.png,PED,132,163.46212768554688,168.7330780029297,-5.2709503173828125,-0.031238393679343026,768
102_10.png,PED,52,171.86538696289062,173.6200714111328,-1.7546844482421875,-0.010106460814009746,608
102_11.png,PED,682,163.3739013671875,168.37899780273438,-5.005096435546875,-0.02972518248036273,2248
102_11.png,PED,382,121.18848419189453,161.3009796142578,-40.11249542236328,-0.24868104036497515,1329
102_2.png,PED,712,132.19662475585938,140.39915466308594,-8.202529907226562,-0.058422929446477576,1408
102_3.png,PED,736,135.3913116455078,147.9789276123047,-12.587615966796875,-0.08506357067119463,1376
102_3.png,PED,23,226.56521606445312,170.3060302734375,56.259185791015625,0.33034171309546595,464
102_4.png,PED,996,125.76004028320312,148.90457153320312,-23.14453125,-0.1554319723813125,1488
102_4.png,PED,278,157.0647430419922,165.73484802246094,-8.67010498046875,-0.052313107858244445,1056
102_5.png,PED,980,116.7357177734375,138.43089294433594,-21.695175170898438,-0.15672206333034508,1476
102_5.png,PED,514,147.0,162.819091796875,-15.819091796875,-0.09715747473035971,1299
102_6.png,PED,1084,136.72325134277344,156.233642578125,-19.510391235351562,-0.124879577236992,1712
102_6.png,PED,144,174.04861450195312,160.78125,13.267364501953125,0.08251810768950438,736
102_7.png,PED,963,133.1318817138672,154.3711700439453,-21.239288330078125,-0.13758584795355164,1929
102_7.png,PED,125,169.7519989013672,158.10694885253906,11.645050048828125,0.07365299332725132,720
102_8.png,PED,1075,133.3553466796875,152.4460906982422,-19.090744018554688,-0.12522947575181617,1883
102_8.png,PED,36,165.05555725097656,156.625,8.430557250976562,0.05382638308684158,592
102_9.png,PED,931,138.6595001220703,159.28944396972656,-20.62994384765625,-0.12951231000327323,1876
102_9.png,PED,22,125.81818389892578,165.62930297851562,-39.811119079589844,-0.24036277617345217,464
103_1.png,SRF,68,56.72058868408203,112.24577331542969,-55.525184631347656,-0.4946750598377763,651
103_1.png,SRF,160,71.78125,143.80807495117188,-72.02682495117188,-0.5008538287966627,917
103_1.png,SRF,13,73.23076629638672,142.7860870361328,-69.5553207397461,-0.48712953890349786,388
103_1.png,IRF,46,53.369564056396484,92.31414794921875,-38.944583892822266,-0.42187015487859303,608
103_1.png,PED,137,123.01459503173828,131.30966186523438,-8.295066833496094,-0.06317179342072696,704
103_10.png,SRF,428,56.474300384521484,105.59690856933594,-49.12260818481445,-0.4651898322625617,1424
103_10.png,PED,986,88.72616577148438,136.71160888671875,-47.985443115234375,-0.35099757442687857,1654
103_11.png,SRF,519,51.138729095458984,107.06832122802734,-55.92959213256836,-0.5223729249798644,1449
103_11.png,SRF,110,94.80908966064453,157.05848693847656,-62.24939727783203,-0.39634532645291914,530
103_11.png,PED,1457,94.64927673339844,135.00457763671875,-40.35530090332031,-0.29891801900163434,1963
103_12.png,SRF,630,50.82222366333008,119.9841079711914,-69.16188430786133,-0.5764253739709206,1510
103_12.png,PED,1559,91.26811981201172,136.14910888671875,-44.88098907470703,-0.32964585256338125,1804
103_13.png,SRF,1105,55.30226135253906,113.48863220214844,-58.186370849609375,-0.5127066008335226,2331
103_13.png,SRF,68,92.64705657958984,160.3390350341797,-67.69197845458984,-0.42218027843413086,584
103_13.png,SRF,99,91.90908813476562,157.95230102539062,-66.043212890625,-0.41812124585642246,650
103_13.png,SRF,91,77.76923370361328,116.9473648071289,-39.178131103515625,-0.3350065319396354,323
103_13.png,IRF,332,59.469879150390625,120.81277465820312,-61.3428955078125,-0.507751731398939,689
103_13.png,IRF,180,61.30555725097656,121.16848754882812,-59.86293029785156,-0.4940470208784951,641
103_13.png,IRF,84,57.05952453613281,91.21126556396484,-34.15174102783203,-0.3744245934607937,355
103_13.png,PED,1081,60.290470123291016,137.0451202392578,-76.7546501159668,-0.5600684649111624,2172
103_13.png,PED,350,102.79142761230469,123.42658233642578,-20.635154724121094,-0.16718566076694505,1294
103_14.png,SRF,1731,54.0109748840332,103.88046264648438,-49.86948776245117,-0.4800660922368245,2769
103_14.png,SRF,75,66.1866683959961,131.72386169433594,-65.53719329833984,-0.49753470977352854,507
103_14.png,SRF,66,59.56060791015625,158.3146514892578,-98.75404357910156,-0.6237833494886754,553
103_14.png,IRF,523,58.751434326171875,103.85961151123047,-45.108177185058594,-0.4343187551802174,926
103_14.png,IRF,115,50.747825622558594,90.08687591552734,-39.33905029296875,-0.4366790377974278,564
103_14.png,IRF,200,60.459999084472656,122.62890625,-62.168907165527344,-0.5069678028342306,768
103_14.png,PED,320,60.03437423706055,139.0767059326172,-79.04233169555664,-0.5683362369385765,1056
103_15.png,SRF,1093,56.185726165771484,112.57537841796875,-56.389652252197266,-0.5009057312944072,2169
103_15.png,SRF,181,79.81768035888672,149.15797424316406,-69.34029388427734,-0.4648782221407463,671
103_15.png,IRF,659,57.103187561035156,105.53911590576172,-48.43592834472656,-0.45893816647067714,1061
103_15.png,IRF,150,60.599998474121094,122.38077545166016,-61.78077697753906,-0.5048241993036087,541
103_15.png,IRF,40,37.150001525878906,88.73788452148438,-51.58788299560547,-0.5813512827558505,454
103_15.png,IRF,10,38.400001525878906,103.609375,-65.2093734741211,-0.6293771531207586,384
103_15.png,PED,462,116.56060791015625,135.94508361816406,-19.384475708007812,-0.14259048721801507,1293
103_15.png,PED,671,113.77794647216797,127.03810119628906,-13.260154724121094,-0.10437935233015305,1496
103_16.png,SRF,1375,54.013816833496094,122.42024230957031,-68.40642547607422,-0.5587836144213095,1956
103_16.png,SRF,81,92.60493469238281,146.84017944335938,-54.23524475097656,-0.36934880464305553,438
103_16.png,IRF,39,48.9487190246582,87.51691436767578,-38.56819534301758,-0.44069418605168137,532
103_16.png,IRF,55,61.05454635620117,105.85237884521484,-44.79783248901367,-0.42321044626234017,420
103_16.png,IRF,99,65.57575988769531,107.36531829833984,-41.78955841064453,-0.3892277233745295,594
103_16.png,PED,4933,72.66551971435547,107.8699951171875,-35.20447540283203,-0.32636022060246406,5746
103_17.png,SRF,1419,54.72163391113281,123.36396026611328,-68.64232635498047,-0.5564212287519742,1698
103_17.png,SRF,85,80.3176498413086,114.55204772949219,-34.234397888183594,-0.2988545256652773,317
103_17.png,IRF,144,62.88194274902344,108.52442169189453,-45.642478942871094,-0.4205733440575435,696
103_17.png,IRF,125,67.03199768066406,106.9532699584961,-39.92127227783203,-0.3732590157675753,642
103_17.png,PED,5057,54.24342346191406,88.97309112548828,-34.72966766357422,-0.3903390027732233,3568
103_17.png,PED,483,141.0869598388672,142.36363220214844,-1.27667236328125,-0.008967686083398365,1463
103_18.png,SRF,1191,54.063812255859375,123.47891235351562,-69.41510009765625,-0.5621615770223449,1660
103_18.png,IRF,28,55.5,107.0926742553711,-51.592674255371094,-0.48175726877773367,464
103_18.png,PED,6958,65.19890594482422,114.04225158691406,-48.843345642089844,-0.42829166350565495,5467
103_19.png,SRF,1062,58.62711715698242,121.62786102294922,-63.0007438659668,-0.5179795429772425,1529
103_19.png,IRF,137,84.05839538574219,109.2631607055664,-25.20476531982422,-0.23067944545137217,494
103_19.png,IRF,100,70.13999938964844,124.16387939453125,-54.02388000488281,-0.43510141812838904,299
103_19.png,PED,6671,43.20551681518555,103.62529754638672,-60.41978073120117,-0.5830601422799768,2925
103_2.png,SRF,118,65.40677642822266,104.52601623535156,-39.119239807128906,-0.37425361853500405,884
103_2.png,SRF,208,74.77884674072266,144.18789672851562,-69.40904998779297,-0.48137916956011845,1091
103_2.png,PED,68,55.088233947753906,134.6690216064453,-79.5807876586914,-0.590936109205999,568
103_20.png,SRF,906,55.04856491088867,124.73933410644531,-69.69076919555664,-0.5586912075070609,1477
103_20.png,SRF,42,64.07142639160156,160.1422576904297,-96.07083129882812,-0.5999093099120798,239
103_20.png,IRF,9,21.22222137451172,116.62771606445312,-95.4054946899414,-0.8180344939381007,368
103_20.png,PED,7127,41.299564361572266,102.21975708007812,-60.92019271850586,-0.5959727792229195,2753
103_20.png,PED,453,114.89404296875,142.32435607910156,-27.430313110351562,-0.19273098341021996,1449
103_21.png,SRF,957,51.11494064331055,120.12396240234375,-69.0090217590332,-0.5744817301971281,1686
103_21.png,IRF,150,62.5533332824707,116.98434448242188,-54.43101119995117,-0.46528457667367623,575
103_21.png,IRF,103,65.69902801513672,106.98922729492188,-41.290199279785156,-0.38592856798532044,557
103_21.png,PED,6946,39.66944885253906,101.72624206542969,-62.056793212890625,-0.6100372131408932,2988
103_21.png,PED,374,142.44384765625,158.03472900390625,-15.59088134765625,-0.09865477952805475,1238
103_21.png,PED,347,127.25648498535156,152.1875,-24.931015014648438,-0.1638177577964579,1072
103_3.png,SRF,137,55.54014587402344,100.15819549560547,-44.61804962158203,-0.4454757736079589,866
103_3.png,SRF,326,83.58895874023438,157.2494354248047,-73.66047668457031,-0.4684307863209729,1331
103_3.png,PED,410,80.14390563964844,118.76464080810547,-38.62073516845703,-0.32518715086974975,956
103_4.png,SRF,108,61.74074172973633,105.69947052001953,-43.9587287902832,-0.4158840964293894,752
103_4.png,SRF,283,76.44522857666016,151.68028259277344,-75.23505401611328,-0.4960107716709761,1248
103_4.png,PED,470,83.05106353759766,107.19480895996094,-24.14374542236328,-0.22523241243315595,1078
103_4.png,PED,25,128.0399932861328,151.091796875,-23.051803588867188,-0.15256820069416616,512
103_5.png,SRF,217,51.299537658691406,100.27999877929688,-48.98046112060547,-0.4884369935863785,925
103_5.png,SRF,181,89.34254455566406,145.4740447998047,-56.131500244140625,-0.38585233758631277,1021
103_5.png,SRF,25,80.68000030517578,142.2860107421875,-61.60601043701172,-0.4329730668226941,479
103_5.png,PED,546,91.36813354492188,118.84162902832031,-27.473495483398438,-0.23117737200363875,1105
103_6.png,SRF,185,59.967567443847656,100.0650634765625,-40.097496032714844,-0.4007142417104106,830
103_6.png,SRF,687,80.28092956542969,151.6249237060547,-71.343994140625,-0.47052946439686216,1773
103_6.png,PED,984,88.3130111694336,89.78289794921875,-1.4698867797851562,-0.016371567563084506,1064
103_7.png,SRF,336,61.494049072265625,105.42377471923828,-43.929725646972656,-0.41669657308292274,1161
103_7.png,SRF,370,65.29459381103516,141.19725036621094,-75.90265655517578,-0.5375646930681278,1237
103_7.png,PED,1283,78.98129272460938,92.255859375,-13.274566650390625,-0.14388860220175717,2005
103_8.png,SRF,404,59.01237487792969,109.97850799560547,-50.96613311767578,-0.4634190265584644,1303
103_8.png,SRF,118,70.7966079711914,139.4839324951172,-68.68732452392578,-0.49243897340168746,498
103_8.png,IRF,28,77.0,110.412109375,-33.412109375,-0.30261272576108683,512
103_8.png,IRF,98,48.06122589111328,83.21833801269531,-35.15711212158203,-0.42246832802907774,458
103_8.png,PED,428,68.27570343017578,89.35240936279297,-21.076705932617188,-0.2358829054854081,769
103_9.png,SRF,424,52.95990753173828,112.66801452636719,-59.708106994628906,-0.5299472724857123,1482
103_9.png,SRF,12,58.83333206176758,144.43902587890625,-85.60569381713867,-0.5926770365296437,369
103_9.png,IRF,1,76.0,96.55850982666016,-20.558509826660156,-0.21291245964303268,188
103_9.png,PED,562,109.12989044189453,132.7469024658203,-23.61701202392578,-0.17791007989814822,1454
104_10.png,PED,327,134.36697387695312,145.9175567626953,-11.550582885742188,-0.07915828048386815,1395
104_11.png,PED,442,147.30995178222656,145.49462890625,1.8153228759765625,0.012476906464679687,1488
104_12.png,PED,207,127.28502655029297,134.55191040039062,-7.266883850097656,-0.05400803175869705,732
104_12.png,PED,357,134.42576599121094,136.9949951171875,-2.5692291259765625,-0.018754182397530704,1200
104_12.png,PED,81,153.79013061523438,148.96438598632812,4.82574462890625,0.03239529097477806,674
104_13.png,PED,212,120.36320495605469,131.98016357421875,-11.616958618164062,-0.08802048962177025,706
104_13.png,PED,381,134.90289306640625,133.61805725097656,1.2848358154296875,0.009615734892899718,1296
104_14.png,PED,361,134.48753356933594,118.10993957519531,16.377593994140625,0.1386639774183759,1137
104_15.png,PED,440,116.95681762695312,136.73455810546875,-19.777740478515625,-0.1446433202589522,1473
104_15.png,PED,159,143.57232666015625,131.99411010742188,11.578216552734375,0.08771767576077127,848
104_16.png,PED,670,135.21641540527344,136.28245544433594,-1.0660400390625,-0.007822283767831877,1933
104_16.png,PED,145,137.7862091064453,135.46810913085938,2.3180999755859375,0.01711177627309097,784
104_17.png,PED,165,144.4302978515625,135.23141479492188,9.198883056640625,0.06802327011508909,834
104_17.png,PED,147,163.53741455078125,134.4458465576172,29.091567993164062,0.21638130695764396,711
104_18.png,PED,161,154.40994262695312,124.12124633789062,30.2886962890625,0.24402507372999394,800
104_18.png,PED,39,149.15383911132812,146.88235473632812,2.271484375,0.015464651142593632,544
104_20.png,IRF,122,63.73770523071289,109.46251678466797,-45.72481155395508,-0.4177211788753572,707
104_24.png,SRF,130,157.0076904296875,140.625,16.3826904296875,0.11649913194444445,800
104_25.png,SRF,84,160.54762268066406,140.35394287109375,20.193679809570312,0.14387682594793175,647
104_25.png,SRF,380,156.40525817871094,135.58615112304688,20.819107055664062,0.15354891988024905,1300
104_25.png,SRF,147,157.04762268066406,142.65142822265625,14.396194458007812,0.1009186843579136,525
104_26.png,SRF,179,137.65362548828125,133.0467529296875,4.60687255859375,0.0346259676177771,877
104_26.png,SRF,123,134.38211059570312,141.47528076171875,-7.093170166015625,-0.050137169743189075,789
104_26.png,SRF,97,139.2371063232422,154.8630828857422,-15.6259765625,-0.10090188230353665,650
104_27.png,SRF,428,147.68692016601562,127.33890533447266,20.34801483154297,0.1597941711380052,1375
104_27.png,SRF,279,143.98208618164062,141.0348663330078,2.9472198486328125,0.020897101016665726,1520
104_28.png,PED,653,139.6416473388672,145.2081756591797,-5.5665283203125,-0.03833481341558745,1638
104_29.png,IRF,48,51.60416793823242,103.30573272705078,-51.70156478881836,-0.5004714009959316,471
104_29.png,PED,451,118.76052856445312,150.06234741210938,-31.30181884765625,-0.20859209113724905,1636
104_30.png,PED,296,122.39189147949219,151.99533081054688,-29.603439331054688,-0.19476545215690613,1072
104_31.png,IRF,87,47.91954040527344,94.71548461914062,-46.79594421386719,-0.49406857180784997,594
104_31.png,PED,331,127.11782836914062,153.87071228027344,-26.752883911132812,-0.17386599122517088,1168
104_32.png,PED,362,124.85635375976562,144.6571502685547,-19.800796508789062,-0.13688086950440448,1120
104_33.png,PED,359,129.476318359375,139.98692321777344,-10.510604858398438,-0.07508276213805633,1224
104_34.png,PED,495,135.32525634765625,133.3219757080078,2.0032806396484375,0.015025884735130828,1584
104_35.png,SRF,22,63.59090805053711,131.79861450195312,-68.20770645141602,-0.5175145938306146,432
104_35.png,PED,258,161.3914794921875,149.5167999267578,11.874679565429688,0.07942036996007545,1488
104_36.png,IRF,83,51.987953186035156,93.32347869873047,-41.33552551269531,-0.4429273971466049,609
104_37.png,IRF,200,51.474998474121094,96.3499984741211,-44.875,-0.46574987764066333,800
104_37.png,PED,309,158.2491912841797,159.894775390625,-1.6455841064453125,-0.010291669020611394,1264
104_38.png,PED,304,125.27631378173828,138.0942840576172,-12.817970275878906,-0.09282042601075982,1347
104_38.png,PED,130,143.3230743408203,149.083740234375,-5.7606658935546875,-0.038640470681097265,812
104_39.png,PED,379,111.57783508300781,120.99658966064453,-9.418754577636719,-0.07784314090217927,879
104_39.png,PED,262,118.96946716308594,113.30952453613281,5.659942626953125,0.0499511638595593,1008
104_40.png,IRF,62,59.69355010986328,109.6427230834961,-49.94917297363281,-0.45556304667474445,529
104_40.png,IRF,85,58.400001525878906,102.37818145751953,-43.978179931640625,-0.429565941742077,550
104_40.png,PED,1492,119.64678192138672,115.11326599121094,4.533515930175781,0.03938308839679626,2525
104_5.png,PED,64,161.203125,146.70579528808594,14.497329711914062,0.09881906630508822,656
104_7.png,SRF,122,78.45901489257812,134.37771606445312,-55.918701171875,-0.4161307604383905,736
104_7.png,PED,229,159.29693603515625,151.3818359375,7.91510009765625,0.05228566590329968,1024
104_7.png,PED,129,123.17829132080078,150.32525634765625,-27.14696502685547,-0.18058818382503108,784
104_8.png,SRF,102,73.46078491210938,137.488037109375,-64.02725219726562,-0.4656932598894435,752
104_8.png,PED,138,150.36956787109375,127.51839447021484,22.851173400878906,0.17919903631014095,897
104_8.png,PED,387,166.1757049560547,144.9395294189453,21.236175537109375,0.14651748644585813,1422
104_9.png,PED,404,146.3242645263672,146.95582580566406,-0.631561279296875,-0.004297626690431847,1381
105_10.png,SRF,324,46.1728401184082,140.68316650390625,-94.51032638549805,-0.6717955583042258,808
105_11.png,SRF,273,47.336997985839844,142.12339782714844,-94.7863998413086,-0.6669302964216247,778
105_12.png,SRF,200,49.599998474121094,140.4312744140625,-90.8312759399414,-0.6468023331620905,633
105_12.png,IRF,319,40.9811897277832,89.38665008544922,-48.405460357666016,-0.541528967820058,944
105_13.png,SRF,264,50.90151596069336,146.75936889648438,-95.85785293579102,-0.653163431108808,640
105_14.png,SRF,154,41.42856979370117,145.02517700195312,-103.59660720825195,-0.7143353268023025,556
105_14.png,PED,675,113.41184997558594,104.62947845458984,8.782371520996094,0.08393783139048833,1004
105_15.png,PED,753,94.71049499511719,95.40432739257812,-0.6938323974609375,-0.007272546397249832,925
105_16.png,SRF,88,48.09090805053711,121.7508544921875,-73.65994644165039,-0.6050055808550978,586
105_16.png,IRF,45,38.53333282470703,82.34254455566406,-43.80921173095703,-0.532036166326409,543
105_16.png,IRF,122,38.557376861572266,80.91570281982422,-42.35832595825195,-0.5234870919007112,605
105_16.png,PED,871,84.2686538696289,101.51122283935547,-17.242568969726562,-0.16985874554002212,980
105_17.png,SRF,170,50.31764602661133,117.89888000488281,-67.58123397827148,-0.5732135366805231,623
105_17.png,IRF,116,42.568965911865234,90.69095611572266,-48.12199020385742,-0.5306150939951855,741
105_17.png,IRF,70,37.157142639160156,95.13919830322266,-57.9820556640625,-0.6094444424396466,625
105_17.png,PED,649,93.6563949584961,95.81061553955078,-2.1542205810546875,-0.022484153440861902,829
105_18.png,SRF,78,49.089744567871094,127.27053833007812,-78.18079376220703,-0.6142882303164612,499
105_18.png,IRF,517,49.690521240234375,95.79537963867188,-46.1048583984375,-0.481284781920999,1212
105_18.png,PED,1139,123.02545928955078,130.48980712890625,-7.464347839355469,-0.057202535612468984,2552
105_2.png,PED,161,115.09317016601562,131.15127563476562,-16.05810546875,-0.12243956752253893,1104
105_20.png,IRF,137,41.562042236328125,88.5354995727539,-46.97345733642578,-0.5305607079996811,676
105_20.png,IRF,379,46.78628158569336,85.63072204589844,-38.84444046020508,-0.45362738433274324,918
105_20.png,IRF,56,43.16071319580078,91.11212921142578,-47.951416015625,-0.5262901485306495,544
105_21.png,IRF,1086,48.43922805786133,93.81981658935547,-45.38058853149414,-0.4836993950875288,1615
105_22.png,IRF,1394,44.8192253112793,83.07614135742188,-38.25691604614258,-0.4605042485248356,2469
105_22.png,IRF,321,53.85669708251953,99.70734405517578,-45.85064697265625,-0.4598522546873131,885
105_23.png,IRF,98,41.0,97.76480102539062,-56.764801025390625,-0.5806261602337651,608
105_23.png,IRF,96,40.44791793823242,94.19596099853516,-53.748043060302734,-0.5705981709888662,495
105_23.png,IRF,327,49.68501663208008,87.90213775634766,-38.21712112426758,-0.4347689612532525,981
105_23.png,IRF,34,39.882354736328125,78.18954467773438,-38.30718994140625,-0.4899272671211089,306
105_23.png,IRF,1486,40.91655349731445,75.59065246582031,-34.67409896850586,-0.4587088196412167,1969
105_23.png,PED,1808,93.85896301269531,96.12223052978516,-2.2632675170898438,-0.023545724070443107,1219
105_24.png,IRF,2796,37.09621047973633,81.12141418457031,-44.025203704833984,-0.5427075470438211,2578
105_24.png,IRF,143,44.88111877441406,80.45954895019531,-35.57843017578125,-0.44219027623190377,618
105_24.png,PED,2779,106.3724365234375,100.1559829711914,6.216453552246094,0.06206772044795544,1763
105_25.png,IRF,4642,40.24020004272461,89.13326263427734,-48.893062591552734,-0.5485389084450532,2934
105_25.png,IRF,89,39.78651809692383,86.16946411132812,-46.3829460144043,-0.5382759019422362,596
105_25.png,PED,1165,86.57682037353516,92.03864288330078,-5.461822509765625,-0.05934271017762477,854
105_26.png,IRF,5597,37.274253845214844,95.20523071289062,-57.93097686767578,-0.6084852316820448,3518
105_26.png,IRF,89,39.382022857666016,85.30978393554688,-45.92776107788086,-0.5383645223223181,736
105_26.png,PED,1387,106.20692443847656,110.0795669555664,-3.8726425170898438,-0.03518039382052652,1835
105_27.png,IRF,5819,35.69101333618164,93.90194702148438,-58.210933685302734,-0.6199118924763543,3437
105_27.png,IRF,91,51.39560317993164,92.19194793701172,-40.79634475708008,-0.4425152702593219,646
105_27.png,IRF,126,38.4603157043457,84.98236846923828,-46.52205276489258,-0.5474318214810937,624
105_27.png,PED,949,101.68071746826172,105.0825424194336,-3.401824951171875,-0.03237288395244188,1369
105_28.png,IRF,5541,34.6854362487793,92.139892578125,-57.4544563293457,-0.6235567974059697,3081
105_28.png,PED,770,106.66493225097656,109.54315948486328,-2.8782272338867188,-0.026274823981906725,1031
105_29.png,IRF,5960,36.332550048828125,89.40656280517578,-53.074012756347656,-0.5936254687701201,3537
105_3.png,PED,198,128.35353088378906,119.31172943115234,9.041801452636719,0.07578300554141411,1296
105_30.png,IRF,5929,34.65154266357422,89.26548767089844,-54.61394500732422,-0.6118147834320182,3439
105_4.png,PED,103,127.4757308959961,124.97291564941406,2.5028152465820312,0.020026861288914528,960
105_5.png,SRF,129,46.75968933105469,131.42137145996094,-84.66168212890625,-0.6442002635370414,992
105_6.png,SRF,307,48.889251708984375,127.31703186035156,-78.42778015136719,-0.6160038370780679,1145
105_7.png,SRF,570,57.82105255126953,137.62637329101562,-79.8053207397461,-0.5798693871776672,1274
105_8.png,SRF,605,61.3636360168457,131.7633819580078,-70.39974594116211,-0.5342891545057494,1251
105_8.png,IRF,121,36.53718948364258,71.01744079589844,-34.48025131225586,-0.4855180773318889,688
105_9.png,SRF,411,44.41605758666992,128.53860473632812,-84.1225471496582,-0.6544535575302004,1049
106_1.png,PED,211,149.1990509033203,144.04917907714844,5.149871826171875,0.03575078913440914,976
106_1.png,PED,91,169.58241271972656,153.9433135986328,15.63909912109375,0.10158998631060155,688
106_11.png,SRF,58,89.53448486328125,154.1912841796875,-64.65679931640625,-0.41932849616232626,528
106_11.png,IRF,206,36.708736419677734,92.56205749511719,-55.85332107543945,-0.6034148611960772,701
106_12.png,IRF,361,33.98891830444336,93.59651184082031,-59.60759353637695,-0.6368569978094019,803
106_12.png,PED,163,184.73619079589844,162.57192993164062,22.164260864257812,0.1363351033205892,848
106_13.png,IRF,527,35.3795051574707,97.62971496582031,-62.25020980834961,-0.6376154004971039,902
106_14.png,IRF,488,33.280738830566406,94.69339752197266,-61.41265869140625,-0.6485421401967973,848
106_15.png,IRF,336,37.05356979370117,111.68316650390625,-74.62959671020508,-0.6682260097594459,909
106_15.png,PED,5956,142.29751586914062,142.4806671142578,-0.1831512451171875,-0.001285446291252379,4631
106_16.png,PED,6090,133.98045349121094,140.44288635253906,-6.462432861328125,-0.04601466851874688,3913
106_17.png,IRF,35,50.14285659790039,135.8060302734375,-85.66317367553711,-0.6307759199135659,464
106_17.png,PED,5392,119.12351989746094,137.2126007080078,-18.089080810546875,-0.1318325045747142,3462
106_18.png,PED,4330,117.44988250732422,125.41456604003906,-7.964683532714844,-0.06350684600839818,2581
106_19.png,SRF,169,71.52071380615234,147.2663116455078,-75.74559783935547,-0.5143443669702717,736
106_19.png,IRF,154,47.43506622314453,111.84687805175781,-64.41181182861328,-0.5758928005018283,640
106_19.png,PED,4596,106.89164733886719,135.941162109375,-29.049514770507812,-0.21369182313694854,3025
106_2.png,SRF,32,60.875,156.5689697265625,-95.6939697265625,-0.6111937115872051,464
106_2.png,IRF,312,48.33654022216797,110.80615997314453,-62.46961975097656,-0.5637738891602865,1006
106_20.png,IRF,298,48.16778564453125,126.02733612060547,-77.85955047607422,-0.6177989067511852,878
106_20.png,PED,4036,110.67269897460938,130.65687561035156,-19.984176635742188,-0.15295158821445826,3031
106_21.png,IRF,303,48.10560989379883,120.8044204711914,-72.69881057739258,-0.6017893243793118,859
106_21.png,IRF,68,55.264705657958984,115.3125,-60.047794342041016,-0.520739679930979,576
106_21.png,IRF,33,35.69696807861328,116.2860336303711,-80.58906555175781,-0.6930244590499981,444
106_21.png,IRF,39,60.512821197509766,124.15414428710938,-63.64132308959961,-0.5125992648495692,519
106_21.png,IRF,129,68.70542907714844,123.32669067382812,-54.62126159667969,-0.4428989482993658,753
106_21.png,PED,3472,98.04838562011719,133.36508178710938,-35.31669616699219,-0.2648121659263721,2761
106_22.png,IRF,275,50.0363655090332,113.37002563476562,-63.33366012573242,-0.5586455482489612,754
106_22.png,IRF,38,42.28947448730469,112.8877944946289,-70.59832000732422,-0.6253848817170684,508
106_22.png,IRF,42,69.69047546386719,115.87109375,-46.18061828613281,-0.39855167317027945,512
106_22.png,IRF,121,58.84297561645508,117.50733184814453,-58.66435623168945,-0.4992399649368413,682
106_22.png,PED,3338,113.12042999267578,120.82865142822266,-7.708221435546875,-0.06379464923620277,2457
106_23.png,IRF,278,52.31654739379883,105.6273422241211,-53.310794830322266,-0.5047063923771453,746
106_23.png,IRF,106,49.056602478027344,119.55840301513672,-70.50180053710938,-0.5896850305719078,625
106_23.png,PED,1512,100.10912322998047,127.2197036743164,-27.110580444335938,-0.21310048413364702,1543
106_24.png,IRF,91,38.17582321166992,112.2094497680664,-74.03362655639648,-0.6597806754192431,635
106_24.png,IRF,58,64.67241668701172,113.55125427246094,-48.87883758544922,-0.43045616623632116,517
106_24.png,PED,1404,108.35185241699219,117.2927017211914,-8.940849304199219,-0.07622681695449313,1411
106_25.png,IRF,81,53.30864334106445,105.80850982666016,-52.4998664855957,-0.4961781105470925,611
106_25.png,IRF,50,47.959999084472656,111.88235473632812,-63.92235565185547,-0.5713354514436219,510
106_25.png,IRF,187,61.695186614990234,105.80000305175781,-44.10481643676758,-0.41686970854992617,815
106_25.png,IRF,88,57.477272033691406,117.04006958007812,-59.56279754638672,-0.5089094509264129,599
106_25.png,PED,1724,115.83062744140625,121.59479522705078,-5.764167785644531,-0.047404724642047806,1767
106_25.png,PED,259,142.55984497070312,158.10052490234375,-15.540679931640625,-0.0982961944069437,1144
106_26.png,IRF,89,54.66292190551758,97.4203109741211,-42.757389068603516,-0.4388960437619796,640
106_26.png,IRF,153,49.64706039428711,101.06765747070312,-51.420597076416016,-0.5087740070686956,739
106_26.png,PED,1191,114.23509979248047,125.9551773071289,-11.720077514648438,-0.09304958926833327,1718
106_26.png,PED,223,138.83407592773438,152.04296875,-13.208892822265625,-0.08687605175603114,1117
106_27.png,IRF,31,45.80644989013672,105.81732940673828,-60.01087951660156,-0.5671176909590403,427
106_27.png,IRF,58,36.931034088134766,100.36288452148438,-63.43185043334961,-0.6320249834964732,485
106_27.png,IRF,200,58.525001525878906,100.90457153320312,-42.37957000732422,-0.4199965310132556,765
106_27.png,PED,997,144.36911010742188,125.38032531738281,18.988784790039062,0.1514494777547562,2043
106_28.png,IRF,33,39.45454406738281,100.16458129882812,-60.71003723144531,-0.6061028403875092,480
106_28.png,IRF,36,54.08333206176758,99.322265625,-45.23893356323242,-0.45547625478093723,512
106_28.png,IRF,63,50.412696838378906,100.1041259765625,-49.691429138183594,-0.4963974127282017,557
106_28.png,IRF,221,49.82805252075195,103.67274475097656,-53.84469223022461,-0.5193717245507519,877
106_28.png,PED,915,147.26229858398438,133.6178436279297,13.644454956054688,0.1021155153053423,1939
106_29.png,IRF,18,43.88888931274414,104.13157653808594,-60.2426872253418,-0.5785246822159477,342
106_29.png,IRF,30,55.83333206176758,98.52088165283203,-42.68754959106445,-0.43328428323943424,407
106_29.png,IRF,73,41.61643981933594,99.20490264892578,-57.588462829589844,-0.5805001697687108,571
106_29.png,IRF,37,49.4054069519043,101.9322738647461,-52.5268669128418,-0.5153114408351145,502
106_29.png,IRF,10,50.20000076293945,94.83797454833984,-44.63797378540039,-0.47067616108406,395
106_29.png,IRF,57,61.157894134521484,143.97425842285156,-82.81636428833008,-0.5752164671346935,544
106_29.png,PED,579,149.61312866210938,134.09889221191406,15.514236450195312,0.11569250270672217,1800
106_3.png,IRF,83,48.14457702636719,112.16552734375,-64.02095031738281,-0.5707720708268942,586
106_3.png,IRF,87,45.81609344482422,110.02349090576172,-64.2073974609375,-0.5835789878357248,596
106_3.png,IRF,52,57.346153259277344,113.09963989257812,-55.75348663330078,-0.49295901106542306,552
106_3.png,IRF,116,61.482757568359375,115.2622299194336,-53.77947235107422,-0.46658365354084497,797
106_30.png,IRF,160,53.131248474121094,100.72167205810547,-47.590423583984375,-0.47249437595247495,812
106_30.png,IRF,155,52.91613006591797,101.30884552001953,-48.39271545410156,-0.4776751250663372,803
106_30.png,PED,338,160.68638610839844,144.4087371826172,16.27764892578125,0.11271928031055886,1441
106_32.png,IRF,84,48.67856979370117,103.2530517578125,-54.57448196411133,-0.528550788911496,656
106_32.png,IRF,59,50.59321975708008,102.51520538330078,-51.9219856262207,-0.5064808233284634,592
106_32.png,IRF,58,55.67241287231445,103.78209686279297,-48.109683990478516,-0.4635643858119653,592
106_32.png,IRF,17,44.52941131591797,114.0,-69.47058868408203,-0.6093911288077372,432
106_33.png,IRF,45,58.20000076293945,135.31015014648438,-77.11014938354492,-0.5698770513525174,532
106_4.png,SRF,47,61.82978820800781,158.74432373046875,-96.91453552246094,-0.6105070924426355,528
106_4.png,IRF,36,51.11111068725586,107.78318786621094,-56.67207717895508,-0.5257970032330178,452
106_4.png,IRF,186,68.247314453125,112.98165893554688,-44.734344482421875,-0.3959434204089857,818
106_4.png,PED,266,168.13909912109375,163.02589416503906,5.1132049560546875,0.03136437301719898,1352
106_4.png,PED,85,154.1999969482422,176.4234161376953,-22.223419189453125,-0.12596638063117507,666
106_5.png,SRF,89,52.60674285888672,153.1554412841797,-100.54869842529297,-0.6565140460058811,624
106_5.png,IRF,51,49.64706039428711,119.53515625,-69.88809585571289,-0.5846656167792719,512
106_5.png,IRF,59,73.2033920288086,103.4000015258789,-30.196609497070312,-0.29203683802183233,575
106_5.png,IRF,53,52.849056243896484,108.24649047851562,-55.39743423461914,-0.5117711806611802,499
106_5.png,PED,446,175.24664306640625,158.9120330810547,16.334609985351562,0.10279026495759405,1512
106_6.png,IRF,241,58.265560150146484,113.49386596679688,-55.22830581665039,-0.48661930181149765,897
106_6.png,PED,877,164.84378051757812,159.86355590820312,4.980224609375,0.03115297030071535,2426
106_7.png,IRF,231,54.78355026245117,121.46260070800781,-66.67905044555664,-0.5489677485652636,869
106_7.png,PED,437,164.92906188964844,148.0343780517578,16.894683837890625,0.11412675933953445,1018
106_8.png,SRF,96,61.54166793823242,148.13906860351562,-86.5974006652832,-0.5845682808837916,453
106_8.png,IRF,40,50.900001525878906,130.5,-79.5999984741211,-0.6099616741311962,484
106_8.png,IRF,12,41.66666793823242,132.69541931152344,-91.02875137329102,-0.6859976918991202,371
106_8.png,IRF,94,57.76595687866211,122.97767639160156,-65.21171951293945,-0.5302728220793812,672
106_8.png,PED,1536,151.1907501220703,126.8441390991211,24.34661102294922,0.1919411586208473,1373
106_9.png,SRF,52,53.61538314819336,152.33584594726562,-98.72046279907227,-0.6480448655088475,399
106_9.png,IRF,23,45.21739196777344,128.17361450195312,-82.95622253417969,-0.6472176263150915,432
106_9.png,PED,977,135.71954345703125,124.89712524414062,10.822418212890625,0.08665065902626405,1633
107_1.png,SRF,348,60.767242431640625,123.58517456054688,-62.81793212890625,-0.5082966654558592,769
107_1.png,SRF,2221,41.65510940551758,108.31549072265625,-66.66038131713867,-0.6154279583870766,2485
107_1.png,PED,5452,58.69809341430664,101.2876205444336,-42.58952713012695,-0.4204810706501242,3369
107_1.png,PED,1781,92.92082977294922,114.505615234375,-21.58478546142578,-0.188504165645022,1691
107_10.png,SRF,10786,65.12794494628906,117.02098083496094,-51.893035888671875,-0.44345070019416916,4861
107_10.png,PED,7615,64.9359130859375,100.68824768066406,-35.75233459472656,-0.3550795193905471,4000
107_11.png,SRF,10919,61.11603546142578,123.1733169555664,-62.057281494140625,-0.5038208195410309,5366
107_11.png,PED,7989,60.858055114746094,105.78618621826172,-44.928131103515625,-0.42470697460269863,3966
107_12.png,SRF,11923,63.67902374267578,115.57679748535156,-51.89777374267578,-0.44903280651337835,5267
107_12.png,PED,8130,67.69581604003906,103.27411651611328,-35.57830047607422,-0.34450355690550144,3670
107_13.png,SRF,12004,63.61771011352539,113.28031921386719,-49.6626091003418,-0.43840456528535593,5269
107_13.png,PED,7988,68.69766998291016,103.07489013671875,-34.377220153808594,-0.3335169225813443,3525
107_14.png,SRF,11820,63.95296096801758,115.83613586425781,-51.883174896240234,-0.44790146450533674,5236
107_14.png,PED,6778,68.85527038574219,105.29534149169922,-36.44007110595703,-0.3460748651337982,3650
107_15.png,SRF,12562,67.29119873046875,117.62210845947266,-50.330909729003906,-0.42790348165154424,5364
107_15.png,PED,6270,63.46236038208008,110.24986267089844,-46.78750228881836,-0.4243769666043166,3730
107_16.png,SRF,11863,63.864200592041016,115.93128967285156,-52.06708908081055,-0.44912024379043425,5181
107_16.png,PED,5580,65.89749145507812,107.8756332397461,-41.97814178466797,-0.38913460365395464,3554
107_17.png,SRF,11087,65.6729507446289,110.44625091552734,-44.77330017089844,-0.40538542322402976,4856
107_17.png,PED,5707,67.95777130126953,101.9705810546875,-34.01280975341797,-0.3335551234642536,3467
107_18.png,SRF,10670,69.68669128417969,112.76541137695312,-43.07872009277344,-0.3820206884961342,4672
107_18.png,PED,5195,66.4163589477539,105.28166198730469,-38.86530303955078,-0.3691554854466234,3348
107_19.png,SRF,9607,64.86478424072266,110.10076904296875,-45.235984802246094,-0.4108598440814883,4535
107_19.png,PED,4778,69.72708129882812,102.54674530029297,-32.819664001464844,-0.32004588644288334,3444
107_2.png,SRF,140,67.67857360839844,128.16339111328125,-60.48481750488281,-0.47193521472462757,459
107_2.png,SRF,3026,46.95241165161133,113.99375915527344,-67.04134750366211,-0.5881141915176566,3045
107_2.png,PED,6932,72.20355224609375,103.8993911743164,-31.695838928222656,-0.30506279748112486,4791
107_20.png,SRF,9112,62.55202102661133,108.63426971435547,-46.08224868774414,-0.42419623944555873,4640
107_20.png,PED,4093,67.38285064697266,104.1885757446289,-36.80572509765625,-0.35326066063009454,3362
107_21.png,SRF,8321,61.54056167602539,108.61919403076172,-47.07863235473633,-0.43342829759354806,4438
107_21.png,PED,3905,73.87759399414062,106.3049087524414,-32.42731475830078,-0.3050406151405125,3260
107_22.png,SRF,7787,60.08629608154297,110.51363372802734,-50.427337646484375,-0.45629969756116623,4402
107_22.png,PED,3485,80.69927978515625,105.0700454711914,-24.370765686035156,-0.2319477980307646,3155
107_23.png,SRF,6816,58.08494567871094,111.80999755859375,-53.72505187988281,-0.48050311289675446,4400
107_23.png,PED,2084,91.89683532714844,113.35292053222656,-21.456085205078125,-0.18928568495928694,2842
107_24.png,SRF,7312,56.54814147949219,118.62554168701172,-62.07740020751953,-0.5233055151925715,5787
107_24.png,PED,1374,108.57059478759766,112.12706756591797,-3.5564727783203125,-0.03171823588652678,2054
107_25.png,SRF,7387,59.77934265136719,115.23548126220703,-55.456138610839844,-0.4812418710228219,6077
107_25.png,PED,557,117.80789947509766,121.71317291259766,-3.9052734375,-0.03208587323825976,1154
107_26.png,SRF,7129,57.4253044128418,113.58987426757812,-56.16456985473633,-0.4944504976071387,6303
107_26.png,PED,164,140.15243530273438,120.10189819335938,20.050537109375,0.16694604674019736,422
107_27.png,SRF,6773,59.40646743774414,112.239990234375,-52.83352279663086,-0.4707192390725092,6142
107_27.png,PED,165,132.73939514160156,117.77835083007812,14.961044311523438,0.12702711666516814,582
107_28.png,SRF,602,63.21760940551758,130.01873779296875,-66.80112838745117,-0.5137807789967923,1014
107_28.png,SRF,4703,54.489688873291016,110.0696029663086,-55.57991409301758,-0.5049524355060147,4856
107_28.png,PED,237,75.62447357177734,109.00369262695312,-33.37921905517578,-0.3062209935346921,812
107_28.png,PED,97,136.7628936767578,120.94999694824219,15.812896728515625,0.13073912465894807,640
107_29.png,SRF,569,64.35149383544922,121.08177185058594,-56.73027801513672,-0.46852864100090547,1015
107_29.png,SRF,4514,53.87749099731445,105.80835723876953,-51.93086624145508,-0.4908011767375493,4832
107_29.png,PED,228,118.96929931640625,128.29010009765625,-9.32080078125,-0.07265409235907427,748
107_3.png,SRF,3524,48.585697174072266,116.56526947021484,-67.97957229614258,-0.583188908712753,3248
107_3.png,PED,7285,63.361289978027344,110.7229995727539,-47.36170959472656,-0.4277495170604199,4704
107_30.png,SRF,2886,46.465003967285156,106.02421569824219,-59.55921173095703,-0.5617510239403213,4336
107_31.png,SRF,1847,49.566864013671875,105.44581604003906,-55.87895202636719,-0.5299304811216907,3248
107_32.png,PED,214,108.13551330566406,116.13310241699219,-7.997589111328125,-0.06886571481240258,864
107_4.png,SRF,3709,44.2572135925293,111.27140045166016,-67.01418685913086,-0.6022588606516547,3084
107_4.png,PED,8243,66.7679214477539,103.78137969970703,-37.013458251953125,-0.35664835405977563,4716
107_5.png,SRF,4369,47.396888732910156,114.56549835205078,-67.16860961914062,-0.5862900313385515,3252
107_5.png,PED,7922,67.79891204833984,106.31303405761719,-38.514122009277344,-0.36227093272875943,4549
107_6.png,SRF,4967,52.65592956542969,115.3322982788086,-62.676368713378906,-0.5434416000439245,3533
107_6.png,PED,8015,66.53163146972656,103.5958023071289,-37.064170837402344,-0.35777676326612884,4577
107_7.png,SRF,5907,55.15083694458008,118.00154876708984,-62.850711822509766,-0.5326261602427254,3874
107_7.png,SRF,2,37.0,71.21774291992188,-34.217742919921875,-0.48046654551235546,248
107_7.png,PED,7652,63.70608901977539,105.18640899658203,-41.48031997680664,-0.39435056650859257,4356
107_8.png,SRF,7498,57.71925735473633,120.1416244506836,-62.422367095947266,-0.5195731902357517,4046
107_8.png,PED,7653,67.1595458984375,104.32076263427734,-37.161216735839844,-0.35622071577561054,4084
107_9.png,SRF,9578,61.728336334228516,120.09882354736328,-58.370487213134766,-0.4860204745479063,4766
107_9.png,PED,8226,64.36421203613281,99.5390625,-35.17485046386719,-0.35337735337689347,3955
108_12.png,IRF,97,46.08247375488281,85.59062194824219,-39.508148193359375,-0.4615943580507043,640
108_12.png,IRF,146,41.02054977416992,82.73153686523438,-41.71098709106445,-0.5041727577116041,704
108_13.png,IRF,55,39.38181686401367,79.19642639160156,-39.81460952758789,-0.502732400206003,560
108_13.png,IRF,63,34.17460250854492,81.32291412353516,-47.148311614990234,-0.5797666269480786,576
108_14.png,IRF,138,60.19565200805664,87.79027557373047,-27.594623565673828,-0.31432437573907085,720
108_14.png,IRF,62,43.74193572998047,80.10243225097656,-36.360496520996094,-0.45392499951901033,576
108_14.png,PED,2150,100.37767791748047,88.23529052734375,12.142387390136719,0.1376137293543998,1887
108_15.png,IRF,113,43.70796585083008,86.28504943847656,-42.577083587646484,-0.49344682380932087,428
108_15.png,IRF,30,40.70000076293945,78.82289123535156,-38.12289047241211,-0.4836525262513364,463
108_16.png,IRF,41,35.780487060546875,70.7741928100586,-34.99370574951172,-0.4944416087291402,496
108_16.png,PED,3642,76.87232208251953,72.49034881591797,4.3819732666015625,0.060449057539082175,3265
108_17.png,PED,3327,97.2287368774414,91.42975616455078,5.798980712890625,0.06342552967607072,3367
108_17.png,PED,364,99.68681335449219,84.79325103759766,14.893562316894531,0.17564561017115227,711
108_18.png,PED,938,104.66311645507812,95.59224700927734,9.070869445800781,0.09489126712253602,1187
108_18.png,PED,574,89.6550521850586,82.99374389648438,6.661308288574219,0.08026277615434087,799
108_18.png,PED,81,104.71604919433594,95.13988494873047,9.576164245605469,0.10065351929704275,529
109_10.png,SRF,1555,62.35048294067383,137.8460693359375,-75.49558639526367,-0.5476803710033784,2800
109_11.png,SRF,1564,65.9430923461914,132.7257080078125,-66.7826156616211,-0.5031626251162294,2450
109_12.png,SRF,1387,54.57101821899414,132.7532196044922,-78.18220138549805,-0.5889288532392962,2330
109_13.png,SRF,1481,51.338958740234375,126.729248046875,-75.39028930664062,-0.5948925797993769,2253
109_14.png,SRF,1740,54.83390808105469,123.30847930908203,-68.47457122802734,-0.5553111319813673,2347
109_14.png,PED,502,124.92430114746094,123.6357650756836,1.2885360717773438,0.010422033389679489,1057
109_15.png,SRF,2017,50.5726318359375,122.88121795654297,-72.30858612060547,-0.5884429477756109,2753
109_15.png,PED,379,140.08706665039062,135.05580139160156,5.0312652587890625,0.0372532331595341,1559
109_16.png,SRF,2330,53.275108337402344,122.27666473388672,-69.00155639648438,-0.5643068245822203,3047
109_16.png,PED,576,140.80035400390625,132.73439025878906,8.065963745117188,0.060767701041087925,1698
109_17.png,SRF,2762,54.68863296508789,117.75569915771484,-63.06706619262695,-0.5355754892861597,3422
109_17.png,PED,661,138.45083618164062,126.39105987548828,12.059776306152344,0.09541637136386703,1432
109_18.png,SRF,3057,53.2859001159668,120.38591766357422,-67.10001754760742,-0.5573743079744801,3848
109_18.png,PED,188,153.96807861328125,130.7766876220703,23.191390991210938,0.1773358188902246,918
109_18.png,PED,153,124.6143798828125,125.46037292480469,-0.8459930419921875,-0.00674310957531776,593
109_18.png,PED,58,154.89654541015625,127.55756378173828,27.33898162841797,0.21432662100067437,443
109_19.png,SRF,3251,51.774532318115234,118.48974609375,-66.71521377563477,-0.5630463054824101,3463
109_19.png,PED,506,133.97628784179688,122.82942199707031,11.146865844726562,0.09075077993115065,1278
109_19.png,PED,270,111.78147888183594,101.4993667602539,10.282112121582031,0.10130222926285683,785
109_20.png,SRF,3240,49.687652587890625,116.85295104980469,-67.16529846191406,-0.5747847859938692,3407
109_20.png,PED,553,141.82821655273438,118.89033508300781,22.937881469726562,0.19293310472808078,1459
109_21.png,SRF,3519,56.64023971557617,114.56554412841797,-57.9253044128418,-0.5056084257576832,3425
109_21.png,PED,353,139.8413543701172,129.5787811279297,10.2625732421875,0.079199488935272,1301
109_21.png,PED,181,110.45856475830078,93.5473861694336,16.911178588867188,0.18077660190566477,517
109_22.png,SRF,2541,51.8504524230957,112.36962127685547,-60.519168853759766,-0.5385723309029677,3160
109_22.png,PED,593,132.88026428222656,117.98255920410156,14.897705078125,0.12627040113914645,1663
109_23.png,SRF,2255,51.676719665527344,112.52944946289062,-60.85272979736328,-0.5407715943498949,2852
109_23.png,PED,444,134.6171112060547,128.79959106445312,5.8175201416015625,0.04516722524911118,1457
109_23.png,PED,239,116.77405548095703,113.39713287353516,3.376922607421875,0.02977961189890003,836
109_24.png,SRF,2163,55.09754943847656,111.1338119506836,-56.03626251220703,-0.5042233459702932,3079
109_24.png,PED,338,140.62130737304688,124.31980895996094,16.301498413085938,0.13112551048349888,1232
109_25.png,SRF,461,66.87201690673828,114.1763916015625,-47.30437469482422,-0.4143095961545246,1525
109_5.png,SRF,152,80.61842346191406,129.4165802001953,-48.79815673828125,-0.37706263496373554,1025
109_6.png,SRF,758,78.12928771972656,131.70594787597656,-53.57666015625,-0.4067899819277827,1952
109_7.png,SRF,1083,67.16620635986328,134.93508911132812,-67.76888275146484,-0.5022332085581694,2326
109_8.png,SRF,1304,61.727760314941406,136.8243408203125,-75.0965805053711,-0.5488539543120715,2670
109_9.png,SRF,1429,63.523441314697266,137.16029357910156,-73.6368522644043,-0.5368671234429611,2901
10_1.png,PED,313,113.17891693115234,105.47916412353516,7.6997528076171875,0.07299785575281376,1152
10_2.png,PED,477,129.4171905517578,100.1783676147461,29.23882293701172,0.2918676320366375,1424
10_3.png,PED,613,121.45024108886719,97.32686614990234,24.123374938964844,0.24785936189304755,1392
10_4.png,PED,528,128.87310791015625,109.45203399658203,19.42107391357422,0.177439132051038,1376
10_5.png,PED,366,136.89071655273438,103.80853271484375,33.082183837890625,0.31868462998861125,1102
10_6.png,PED,283,147.52296447753906,107.63526916503906,39.8876953125,0.37058201853278677,913
10_7.png,PED,413,133.23728942871094,107.25940704345703,25.977882385253906,0.24219677416945587,983
110_1.png,SRF,279,98.21147155761719,137.86581420898438,-39.65434265136719,-0.2876299891955595,626
110_1.png,SRF,1016,81.13385772705078,113.06759643554688,-31.933738708496094,-0.28243050807840975,1287
110_1.png,SRF,2853,59.0438117980957,100.64877319335938,-41.60496139526367,-0.4133677945118629,1993
110_1.png,SRF,435,77.53333282470703,134.36669921875,-56.83336639404297,-0.4229721108317011,1039
110_1.png,PED,1106,116.80470275878906,129.4357147216797,-12.631011962890625,-0.0975852143285999,1081
110_10.png,SRF,2748,64.46761322021484,111.6519775390625,-47.184364318847656,-0.422602137094614,2020
110_10.png,SRF,400,72.6675033569336,117.53524017333984,-44.86773681640625,-0.3817385896369101,1504
110_10.png,SRF,404,79.31683349609375,104.25704956054688,-24.940216064453125,-0.2392185101110999,603
110_10.png,SRF,1526,84.09501647949219,131.24559020996094,-47.15057373046875,-0.3592545368955965,2264
110_11.png,SRF,2949,68.20447540283203,107.24847412109375,-39.04399871826172,-0.3640517875730085,2129
110_11.png,SRF,315,80.06031799316406,114.05461120605469,-33.994293212890625,-0.2980527736092621,586
110_12.png,SRF,3066,67.78506469726562,112.06087493896484,-44.27581024169922,-0.3951049843740245,2382
110_12.png,SRF,357,72.2100830078125,117.73919677734375,-45.52911376953125,-0.38669461840844066,648
110_13.png,SRF,2794,67.09305572509766,114.2179946899414,-47.12493896484375,-0.4125876933207426,2523
110_13.png,SRF,950,83.54105377197266,113.07984924316406,-29.538795471191406,-0.26122068316231944,1603
110_2.png,SRF,657,101.34703063964844,123.58847045898438,-22.241439819335938,-0.179963711313324,746
110_2.png,SRF,928,78.4051742553711,108.62825775146484,-30.22308349609375,-0.27822487556821923,1189
110_2.png,SRF,2445,51.668304443359375,110.83992767333984,-59.17162322998047,-0.5338475445812919,1693
110_2.png,SRF,413,78.59806060791016,136.37139892578125,-57.773338317871094,-0.4236470313640593,1112
110_2.png,PED,1402,119.13623046875,127.50440979003906,-8.368179321289062,-0.06563050905508998,1134
110_3.png,SRF,1510,80.65032958984375,114.20272827148438,-33.552398681640625,-0.29379682245313243,1835
110_3.png,SRF,3132,50.429439544677734,106.73329162597656,-56.30385208129883,-0.5275191200755182,1586
110_3.png,SRF,761,66.47700500488281,134.27537536621094,-67.79837036132812,-0.5049203562188582,1202
110_4.png,SRF,1572,80.3288803100586,110.40205383300781,-30.07317352294922,-0.27239686653327455,1654
110_4.png,SRF,3210,47.90342712402344,104.4317626953125,-56.52833557128906,-0.5412944693485134,1612
110_4.png,SRF,887,70.64599609375,132.4866943359375,-61.8406982421875,-0.4667691238893941,1391
110_4.png,PED,401,107.16458892822266,126.41707611083984,-19.252487182617188,-0.15229340667345453,808
110_5.png,SRF,1182,69.1463623046875,114.4727554321289,-45.326393127441406,-0.39595791117577755,1762
110_5.png,SRF,3507,46.52153015136719,103.05180358886719,-56.5302734375,-0.548561708468798,2104
110_5.png,SRF,61,61.37704849243164,99.19680786132812,-37.819759368896484,-0.3812598427740387,376
110_5.png,SRF,1225,68.35265350341797,132.15701293945312,-63.804359436035156,-0.48279208206125773,1777
110_6.png,SRF,1454,71.45185852050781,105.26471710205078,-33.81285858154297,-0.3212173985017457,2055
110_6.png,SRF,4014,47.885650634765625,104.81197357177734,-56.92632293701172,-0.5431280510907223,2138
110_6.png,SRF,1219,71.90238189697266,130.23553466796875,-58.333152770996094,-0.44790504311833607,1728
110_7.png,SRF,1794,68.96488189697266,119.18065643310547,-50.21577453613281,-0.4213416508938115,2109
110_7.png,SRF,3413,50.19279098510742,98.06246948242188,-47.86967849731445,-0.4881549358278735,2145
110_7.png,SRF,1123,70.65182495117188,128.40316772460938,-57.7513427734375,-0.4497657168185972,1766
110_8.png,SRF,2389,71.72541046142578,104.93684387207031,-33.21143341064453,-0.31648973025273147,1916
110_8.png,SRF,393,75.46819305419922,97.60021209716797,-22.13201904296875,-0.22676199741179606,958
110_8.png,SRF,1683,51.37492752075195,104.47099304199219,-53.096065521240234,-0.5082373965747433,1172
110_8.png,SRF,1095,69.926025390625,130.41033935546875,-60.48431396484375,-0.4637999890482406,2013
110_9.png,SRF,3018,74.45361328125,103.02442169189453,-28.57080841064453,-0.277320735622167,2129
110_9.png,SRF,384,77.01822662353516,106.75318145751953,-29.734954833984375,-0.2785392849937391,1021
110_9.png,SRF,1066,57.00469207763672,108.6693344116211,-51.664642333984375,-0.4754298221638814,1001
110_9.png,SRF,1213,68.75762939453125,131.8452606201172,-63.08763122558594,-0.47849752754753105,2055
111_10.png,SRF,785,83.47006225585938,132.62234497070312,-49.15228271484375,-0.37061841068864915,1888
111_10.png,SRF,610,71.2983627319336,126.8621826171875,-55.563819885253906,-0.43798568445665403,1872
111_10.png,IRF,1563,56.77223205566406,90.88982391357422,-34.117591857910156,-0.37537306585995883,2496
111_11.png,SRF,578,71.64533233642578,133.87139892578125,-62.22606658935547,-0.4648197231721901,1664
111_11.png,SRF,787,72.74205780029297,125.85664367675781,-53.114585876464844,-0.422024490124502,2016
111_11.png,IRF,2613,61.924991607666016,99.31035614013672,-37.3853645324707,-0.3764498083132061,2626
111_12.png,SRF,608,70.125,132.9685821533203,-62.84358215332031,-0.47261978082054074,1719
111_12.png,SRF,1006,70.38966369628906,131.24398803710938,-60.85432434082031,-0.46367323373024666,2160
111_12.png,IRF,3072,61.1513671875,89.4383544921875,-28.2869873046875,-0.31627356591358563,2774
111_13.png,SRF,709,68.48660278320312,128.77210998535156,-60.28550720214844,-0.4681565535348159,1900
111_13.png,SRF,1333,72.91822814941406,127.66112518310547,-54.742897033691406,-0.4288141511769788,2588
111_13.png,IRF,107,58.87850570678711,108.78936767578125,-49.91086196899414,-0.45878437420227164,508
111_13.png,IRF,3559,55.54341125488281,97.7685317993164,-42.225120544433594,-0.4318886636357245,2739
111_14.png,SRF,644,71.69409942626953,133.61044311523438,-61.916343688964844,-0.4634094629531626,1743
111_14.png,SRF,2088,84.4636001586914,130.2484893798828,-45.784889221191406,-0.35151954114151124,2149
111_14.png,IRF,3242,50.41548538208008,95.99786376953125,-45.58237838745117,-0.47482700757679314,3274
111_15.png,SRF,675,76.30815124511719,131.68431091308594,-55.37615966796875,-0.42052207498369365,2002
111_15.png,SRF,1759,70.44854736328125,131.49688720703125,-61.04833984375,-0.46425691999563695,2091
111_15.png,SRF,14,65.57142639160156,102.71428680419922,-37.142860412597656,-0.36161337987384207,217
111_15.png,IRF,88,53.875,116.88687133789062,-63.011871337890625,-0.5390842497250107,495
111_15.png,IRF,3375,51.16563034057617,96.27198791503906,-45.10635757446289,-0.46853044744718136,2842
111_15.png,IRF,59,65.3559341430664,122.08061218261719,-56.72467803955078,-0.4646493577104432,459
111_15.png,IRF,70,64.5,121.09333038330078,-56.59333038330078,-0.4673529929696707,525
111_16.png,SRF,5229,82.99559783935547,114.47929382324219,-31.48369598388672,-0.2750165111299344,3839
111_16.png,SRF,714,78.79692077636719,145.87948608398438,-67.08256530761719,-0.4598492022997465,1618
111_16.png,IRF,3182,48.201446533203125,95.41313934326172,-47.211692810058594,-0.4948133258691774,2648
111_17.png,SRF,676,69.27958679199219,137.69667053222656,-68.41708374023438,-0.49686810491341565,1622
111_17.png,SRF,2560,78.771484375,118.83992767333984,-40.068443298339844,-0.33716314106549783,2174
111_17.png,IRF,476,54.34873962402344,114.71260833740234,-60.363868713378906,-0.5262182561121062,595
111_17.png,IRF,2760,52.826812744140625,102.25936889648438,-49.43255615234375,-0.4834036889312664,1735
111_18.png,SRF,859,70.46216583251953,138.0973358154297,-67.63516998291016,-0.4897644808536071,1952
111_18.png,SRF,1985,68.53350067138672,123.77130126953125,-55.23780059814453,-0.44628924501533385,2195
111_18.png,IRF,378,50.08465576171875,113.6063461303711,-63.521690368652344,-0.5591385739644935,851
111_18.png,IRF,1189,47.75189208984375,94.52037048339844,-46.76847839355469,-0.49479787430339267,1497
111_19.png,SRF,1278,82.51251983642578,133.52610778808594,-51.013587951660156,-0.38204953920039236,2203
111_19.png,SRF,3142,82.44621276855469,126.86943054199219,-44.4232177734375,-0.3501491067127788,2313
111_19.png,IRF,168,55.80952453613281,124.82077026367188,-69.01124572753906,-0.5528827099989805,703
111_19.png,IRF,150,53.573333740234375,120.386474609375,-66.81314086914062,-0.5549887650247515,621
111_19.png,IRF,111,56.85585403442383,107.07960510253906,-50.223751068115234,-0.46903190406820366,603
111_19.png,IRF,367,49.78474044799805,92.84296417236328,-43.058223724365234,-0.463774763205831,917
111_19.png,IRF,126,43.5396842956543,102.60813903808594,-59.06845474243164,-0.5756702664737608,467
111_20.png,SRF,1095,78.32968139648438,141.88380432128906,-63.55412292480469,-0.4479307784903302,2272
111_20.png,SRF,5588,81.2462387084961,112.822265625,-31.576026916503906,-0.2798740722106812,3539
111_20.png,IRF,482,47.900413513183594,115.99433135986328,-68.09391784667969,-0.5870452206446509,1058
111_20.png,IRF,199,49.11055374145508,118.5919189453125,-69.48136520385742,-0.5858861701689646,718
111_20.png,IRF,618,45.29611587524414,107.55138397216797,-62.25526809692383,-0.5788420920091012,1012
111_21.png,SRF,1181,84.51227569580078,139.66799926757812,-55.155723571777344,-0.3949059473967917,1994
111_21.png,SRF,2632,73.88601684570312,125.21102905273438,-51.32501220703125,-0.40990807754974207,2829
111_21.png,IRF,564,46.11879348754883,102.16844940185547,-56.04965591430664,-0.5486004362643163,1027
111_21.png,IRF,296,42.878379821777344,111.82640075683594,-68.9480209350586,-0.616562998258207,697
111_21.png,IRF,605,51.01983642578125,103.03661346435547,-52.01677703857422,-0.5048377978432775,874
111_22.png,SRF,5881,75.75054931640625,113.8031005859375,-38.05255126953125,-0.3343718323456062,5348
111_22.png,SRF,1107,75.39656829833984,139.50643920898438,-64.10987091064453,-0.45954775474274867,2176
111_22.png,IRF,412,56.514564514160156,109.12163543701172,-52.60707092285156,-0.4820956972663587,1077
111_22.png,IRF,536,46.04850769042969,92.9737548828125,-46.92524719238281,-0.504714983830965,1105
111_23.png,SRF,7908,80.99203491210938,119.09705352783203,-38.105018615722656,-0.3199492975434343,5028
111_23.png,SRF,1652,86.94007110595703,134.18202209472656,-47.24195098876953,-0.3520736254475194,2615
111_23.png,IRF,867,51.34025192260742,108.57261657714844,-57.232364654541016,-0.5271344327772871,1322
111_23.png,PED,665,87.72782135009766,86.23844146728516,1.4893798828125,0.01727048700639495,1514
111_24.png,SRF,8895,78.40180206298828,126.92603302001953,-48.52423095703125,-0.38230321867364847,5408
111_24.png,SRF,1579,77.14566040039062,141.49957275390625,-64.35391235351562,-0.454799340386977,2342
111_24.png,IRF,703,48.483642578125,105.47483825683594,-56.99119567871094,-0.5403297755236641,1232
111_24.png,PED,732,108.3702163696289,104.83851623535156,3.5317001342773438,0.03368704805349443,1833
111_25.png,SRF,11675,79.1390151977539,124.5666732788086,-45.42765808105469,-0.36468548838401776,7514
111_25.png,PED,278,123.84532165527344,126.50448608398438,-2.6591644287109375,-0.021020317231639985,892
111_26.png,SRF,8674,75.64134216308594,127.78018951416016,-52.13884735107422,-0.40803545173406064,6228
111_26.png,PED,330,118.13030242919922,112.83600616455078,5.2942962646484375,0.04692027345356118,872
111_26.png,PED,367,122.67847442626953,125.26082611083984,-2.5823516845703125,-0.020615796372644556,1016
111_27.png,SRF,8454,62.529571533203125,128.69517517089844,-66.16560363769531,-0.5141265284408051,5472
111_27.png,PED,1026,129.0984344482422,116.17154693603516,12.926887512207031,0.11127412738443315,2221
111_28.png,SRF,8563,61.598506927490234,126.1559829711914,-64.55747604370117,-0.5117274228559047,5911
111_28.png,PED,230,134.17391967773438,118.0948715209961,16.07904815673828,0.13615365298805196,643
111_28.png,PED,332,118.84939575195312,119.27416229248047,-0.42476654052734375,-0.003561261989715293,1014
111_29.png,SRF,8521,59.86140060424805,127.92745208740234,-68.0660514831543,-0.5320675927841535,5734
111_29.png,PED,227,118.700439453125,120.427734375,-1.727294921875,-0.014342999399925397,685
111_29.png,PED,369,107.65040588378906,121.9729232788086,-14.322517395019531,-0.11742374463126364,1034
111_3.png,SRF,240,73.10416412353516,120.3580322265625,-47.253868103027344,-0.3926108397491615,1120
111_3.png,IRF,434,53.33871078491211,98.873046875,-45.53433609008789,-0.4605333559473955,1024
111_30.png,SRF,8335,60.704498291015625,127.83438873291016,-67.12989044189453,-0.5251317044441921,5223
111_30.png,PED,1041,120.83573150634766,114.0882339477539,6.74749755859375,0.05914279961318124,2312
111_4.png,SRF,334,93.32634735107422,117.5615234375,-24.23517608642578,-0.20614887743701354,1341
111_4.png,SRF,318,67.10691833496094,122.42655944824219,-55.31964111328125,-0.45185980364553596,1280
111_4.png,IRF,544,56.33272171020508,95.59650421142578,-39.2637825012207,-0.410724040853869,1088
111_5.png,SRF,481,82.82744598388672,125.3326644897461,-42.505218505859375,-0.33913919151808086,1488
111_5.png,SRF,351,66.35327911376953,130.81817626953125,-64.46489715576172,-0.49278241750551127,1408
111_5.png,IRF,636,54.05345916748047,89.86908721923828,-35.81562805175781,-0.39853112076663844,1184
111_6.png,SRF,564,73.20744323730469,124.10021209716797,-50.89276885986328,-0.4100941327966085,1856
111_6.png,SRF,474,74.66666412353516,128.8269805908203,-54.160316467285156,-0.4204112851119977,1520
111_6.png,IRF,1146,60.143104553222656,95.82660675048828,-35.683502197265625,-0.3723757253575485,1932
111_7.png,SRF,367,69.70299530029297,117.29301452636719,-47.59001922607422,-0.40573617634642767,1488
111_7.png,SRF,321,65.77881622314453,130.95339965820312,-65.1745834350586,-0.497692947301624,1266
111_7.png,IRF,654,52.56727981567383,88.69654846191406,-36.129268646240234,-0.40733567734886544,1216
111_8.png,SRF,395,74.06076049804688,122.07345581054688,-48.0126953125,-0.393309872270789,1552
111_8.png,SRF,443,67.0835189819336,127.9812240600586,-60.897705078125,-0.47583311947029927,1491
111_8.png,IRF,87,69.2988510131836,113.23442840576172,-43.935577392578125,-0.38800546804670005,610
111_8.png,IRF,578,53.04152297973633,83.50298309326172,-30.46146011352539,-0.36479487301075214,1173
111_9.png,SRF,583,76.51629638671875,122.50576782226562,-45.989471435546875,-0.3754065808743759,1821
111_9.png,SRF,422,68.86492919921875,126.7098388671875,-57.84490966796875,-0.4565147441202227,1606
111_9.png,IRF,91,58.4505500793457,107.48196411132812,-49.03141403198242,-0.45618271341968086,610
111_9.png,IRF,622,55.88263702392578,85.2695541381836,-29.386917114257812,-0.34463551980856894,1202
112_10.png,PED,5122,86.39164733886719,110.45045471191406,-24.058807373046875,-0.21782443029138296,3290
112_11.png,PED,6842,84.1309585571289,112.77583312988281,-28.644874572753906,-0.2539983414688135,3890
112_12.png,PED,7760,80.2152099609375,110.00450897216797,-29.78929901123047,-0.2708007088942818,3992
112_13.png,PED,8805,77.62294006347656,104.96143341064453,-27.33849334716797,-0.2604622713202721,4045
112_14.png,PED,9730,77.63514709472656,104.98370361328125,-27.348556518554688,-0.26050287403934647,4357
112_15.png,PED,7771,88.05057525634766,92.41500091552734,-4.3644256591796875,-0.047226376842965406,3506
112_16.png,PED,10059,84.94869995117188,109.54756164550781,-24.598861694335938,-0.2245496049828751,4920
112_17.png,PED,9445,86.2927474975586,115.81143188476562,-29.51868438720703,-0.25488575615383663,5738
112_18.png,PED,7523,87.12309265136719,110.89337921142578,-23.770286560058594,-0.21435262167220032,4924
112_19.png,PED,6301,82.01983642578125,109.82654571533203,-27.80670928955078,-0.2531875067948067,4151
112_2.png,PED,244,131.75,122.41304016113281,9.336959838867188,0.07627422557741322,552
112_2.png,PED,233,107.80257415771484,101.40950775146484,6.39306640625,0.06304208104350702,547
112_20.png,PED,6307,80.5343246459961,103.40849304199219,-22.874168395996094,-0.2212020282193585,3934
112_20.png,PED,164,142.59146118164062,114.1759262084961,28.41553497314453,0.24887501171880194,756
112_21.png,PED,4579,94.81786346435547,118.55089569091797,-23.7330322265625,-0.20019277027175306,3812
112_22.png,PED,3786,108.92947387695312,120.23558807373047,-11.306114196777344,-0.09403300950999836,3574
112_23.png,PED,2096,111.5167007446289,117.1889877319336,-5.6722869873046875,-0.04840290113504418,2143
112_23.png,PED,247,139.13360595703125,136.33230590820312,2.801300048828125,0.020547587970193428,650
112_3.png,SRF,97,66.30928039550781,121.73751831054688,-55.42823791503906,-0.45530941228524263,621
112_3.png,PED,102,163.37254333496094,137.7767791748047,25.59576416015625,0.18577705411215595,672
112_3.png,PED,1306,99.10107421875,94.56904602050781,4.5320281982421875,0.047922955649350556,1680
112_4.png,SRF,49,60.163265228271484,108.72079467773438,-48.55752944946289,-0.4466259614215945,351
112_4.png,PED,460,95.45869445800781,101.20169067382812,-5.7429962158203125,-0.05674802641716652,709
112_4.png,PED,1034,90.56576538085938,99.84835815429688,-9.2825927734375,-0.09296690446419757,1187
112_4.png,PED,145,153.7724151611328,117.26589965820312,36.50651550292969,0.31131399332061443,692
112_5.png,SRF,98,60.551021575927734,125.52317810058594,-64.9721565246582,-0.5176108309860815,604
112_5.png,PED,1767,93.7430648803711,97.29388427734375,-3.5508193969726562,-0.03649581290074483,1749
112_5.png,PED,148,161.82432556152344,135.14251708984375,26.681808471679688,0.19743459753632842,828
112_6.png,PED,2621,94.41815948486328,107.8017807006836,-13.383621215820312,-0.12415027960419808,2023
112_7.png,PED,3749,92.55455017089844,109.17378997802734,-16.619239807128906,-0.15222737811404868,3113
112_8.png,PED,4414,95.05255889892578,109.0247802734375,-13.972221374511719,-0.12815638187455144,3107
112_9.png,PED,4561,87.83840942382812,110.0103759765625,-22.171966552734375,-0.2015443212143741,3181
113_1.png,PED,546,88.80586242675781,112.90534210205078,-24.09947967529297,-0.21344853331661118,1553
113_10.png,PED,171,108.60818481445312,82.13541412353516,26.47277069091797,0.3223064128111876,960
113_11.png,PED,45,154.2888946533203,105.17462921142578,49.11426544189453,0.466978260918451,544
113_12.png,PED,768,86.50650787353516,98.03302001953125,-11.526512145996094,-0.11757785431581778,2120
113_13.png,PED,746,85.58177185058594,94.81729888916016,-9.235527038574219,-0.09740339734176984,1861
113_13.png,PED,72,114.0,102.54513549804688,11.454864501953125,0.11170558648460999,576
113_14.png,PED,213,67.08451080322266,81.73231506347656,-14.647804260253906,-0.17921680364587544,848
113_2.png,PED,131,121.50381469726562,92.78726196289062,28.716552734375,0.30948809272828753,832
113_2.png,PED,430,87.75348663330078,113.22750091552734,-25.474014282226562,-0.22498080480669877,1200
113_3.png,PED,1243,103.69831085205078,92.16620635986328,11.5321044921875,0.12512291595425287,3237
113_4.png,PED,72,113.19444274902344,96.66158294677734,16.532859802246094,0.17103857911523362,656
113_4.png,PED,1951,67.62788391113281,93.47771453857422,-25.849830627441406,-0.27653468802742603,2872
113_5.png,PED,2281,68.73388671875,90.33797454833984,-21.604087829589844,-0.23914735677441493,3231
113_6.png,PED,586,111.32423400878906,80.1336441040039,31.190589904785156,0.38923214154972774,1923
113_6.png,PED,1061,82.07917022705078,100.54398345947266,-18.464813232421875,-0.18364911153400526,2410
113_7.png,PED,526,104.18251037597656,78.14868927001953,26.03382110595703,0.33313189701755475,1567
113_7.png,PED,1059,75.53352355957031,97.16162109375,-21.628097534179688,-0.22259918361501002,2413
113_8.png,PED,293,92.29010009765625,87.1662368774414,5.123863220214844,0.05878265947650309,1552
113_8.png,PED,625,72.95680236816406,91.89012908935547,-18.933326721191406,-0.2060430963458581,1520
113_9.png,PED,111,112.43243408203125,102.63690185546875,9.7955322265625,0.09543869748091553,672
113_9.png,PED,230,78.78695678710938,87.3155746459961,-8.528617858886719,-0.09767579144344328,976
114_13.png,PED,274,134.43431091308594,131.9355926513672,2.49871826171875,0.01893892475491038,1413
114_4.png,PED,1153,148.31829833984375,110.09494018554688,38.223358154296875,0.34718542096374005,2096
115_10.png,SRF,879,66.42548370361328,121.7318115234375,-55.30632781982422,-0.4543292926284587,1581
115_10.png,SRF,830,62.1120491027832,101.66084289550781,-39.54879379272461,-0.3890268137297944,1946
115_10.png,IRF,124,33.91128921508789,66.8779067993164,-32.966617584228516,-0.49293734152226015,688
115_11.png,SRF,981,55.22528076171875,133.07266235351562,-77.84738159179688,-0.5849990540129916,1046
115_11.png,SRF,580,57.062068939208984,99.63728332519531,-42.57521438598633,-0.4273020396093068,1191
115_11.png,SRF,246,61.22764205932617,92.87937927246094,-31.651737213134766,-0.34078325523994557,771
115_12.png,SRF,717,56.33891296386719,121.9659194946289,-65.62700653076172,-0.5380765938771263,1027
115_12.png,SRF,1007,63.659385681152344,98.40843963623047,-34.749053955078125,-0.3531105064111266,1540
115_13.png,SRF,709,68.71086120605469,126.35317993164062,-57.64231872558594,-0.4561999844940308,991
115_13.png,SRF,951,58.2912712097168,95.38805389404297,-37.09678268432617,-0.3889038634285722,1590
115_14.png,SRF,994,55.291751861572266,128.20973205566406,-72.9179801940918,-0.568739822047467,1068
115_14.png,SRF,1083,51.12372970581055,80.7283706665039,-29.60464096069336,-0.3667191684444217,1329
115_14.png,SRF,874,48.702518463134766,89.03592681884766,-40.33340835571289,-0.4530014994708279,1364
115_14.png,IRF,64,50.390625,79.49519348144531,-29.104568481445312,-0.3661173362417,624
115_14.png,IRF,72,34.94444274902344,70.82344055175781,-35.878997802734375,-0.5065977806671788,640
115_15.png,SRF,854,53.20726013183594,65.74798583984375,-12.540725708007812,-0.190739313878845,992
115_15.png,SRF,898,58.6191520690918,96.34089660644531,-37.721744537353516,-0.39154446207250565,1499
115_15.png,IRF,132,49.727272033691406,79.75416564941406,-30.026893615722656,-0.3764931069270519,720
115_16.png,SRF,855,54.528656005859375,73.52701568603516,-18.99835968017578,-0.25838611159332153,1055
115_16.png,SRF,904,59.95022201538086,103.16695404052734,-43.216732025146484,-0.41890092062008094,1761
115_16.png,IRF,66,43.07575607299805,83.16006469726562,-40.08430862426758,-0.4820139182213213,656
115_3.png,SRF,75,61.266666412353516,115.2564697265625,-53.989803314208984,-0.46843186714199925,811
115_4.png,SRF,231,89.42424011230469,120.7597885131836,-31.335548400878906,-0.2594866121139152,1303
115_5.png,SRF,116,55.318965911865234,112.72798156738281,-57.40901565551758,-0.5092703236347891,897
115_6.png,SRF,308,71.11688232421875,118.06666564941406,-46.94978332519531,-0.3976548593707856,1485
115_6.png,SRF,240,70.82917022705078,110.64833068847656,-39.81916046142578,-0.3598713167533827,1200
115_7.png,SRF,635,67.75747680664062,125.078125,-57.320648193359375,-0.45827876132104933,1984
115_7.png,SRF,512,67.80859375,110.3379898071289,-42.529396057128906,-0.3854465368770122,1719
115_8.png,SRF,874,70.18421173095703,126.4732666015625,-56.28905487060547,-0.4450668222869326,2263
115_8.png,SRF,614,65.13517761230469,103.75174713134766,-38.61656951904297,-0.3722016311701735,2006
115_9.png,SRF,807,85.28996276855469,123.46086883544922,-38.17090606689453,-0.3091741247809407,1495
115_9.png,SRF,457,84.36105346679688,108.32572174072266,-23.96466827392578,-0.2212278661875446,1621
115_9.png,SRF,824,60.09223175048828,107.00623321533203,-46.91400146484375,-0.43842307177038203,1926
116_10.png,SRF,748,94.41310119628906,119.70185089111328,-25.28874969482422,-0.21126448343583354,1459
116_11.png,SRF,517,92.58800506591797,112.86627197265625,-20.27826690673828,-0.1796663126398915,1361
116_12.png,SRF,504,86.93650817871094,103.74653625488281,-16.810028076171875,-0.16202977644355537,1227
116_13.png,SRF,826,103.77603149414062,115.78199768066406,-12.005966186523438,-0.10369458488388536,1500
116_13.png,PED,401,153.6359100341797,125.54757690429688,28.088333129882812,0.2237266048654539,1072
116_13.png,PED,352,141.31817626953125,117.94332122802734,23.374855041503906,0.19818718684639894,741
116_14.png,SRF,587,110.844970703125,119.83113098144531,-8.986160278320312,-0.07499019832927832,1966
116_14.png,PED,133,168.3157958984375,143.48263549804688,24.833160400390625,0.1730743257829876,864
116_5.png,SRF,189,75.01587677001953,130.7371368408203,-55.72126007080078,-0.4262083553095131,1088
116_6.png,SRF,186,70.69892120361328,124.84172821044922,-54.14280700683594,-0.4336915852011107,1112
116_7.png,SRF,448,96.81696319580078,128.8560333251953,-32.03907012939453,-0.2486423747698115,1424
116_9.png,SRF,1,99.0,101.5467300415039,-2.5467300415039062,-0.025079389956358156,214
117_10.png,SRF,691,69.2981185913086,119.12789154052734,-49.82977294921875,-0.4182880457702607,1986
117_10.png,PED,255,154.69020080566406,107.86844635009766,46.821754455566406,0.43406349159421276,1049
117_11.png,SRF,781,64.92829895019531,117.11836242675781,-52.1900634765625,-0.44561811141442953,1977
117_11.png,SRF,75,62.7599983215332,99.40812683105469,-36.648128509521484,-0.36866330427697747,566
117_12.png,SRF,784,65.78443908691406,117.97229766845703,-52.18785858154297,-0.4423738421049398,1877
117_13.png,SRF,831,65.8796615600586,116.33826446533203,-50.45860290527344,-0.4337231876130466,2096
117_13.png,SRF,120,60.266666412353516,93.79350280761719,-33.52683639526367,-0.35745371898554235,523
117_13.png,PED,102,96.52941131591797,85.24060821533203,11.288803100585938,0.1324345677129442,719
117_14.png,SRF,688,70.7630844116211,121.54601287841797,-50.782928466796875,-0.4178082626008872,1630
117_14.png,SRF,229,71.13536834716797,96.42936706542969,-25.29399871826172,-0.2623059705566575,1076
117_14.png,SRF,26,70.23076629638672,99.94366455078125,-29.71289825439453,-0.29729646584348973,355
117_14.png,SRF,35,55.11428451538086,90.82637023925781,-35.71208572387695,-0.3931907179578244,455
117_14.png,PED,568,138.63027954101562,108.5546646118164,30.07561492919922,0.27705502141936905,1866
117_14.png,PED,122,104.60655975341797,85.12348937988281,19.483070373535156,0.22888007194568294,745
117_15.png,SRF,569,71.07908630371094,125.19003295898438,-54.11094665527344,-0.43223046896234657,1605
117_15.png,PED,569,117.40773010253906,115.14579772949219,2.261932373046875,0.01964407227748554,1845
117_15.png,PED,69,97.4202880859375,102.81587982177734,-5.395591735839844,-0.05247819446949875,592
117_16.png,SRF,538,70.05947875976562,127.61127471923828,-57.551795959472656,-0.45099303400968477,1366
117_16.png,SRF,610,54.84918212890625,89.58104705810547,-34.73186492919922,-0.38771443368674724,2005
117_16.png,PED,968,107.20867919921875,109.28466796875,-2.07598876953125,-0.01899615754082613,2322
117_17.png,SRF,367,73.27247619628906,128.0559539794922,-54.783477783203125,-0.4278089075965695,1269
117_17.png,SRF,545,55.76513671875,98.18404388427734,-42.418907165527344,-0.43203463095819866,1592
117_17.png,PED,1417,91.08892059326172,102.36385345458984,-11.274932861328125,-0.11014564693317115,2545
117_18.png,SRF,396,85.10606384277344,128.1979217529297,-43.09185791015625,-0.3361353859792308,1152
117_18.png,SRF,476,67.4516830444336,102.78724670410156,-35.33556365966797,-0.34377381234259635,1725
117_18.png,PED,1831,87.1015853881836,103.83646392822266,-16.734878540039062,-0.16116572066251322,2501
117_19.png,SRF,282,72.53546142578125,130.70130920410156,-58.16584777832031,-0.44502880753466084,1145
117_19.png,PED,2003,100.50424194335938,103.6387939453125,-3.134552001953125,-0.030244967956759,3444
117_20.png,SRF,326,71.41410827636719,123.8646011352539,-52.45049285888672,-0.4234502220825256,1130
117_20.png,PED,730,133.86300659179688,101.28777313232422,32.575233459472656,0.32161071817538894,1112
117_20.png,PED,898,119.90868377685547,103.49772644042969,16.41095733642578,0.15856345739025926,2423
117_21.png,SRF,339,69.26844024658203,125.15373229980469,-55.885292053222656,-0.4465331638640222,1392
117_21.png,PED,1235,110.99190521240234,113.40901947021484,-2.4171142578125,-0.021313245358296377,3237
117_22.png,SRF,850,81.36353302001953,110.96595764160156,-29.60242462158203,-0.26677032533880435,2409
117_22.png,SRF,242,61.43801498413086,96.96035766601562,-35.522342681884766,-0.36635944355984223,1009
117_22.png,PED,1427,113.21163177490234,117.61111450195312,-4.399482727050781,-0.03740703202823336,2646
117_23.png,SRF,534,68.60674285888672,115.64927673339844,-47.04253387451172,-0.4067689414345146,1859
117_23.png,SRF,378,60.034393310546875,97.1750717163086,-37.14067840576172,-0.38220376635470504,1388
117_23.png,PED,1510,110.03311157226562,111.25597381591797,-1.2228622436523438,-0.01099142995840986,2930
117_24.png,SRF,599,68.05008697509766,114.33584594726562,-46.28575897216797,-0.40482281465356057,2123
117_24.png,SRF,207,69.07246398925781,107.3106460571289,-38.238182067871094,-0.35633167325741616,573
117_24.png,PED,1033,123.41142272949219,121.47481536865234,1.9366073608398438,0.01594245980092761,2978
117_25.png,SRF,186,90.61289978027344,121.21759033203125,-30.604690551757812,-0.2524773052155835,1103
117_25.png,SRF,218,66.40367126464844,116.38613891601562,-49.98246765136719,-0.429453783043998,1010
117_25.png,SRF,137,69.37226104736328,116.87869262695312,-47.506431579589844,-0.4064592999103627,643
117_25.png,SRF,295,69.65423583984375,117.37059020996094,-47.71635437011719,-0.40654438462615505,1360
117_25.png,PED,66,153.98484802246094,119.35304260253906,34.631805419921875,0.29016273623832306,575
117_25.png,PED,742,129.7210235595703,130.32977294921875,-0.6087493896484375,-0.004670839025290319,2341
117_5.png,SRF,223,60.479820251464844,106.50176239013672,-46.021942138671875,-0.43212376120204027,1136
117_6.png,SRF,274,65.48905181884766,110.65166473388672,-45.16261291503906,-0.40815122866568276,1200
117_6.png,SRF,194,68.75772857666016,112.56158447265625,-43.803855895996094,-0.3891545779247363,1088
117_7.png,SRF,563,68.60568237304688,115.00370025634766,-46.39801788330078,-0.403448043670576,2161
117_7.png,PED,90,134.2111053466797,120.83906555175781,13.372039794921875,0.11065990732272223,640
117_8.png,SRF,563,68.60568237304688,115.00370025634766,-46.39801788330078,-0.403448043670576,2161
117_8.png,PED,90,134.2111053466797,120.83906555175781,13.372039794921875,0.11065990732272223,640
117_9.png,SRF,743,68.96635437011719,120.808837890625,-51.84248352050781,-0.4291282361928166,2082
117_9.png,PED,209,159.9665069580078,119.78984832763672,40.176658630371094,0.33539284998912494,985
117_9.png,PED,53,140.2452850341797,121.98832702636719,18.2569580078125,0.14966151641596287,514
118_1.png,SRF,493,60.290061950683594,105.07386016845703,-44.78379821777344,-0.4262125532075717,1909
118_1.png,SRF,73,56.4383544921875,107.97618865966797,-51.53783416748047,-0.47730740274527994,672
118_14.png,SRF,631,68.44690704345703,85.11949157714844,-16.672584533691406,-0.19587269877640345,1816
118_2.png,SRF,371,68.8328857421875,102.74283599853516,-33.909950256347656,-0.3300468585160636,1501
118_2.png,PED,204,127.27941131591797,103.31171417236328,23.967697143554688,0.23199399347461647,956
118_3.png,IRF,65,50.769229888916016,88.91963958740234,-38.15040969848633,-0.4290436834371883,560
118_3.png,PED,327,106.52293395996094,106.46471405029297,0.05821990966796875,0.0005468470017255312,992
118_4.png,PED,749,87.404541015625,102.26731872558594,-14.862777709960938,-0.14533262331676314,1328
118_5.png,PED,1095,83.90867614746094,101.21080017089844,-17.3021240234375,-0.17095136086486995,1556
118_6.png,PED,1849,100.113037109375,89.29435729980469,10.818679809570312,0.12115748560960835,1984
118_7.png,PED,1958,96.96475982666016,92.73670959472656,4.228050231933594,0.045591980246127047,2032
118_8.png,PED,1519,91.59249877929688,98.59254455566406,-7.0000457763671875,-0.07099974757640069,1664
119_10.png,SRF,797,57.51317596435547,149.8589324951172,-92.34575653076172,-0.6162178990149325,879
119_10.png,PED,1545,132.7637481689453,134.67669677734375,-1.9129486083984375,-0.0142040059948979,3155
119_11.png,SRF,917,58.897491455078125,126.55619812011719,-67.65870666503906,-0.5346139317556201,1735
119_11.png,PED,2116,130.522216796875,134.65733337402344,-4.1351165771484375,-0.030708439514859256,4176
119_12.png,SRF,129,65.4341049194336,123.57784271240234,-58.14373779296875,-0.47050293577534197,668
119_12.png,SRF,990,59.1393928527832,119.78728485107422,-60.647891998291016,-0.5062965745796111,1951
119_12.png,PED,2062,126.76139831542969,135.52310180664062,-8.761703491210938,-0.06465099584063397,4198
119_13.png,SRF,813,65.92005157470703,120.84221649169922,-54.92216491699219,-0.4544948488326085,1914
119_13.png,PED,2375,123.3625259399414,133.20138549804688,-9.838859558105469,-0.07386454368561907,4484
119_14.png,SRF,255,75.05882263183594,112.12213134765625,-37.06330871582031,-0.33056193518921245,958
119_14.png,PED,4088,121.22284698486328,127.08621215820312,-5.863365173339844,-0.04613691032069506,5927
119_15.png,PED,5016,114.7884750366211,124.44818115234375,-9.659706115722656,-0.07762030771584912,6185
119_15.png,PED,396,133.32322692871094,120.33956909179688,12.983657836914062,0.10789184251615468,1443
119_16.png,PED,6098,120.16743469238281,120.33133697509766,-0.16390228271484375,-0.0013620914288417075,8188
119_17.png,PED,6956,111.15483093261719,125.78881072998047,-14.633979797363281,-0.11633769102704,8400
119_18.png,PED,7876,106.9994888305664,125.90972137451172,-18.910232543945312,-0.15018882050971932,8662
119_19.png,PED,9762,110.60786437988281,116.24542236328125,-5.6375579833984375,-0.04849703213069651,8300
119_20.png,PED,13110,105.89420318603516,116.83474731445312,-10.940544128417969,-0.09364118449259111,9319
119_4.png,SRF,267,82.50936126708984,128.33766174316406,-45.82830047607422,-0.3570915961347977,1232
119_5.png,SRF,645,79.54883575439453,120.60106658935547,-41.05223083496094,-0.3403969135260061,2251
119_5.png,PED,436,147.95413208007812,131.26438903808594,16.689743041992188,0.12714600787232333,1615
119_6.png,SRF,742,64.04851531982422,119.44475555419922,-55.396240234375,-0.4637812683976604,1801
119_6.png,PED,896,131.62277221679688,126.5694351196289,5.053337097167969,0.03992541400213832,2081
119_7.png,SRF,882,61.984127044677734,131.1424102783203,-69.15828323364258,-0.5273525405463393,1271
119_7.png,PED,57,146.92982482910156,144.3205108642578,2.60931396484375,0.0180799939607889,624
119_7.png,PED,1424,139.5484619140625,123.49148559570312,16.056976318359375,0.13002496682992432,2702
119_8.png,SRF,1003,61.73080825805664,127.64356994628906,-65.91276168823242,-0.5163813713136334,1501
119_8.png,PED,1780,133.08932495117188,130.88414001464844,2.2051849365234375,0.016848373960944657,3418
119_9.png,SRF,825,58.62060546875,136.65875244140625,-78.03814697265625,-0.5710439000686462,1052
119_9.png,PED,1921,125.24882507324219,133.37307739257812,-8.124252319335938,-0.06091373520176443,3179
11_1.png,SRF,166,43.70481872558594,89.78427124023438,-46.07945251464844,-0.513224107943744,992
11_10.png,SRF,90,48.70000076293945,97.30948638916016,-48.6094856262207,-0.4995349110344866,643
11_11.png,SRF,180,58.2944450378418,91.80612182617188,-33.51167678833008,-0.36502660303832424,980
11_12.png,SRF,140,43.96428680419922,93.51406860351562,-49.549781799316406,-0.5298644635963748,782
11_13.png,SRF,1179,57.71162033081055,86.99254608154297,-29.280925750732422,-0.3365912031507363,3622
11_2.png,SRF,179,41.22904968261719,90.64436340332031,-49.415313720703125,-0.5451559464412659,1136
11_3.png,SRF,259,42.7490348815918,92.53207397460938,-49.78303909301758,-0.538008465115328,1216
11_4.png,SRF,350,39.2599983215332,88.73750305175781,-49.47750473022461,-0.5575715230725607,1360
11_5.png,SRF,414,39.855072021484375,86.874755859375,-47.019683837890625,-0.5412352918033155,1541
11_6.png,SRF,612,45.70098114013672,89.82489013671875,-44.12390899658203,-0.49122140789065094,1816
11_7.png,SRF,709,54.631874084472656,91.14037322998047,-36.50849914550781,-0.4005743870873068,1838
11_8.png,SRF,249,46.24899673461914,97.51958465576172,-51.27058792114258,-0.5257465780040458,970
11_9.png,SRF,99,42.34343338012695,97.82857513427734,-55.48514175415039,-0.5671670233159658,560
120_12.png,PED,589,141.44651794433594,151.24774169921875,-9.801223754882812,-0.06480244693090476,1110
120_13.png,PED,782,136.0984649658203,140.60719299316406,-4.50872802734375,-0.03206612642898683,1586
120_14.png,SRF,1372,48.604957580566406,109.31421661376953,-60.709259033203125,-0.5553647175435735,1203
120_14.png,PED,773,133.35446166992188,134.9957275390625,-1.641265869140625,-0.012157909728407565,1639
120_15.png,SRF,1336,44.43413162231445,121.7964859008789,-77.36235427856445,-0.6351772278678378,968
120_16.png,SRF,1950,43.581539154052734,107.8072509765625,-64.22571182250977,-0.5957457521709051,1048
120_16.png,PED,795,139.09182739257812,131.36155700683594,7.7302703857421875,0.058847280451615774,1358
120_17.png,SRF,1692,40.67021179199219,96.52031707763672,-55.85010528564453,-0.5786357419518333,1009
120_17.png,PED,1001,116.6043930053711,106.4441909790039,10.160202026367188,0.09545097701359095,1335
120_18.png,PED,666,65.52552795410156,78.13204956054688,-12.606521606445312,-0.16134891734378656,1348
120_19.png,SRF,1638,52.090354919433594,86.12210083007812,-34.03174591064453,-0.3951569409319257,1769
120_19.png,PED,799,105.1939926147461,101.04549407958984,4.14849853515625,0.04105574991685061,1055
120_2.png,SRF,150,85.22000122070312,112.9889144897461,-27.76891326904297,-0.24576670547235885,992
120_20.png,SRF,265,72.95094299316406,105.76907348632812,-32.81813049316406,-0.31028096788052306,485
120_20.png,PED,900,111.25444793701172,104.44444274902344,6.810005187988281,0.06520217839021364,1386
120_21.png,PED,983,114.9420166015625,101.5072021484375,13.434814453125,0.13235331256080535,1319
120_3.png,SRF,451,79.07538604736328,121.29412078857422,-42.21873474121094,-0.3480690940890838,1904
120_4.png,SRF,1745,80.10601806640625,116.4748306274414,-36.368812561035156,-0.31224610815159826,3616
120_6.png,SRF,132,73.53030395507812,119.0439682006836,-45.51366424560547,-0.38232650451368366,1160
120_7.png,SRF,124,69.26612854003906,118.54503631591797,-49.278907775878906,-0.4156977745112204,1088
120_9.png,PED,415,139.53253173828125,144.19322204589844,-4.6606903076171875,-0.03232253389922609,885
121_10.png,SRF,6254,65.17444610595703,132.68775939941406,-67.51331329345703,-0.5088134248331815,5310
121_11.png,SRF,6561,57.47721481323242,130.22113037109375,-72.74391555786133,-0.5586183697727207,5472
121_12.png,SRF,7088,53.984622955322266,124.65607452392578,-70.67145156860352,-0.5669314699544725,5757
121_12.png,PED,625,96.80000305175781,89.62720489501953,7.172798156738281,0.08002925188997904,963
121_13.png,SRF,7338,57.60329818725586,127.91727447509766,-70.3139762878418,-0.5496831962404749,6153
121_13.png,PED,1678,62.846839904785156,111.6894302368164,-48.84259033203125,-0.437307185008194,1977
121_14.png,SRF,7099,53.108184814453125,132.03587341308594,-78.92768859863281,-0.5977745786684846,5017
121_14.png,SRF,38,75.5,126.74353790283203,-51.24353790283203,-0.4043088803637303,464
121_14.png,PED,2621,52.921024322509766,117.71865844726562,-64.79763412475586,-0.5504448910601817,2712
121_15.png,SRF,6961,58.18991470336914,133.78115844726562,-75.59124374389648,-0.5650365464109307,4693
121_15.png,PED,3924,47.56855392456055,109.53231048583984,-61.9637565612793,-0.5657121290186777,3327
121_16.png,SRF,6926,56.20040512084961,130.13812255859375,-73.93771743774414,-0.5681480259902645,4670
121_16.png,PED,4293,46.00465774536133,108.49773406982422,-62.49307632446289,-0.5759850826400226,3536
121_17.png,SRF,6951,55.35074234008789,126.40715789794922,-71.05641555786133,-0.5621233539261001,4637
121_17.png,PED,5135,43.892112731933594,108.62593841552734,-64.73382568359375,-0.5959334080591978,3871
121_18.png,SRF,9334,70.68994903564453,134.12709045410156,-63.43714141845703,-0.4729629279490357,4674
121_18.png,PED,6174,45.63508224487305,110.60269927978516,-64.96761703491211,-0.5873963064008713,4148
121_19.png,SRF,9242,66.94784545898438,127.7158203125,-60.767974853515625,-0.47580616641561085,4740
121_19.png,PED,5950,45.435462951660156,110.39246368408203,-64.95700073242188,-0.5884187974852517,4194
121_20.png,SRF,9606,72.22319030761719,133.98892211914062,-61.76573181152344,-0.46097640636740417,4516
121_20.png,PED,6539,45.480655670166016,112.67051696777344,-67.18986129760742,-0.5963393361976442,4240
121_21.png,SRF,9064,72.24735260009766,141.7928466796875,-69.54549407958984,-0.49047251471503583,4504
121_21.png,PED,7424,50.993804931640625,113.60641479492188,-62.61260986328125,-0.5511362186396537,4769
121_22.png,SRF,9788,72.76982116699219,136.4695587158203,-63.699737548828125,-0.46676883949976233,4681
121_22.png,PED,7197,50.55801010131836,113.04051971435547,-62.48250961303711,-0.5527443590221056,4615
121_23.png,SRF,9356,67.35453033447266,131.33993530273438,-63.98540496826172,-0.4871740253318794,6866
121_23.png,PED,6897,52.84225082397461,119.79601287841797,-66.95376205444336,-0.5588980838819345,4265
121_24.png,SRF,7556,66.86672973632812,134.40078735351562,-67.5340576171875,-0.5024826040605852,4551
121_24.png,SRF,2641,63.77167892456055,127.21227264404297,-63.44059371948242,-0.49869868999980627,2558
121_24.png,PED,6439,48.579593658447266,116.27464294433594,-67.69504928588867,-0.5821995885921255,3510
121_24.png,PED,338,104.68343353271484,120.69808959960938,-16.01465606689453,-0.13268359192775792,891
121_25.png,SRF,7976,71.9212646484375,133.16908264160156,-61.24781799316406,-0.4599252077000526,4152
121_25.png,SRF,2516,59.99602508544922,126.24617004394531,-66.2501449584961,-0.5247695429923532,2023
121_25.png,PED,7103,46.4103889465332,114.93441772460938,-68.52402877807617,-0.5962011217759363,3690
121_25.png,PED,667,91.76911163330078,121.2966537475586,-29.527542114257812,-0.2434324542514606,1136
121_26.png,SRF,8383,72.0724105834961,134.43307495117188,-62.36066436767578,-0.46387888092514523,4318
121_26.png,SRF,1728,65.39351654052734,123.56150817871094,-58.167991638183594,-0.47076142478006483,1642
121_26.png,PED,9670,50.86701202392578,114.60668182373047,-63.73966979980469,-0.5561601538890968,5540
121_27.png,SRF,8762,75.38085174560547,138.83558654785156,-63.454734802246094,-0.4570494955943847,4154
121_27.png,SRF,1583,77.24636840820312,126.3894271850586,-49.14305877685547,-0.3888225452980376,1343
121_27.png,PED,11541,50.26271438598633,117.06344604492188,-66.80073165893555,-0.5706369828998666,5753
121_28.png,SRF,8705,77.76553344726562,141.04026794433594,-63.27473449707031,-0.4486288591144964,4123
121_28.png,SRF,1023,78.3538589477539,125.37580108642578,-47.021942138671875,-0.3750479895738258,1405
121_28.png,PED,12698,47.796897888183594,116.33373260498047,-68.53683471679688,-0.5891398236960093,5816
121_3.png,SRF,434,95.04838562011719,132.40765380859375,-37.35926818847656,-0.28215338852301153,1543
121_3.png,SRF,47,100.9148941040039,148.070068359375,-47.155174255371094,-0.31846526970543865,528
121_3.png,PED,68,172.4264678955078,135.7425537109375,36.68391418457031,0.27024623584648605,571
121_4.png,SRF,1467,83.88139343261719,133.8769989013672,-49.99560546875,-0.3734443248581025,3057
121_5.png,SRF,1542,73.60181427001953,131.6757354736328,-58.07392120361328,-0.44103737863869535,3272
121_5.png,PED,154,145.2467498779297,123.71359252929688,21.533157348632812,0.17405651964664676,618
121_6.png,SRF,2228,57.32854461669922,121.37299346923828,-64.04444885253906,-0.5276663862523172,3740
121_7.png,SRF,3876,66.2458724975586,129.7350311279297,-63.489158630371094,-0.48937559946908576,4144
121_8.png,SRF,5097,72.2713394165039,133.37979125976562,-61.10845184326172,-0.458153752274579,4671
121_9.png,SRF,5921,67.77250671386719,133.0992431640625,-65.32673645019531,-0.49081223076281083,5401
122_13.png,PED,231,118.69264221191406,108.64336395263672,10.049278259277344,0.09249785623039383,987
122_14.png,PED,292,112.08904266357422,111.40035247802734,0.688690185546875,0.006182118550142941,1134
122_18.png,PED,1350,93.98148345947266,107.83412170410156,-13.852638244628906,-0.12846247575179173,1483
122_19.png,PED,1982,103.94904327392578,112.63925170898438,-8.690208435058594,-0.07715080048215059,1702
122_20.png,PED,2152,99.10873413085938,109.08106231689453,-9.972328186035156,-0.09142126024647852,1764
122_20.png,PED,364,90.70604705810547,82.70187377929688,8.004173278808594,0.09678345741196874,909
122_21.png,PED,3407,97.08776092529297,106.47525024414062,-9.387489318847656,-0.08816592867659641,3293
122_21.png,PED,112,100.28571319580078,101.19387817382812,-0.9081649780273438,-0.008974505122407923,784
122_22.png,IRF,388,47.44072341918945,69.23076629638672,-21.790042877197266,-0.31474507712237365,1040
122_22.png,IRF,378,43.661376953125,66.5047378540039,-22.843360900878906,-0.3434847145932119,1056
122_22.png,PED,3352,91.37679290771484,104.53923034667969,-13.162437438964844,-0.12590907160225617,4321
122_23.png,IRF,114,38.75438690185547,68.5595932006836,-29.805206298828125,-0.43473429329698743,688
122_23.png,IRF,42,35.33333206176758,68.11286926269531,-32.779537200927734,-0.48125321331721865,505
122_23.png,IRF,89,35.52809143066406,66.04674530029297,-30.518653869628906,-0.46207657517218387,599
122_23.png,IRF,641,42.90171432495117,79.52655029296875,-36.62483596801758,-0.46053595727583974,1337
122_23.png,IRF,1145,48.66550064086914,69.70159149169922,-21.036090850830078,-0.30180215975893854,2634
122_23.png,IRF,52,33.86538314819336,75.7344741821289,-41.86909103393555,-0.5528405852960343,467
122_23.png,PED,3413,98.76472473144531,103.21292877197266,-4.448204040527344,-0.04309735314608423,4518
122_24.png,IRF,291,38.54295349121094,65.42887878417969,-26.88592529296875,-0.41091832524982236,921
122_24.png,IRF,891,47.76655578613281,73.27333068847656,-25.50677490234375,-0.3481044830729267,1361
122_24.png,IRF,4289,44.13896179199219,70.35394287109375,-26.214981079101562,-0.3726156631638123,5597
122_24.png,PED,2857,97.23521423339844,105.53629302978516,-8.301078796386719,-0.07865615285581362,3720
122_25.png,IRF,7654,42.92552947998047,72.5296401977539,-29.604110717773438,-0.40816569111686035,8081
122_25.png,IRF,165,37.47272872924805,67.8613052368164,-30.38857650756836,-0.4478041853383306,721
122_25.png,PED,3179,109.74771881103516,100.53925323486328,9.208465576171875,0.0915907496812272,4866
122_26.png,IRF,824,49.2063102722168,78.64952087402344,-29.44321060180664,-0.37435969443433975,1575
122_26.png,IRF,1450,44.37724304199219,67.69285583496094,-23.31561279296875,-0.3444323999243517,1820
122_26.png,IRF,6196,40.997901916503906,73.81891632080078,-32.821014404296875,-0.44461522926811825,5920
122_26.png,PED,2024,109.85919189453125,111.54035186767578,-1.6811599731445312,-0.015072213284201847,2193
122_26.png,PED,748,105.77005004882812,107.97068786621094,-2.2006378173828125,-0.020381807885763176,2627
122_27.png,IRF,9198,42.876930236816406,69.91556549072266,-27.03863525390625,-0.3867326977065515,8077
122_27.png,IRF,234,46.21367645263672,68.87891387939453,-22.665237426757812,-0.32905915831431587,702
122_27.png,IRF,114,42.51754379272461,65.21794891357422,-22.70040512084961,-0.3480699025191949,468
122_27.png,PED,1571,121.9376220703125,115.94180297851562,5.995819091796875,0.05171404047345994,2526
122_27.png,PED,948,104.19831085205078,110.29360961914062,-6.095298767089844,-0.05526429670891876,4036
122_30.png,IRF,651,38.56221008300781,74.11254119873047,-35.550331115722656,-0.479680369080795,1395
122_30.png,IRF,2142,37.74276351928711,71.1606674194336,-33.417903900146484,-0.46961200775669276,2471
122_30.png,IRF,875,43.201141357421875,66.90373229980469,-23.702590942382812,-0.35427905331451903,1340
122_30.png,IRF,6922,41.36058807373047,73.84324645996094,-32.48265838623047,-0.43988665102695773,5767
122_30.png,PED,3106,123.5035400390625,105.87873077392578,17.62480926513672,0.1664622265143085,6061
123_10.png,SRF,9700,37.792266845703125,74.26873016357422,-36.476463317871094,-0.49114160478485347,7353
123_10.png,PED,608,63.14802551269531,72.8064193725586,-9.658393859863281,-0.13265854773656977,904
123_11.png,SRF,11252,37.149749755859375,76.80038452148438,-39.650634765625,-0.5162817219298298,7324
123_11.png,PED,778,50.72365188598633,71.94425201416016,-21.220600128173828,-0.2949589374283461,879
123_12.png,SRF,12584,38.049190521240234,78.20318603515625,-40.153995513916016,-0.5134572841554663,7658
123_12.png,PED,512,51.111328125,70.06732940673828,-18.95600128173828,-0.2705397999643941,802
123_13.png,SRF,13633,37.944400787353516,79.86178588867188,-41.91738510131836,-0.5248741264032288,7879
123_14.png,SRF,13804,38.071502685546875,81.18695068359375,-43.115447998046875,-0.531063768684684,7922
123_15.png,SRF,13417,37.80755615234375,82.79657745361328,-44.98902130126953,-0.5433681280663394,7718
123_16.png,SRF,13023,38.890655517578125,81.39057922363281,-42.49992370605469,-0.5221725181397195,7576
123_16.png,PED,351,89.79772186279297,78.1649169921875,11.632804870605469,0.14882386265142653,667
123_17.png,SRF,11591,39.25010681152344,81.83847045898438,-42.58836364746094,-0.5203954009478376,7138
123_17.png,PED,933,72.7502670288086,70.86582946777344,1.8844375610351562,0.026591624979033272,1036
123_18.png,SRF,10394,40.003849029541016,80.94684600830078,-40.942996978759766,-0.5058010163183038,6942
123_18.png,PED,1455,58.19587707519531,72.70838928222656,-14.51251220703125,-0.19959886816773162,1598
123_19.png,SRF,10072,45.67494201660156,78.70071411132812,-33.02577209472656,-0.4196375149532837,6442
123_19.png,PED,1859,57.10382080078125,73.86774444580078,-16.76392364501953,-0.226945113469923,1671
123_20.png,SRF,10493,46.43829345703125,77.2364501953125,-30.79815673828125,-0.3987515824510329,6551
123_20.png,PED,1186,55.116355895996094,66.70809936523438,-11.591743469238281,-0.17376815678366397,1062
123_21.png,SRF,8942,38.93245315551758,74.51166534423828,-35.5792121887207,-0.4774985503860023,5830
123_21.png,PED,752,80.5398941040039,81.21588134765625,-0.6759872436523438,-0.008323338150560518,1385
123_22.png,SRF,8305,40.56736755371094,78.95980834960938,-38.39244079589844,-0.4862276340123408,5648
123_22.png,PED,694,81.19020080566406,83.10543060302734,-1.9152297973632812,-0.023045783933324734,1271
123_23.png,SRF,7267,40.325443267822266,78.07884216308594,-37.75339889526367,-0.4835291847233961,5162
123_23.png,PED,786,82.94783782958984,89.41368865966797,-6.465850830078125,-0.07231388087218787,1344
123_24.png,SRF,6119,40.500572204589844,79.58180236816406,-39.08123016357422,-0.4910824962568112,5012
123_24.png,PED,652,84.59662628173828,92.36742401123047,-7.7707977294921875,-0.08412920261311366,1369
123_25.png,SRF,4819,42.22286605834961,79.40879821777344,-37.18593215942383,-0.4682847870011059,4616
123_25.png,PED,447,81.66219329833984,100.35498046875,-18.692787170410156,-0.18626666143621032,1155
123_26.png,SRF,3922,52.316673278808594,81.62092590332031,-29.30425262451172,-0.35902867187787724,4205
123_26.png,PED,634,91.18296813964844,96.44853210449219,-5.26556396484375,-0.05459454747469921,1467
123_27.png,SRF,1104,47.49818801879883,79.21906280517578,-31.720874786376953,-0.40041971797101933,2077
123_27.png,PED,1170,73.18888854980469,85.58383178710938,-12.394943237304688,-0.14482809402758726,2165
123_28.png,SRF,792,78.6868667602539,93.07976531982422,-14.392898559570312,-0.15462972548454523,2031
123_28.png,PED,574,87.3832778930664,95.32528686523438,-7.942008972167969,-0.0833148184845847,1408
123_4.png,SRF,927,42.993526458740234,80.9508285522461,-37.95730209350586,-0.4688933118085137,2603
123_5.png,SRF,1551,42.05609130859375,78.63459014892578,-36.57849884033203,-0.4651705918611153,4042
123_6.png,SRF,3008,40.553524017333984,77.01419830322266,-36.46067428588867,-0.47342795340587185,5283
123_7.png,SRF,5117,39.26265335083008,76.42743682861328,-37.1647834777832,-0.48627541390828466,5774
123_8.png,SRF,8283,38.75262451171875,75.64147186279297,-36.88884735107422,-0.48768018975076755,6747
123_9.png,SRF,9468,38.39702224731445,77.87506866455078,-39.47804641723633,-0.5069407590160749,7068
123_9.png,PED,353,51.59490203857422,71.87999725341797,-20.28509521484375,-0.2822077906225737,675
124_1.png,SRF,1013,53.531097412109375,105.97441864013672,-52.443321228027344,-0.494867741677471,2150
124_1.png,PED,2181,85.82026672363281,88.02323150634766,-2.2029647827148438,-0.02502708370296517,2195
124_10.png,SRF,955,52.89633560180664,103.663818359375,-50.76748275756836,-0.4897319388870179,1871
124_10.png,IRF,5313,41.41802978515625,73.26680755615234,-31.848777770996094,-0.4346958579652444,3242
124_10.png,IRF,237,47.535865783691406,70.40238189697266,-22.86651611328125,-0.3247974783970274,671
124_10.png,IRF,1035,48.522705078125,71.14250946044922,-22.61980438232422,-0.3179506114399776,1642
124_10.png,IRF,648,46.296295166015625,77.0389175415039,-30.74262237548828,-0.3990531455601776,848
124_10.png,IRF,330,45.3606071472168,78.0,-32.6393928527832,-0.4184537545228616,899
124_10.png,PED,3281,75.53885650634766,76.5042953491211,-0.9654388427734375,-0.012619407032869675,3375
124_11.png,SRF,903,50.60354232788086,104.21183013916016,-53.6082878112793,-0.5144165277559468,1860
124_11.png,IRF,5636,43.15081787109375,72.67320251464844,-29.522384643554688,-0.40623481038425385,3213
124_11.png,IRF,289,41.64013671875,71.90679168701172,-30.26665496826172,-0.4209151077133745,869
124_11.png,IRF,181,44.05524826049805,75.34757232666016,-31.29232406616211,-0.41530633436334324,679
124_11.png,PED,3771,70.74595642089844,68.1917953491211,2.5541610717773438,0.03745554811544148,3389
124_12.png,SRF,1175,50.85191345214844,99.83736419677734,-48.985450744628906,-0.4906524840547634,2232
124_12.png,IRF,3546,42.254371643066406,71.34581756591797,-29.091445922851562,-0.40775264641088926,2990
124_12.png,IRF,132,43.79545593261719,76.3285903930664,-32.53313446044922,-0.4262247513404163,633
124_12.png,IRF,214,44.52336502075195,70.85569763183594,-26.332332611083984,-0.37163324180231755,790
124_12.png,IRF,252,39.10714340209961,73.5645523071289,-34.4574089050293,-0.46839690889670704,852
124_12.png,IRF,657,40.96499252319336,71.55260467529297,-30.58761215209961,-0.42748425848236765,903
124_12.png,PED,4203,66.78253936767578,69.08387756347656,-2.3013381958007812,-0.03331223256375897,3517
124_13.png,SRF,1019,51.079490661621094,102.95606994628906,-51.87657928466797,-0.5038710132557639,1935
124_13.png,IRF,2832,40.60487365722656,68.39828491210938,-27.793411254882812,-0.4063466107461155,2217
124_13.png,IRF,145,45.075862884521484,71.0397720336914,-25.963909149169922,-0.3654841281987257,704
124_13.png,PED,3191,77.05703735351562,67.98794555664062,9.069091796875,0.1333926436903371,3568
124_14.png,SRF,1035,54.76521682739258,102.781982421875,-48.01676559448242,-0.4671710397391893,2165
124_14.png,IRF,905,36.10165786743164,63.01593780517578,-26.91427993774414,-0.42710274376863355,1255
124_14.png,PED,81,108.55555725097656,100.30098724365234,8.254570007324219,0.08229799361069218,505
124_14.png,PED,3417,71.82176971435547,63.2468147277832,8.574954986572266,0.1355792386301067,2905
124_15.png,SRF,1036,55.21525192260742,107.3017807006836,-52.08652877807617,-0.4854209169498372,2303
124_15.png,PED,3096,71.09334564208984,68.6151351928711,2.47821044921875,0.03611754815104159,3131
124_16.png,SRF,844,63.53080749511719,114.87934112548828,-51.348533630371094,-0.44697796076564017,2072
124_16.png,PED,4523,60.01613998413086,72.56974792480469,-12.553607940673828,-0.17298679270157621,3484
124_17.png,SRF,779,62.56610870361328,114.49689483642578,-51.9307861328125,-0.45355628383636615,2095
124_17.png,PED,3775,60.33086013793945,71.7406234741211,-11.40976333618164,-0.15904187590866797,3092
124_18.png,SRF,394,54.73096466064453,113.82846069335938,-59.097496032714844,-0.519180314595632,1504
124_18.png,PED,4108,75.51631164550781,80.83580017089844,-5.319488525390625,-0.06580609722603681,3173
124_19.png,SRF,436,71.09862518310547,117.2761001586914,-46.17747497558594,-0.39375008985719323,1753
124_19.png,IRF,305,44.209835052490234,69.9160385131836,-25.70620346069336,-0.36767248270003333,929
124_19.png,PED,3953,82.15760040283203,85.32209777832031,-3.1644973754882812,-0.037088836982303496,3353
124_2.png,SRF,1030,54.63786315917969,100.29288482666016,-45.65502166748047,-0.4552169552843924,2052
124_2.png,PED,1538,78.76918029785156,86.65119171142578,-7.882011413574219,-0.09096252755326965,1723
124_20.png,SRF,361,69.45152282714844,118.87053680419922,-49.41901397705078,-0.4157381240605705,1344
124_20.png,IRF,143,43.79021072387695,74.23802185058594,-30.447811126708984,-0.41013769450901216,647
124_20.png,IRF,144,45.95138931274414,78.08018493652344,-32.1287956237793,-0.4114846250671528,661
124_20.png,PED,3343,87.43224334716797,87.8926010131836,-0.460357666015625,-0.00523772946424208,3054
124_21.png,SRF,338,69.05621337890625,115.90441131591797,-46.84819793701172,-0.4041968498448145,1360
124_21.png,IRF,78,42.47435760498047,80.20526123046875,-37.73090362548828,-0.4704292841471962,570
124_21.png,IRF,105,52.07619094848633,93.8739013671875,-41.79771041870117,-0.445253790563253,682
124_21.png,IRF,67,47.791046142578125,68.75566864013672,-20.964622497558594,-0.3049148224750201,573
124_21.png,IRF,100,46.5,69.02140045166016,-22.521400451660156,-0.3262959068388253,701
124_21.png,PED,2013,98.78837585449219,98.38903045654297,0.39934539794921875,0.0040588406664460825,3555
124_22.png,SRF,163,71.84662628173828,108.48124694824219,-36.634620666503906,-0.3377046420196733,960
124_22.png,SRF,78,66.70513153076172,102.83418273925781,-36.129051208496094,-0.35133309028286297,784
124_22.png,SRF,156,77.0897445678711,115.46390533447266,-38.37416076660156,-0.33234767744465554,748
124_22.png,PED,383,121.26631927490234,106.40247344970703,14.863845825195312,0.13969455167055836,1292
124_23.png,IRF,159,41.38364791870117,78.6647720336914,-37.281124114990234,-0.47392400881837005,704
124_24.png,SRF,88,68.76136016845703,98.80823516845703,-30.046875,-0.30409282129949416,704
124_24.png,PED,52,161.6923065185547,109.68055725097656,52.011749267578125,0.4742112054423851,576
124_25.png,SRF,453,65.53862762451172,105.05660247802734,-39.517974853515625,-0.37615888884071647,2279
124_25.png,SRF,244,72.70082092285156,108.2652587890625,-35.56443786621094,-0.3284935376684643,1229
124_26.png,SRF,1277,61.12842559814453,111.1529312133789,-50.024505615234375,-0.45005115986732686,3786
124_3.png,SRF,757,54.820343017578125,101.89353942871094,-47.07319641113281,-0.4619841127814313,1888
124_3.png,IRF,878,42.14806365966797,63.47964859008789,-21.331584930419922,-0.3360381697788852,1253
124_3.png,IRF,1208,43.315399169921875,62.68999481201172,-19.374595642089844,-0.3090540316710566,2129
124_3.png,PED,1112,82.41996765136719,91.45746612548828,-9.037498474121094,-0.09881641004268359,1340
124_4.png,SRF,626,59.920127868652344,97.37606811523438,-37.45594024658203,-0.3846524199586376,1872
124_4.png,IRF,1608,42.27674102783203,67.80561065673828,-25.52886962890625,-0.37650084383347826,2140
124_4.png,IRF,974,41.833675384521484,65.78533935546875,-23.951663970947266,-0.36408817231336754,1323
124_4.png,IRF,615,41.38211441040039,68.15336608886719,-26.771251678466797,-0.3928089427535974,1115
124_4.png,PED,1204,100.11461639404297,86.58853912353516,13.526077270507812,0.15621094208796235,2112
124_5.png,SRF,468,58.77777862548828,99.41715240478516,-40.639373779296875,-0.4087762805137518,1376
124_5.png,IRF,5330,43.33058166503906,71.26585388183594,-27.935272216796875,-0.3919867748040404,4495
124_5.png,PED,1045,96.79234313964844,92.39545440673828,4.396888732910156,0.047587716962291346,1980
124_6.png,SRF,264,42.28409194946289,102.69999694824219,-60.4159049987793,-0.5882756260375271,1200
124_6.png,IRF,5157,41.522396087646484,72.20811462402344,-30.685718536376953,-0.42496219013822445,3796
124_6.png,PED,1857,92.16532135009766,86.12194061279297,6.0433807373046875,0.07017237064450188,2165
124_7.png,SRF,384,60.52864456176758,101.10814666748047,-40.57950210571289,-0.4013475020877276,1424
124_7.png,IRF,7011,42.009700775146484,70.3590316772461,-28.34933090209961,-0.40292383545221105,4916
124_7.png,PED,2063,88.56519317626953,85.23880004882812,3.3263931274414062,0.03902440115928331,2634
124_8.png,SRF,507,63.47140121459961,101.70034790039062,-38.228946685791016,-0.3758978948944596,1732
124_8.png,IRF,6967,43.361846923828125,67.90724182128906,-24.545394897460938,-0.36145474678616535,4776
124_8.png,PED,2767,84.93928527832031,83.60419464111328,1.3350906372070312,0.015969182442796784,3052
124_9.png,SRF,654,53.3577995300293,100.98773956298828,-47.629940032958984,-0.47164081738111524,1631
124_9.png,IRF,6343,41.890113830566406,67.76747131347656,-25.877357482910156,-0.381855143498088,4550
124_9.png,IRF,132,37.83333206176758,63.89285659790039,-26.059524536132812,-0.40786288051157765,672
124_9.png,PED,3223,72.62271118164062,70.82599639892578,1.7967147827148438,0.025368012792857716,2977
125_10.png,PED,1718,130.6449432373047,109.44110870361328,21.203834533691406,0.19374652527612182,2496
125_11.png,PED,1585,121.10914611816406,110.16645812988281,10.94268798828125,0.09932867202992188,1580
125_12.png,PED,1199,117.65304565429688,111.12416076660156,6.5288848876953125,0.05875306362410408,1345
125_13.png,PED,310,130.97096252441406,114.89859008789062,16.072372436523438,0.13988311278866888,779
125_15.png,PED,130,150.04615783691406,120.08295440673828,29.96320343017578,0.24952087145263008,880
125_16.png,PED,274,129.9853973388672,124.90214538574219,5.083251953125,0.040697875424205984,1584
125_3.png,PED,125,89.66400146484375,92.3908920288086,-2.7268905639648438,-0.02951471193842967,944
125_4.png,PED,384,113.42447662353516,90.7293701171875,22.695106506347656,0.25014068186557775,1648
125_5.png,PED,226,157.6327362060547,95.09111785888672,62.54161834716797,0.6577019994651704,1328
125_6.png,PED,342,111.63450622558594,110.44331359863281,1.191192626953125,0.010785556754319177,1376
126_10.png,SRF,3390,55.890560150146484,98.89114379882812,-43.00058364868164,-0.4348274476039704,3748
126_10.png,PED,7205,75.76585388183594,94.38530731201172,-18.61945343017578,-0.1972706765537672,5432
126_11.png,SRF,80,50.76250076293945,99.1219482421875,-48.35944747924805,-0.4878782987708234,533
126_11.png,SRF,3227,49.799503326416016,97.60723876953125,-47.807735443115234,-0.48979702782083756,3618
126_11.png,PED,7438,67.82710266113281,94.31369018554688,-26.486587524414062,-0.28083502482307715,5209
126_12.png,SRF,105,49.36190414428711,94.97203826904297,-45.61013412475586,-0.4802480283254373,608
126_12.png,SRF,3265,48.451148986816406,93.54800415039062,-45.09685516357422,-0.48207180445106174,3458
126_12.png,PED,6896,70.10078430175781,92.20535278320312,-22.104568481445312,-0.23973194412496257,5454
126_13.png,SRF,3479,49.74101638793945,96.41529083251953,-46.67427444458008,-0.48409618476032745,3689
126_13.png,PED,8320,68.46358489990234,95.18065643310547,-26.717071533203125,-0.28069854248147913,5574
126_13.png,PED,21,127.47618865966797,117.31591796875,10.160270690917969,0.08660607074331046,402
126_14.png,SRF,3479,51.02299499511719,95.03137969970703,-44.008384704589844,-0.4630931892565747,3633
126_14.png,PED,9325,63.57233428955078,100.18334197998047,-36.61100769042969,-0.3654400718409416,5907
126_15.png,SRF,3776,48.86466979980469,93.90387725830078,-45.039207458496094,-0.4796309670431077,3433
126_15.png,PED,10023,62.28833770751953,91.5519790649414,-29.263641357421875,-0.3196396370270055,5473
126_16.png,SRF,501,54.06187438964844,87.78507995605469,-33.72320556640625,-0.3841564601101705,898
126_16.png,SRF,3145,51.138633728027344,94.02080535888672,-42.882171630859375,-0.4560923666541026,2932
126_16.png,PED,10785,63.663330078125,89.73896026611328,-26.07563018798828,-0.29057201142807104,5210
126_17.png,SRF,1784,54.04540252685547,87.57002258300781,-33.524620056152344,-0.38283215040140345,1628
126_17.png,SRF,3502,62.203025817871094,96.79345703125,-34.590431213378906,-0.35736332056216674,4067
126_17.png,PED,11504,60.163333892822266,80.18272399902344,-20.019390106201172,-0.2496721127414553,5927
126_18.png,SRF,1773,47.736602783203125,84.24617004394531,-36.50956726074219,-0.43336767999895676,1568
126_18.png,SRF,343,49.081634521484375,86.69947052001953,-37.617835998535156,-0.43388772472202036,752
126_18.png,SRF,1234,50.92139434814453,84.39738464355469,-33.475990295410156,-0.39664724726711864,1837
126_18.png,PED,13749,65.8470458984375,74.73706817626953,-8.890022277832031,-0.11895064249596542,6146
126_19.png,SRF,1728,49.436920166015625,86.2220687866211,-36.78514862060547,-0.4266326375401624,1459
126_19.png,SRF,813,56.644527435302734,92.03977966308594,-35.3952522277832,-0.3845647214427117,1659
126_19.png,PED,18868,58.91763687133789,82.45843505859375,-23.54079818725586,-0.28548684158907595,6352
126_20.png,SRF,1535,52.3289909362793,87.05909729003906,-34.730106353759766,-0.39892564286596893,1506
126_20.png,SRF,754,51.37533187866211,98.31039428710938,-46.935062408447266,-0.47741709052021847,2107
126_20.png,PED,16792,58.27828598022461,78.2091064453125,-19.93082046508789,-0.2548401506034909,6413
126_21.png,SRF,1441,50.44621658325195,99.22172546386719,-48.775508880615234,-0.49158093807164677,2237
126_21.png,SRF,1473,69.43584442138672,102.15177917480469,-32.71593475341797,-0.32026788977834286,1970
126_21.png,PED,19993,57.541587829589844,88.59922790527344,-31.057640075683594,-0.3505407531190804,6702
126_3.png,SRF,47,59.38298034667969,111.35845947265625,-51.97547912597656,-0.4667402851306415,544
126_4.png,SRF,921,69.44625091552734,103.6124267578125,-34.166175842285156,-0.3297497888177683,2704
126_4.png,PED,1652,102.1912841796875,107.46915435791016,-5.277870178222656,-0.04911055837143269,3242
126_5.png,SRF,731,62.68262481689453,98.56684112548828,-35.88421630859375,-0.3640597172319697,2274
126_5.png,PED,2900,84.22586059570312,106.6059799194336,-22.38011932373047,-0.20993305760750025,3378
126_6.png,PED,2758,74.74764251708984,101.38484954833984,-26.63720703125,-0.26273360516799404,2918
126_7.png,SRF,1582,57.40960693359375,97.93195343017578,-40.52234649658203,-0.41378064132534575,2954
126_7.png,IRF,56,33.64285659790039,90.4748764038086,-56.8320198059082,-0.6281525000626121,398
126_7.png,PED,4973,72.94188690185547,90.71184539794922,-17.76995849609375,-0.19589457604062244,3741
126_8.png,SRF,2163,59.1021728515625,98.02165985107422,-38.91948699951172,-0.3970498669237256,3417
126_8.png,PED,5172,79.71809387207031,96.88375091552734,-17.16565704345703,-0.17717787432098617,4129
126_9.png,SRF,2967,52.219749450683594,100.05438232421875,-47.834632873535156,-0.4780863342750006,3126
126_9.png,PED,6324,76.7729263305664,96.84481048583984,-20.071884155273438,-0.2072582315415677,5432
127_10.png,SRF,1547,61.59857940673828,93.15472412109375,-31.55614471435547,-0.3387498058964244,1047
127_10.png,SRF,260,65.32307434082031,110.54691314697266,-45.223838806152344,-0.4090918282451454,810
127_10.png,SRF,109,62.75229263305664,98.2632827758789,-35.510990142822266,-0.3613861570635344,414
127_10.png,PED,1202,63.38519287109375,80.84873962402344,-17.463546752929688,-0.21600270868960536,1190
127_11.png,SRF,1674,63.06332015991211,101.50288391113281,-38.4395637512207,-0.3787041537152292,1386
127_11.png,SRF,272,72.07353210449219,107.47323608398438,-35.39970397949219,-0.32938157693352865,822
127_11.png,PED,1950,63.2471809387207,90.70838165283203,-27.461200714111328,-0.30274160131324485,1646
127_12.png,SRF,839,61.99046325683594,87.0575942993164,-25.06713104248047,-0.28793732751557666,955
127_12.png,PED,3647,60.39128112792969,93.73342895507812,-33.34214782714844,-0.35571245177777194,2142
127_13.png,SRF,1015,65.14088439941406,91.11904907226562,-25.978164672851562,-0.2851013584683981,1050
127_13.png,PED,4265,59.43048095703125,94.86107635498047,-35.43059539794922,-0.3734998247897175,2361
127_14.png,SRF,621,58.291465759277344,100.57767486572266,-42.28620910644531,-0.4204333532555807,1281
127_14.png,PED,4724,58.360076904296875,95.39836883544922,-37.038291931152344,-0.3882486921242749,2573
127_15.png,SRF,620,58.82096862792969,108.1957015991211,-49.374732971191406,-0.4563465298661411,1303
127_15.png,PED,5890,58.01460266113281,94.61988067626953,-36.60527801513672,-0.38686666854270557,2907
127_16.png,SRF,612,56.45098114013672,109.6693115234375,-53.21833038330078,-0.4852618261575159,1134
127_16.png,PED,6872,58.729774475097656,96.13582611083984,-37.40605163574219,-0.38909585686209075,3107
127_17.png,SRF,866,57.790992736816406,111.85057830810547,-54.05958557128906,-0.48331967870899717,1633
127_17.png,PED,7774,59.89992141723633,102.02879333496094,-42.12887191772461,-0.4129115962335784,3404
127_18.png,SRF,954,59.10167694091797,115.2336654663086,-56.131988525390625,-0.4871144929586762,1592
127_18.png,PED,8589,61.73466110229492,105.92833709716797,-44.19367599487305,-0.4172035284036813,3335
127_18.png,PED,69,84.4637680053711,111.99264526367188,-27.52887725830078,-0.24580968860488722,408
127_19.png,SRF,1161,60.261844635009766,121.80467987060547,-61.5428352355957,-0.5052583800636673,1838
127_19.png,PED,8435,69.1448745727539,111.63097381591797,-42.48609924316406,-0.38059418269721995,3287
127_20.png,SRF,1347,58.158870697021484,121.48941040039062,-63.33053970336914,-0.5212844435959623,1841
127_20.png,PED,7281,74.16879272460938,112.624755859375,-38.455963134765625,-0.3414521331596255,3086
127_21.png,SRF,1504,54.633644104003906,113.37371826171875,-58.740074157714844,-0.5181101498507414,1857
127_21.png,PED,6303,73.6839599609375,92.60177612304688,-18.917816162109375,-0.20429215242018536,1911
127_22.png,SRF,1819,60.772953033447266,122.39168548583984,-61.61873245239258,-0.5034552159960375,2068
127_22.png,PED,4134,72.94242858886719,90.41879272460938,-17.476364135742188,-0.19328243177245638,1373
127_23.png,SRF,2029,57.162147521972656,117.9659194946289,-60.80377197265625,-0.5154350700027791,2230
127_23.png,PED,3088,69.84455871582031,98.47228240966797,-28.627723693847656,-0.2907185960689888,1461
127_24.png,SRF,3684,73.94380950927734,110.34877014160156,-36.40496063232422,-0.32990816830680314,2807
127_24.png,IRF,410,59.30487823486328,103.85121154785156,-44.54633331298828,-0.4289437999715839,1277
127_24.png,IRF,146,59.136985778808594,110.25145721435547,-51.114471435546875,-0.46361719588130246,688
127_24.png,PED,495,100.79393768310547,93.49627685546875,7.297660827636719,0.07805295647138773,806
127_24.png,PED,401,109.95262145996094,111.26350402832031,-1.310882568359375,-0.011781783971370443,907
127_25.png,SRF,3900,57.0943603515625,103.0739517211914,-45.979591369628906,-0.4460835216059323,3732
127_25.png,IRF,587,55.07154846191406,95.04560852050781,-39.97406005859375,-0.4205776645637302,1184
127_25.png,IRF,289,56.837371826171875,93.53734588623047,-36.699974060058594,-0.39235637607995416,897
127_26.png,SRF,6158,68.322509765625,101.92967224121094,-33.60716247558594,-0.32970931561573597,4152
127_26.png,IRF,814,53.957000732421875,94.6457290649414,-40.68872833251953,-0.42990559356989955,1592
127_27.png,SRF,4526,57.50132751464844,102.94841766357422,-45.44709014892578,-0.44145496531517964,3373
127_27.png,IRF,124,55.685482025146484,87.49165344238281,-31.806171417236328,-0.363533779118509,659
127_28.png,SRF,3923,59.182003021240234,106.89862060546875,-47.716617584228516,-0.4463726221532499,3413
127_29.png,SRF,2953,61.25838088989258,107.95500183105469,-46.69662094116211,-0.4325563443020498,2889
127_30.png,SRF,2030,65.35221862792969,107.15460205078125,-41.80238342285156,-0.39011281478177806,2846
127_31.png,SRF,1807,68.64859008789062,121.15475463867188,-52.50616455078125,-0.433380965587145,2953
127_5.png,SRF,315,64.990478515625,100.20449829101562,-35.214019775390625,-0.35142154669665093,978
127_6.png,SRF,323,67.02786254882812,99.48222351074219,-32.45436096191406,-0.32623276618269,1153
127_7.png,SRF,930,69.68386840820312,96.61976623535156,-26.935897827148438,-0.2787824777130649,2196
127_8.png,SRF,1114,61.696590423583984,90.1947250366211,-28.49813461303711,-0.3159623204291185,1176
127_9.png,SRF,1413,58.71620559692383,86.7997055053711,-28.083499908447266,-0.323543723390968,1368
127_9.png,SRF,249,63.54618453979492,103.38639068603516,-39.840206146240234,-0.3853525196292748,867
128_10.png,PED,718,164.57382202148438,125.91287994384766,38.66094207763672,0.3070451735746019,1584
128_11.png,SRF,251,101.64541625976562,142.09349060058594,-40.44807434082031,-0.28465817941313576,1091
128_12.png,SRF,71,99.5492935180664,144.98907470703125,-45.439781188964844,-0.31340141511201214,549
128_14.png,SRF,478,132.58995056152344,144.5845489501953,-11.994598388671875,-0.08295906081087284,1502
128_7.png,SRF,61,72.0655746459961,124.15122985839844,-52.085655212402344,-0.41953394478499334,529
128_7.png,PED,257,156.96498107910156,141.2211151123047,15.743865966796875,0.11148379584934394,900
128_7.png,PED,102,101.32353210449219,141.12063598632812,-39.79710388183594,-0.28200768515308783,688
128_8.png,PED,134,109.90298461914062,137.09190368652344,-27.188919067382812,-0.19832622012130952,729
128_9.png,PED,103,137.06796264648438,139.7530059814453,-2.6850433349609375,-0.019212776971090157,664
129_10.png,SRF,2192,56.3873176574707,99.66856384277344,-43.281246185302734,-0.4342517290966351,3159
129_11.png,SRF,1586,54.563682556152344,98.56230926513672,-43.998626708984375,-0.4464041786057004,2929
129_12.png,SRF,1292,67.76238250732422,104.13427734375,-36.37189483642578,-0.34927879430479164,2763
129_12.png,PED,146,108.33561706542969,94.05357360839844,14.28204345703125,0.15185008829644242,560
129_13.png,SRF,794,53.91687774658203,99.28968048095703,-45.372802734375,-0.45697400288318124,2016
129_13.png,PED,856,84.21729278564453,85.7549057006836,-1.5376129150390625,-0.017930320166241003,1224
129_14.png,SRF,64,62.859375,115.0395278930664,-52.180152893066406,-0.45358455348990856,506
129_14.png,SRF,315,52.68888854980469,105.01215362548828,-52.323265075683594,-0.4982591373403071,1152
129_14.png,PED,1450,76.58758544921875,91.98873901367188,-15.401153564453125,-0.16742433616971442,1953
129_15.png,SRF,144,65.70833587646484,109.81602478027344,-44.107688903808594,-0.40165075171917697,886
129_15.png,SRF,217,57.041473388671875,104.10883331298828,-47.067359924316406,-0.45209765998256013,928
129_15.png,PED,2146,66.76607513427734,91.0809555053711,-24.31488037109375,-0.2669589952826075,2384
129_15.png,PED,323,112.80805206298828,101.95976257324219,10.848289489746094,0.10639775158316292,1168
129_16.png,SRF,250,70.5,108.42289733886719,-37.92289733886719,-0.3497683447836869,1057
129_16.png,SRF,166,54.70481872558594,96.9117660522461,-42.206947326660156,-0.435519329034887,816
129_16.png,PED,2734,62.201171875,86.96781158447266,-24.766639709472656,-0.28477938283426374,2672
129_16.png,PED,393,89.1119613647461,109.32857513427734,-20.21661376953125,-0.18491610033974382,1120
129_17.png,SRF,400,59.98500061035156,111.4166030883789,-51.431602478027344,-0.46161524451818275,1265
129_17.png,SRF,204,62.34803771972656,100.26433563232422,-37.916297912597656,-0.3781633586207479,1029
129_17.png,PED,3585,58.50934600830078,89.34952545166016,-30.840179443359375,-0.34516332669326283,2615
129_17.png,PED,487,89.69404602050781,103.87213897705078,-14.178092956542969,-0.13649562910873952,1048
129_18.png,SRF,392,50.93367385864258,104.56513977050781,-53.631465911865234,-0.5129000547369017,1136
129_18.png,SRF,310,54.958065032958984,95.55673217773438,-40.59866714477539,-0.424864540880933,1040
129_18.png,PED,4488,56.59113311767578,85.53010559082031,-28.93897247314453,-0.33834837772315884,3056
129_18.png,PED,517,89.93036651611328,104.71083068847656,-14.780464172363281,-0.1411550655761331,1283
129_19.png,SRF,461,53.01518249511719,104.89044189453125,-51.87525939941406,-0.49456612502000263,1360
129_19.png,PED,5240,56.409732818603516,86.1798324584961,-29.770099639892578,-0.345441604962852,2925
129_20.png,SRF,548,62.65876007080078,101.188232421875,-38.52947235107422,-0.3807702875017794,1360
129_20.png,PED,6055,54.5091667175293,89.64302062988281,-35.133853912353516,-0.3919307232786567,3552
129_21.png,SRF,562,56.16904067993164,103.95854949951172,-47.78950881958008,-0.4596977261577177,1520
129_21.png,SRF,117,55.094017028808594,100.42732238769531,-45.33330535888672,-0.45140410279863347,688
129_21.png,PED,7238,54.432716369628906,90.36637878417969,-35.93366241455078,-0.3976441559130135,3914
129_22.png,SRF,503,64.65010070800781,100.79505920410156,-36.14495849609375,-0.35859851446590485,1376
129_22.png,PED,6699,54.356021881103516,84.53227996826172,-30.176258087158203,-0.35697911021077516,3408
129_22.png,PED,144,110.35416412353516,92.29354095458984,18.060623168945312,0.19568675101361077,511
129_22.png,PED,455,99.33846282958984,86.07354736328125,13.264915466308594,0.15411140672897805,843
129_23.png,SRF,455,57.21538543701172,100.56686401367188,-43.351478576660156,-0.4310711982703031,1376
129_23.png,PED,6361,55.1125602722168,87.4768295288086,-32.3642692565918,-0.3699753343933587,3647
129_23.png,PED,369,98.73170471191406,86.21974182128906,12.511962890625,0.14511714633243766,628
129_24.png,SRF,1657,73.39952087402344,99.00247192382812,-25.602951049804688,-0.25860920997511494,2426
129_24.png,PED,3893,57.00179672241211,85.19805145263672,-28.19625473022461,-0.33094952583392667,2565
129_24.png,PED,610,64.18360900878906,74.77066802978516,-10.587059020996094,-0.14159374658494026,750
129_25.png,SRF,1957,74.30557250976562,101.08384704589844,-26.778274536132812,-0.2649115097882433,2588
129_25.png,PED,2662,61.35574722290039,72.3718032836914,-11.016056060791016,-0.15221475161547376,2270
129_25.png,PED,951,60.17560577392578,67.71784973144531,-7.542243957519531,-0.11137748743397018,1042
129_26.png,SRF,1296,53.779319763183594,90.94336700439453,-37.16404724121094,-0.40865044329637706,2790
129_26.png,PED,3475,72.08316802978516,75.86845397949219,-3.7852859497070312,-0.049892751877219255,3611
129_27.png,SRF,1636,48.27322769165039,92.37073516845703,-44.09750747680664,-0.4773969525779541,2549
129_27.png,PED,5819,63.471900939941406,83.77320098876953,-20.301300048828125,-0.2423364489981668,4537
129_28.png,SRF,1639,48.46552658081055,95.20173645019531,-46.736209869384766,-0.49091761990953564,2538
129_28.png,PED,7660,59.676109313964844,79.09908294677734,-19.4229736328125,-0.24555245028417655,4269
129_29.png,SRF,1689,46.37300109863281,93.47108459472656,-47.09808349609375,-0.5038786454688354,2611
129_29.png,PED,7331,57.050880432128906,75.66462707519531,-18.613746643066406,-0.24600328267749358,4577
129_3.png,SRF,724,64.59392547607422,104.22892761230469,-39.63500213623047,-0.38026873195567046,3381
129_30.png,SRF,2478,46.20903778076172,92.74826049804688,-46.539222717285156,-0.5017800060871782,3019
129_30.png,IRF,1551,44.866539001464844,68.17887878417969,-23.312339782714844,-0.3419290577733037,2102
129_30.png,PED,6913,55.231014251708984,75.84961700439453,-20.618602752685547,-0.27183529155448416,4349
129_31.png,SRF,3170,44.993690490722656,94.02367401123047,-49.02998352050781,-0.5214642379817186,3253
129_31.png,IRF,1086,47.06998062133789,66.44479370117188,-19.374813079833984,-0.2915926440673451,1576
129_31.png,PED,6679,53.82107925415039,77.33589935302734,-23.514820098876953,-0.3040608604231155,3635
129_31.png,PED,110,101.70909118652344,104.44251251220703,-2.7334213256835938,-0.026171539346720684,461
129_32.png,SRF,4194,42.62779998779297,91.54820251464844,-48.92040252685547,-0.5343677012012095,3734
129_32.png,PED,5699,48.25284957885742,71.63236236572266,-23.379512786865234,-0.3263819873411398,2682
129_32.png,PED,376,75.10638427734375,85.39529418945312,-10.288909912109375,-0.12048567792603404,850
129_33.png,SRF,4702,40.99000549316406,86.57903289794922,-45.589027404785156,-0.5265596747716157,3815
129_33.png,PED,6166,50.91518020629883,73.38524627685547,-22.47006607055664,-0.3061932365231203,3294
129_34.png,SRF,4545,40.43718338012695,86.70692443847656,-46.26974105834961,-0.5336337479157226,3784
129_34.png,PED,7240,51.08232116699219,81.58091735839844,-30.49859619140625,-0.3738447320642508,3417
129_35.png,SRF,4587,39.61325454711914,86.25959014892578,-46.64633560180664,-0.5407669514922631,3702
129_35.png,PED,7354,51.25782012939453,82.32451629638672,-31.066696166992188,-0.3773687057588667,3439
129_4.png,SRF,1461,53.9130744934082,100.2063980102539,-46.2933235168457,-0.4619797182222697,3968
129_5.png,SRF,2088,48.943965911865234,101.47625732421875,-52.532291412353516,-0.5176806161121192,4464
129_6.png,SRF,2807,47.39864730834961,102.93374633789062,-55.535099029541016,-0.5395227610509903,5207
129_7.png,SRF,2863,48.51903533935547,105.59004211425781,-57.071006774902344,-0.5404961077025279,4681
129_8.png,SRF,5296,67.13652038574219,101.41039276123047,-34.27387237548828,-0.33797199125523253,6640
129_9.png,SRF,5604,65.39364624023438,94.46987915039062,-29.07623291015625,-0.30778310686593086,6640
12_1.png,SRF,2378,62.69428253173828,131.92408752441406,-69.22980499267578,-0.5247700119954517,3675
12_1.png,PED,924,130.06602478027344,146.02871704101562,-15.962692260742188,-0.10931200783102606,2821
12_10.png,SRF,2056,70.39396667480469,136.39166259765625,-65.99769592285156,-0.4838836528999513,2423
12_10.png,SRF,805,65.36894226074219,122.75387573242188,-57.38493347167969,-0.46747960607587663,1678
12_10.png,PED,1822,116.66519927978516,137.7001953125,-21.034996032714844,-0.15275937688379845,3092
12_10.png,PED,1645,82.59513854980469,120.76180267333984,-38.166664123535156,-0.31604914201865486,1906
12_11.png,SRF,2156,64.986083984375,135.73643493652344,-70.75035095214844,-0.521233307661532,2341
12_11.png,SRF,830,62.381927490234375,118.26565551757812,-55.88372802734375,-0.47252710673080917,1453
12_11.png,PED,4222,94.74159240722656,131.97592163085938,-37.23432922363281,-0.2821297155080936,4692
12_12.png,SRF,2464,68.4147720336914,133.9612274169922,-65.54645538330078,-0.4892942282416457,2450
12_12.png,SRF,825,59.979393005371094,111.65581512451172,-51.676422119140625,-0.4628189052358289,1444
12_12.png,PED,4383,88.44490051269531,128.93283081054688,-40.48793029785156,-0.3140234340882834,4868
12_13.png,SRF,2805,64.22352600097656,135.69387817382812,-71.47035217285156,-0.5267028486082165,2878
12_13.png,SRF,857,54.4947509765625,113.16622924804688,-58.671478271484375,-0.5184539474482577,1528
12_13.png,PED,3980,84.71532440185547,120.46630096435547,-35.7509765625,-0.2967715973372361,3116
12_13.png,PED,557,98.57809448242188,145.74365234375,-47.165557861328125,-0.32361998003236364,1104
12_14.png,SRF,3108,63.36454391479492,137.11582946777344,-73.75128555297852,-0.5378757933292626,3134
12_14.png,SRF,921,57.36156463623047,112.03557586669922,-54.67401123046875,-0.48800580358082246,1574
12_14.png,PED,4406,78.32569122314453,121.66813659667969,-43.342445373535156,-0.3562349731484091,3408
12_14.png,PED,540,100.95370483398438,144.7268829345703,-43.77317810058594,-0.30245367835618614,930
12_15.png,SRF,3339,60.61845016479492,130.57167053222656,-69.95322036743164,-0.5357457715160839,2874
12_15.png,SRF,934,56.3790168762207,110.79974365234375,-54.42072677612305,-0.49116293036632747,1558
12_15.png,PED,5090,81.55107879638672,116.26092529296875,-34.70984649658203,-0.2985512665507851,3706
12_15.png,PED,392,112.22193908691406,150.38784790039062,-38.16590881347656,-0.2537831968893906,954
12_16.png,SRF,3912,64.36784362792969,135.4942626953125,-71.12641906738281,-0.5249404487873085,2960
12_16.png,SRF,782,55.56393814086914,111.54402923583984,-55.9800910949707,-0.5018654201258127,1533
12_16.png,PED,5843,82.6287841796875,115.5398941040039,-32.911109924316406,-0.2848462877652569,3697
12_16.png,PED,288,116.75694274902344,148.47779846191406,-31.720855712890625,-0.21364039635210055,1216
12_17.png,SRF,4070,64.99705505371094,135.14663696289062,-70.14958190917969,-0.519062726869347,3021
12_17.png,SRF,862,58.31554412841797,115.78916931152344,-57.47362518310547,-0.49636443136124686,1551
12_17.png,PED,6970,84.20817565917969,117.99732208251953,-33.789146423339844,-0.2863551971095577,4487
12_18.png,SRF,3719,59.43479537963867,137.08094787597656,-77.64615249633789,-0.5664255587624616,2940
12_18.png,SRF,934,60.90792465209961,116.52769470214844,-55.61977005004883,-0.4773094515618471,1751
12_18.png,PED,7163,81.10749816894531,115.9547119140625,-34.84721374511719,-0.3005243441158605,3798
12_19.png,SRF,3857,63.1420783996582,132.41876220703125,-69.27668380737305,-0.5231636563636037,2665
12_19.png,SRF,1120,65.65267944335938,104.89700317382812,-39.24432373046875,-0.37412244909833836,1767
12_19.png,PED,7877,77.77389526367188,106.09393310546875,-28.320037841796875,-0.2669336220539936,3247
12_19.png,PED,75,131.2133331298828,139.31851196289062,-8.105178833007812,-0.0581773284742428,540
12_19.png,PED,363,133.36363220214844,142.91819763183594,-9.5545654296875,-0.06685338597888363,1308
12_2.png,SRF,2486,62.02936553955078,129.49876403808594,-67.46939849853516,-0.5210041887248609,3645
12_2.png,PED,1085,117.38064575195312,148.81072998046875,-31.430084228515625,-0.2112084540721008,2964
12_20.png,SRF,3697,63.156070709228516,132.72650146484375,-69.57043075561523,-0.5241638255193736,2702
12_20.png,SRF,1016,59.41929244995117,106.6875,-47.26820755004883,-0.4430529120098308,1696
12_20.png,PED,7984,76.16082000732422,112.52198028564453,-36.36116027832031,-0.32314717698724366,3594
12_20.png,PED,421,149.05462646484375,143.1402587890625,5.91436767578125,0.04131868787869743,1540
12_21.png,SRF,3237,67.16002655029297,121.49810791015625,-54.33808135986328,-0.44723397174254315,2110
12_21.png,SRF,1083,57.503231048583984,105.41436767578125,-47.911136627197266,-0.45450290774930824,1810
12_21.png,PED,8080,72.30953216552734,110.67007446289062,-38.36054229736328,-0.3466207326916199,3525
12_21.png,PED,917,114.55615997314453,118.34796142578125,-3.7918014526367188,-0.03203943191716611,2210
12_21.png,PED,123,150.51219177246094,115.09846496582031,35.413726806640625,0.30768200789782124,650
12_3.png,SRF,2667,63.034122467041016,128.02188110351562,-64.98775863647461,-0.5076300869530808,3793
12_3.png,PED,522,112.36015319824219,161.9395751953125,-49.57942199707031,-0.3061600102215498,1622
12_3.png,PED,603,104.13764190673828,143.36865234375,-39.23101043701172,-0.27363729654756674,1340
12_4.png,SRF,2866,63.76448059082031,126.519775390625,-62.75529479980469,-0.4960117468281152,3742
12_4.png,PED,1562,117.01408386230469,148.2051544189453,-31.191070556640625,-0.21045874334754863,2910
12_5.png,SRF,2929,63.90133285522461,125.99312591552734,-62.091793060302734,-0.49281889475408724,4075
12_5.png,PED,1538,114.20806121826172,140.89813232421875,-26.69007110595703,-0.18942813978925482,2955
12_6.png,SRF,1787,69.50196075439453,129.10134887695312,-59.599388122558594,-0.4616480667398986,2289
12_6.png,SRF,801,57.755306243896484,116.43569946289062,-58.68039321899414,-0.5039725229434143,1563
12_6.png,PED,1462,110.47947692871094,143.1760711669922,-32.69659423828125,-0.22836633224937328,3101
12_6.png,PED,235,101.87659454345703,115.44075012207031,-13.564155578613281,-0.11749885169898983,903
12_7.png,SRF,1798,66.99777221679688,132.75442504882812,-65.75665283203125,-0.4953255065346819,1918
12_7.png,SRF,871,60.99885177612305,118.9565200805664,-57.95766830444336,-0.4872172476564548,1633
12_7.png,PED,2076,103.6517333984375,135.00587463378906,-31.354141235351562,-0.23224279180740404,4089
12_8.png,SRF,1953,64.01689910888672,134.3185272216797,-70.30162811279297,-0.5233948701415327,1959
12_8.png,SRF,819,59.78754425048828,118.08509063720703,-58.29754638671875,-0.4936909991950328,1610
12_8.png,PED,1239,106.51815795898438,144.31459045410156,-37.79643249511719,-0.26190305759235155,2756
12_8.png,PED,1037,93.16586303710938,117.52680969238281,-24.360946655273438,-0.2072799110180588,1716
12_9.png,SRF,2312,75.79844665527344,132.92628479003906,-57.127838134765625,-0.4297708179010698,2659
12_9.png,SRF,779,59.90372085571289,120.00641632080078,-60.10269546508789,-0.5008290165454283,1558
12_9.png,PED,1282,111.45865631103516,148.16282653808594,-36.70417022705078,-0.24772860429748758,2389
12_9.png,PED,1261,77.69230651855469,120.66666412353516,-42.97435760498047,-0.3561410926300616,1722
130_10.png,PED,10629,36.88653564453125,69.15387725830078,-32.26734161376953,-0.4666020604057507,5056
130_10.png,PED,379,114.2110824584961,108.5711441040039,5.6399383544921875,0.05194693673937435,1504
130_11.png,PED,12508,38.20682907104492,77.09139251708984,-38.88456344604492,-0.5043956552921894,5296
130_12.png,PED,14234,37.74546813964844,77.61070251464844,-39.865234375,-0.513656404121271,5664
130_12.png,PED,233,103.25321960449219,110.4272689819336,-7.174049377441406,-0.064966284538062,880
130_13.png,PED,15317,37.636741638183594,78.07967376708984,-40.44293212890625,-0.5179700449254787,5824
130_14.png,SRF,517,41.46615219116211,87.63643646240234,-46.170284271240234,-0.5268389055395714,1268
130_14.png,PED,16185,36.869014739990234,75.3530044555664,-38.48398971557617,-0.510716062267552,5660
130_15.png,SRF,1012,39.51482391357422,88.873291015625,-49.35846710205078,-0.5553802108371678,1610
130_15.png,PED,16614,37.00114440917969,77.14405059814453,-40.142906188964844,-0.5203629557653842,5748
130_16.png,SRF,1496,36.60093688964844,82.30400085449219,-45.70306396484375,-0.5552957753006883,1898
130_16.png,PED,17258,36.92959976196289,73.52229309082031,-36.59269332885742,-0.4977088144361242,5876
130_17.png,SRF,2098,36.930885314941406,88.46367645263672,-51.53279113769531,-0.5825305165254563,2120
130_17.png,PED,17471,36.34909439086914,74.70323181152344,-38.3541374206543,-0.5134200554725925,5880
130_18.png,SRF,2510,37.0482063293457,90.21941375732422,-53.171207427978516,-0.5893543885244096,2215
130_18.png,PED,17643,36.949214935302734,75.93621826171875,-38.987003326416016,-0.5134177632081303,5942
130_19.png,SRF,2512,35.903263092041016,81.67558288574219,-45.77231979370117,-0.5604162000010836,2244
130_19.png,PED,17418,36.870018005371094,73.3314437866211,-36.46142578125,-0.4972140721427086,5995
130_20.png,SRF,2243,35.26482391357422,84.02820587158203,-48.76338195800781,-0.5803215890689316,2198
130_20.png,PED,17828,36.79206848144531,72.2611312866211,-35.46906280517578,-0.4908456617498702,5997
130_21.png,SRF,2355,37.0275993347168,84.28933715820312,-47.26173782348633,-0.5607083815925674,2288
130_21.png,PED,17355,36.675193786621094,73.49554443359375,-36.820350646972656,-0.5009875214985496,5834
130_22.png,SRF,1472,37.9436149597168,83.74197387695312,-45.79835891723633,-0.5468984882602658,1806
130_22.png,PED,17051,37.3490104675293,73.61903381347656,-36.270023345947266,-0.49267181959820483,5801
130_23.png,SRF,501,39.479042053222656,83.01238250732422,-43.53334045410156,-0.524419841223815,1292
130_23.png,PED,16205,37.54600524902344,75.30691528320312,-37.76091003417969,-0.5014268595675979,5754
130_24.png,PED,15294,38.08205795288086,73.84278869628906,-35.7607307434082,-0.4842819640857543,5782
130_25.png,PED,14212,37.9591178894043,77.06465911865234,-39.10554122924805,-0.5074380614470678,5552
130_26.png,PED,10903,39.458866119384766,78.48948669433594,-39.03062057495117,-0.4972719560130306,4995
130_27.png,PED,8532,40.33122253417969,77.96399688720703,-37.632774353027344,-0.48269426729714565,4416
130_28.png,PED,6707,42.097808837890625,81.70858764648438,-39.61077880859375,-0.4847810976732512,3984
130_29.png,PED,4244,48.1922721862793,83.42823028564453,-35.235958099365234,-0.4223505398439247,3344
130_30.png,PED,440,101.97954559326172,95.76078796386719,6.218757629394531,0.0649405436360968,1668
130_4.png,PED,427,92.01639556884766,73.30500030517578,18.711395263671875,0.2552540097643344,800
130_5.png,PED,1414,60.2708625793457,71.96031188964844,-11.689449310302734,-0.16244300508631165,1411
130_6.png,PED,4263,46.14543914794922,78.13773345947266,-31.992294311523438,-0.40943463414019726,3456
130_7.png,PED,5242,42.46527862548828,76.98900604248047,-34.52372741699219,-0.44842412172385915,3730
130_8.png,PED,7104,39.63175582885742,75.86226654052734,-36.23051071166992,-0.477582761020128,4240
130_9.png,PED,9096,38.787818908691406,72.67340087890625,-33.885581970214844,-0.46627213754145735,4752
131_10.png,PED,214,87.12149810791016,77.56047058105469,9.561027526855469,0.12327191229279227,678
131_11.png,PED,567,89.6843032836914,56.91069793701172,32.77360534667969,0.5758777617338877,1187
131_12.png,PED,410,75.92439270019531,75.55274963378906,0.37164306640625,0.004918987968110191,673
131_13.png,PED,415,75.6096420288086,71.4186019897461,4.1910400390625,0.058682751024225134,731
131_14.png,PED,408,57.240196228027344,63.4814338684082,-6.241237640380859,-0.09831595255580446,754
131_15.png,PED,353,74.17280578613281,75.84186553955078,-1.6690597534179688,-0.022007103089355978,664
132_1.png,IRF,179,40.15642547607422,91.43648529052734,-51.280059814453125,-0.5608271102232059,614
132_1.png,IRF,208,51.86057662963867,99.45968627929688,-47.5991096496582,-0.4785769132228425,707
132_10.png,IRF,42,56.095237731933594,99.64015197753906,-43.54491424560547,-0.43702175660492154,528
132_10.png,IRF,66,56.681819915771484,91.02252197265625,-34.340702056884766,-0.377276978407618,444
132_10.png,IRF,37,49.97297286987305,87.1043701171875,-37.13139724731445,-0.4262862724035434,412
132_10.png,IRF,166,50.801204681396484,92.5999984741211,-41.79879379272461,-0.4513908691305876,595
132_10.png,IRF,428,46.73130798339844,86.96239471435547,-40.23108673095703,-0.46262625199206725,1037
132_10.png,IRF,97,58.164947509765625,82.89784240722656,-24.732894897460938,-0.29835390378392845,509
132_10.png,PED,3238,93.07072448730469,107.23507690429688,-14.164352416992188,-0.13208693298773236,4322
132_11.png,IRF,658,44.09726333618164,88.00865936279297,-43.91139602661133,-0.4989440396495297,1270
132_11.png,PED,5188,98.23419189453125,99.73946380615234,-1.5052719116210938,-0.015092039341084188,4199
132_12.png,IRF,65,53.86153793334961,84.36396789550781,-30.502429962158203,-0.36155755499715403,544
132_12.png,IRF,58,44.879310607910156,87.29702758789062,-42.41771697998047,-0.4859010455685255,505
132_12.png,IRF,429,42.00932312011719,92.6480484008789,-50.63872528076172,-0.5465708793093297,949
132_12.png,IRF,125,42.31999969482422,93.05585479736328,-50.73585510253906,-0.5452193761802578,555
132_12.png,IRF,61,45.75409698486328,89.34558868408203,-43.59149169921875,-0.48789752623774574,544
132_12.png,PED,5211,96.36749267578125,101.1926498413086,-4.825157165527344,-0.04768288184066933,4189
132_13.png,IRF,418,57.58851623535156,100.85986328125,-43.27134704589844,-0.4290244467735923,1156
132_13.png,IRF,94,60.53191375732422,92.76789855957031,-32.235984802246094,-0.3474907301208937,461
132_13.png,IRF,238,43.96218490600586,93.84648132324219,-49.88429641723633,-0.5315521233600251,710
132_13.png,IRF,192,46.83854293823242,85.54661560058594,-38.708072662353516,-0.45247929904182427,783
132_13.png,IRF,113,47.76106262207031,84.60902404785156,-36.84796142578125,-0.4355086450937134,665
132_13.png,PED,5488,98.33782958984375,94.54689025878906,3.7909393310546875,0.04009586482091919,3924
132_14.png,IRF,225,57.22666549682617,101.45857238769531,-44.23190689086914,-0.4359602727490526,881
132_14.png,IRF,62,50.91935348510742,95.76964569091797,-44.85029220581055,-0.46831427517815066,560
132_14.png,IRF,154,47.88311767578125,96.25537872314453,-48.37226104736328,-0.5025408625370896,744
132_14.png,IRF,92,64.28260803222656,100.29135131835938,-36.00874328613281,-0.35904136112224305,532
132_14.png,IRF,53,48.28302001953125,96.64588165283203,-48.36286163330078,-0.5004130626799822,449
132_14.png,IRF,117,60.589744567871094,94.95800018310547,-34.368255615234375,-0.3619311226959583,619
132_14.png,IRF,296,35.989864349365234,82.8626480102539,-46.87278366088867,-0.5656684258399316,830
132_14.png,IRF,115,48.678260803222656,81.00798797607422,-32.32972717285156,-0.3990930768753345,626
132_14.png,PED,4034,96.8289566040039,108.0309066772461,-11.201950073242188,-0.10369208606856567,4142
132_15.png,IRF,138,45.18115997314453,91.73556518554688,-46.554405212402344,-0.5074848028487111,658
132_15.png,IRF,236,42.199153900146484,90.26171875,-48.062564849853516,-0.5324800537310123,768
132_15.png,IRF,246,49.11788558959961,94.41149139404297,-45.29360580444336,-0.4797467462451422,644
132_15.png,IRF,676,46.893489837646484,98.09430694580078,-51.2008171081543,-0.5219550318699315,1124
132_15.png,IRF,163,48.89570617675781,90.44485473632812,-41.54914855957031,-0.4593865364779193,544
132_15.png,IRF,144,48.98611068725586,85.1657485961914,-36.17963790893555,-0.4248144178298633,724
132_15.png,PED,6088,93.80322265625,96.32405853271484,-2.5208358764648438,-0.026170366104421194,3882
132_16.png,IRF,46,42.934783935546875,100.77849578857422,-57.843711853027344,-0.5739687956285748,465
132_16.png,IRF,47,41.27659606933594,100.87999725341797,-59.60340118408203,-0.5908346828594166,475
132_16.png,IRF,473,49.839324951171875,99.12676239013672,-49.287437438964844,-0.4972162537194802,1065
132_16.png,IRF,1250,42.299198150634766,97.5924301147461,-55.29323196411133,-0.5665729595942973,1796
132_16.png,IRF,458,39.45851516723633,89.22410583496094,-49.76559066772461,-0.5577594776884255,1062
132_16.png,PED,5749,97.9010238647461,103.82186126708984,-5.92083740234375,-0.05702881194849641,3458
132_17.png,IRF,109,56.61467742919922,102.02581787109375,-45.41114044189453,-0.445094598499274,736
132_17.png,IRF,1615,44.34674835205078,108.1808853149414,-63.834136962890625,-0.5900685391606254,1559
132_17.png,IRF,157,46.39490509033203,95.18338775634766,-48.788482666015625,-0.5125735048526048,638
132_17.png,IRF,609,46.15435028076172,96.01569366455078,-49.86134338378906,-0.5193040999942073,1147
132_17.png,PED,5477,100.3834228515625,106.60072326660156,-6.2173004150390625,-0.058323247952924234,3306
132_18.png,IRF,53,49.24528121948242,95.63970947265625,-46.39442825317383,-0.4850958718819422,544
132_18.png,IRF,160,46.650001525878906,108.59166717529297,-61.94166564941406,-0.5704090125941742,720
132_18.png,IRF,1520,47.11776351928711,100.96112823486328,-53.84336471557617,-0.5333078745942867,2161
132_18.png,IRF,382,40.277488708496094,91.73710632324219,-51.459617614746094,-0.5609465970446516,1008
132_18.png,PED,7359,88.35426330566406,103.39152526855469,-15.037261962890625,-0.14543998576123174,3729
132_19.png,IRF,263,50.85931396484375,95.41863250732422,-44.55931854248047,-0.46698760369532805,848
132_19.png,IRF,72,46.79166793823242,97.37162017822266,-50.579952239990234,-0.5194527126837573,592
132_19.png,IRF,567,41.91358184814453,98.66092681884766,-56.747344970703125,-0.5751754701726806,1103
132_19.png,IRF,982,39.15478515625,85.70135498046875,-46.54656982421875,-0.5431252497096068,1326
132_19.png,IRF,249,56.87148666381836,96.53147888183594,-39.65999221801758,-0.4108503534537715,826
132_19.png,IRF,92,52.434783935546875,94.16887664794922,-41.734092712402344,-0.4431835039131394,527
132_19.png,PED,4844,87.28137969970703,103.85880279541016,-16.577423095703125,-0.15961500276831356,3272
132_2.png,IRF,474,49.71519088745117,98.84990692138672,-49.13471603393555,-0.497063857359131,1086
132_20.png,IRF,111,38.702701568603516,110.65258026123047,-71.94987869262695,-0.6502322722413384,639
132_20.png,IRF,26,37.346153259277344,99.76856231689453,-62.42240905761719,-0.6256721316615259,458
132_20.png,IRF,43,53.88372039794922,87.03955841064453,-33.15583801269531,-0.3809283803609062,455
132_20.png,IRF,43,48.23255920410156,86.0253677368164,-37.792808532714844,-0.4393216736758057,473
132_20.png,IRF,1171,40.150299072265625,86.1124267578125,-45.962127685546875,-0.533745586044316,1521
132_20.png,IRF,428,56.233646392822266,100.02954864501953,-43.795902252197266,-0.43782964979296507,1083
132_20.png,IRF,75,60.413333892822266,104.69999694824219,-44.28666305541992,-0.42298628793000603,510
132_20.png,PED,5515,91.31695556640625,106.55872344970703,-15.241767883300781,-0.143036322037909,4104
132_21.png,IRF,32,48.34375,102.23958587646484,-53.895835876464844,-0.5271523296425192,480
132_21.png,IRF,23,48.5217399597168,103.61137390136719,-55.08963394165039,-0.5316948503558397,422
132_21.png,IRF,53,43.88679122924805,101.62830352783203,-57.741512298583984,-0.5681636935203866,530
132_21.png,IRF,25,51.79999923706055,105.0570068359375,-53.25700759887695,-0.5069343702324003,421
132_21.png,IRF,2141,43.18029022216797,87.76131439208984,-44.581024169921875,-0.5079803610363894,2497
132_21.png,PED,4698,88.76543426513672,102.04334259033203,-13.277908325195312,-0.13012028014900906,2884
132_21.png,PED,215,133.88372802734375,134.27056884765625,-0.3868408203125,-0.002881054453201957,802
132_22.png,IRF,104,55.144229888916016,106.4767074584961,-51.33247756958008,-0.48210053442523226,644
132_22.png,IRF,139,56.3453254699707,87.5494155883789,-31.204090118408203,-0.3564168864943304,688
132_22.png,IRF,1775,40.66478729248047,80.7819595336914,-40.11717224121094,-0.4966105362234922,1885
132_22.png,IRF,195,54.03076934814453,93.68994903564453,-39.6591796875,-0.42330239364749345,816
132_22.png,IRF,229,47.04366683959961,93.51951599121094,-46.47584915161133,-0.4969641754345604,820
132_22.png,PED,4385,85.35005950927734,94.49716186523438,-9.147102355957031,-0.09679764106568646,2643
132_23.png,IRF,2441,40.30561065673828,96.6947021484375,-56.38909149169922,-0.5831662980370472,2509
132_23.png,IRF,38,38.47368240356445,86.73958587646484,-48.26590347290039,-0.5564460907346392,480
132_23.png,IRF,76,49.644737243652344,91.55944061279297,-41.914703369140625,-0.45778680045020037,572
132_23.png,IRF,1065,42.850704193115234,91.68656921386719,-48.83586502075195,-0.5326392451967299,1340
132_23.png,PED,5044,90.60765075683594,98.5350570678711,-7.927406311035156,-0.080452648498237,3409
132_24.png,IRF,94,42.73404312133789,97.0301513671875,-54.29610824584961,-0.5595797541362058,597
132_24.png,IRF,1583,39.52748107910156,91.27531433105469,-51.747833251953125,-0.5669422628802376,2005
132_24.png,IRF,49,44.836734771728516,92.4625015258789,-47.62576675415039,-0.5150819626140077,560
132_24.png,IRF,83,46.66265106201172,90.43170166015625,-43.76905059814453,-0.48400118315399293,593
132_24.png,IRF,111,34.39639663696289,81.9516372680664,-47.555240631103516,-0.5802842043966592,641
132_24.png,IRF,327,39.119266510009766,83.69052124023438,-44.57125473022461,-0.5325723160724789,992
132_24.png,PED,4228,85.58987426757812,98.17752075195312,-12.587646484375,-0.1282131223926286,3194
132_25.png,IRF,116,63.86206817626953,98.52523803710938,-34.663169860839844,-0.3518202092319129,634
132_25.png,IRF,993,40.132930755615234,93.03764343261719,-52.90471267700195,-0.5686377118452959,1461
132_25.png,IRF,231,55.66233825683594,98.04141998291016,-42.37908172607422,-0.43225691481683376,845
132_25.png,IRF,125,35.85599899291992,83.06069946289062,-47.2047004699707,-0.5683157109826718,659
132_25.png,IRF,210,41.009525299072266,85.04244995117188,-44.03292465209961,-0.5177758246308947,801
132_25.png,PED,3191,84.78251647949219,105.10661315917969,-20.3240966796875,-0.19336648826185163,3236
132_26.png,IRF,28,43.71428680419922,87.75806427001953,-44.04377746582031,-0.5018772671455428,496
132_26.png,IRF,41,44.80487823486328,91.17922973632812,-46.374351501464844,-0.5086065284338339,491
132_26.png,IRF,118,36.805084228515625,99.29326629638672,-62.488182067871094,-0.6293295043930389,624
132_26.png,IRF,69,46.27536392211914,94.61805725097656,-48.34269332885742,-0.5109246029077443,576
132_26.png,IRF,111,53.486488342285156,91.02177429199219,-37.53528594970703,-0.41237699706112263,643
132_26.png,IRF,171,39.216373443603516,78.66370391845703,-39.447330474853516,-0.5014680025205107,788
132_26.png,IRF,152,43.644737243652344,77.5574722290039,-33.91273498535156,-0.43725941563976517,696
132_26.png,IRF,29,47.965518951416016,91.0387954711914,-43.07327651977539,-0.47313100197383023,464
132_26.png,PED,2637,82.47515869140625,104.67044830322266,-22.195289611816406,-0.21204924571946296,3086
132_27.png,IRF,145,38.503448486328125,99.8414306640625,-61.337982177734375,-0.6143539988335996,700
132_27.png,IRF,40,43.07500076293945,85.5372543334961,-42.46225357055664,-0.4964182437397756,510
132_27.png,IRF,46,43.0217399597168,88.87898254394531,-45.857242584228516,-0.5159514799975896,471
132_27.png,IRF,496,49.6754035949707,92.42089080810547,-42.745487213134766,-0.46250892887288547,1283
132_27.png,PED,3466,91.25043487548828,98.63399505615234,-7.3835601806640625,-0.07485816808353551,3112
132_28.png,IRF,79,43.02531814575195,98.2671890258789,-55.24187088012695,-0.5621598768392456,640
132_28.png,IRF,167,42.161678314208984,89.43826293945312,-47.27658462524414,-0.5285946201487488,737
132_28.png,IRF,94,46.180850982666016,82.53782653808594,-36.35697555541992,-0.44048864721005826,608
132_28.png,IRF,167,43.24551010131836,90.23609161376953,-46.99058151245117,-0.5207515160738707,737
132_28.png,PED,2988,93.19176483154297,102.5115737915039,-9.319808959960938,-0.09091469982615132,2895
132_29.png,IRF,196,55.00510025024414,87.16796875,-32.16286849975586,-0.3689757712721264,768
132_29.png,IRF,84,51.71428680419922,89.98648834228516,-38.27220153808594,-0.4253105354273683,592
132_29.png,PED,2691,108.44110107421875,94.88371276855469,13.557388305664062,0.14288425178654163,2941
132_3.png,IRF,45,34.71111297607422,74.4552993774414,-39.74418640136719,-0.5337992961372598,481
132_3.png,IRF,60,39.983333587646484,74.67032623291016,-34.68699264526367,-0.4645351693933774,546
132_3.png,PED,215,129.23721313476562,118.44977569580078,10.787437438964844,0.09107182665055291,896
132_30.png,PED,2260,117.87256622314453,102.42010498046875,15.452461242675781,0.1508733197024405,2766
132_4.png,IRF,227,40.28634262084961,80.72916412353516,-40.44282150268555,-0.5009691595567402,816
132_4.png,PED,860,119.90348815917969,107.63282775878906,12.270660400390625,0.11400481299153296,2364
132_5.png,IRF,621,51.08051681518555,84.69620513916016,-33.61568832397461,-0.39689721952409,1264
132_5.png,IRF,206,40.305824279785156,87.80158996582031,-47.495765686035156,-0.5409442551612614,630
132_5.png,IRF,173,45.341041564941406,88.95065307617188,-43.60961151123047,-0.4902674685691838,689
132_5.png,PED,1664,107.13701629638672,104.67636108398438,2.4606552124023438,0.023507267418554037,2407
132_6.png,IRF,279,49.752689361572266,83.60108947753906,-33.8484001159668,-0.4048798924451909,915
132_6.png,IRF,161,46.720497131347656,83.09228515625,-36.371788024902344,-0.4377276176302939,726
132_6.png,IRF,66,44.51515197753906,85.08843231201172,-40.573280334472656,-0.4768366184688189,588
132_6.png,IRF,96,41.1875,80.50445556640625,-39.31695556640625,-0.4883823546135854,561
132_6.png,IRF,71,46.971832275390625,75.64154052734375,-28.669708251953125,-0.3790206816529507,544
132_6.png,PED,1307,107.16679382324219,98.879150390625,8.287643432617188,0.08381588433837273,2499
132_7.png,IRF,86,36.05813980102539,89.99835205078125,-53.94021224975586,-0.5993466660291767,608
132_7.png,IRF,181,49.397789001464844,79.95819091796875,-30.560401916503906,-0.3822047693382238,861
132_7.png,IRF,131,31.80152702331543,74.19551086425781,-42.39398384094238,-0.5713820600076874,624
132_7.png,PED,2022,99.08061218261719,96.7732162475586,2.3073959350585938,0.02384333211739054,2703
132_8.png,IRF,100,42.880001068115234,85.12006378173828,-42.24006271362305,-0.4962409664298825,608
132_8.png,PED,3590,99.1156005859375,97.48573303222656,1.6298675537109375,0.01671903675558495,4381
132_9.png,IRF,367,45.599456787109375,90.76075744628906,-45.16130065917969,-0.49758620278048593,999
132_9.png,IRF,47,48.53191375732422,89.93777465820312,-41.405860900878906,-0.460383426855251,450
132_9.png,IRF,74,48.08108139038086,92.11187744140625,-44.03079605102539,-0.47801431557004187,581
132_9.png,IRF,240,43.94583511352539,83.6582260131836,-39.7123908996582,-0.47469798000975993,553
132_9.png,IRF,178,47.825843811035156,86.65550994873047,-38.82966613769531,-0.4480922928117184,717
132_9.png,PED,3122,87.8958969116211,101.34909057617188,-13.453193664550781,-0.13274113845589605,4549
133_10.png,SRF,1805,68.09085845947266,121.63932800292969,-53.54846954345703,-0.4402233259802892,2634
133_10.png,PED,1079,122.78128051757812,128.8722686767578,-6.0909881591796875,-0.047263761410589654,2200
133_11.png,SRF,2303,69.56014251708984,128.01687622070312,-58.45673370361328,-0.45663302706147074,3201
133_11.png,PED,682,103.29178619384766,141.62808227539062,-38.33629608154297,-0.27068287210865033,1745
133_12.png,SRF,2605,67.99769592285156,127.40413665771484,-59.40644073486328,-0.4662834527458491,3333
133_12.png,SRF,57,83.64912414550781,139.98886108398438,-56.33973693847656,-0.40245871351632984,539
133_12.png,PED,813,107.94711303710938,144.11595153808594,-36.16883850097656,-0.2509704034491846,1742
133_13.png,SRF,3061,70.70663452148438,127.76748657226562,-57.06085205078125,-0.446599159000498,4374
133_13.png,PED,548,109.21897888183594,138.5244598388672,-29.30548095703125,-0.21155455860372696,1165
133_13.png,PED,73,115.64383697509766,148.61215209960938,-32.96831512451172,-0.22184131417741831,477
133_14.png,SRF,4246,71.04380798339844,133.29696655273438,-62.25315856933594,-0.4670260710299631,5243
133_14.png,PED,762,114.67191314697266,143.6468048095703,-28.974891662597656,-0.20170926670460293,1594
133_15.png,SRF,4387,70.24960327148438,133.86634826660156,-63.61674499511719,-0.47522581902675975,5357
133_15.png,PED,801,119.3582992553711,143.12965393066406,-23.77135467529297,-0.16608266716559286,1666
133_16.png,SRF,4895,68.68968200683594,134.73388671875,-66.04420471191406,-0.49018258376066826,5618
133_16.png,PED,739,120.33694458007812,148.15623474121094,-27.819290161132812,-0.18776995925770942,1677
133_17.png,SRF,4976,70.48492431640625,137.5972442626953,-67.11231994628906,-0.48774465147107765,5502
133_17.png,PED,982,125.2148666381836,152.71067810058594,-27.495811462402344,-0.1800516624272448,2174
133_18.png,SRF,5354,70.77904510498047,135.9754638671875,-65.19641876220703,-0.4794719349211921,5786
133_18.png,PED,851,121.40070343017578,147.01309204101562,-25.612388610839844,-0.1742184199737406,1985
133_19.png,SRF,5509,70.40570068359375,137.51040649414062,-67.10470581054688,-0.487997290688005,5570
133_19.png,PED,102,147.69607543945312,135.9176483154297,11.778427124023438,0.08665855589767678,510
133_19.png,PED,962,116.20374298095703,145.0033416748047,-28.799598693847656,-0.1986133447768106,2094
133_2.png,SRF,278,82.51798248291016,123.75513458251953,-41.237152099609375,-0.3332156862720922,1168
133_20.png,SRF,5477,70.3819580078125,136.10594177246094,-65.72398376464844,-0.4828884243314257,5371
133_20.png,PED,1404,130.98931884765625,137.25717163085938,-6.267852783203125,-0.0456650294387527,2613
133_21.png,SRF,5240,71.07786560058594,138.9261016845703,-67.84823608398438,-0.48837644806325026,5372
133_21.png,PED,1341,127.81133270263672,138.5927734375,-10.781440734863281,-0.07779222875372571,3207
133_22.png,SRF,5008,73.35942840576172,139.66197204589844,-66.30254364013672,-0.47473584017807713,5813
133_22.png,PED,1001,133.1498565673828,141.523193359375,-8.373336791992188,-0.059165827121562105,2609
133_23.png,SRF,2174,73.84130859375,141.78988647460938,-67.94857788085938,-0.47922020089230466,2789
133_23.png,SRF,2015,79.31712341308594,139.20489501953125,-59.88777160644531,-0.4302131156956996,2577
133_23.png,PED,820,134.86341857910156,138.3038330078125,-3.4404144287109375,-0.024875770641270625,1932
133_23.png,PED,94,136.5,152.53538513183594,-16.035385131835938,-0.10512567374433543,551
133_23.png,PED,104,133.51922607421875,136.87551879882812,-3.356292724609375,-0.02452076714713508,482
133_24.png,SRF,1929,75.13685607910156,140.3056640625,-65.16880798339844,-0.4644773852776792,2771
133_24.png,SRF,1463,77.7423095703125,138.17214965820312,-60.429840087890625,-0.43735181248447036,2097
133_24.png,PED,286,145.402099609375,139.61148071289062,5.790618896484375,0.04147666701130916,592
133_24.png,PED,572,133.67481994628906,147.74081420898438,-14.065994262695312,-0.09520723395228138,1659
133_25.png,SRF,1622,77.13069915771484,140.83558654785156,-63.70488739013672,-0.4523351586886868,2591
133_25.png,SRF,1248,75.34855651855469,142.2272491455078,-66.87869262695312,-0.470224187198698,1923
133_25.png,PED,1264,138.07437133789062,141.445556640625,-3.371185302734375,-0.02383380137772477,2296
133_3.png,SRF,451,68.56097412109375,130.35104370117188,-61.790069580078125,-0.474028192069801,1299
133_4.png,SRF,912,69.06468963623047,126.84626770019531,-57.781578063964844,-0.45552446368018656,1984
133_5.png,SRF,1093,65.84172058105469,126.0027847290039,-60.16106414794922,-0.4774582107636631,2157
133_6.png,SRF,1282,67.51325988769531,128.62355041503906,-61.11029052734375,-0.4751096539487107,2489
133_7.png,SRF,1408,64.80610656738281,129.30760192871094,-64.50149536132812,-0.4988221450188883,2578
133_8.png,SRF,1478,67.92354583740234,129.7926025390625,-61.869056701660156,-0.4766762934970811,2459
133_8.png,PED,343,128.30612182617188,132.81845092773438,-4.5123291015625,-0.03397366156617523,1322
133_8.png,PED,79,131.53164672851562,131.72222900390625,-0.190582275390625,-0.0014468497597696533,450
133_9.png,SRF,1573,67.62174224853516,127.29146575927734,-59.66972351074219,-0.46876452521636,2659
133_9.png,PED,543,121.77163696289062,131.56182861328125,-9.790191650390625,-0.07441513814138563,1504
134_13.png,PED,415,157.36866760253906,122.38037872314453,34.98828887939453,0.28589786405667955,1580
134_21.png,SRF,317,74.21450805664062,148.5408172607422,-74.32630920410156,-0.5003763314000915,686
134_22.png,PED,510,122.20783996582031,126.36223602294922,-4.154396057128906,-0.03287687989609813,842
134_22.png,PED,268,167.47015380859375,130.74778747558594,36.72236633300781,0.2808641510653849,1015
134_23.png,PED,940,111.9074478149414,116.80204010009766,-4.89459228515625,-0.04190502392733599,980
134_24.png,PED,704,121.48011016845703,126.3961181640625,-4.916007995605469,-0.038893662772336704,1237
134_25.png,PED,944,124.9078369140625,118.36376953125,6.5440673828125,0.05528775746775078,1347
134_26.png,PED,697,139.0487823486328,120.16720581054688,18.881576538085938,0.15712753251377284,921
134_28.png,SRF,159,86.42767333984375,134.2123565673828,-47.78468322753906,-0.3560378824251419,664
134_29.png,SRF,135,82.14814758300781,141.37017822265625,-59.22203063964844,-0.4189145927677511,597
134_30.png,SRF,501,76.09381103515625,135.51210021972656,-59.41828918457031,-0.4384722035023169,1322
134_30.png,SRF,49,73.89795684814453,132.01446533203125,-58.11650848388672,-0.4402283366274836,484
134_8.png,SRF,188,86.23936462402344,135.01174926757812,-48.77238464355469,-0.3612454835089448,1276
134_9.png,SRF,157,105.79618072509766,135.95217895507812,-30.15599822998047,-0.22181327626933245,920
135_10.png,PED,304,132.99012756347656,107.31558990478516,25.674537658691406,0.23924331666508958,789
135_10.png,PED,167,131.49700927734375,106.65833282470703,24.83867645263672,0.2328807866653896,960
135_4.png,PED,90,128.73333740234375,109.67909240722656,19.054244995117188,0.17372723075033156,751
135_5.png,PED,167,112.08383178710938,112.43163299560547,-0.34780120849609375,-0.0030934462057461,746
135_6.png,PED,103,141.81553649902344,107.76790618896484,34.047630310058594,0.3159347853558371,754
135_7.png,SRF,2,124.0,86.87551879882812,37.124481201171875,0.4273296057907703,241
135_8.png,PED,469,131.6055450439453,102.983642578125,28.621902465820312,0.27792668572688417,917
135_9.png,PED,521,117.06717681884766,97.46839141845703,19.598785400390625,0.20107837130755515,1123
136_10.png,SRF,5006,45.07451248168945,93.51665496826172,-48.442142486572266,-0.5180055093182372,4864
136_10.png,PED,767,68.91264343261719,96.95600891113281,-28.043365478515625,-0.28923803478977145,1023
136_10.png,PED,328,67.8719482421875,80.94329833984375,-13.07135009765625,-0.16148773728957339,776
136_11.png,SRF,5327,46.781490325927734,89.94206237792969,-43.16057205200195,-0.4798708291860656,4729
136_11.png,PED,866,83.84180450439453,92.33075714111328,-8.48895263671875,-0.09194068043593208,907
136_11.png,PED,554,76.0830307006836,77.24720001220703,-1.1641693115234375,-0.015070699149476861,894
136_11.png,PED,413,62.38014602661133,79.7771224975586,-17.396976470947266,-0.2180697413782963,848
136_12.png,SRF,6165,44.57712936401367,91.00614929199219,-46.429019927978516,-0.5101745353383927,4393
136_12.png,PED,1464,81.3463134765625,88.03997039794922,-6.693656921386719,-0.07602974979581137,1451
136_12.png,PED,608,82.35526275634766,77.12614440917969,5.229118347167969,0.06779955600303014,1094
136_13.png,SRF,6586,44.80473709106445,92.14201354980469,-47.337276458740234,-0.5137425875022087,4556
136_13.png,PED,1644,75.06629943847656,88.16162872314453,-13.095329284667969,-0.14853774226190233,1522
136_13.png,PED,156,87.00640869140625,84.09810638427734,2.9083023071289062,0.03458225674951263,581
136_14.png,SRF,6608,45.4520263671875,93.40966796875,-47.9576416015625,-0.5134119694934214,4594
136_14.png,PED,1805,71.46869659423828,86.21996307373047,-14.751266479492188,-0.1710887589557158,1623
136_14.png,PED,209,118.5071792602539,101.81620025634766,16.69097900390625,0.16393244848936173,827
136_14.png,PED,277,83.99278259277344,82.93302917480469,1.05975341796875,0.012778424091263103,657
136_15.png,SRF,6421,45.40196228027344,93.10511779785156,-47.703155517578125,-0.5123580383749742,3986
136_15.png,PED,3053,75.97969055175781,87.59794616699219,-11.618255615234375,-0.13263159838343624,2634
136_15.png,PED,224,125.76338958740234,104.71479797363281,21.04859161376953,0.20100875923066353,838
136_16.png,SRF,5951,45.37993621826172,90.9077377319336,-45.527801513671875,-0.5008132712302564,4227
136_16.png,PED,2742,74.30744171142578,89.70482635498047,-15.397384643554688,-0.17164499692161564,2009
136_16.png,PED,486,108.30863952636719,94.92760467529297,13.381034851074219,0.14096041817177477,1478
136_17.png,SRF,5572,44.16349792480469,97.5756607055664,-53.41216278076172,-0.5473922737959458,3443
136_17.png,SRF,172,69.1686019897461,101.23979949951172,-32.071197509765625,-0.31678448266701975,1005
136_17.png,PED,2690,63.75724792480469,100.81652069091797,-37.05927276611328,-0.3675912688926167,2349
136_17.png,PED,619,103.65912628173828,91.75798034667969,11.901145935058594,0.129701480896743,1504
136_18.png,SRF,5657,42.93088150024414,97.3305892944336,-54.39970779418945,-0.5589168645596664,3887
136_18.png,SRF,262,61.95419692993164,97.67774963378906,-35.72355270385742,-0.36572866223670447,872
136_18.png,PED,2569,62.945892333984375,96.17646789550781,-33.23057556152344,-0.34551669746935637,2312
136_18.png,PED,119,103.73109436035156,106.47892761230469,-2.747833251953125,-0.025806357310040995,522
136_19.png,SRF,5909,44.30563735961914,99.53081512451172,-55.22517776489258,-0.5548550737357734,3992
136_19.png,SRF,268,54.794776916503906,96.85935974121094,-42.06458282470703,-0.43428516291141384,903
136_19.png,PED,2407,66.7046127319336,99.73543548583984,-33.03082275390625,-0.3311844240013959,2438
136_19.png,PED,152,87.28947448730469,103.66851043701172,-16.37903594970703,-0.15799432132922198,724
136_2.png,SRF,447,56.306488037109375,90.71900177001953,-34.412513732910156,-0.3793308244302427,1968
136_20.png,SRF,6740,43.12077331542969,100.70084381103516,-57.58007049560547,-0.5717933268131725,4282
136_20.png,SRF,540,51.150001525878906,100.95305633544922,-49.80305480957031,-0.49332884627171203,1129
136_20.png,PED,1950,67.06153869628906,100.80616760253906,-33.74462890625,-0.33474766186230903,1914
136_20.png,PED,235,92.23403930664062,100.76754760742188,-8.53350830078125,-0.08468508466661075,641
136_21.png,SRF,7192,43.04143524169922,100.06572723388672,-57.0242919921875,-0.5698683612112553,4336
136_21.png,SRF,578,49.4290657043457,100.78228759765625,-51.35322189331055,-0.5095461029652675,1208
136_21.png,PED,1550,74.2438735961914,99.67040252685547,-25.426528930664062,-0.2551061126076326,1784
136_21.png,PED,171,91.83625793457031,101.45674896240234,-9.620491027832031,-0.09482356892193712,578
136_22.png,SRF,8130,43.77687454223633,101.31871032714844,-57.54183578491211,-0.5679290192217707,5723
136_22.png,PED,1254,84.11642456054688,107.06504821777344,-22.948623657226562,-0.21434281345064535,1522
136_22.png,PED,124,86.99193572998047,98.205078125,-11.213142395019531,-0.11418088157057338,551
136_23.png,SRF,8223,42.853458404541016,97.48931121826172,-54.6358528137207,-0.5604291601917308,5381
136_23.png,PED,1076,92.28345489501953,99.49273681640625,-7.209281921386719,-0.07246038406491916,1583
136_23.png,PED,334,89.88922119140625,97.31710052490234,-7.427879333496094,-0.07632655816328379,965
136_24.png,SRF,8205,43.3141975402832,94.16397094726562,-50.84977340698242,-0.5400130527148188,4824
136_24.png,PED,927,84.26753234863281,98.06355285644531,-13.7960205078125,-0.14068448578452403,1542
136_24.png,PED,608,99.53453826904297,92.2265396118164,7.3079986572265625,0.07923964932421941,1055
136_25.png,SRF,7260,44.0548210144043,96.38851165771484,-52.33369064331055,-0.542945313121471,4579
136_25.png,PED,881,81.2009048461914,95.73446655273438,-14.533561706542969,-0.15181117344543096,1416
136_25.png,PED,652,96.2254638671875,90.45414733886719,5.7713165283203125,0.0638037801262921,1843
136_26.png,SRF,6278,43.55941390991211,97.8484878540039,-54.2890739440918,-0.5548279297386232,4706
136_26.png,PED,1303,80.11051177978516,90.83504486083984,-10.724533081054688,-0.11806602944364451,2243
136_27.png,SRF,5480,43.67901611328125,93.10575866699219,-49.42674255371094,-0.530866653807029,4671
136_27.png,PED,1509,76.84161376953125,94.81005859375,-17.96844482421875,-0.18952044847067792,2306
136_28.png,SRF,4552,44.603031158447266,96.30088806152344,-51.69785690307617,-0.536836761775739,3729
136_28.png,PED,1391,81.41912078857422,97.26546478271484,-15.846343994140625,-0.16291850380338382,2667
136_29.png,SRF,4158,45.74026107788086,89.99219512939453,-44.25193405151367,-0.4917307994086198,3460
136_29.png,PED,1800,87.00444793701172,90.34585571289062,-3.3414077758789062,-0.03698462701485212,2475
136_3.png,SRF,1033,51.96611785888672,91.3445816040039,-39.37846374511719,-0.4310979704940825,2696
136_30.png,SRF,3583,47.06167984008789,91.05615997314453,-43.99448013305664,-0.4831576484889333,3508
136_30.png,PED,930,86.66451263427734,99.09638214111328,-12.431869506835938,-0.12545230449617173,2407
136_31.png,SRF,2110,50.753082275390625,94.4777603149414,-43.72467803955078,-0.4628039222542391,3372
136_31.png,PED,429,104.46154022216797,103.5628890991211,0.898651123046875,0.008677346980797019,1121
136_4.png,SRF,1874,48.832977294921875,88.9893798828125,-40.156402587890625,-0.45124938100222084,3484
136_5.png,SRF,2284,48.02408218383789,90.57315063476562,-42.549068450927734,-0.4697757354440057,3903
136_6.png,SRF,2042,45.73457336425781,87.38435363769531,-41.6497802734375,-0.47662743431303334,2914
136_6.png,SRF,416,58.51442337036133,101.90039825439453,-43.3859748840332,-0.42576845259937096,1245
136_6.png,PED,221,87.12669372558594,95.52461242675781,-8.397918701171875,-0.08791366421518709,650
136_7.png,SRF,2407,46.314083099365234,87.02442932128906,-40.71034622192383,-0.4678036562770625,3152
136_7.png,SRF,375,60.928001403808594,98.47833251953125,-37.550331115722656,-0.3813055131520965,1246
136_7.png,PED,359,89.60166931152344,98.26659393310547,-8.664924621582031,-0.08817772423740095,904
136_8.png,SRF,3160,44.05474853515625,88.33375549316406,-44.27900695800781,-0.5012693812325738,3134
136_8.png,SRF,450,54.44444274902344,101.47525024414062,-47.03080749511719,-0.4634707219934433,1111
136_8.png,PED,787,73.93011474609375,96.32721710205078,-22.39710235595703,-0.23251063437480124,1036
136_8.png,PED,160,75.61250305175781,83.56858825683594,-7.956085205078125,-0.09520425522358054,554
136_9.png,SRF,3645,43.52565002441406,89.10626220703125,-45.58061218261719,-0.5115309637465691,3416
136_9.png,SRF,528,51.977272033691406,97.6119613647461,-45.63468933105469,-0.46751124240329306,1237
136_9.png,PED,733,71.46248626708984,98.5768814086914,-27.114395141601562,-0.27505835804632095,943
136_9.png,PED,142,80.6408462524414,81.5093994140625,-0.8685531616210938,-0.010655865064210566,532
137_10.png,SRF,431,55.37818908691406,86.14349365234375,-30.765304565429688,-0.357140200159419,676
137_10.png,SRF,1271,68.3477554321289,94.35868072509766,-26.01092529296875,-0.2756601204371261,1815
137_11.png,SRF,538,59.54460906982422,89.50425720214844,-29.95964813232422,-0.33472874999296764,1057
137_11.png,SRF,924,65.43289947509766,95.17903900146484,-29.746139526367188,-0.31252826082756924,1441
137_12.png,SRF,796,56.56281280517578,84.0079116821289,-27.445098876953125,-0.32669659711100224,1138
137_12.png,PED,92,127.21739196777344,133.3903350830078,-6.172943115234375,-0.0462772892158416,538
137_13.png,SRF,995,60.925628662109375,85.87789916992188,-24.9522705078125,-0.29055520394648704,1335
137_13.png,PED,513,101.16569519042969,100.51307678222656,0.652618408203125,0.006492870670122852,994
137_13.png,PED,152,134.1644744873047,135.13018798828125,-0.9657135009765625,-0.007146541534156017,530
137_14.png,SRF,1316,59.33662796020508,87.67180633544922,-28.33517837524414,-0.3231960143130654,1426
137_14.png,PED,320,80.01249694824219,102.15589904785156,-22.143402099609375,-0.2167608753483441,712
137_15.png,SRF,1379,47.971717834472656,81.4648208618164,-33.49310302734375,-0.41113578441614657,1265
137_15.png,PED,490,66.23469543457031,100.12155151367188,-33.88685607910156,-0.338457160988703,798
137_16.png,SRF,1884,54.49522399902344,86.8346176147461,-32.339393615722656,-0.3724251284113542,1554
137_16.png,PED,465,68.92472839355469,94.65254211425781,-25.727813720703125,-0.27181323550345154,826
137_17.png,SRF,2106,47.39316177368164,82.66536712646484,-35.2722053527832,-0.42668661107888567,1542
137_17.png,SRF,557,68.69479370117188,108.02368927001953,-39.328895568847656,-0.36407658204062876,1562
137_17.png,PED,809,71.75525665283203,98.48358917236328,-26.72833251953125,-0.27139884669264086,914
137_17.png,PED,248,141.7096710205078,132.68775939941406,9.02191162109375,0.06799354862822102,727
137_18.png,SRF,2069,42.679073333740234,86.78392028808594,-44.1048469543457,-0.508214503423402,1791
137_18.png,PED,574,61.381534576416016,85.93388366699219,-24.552349090576172,-0.28571208518540286,605
137_18.png,PED,183,134.0382537841797,134.626220703125,-0.5879669189453125,-0.004367402693728476,816
137_19.png,SRF,2217,42.49120330810547,89.94239044189453,-47.45118713378906,-0.5275731154204084,1788
137_19.png,SRF,460,61.31739044189453,107.07904052734375,-45.76165008544922,-0.4273632809939449,1126
137_19.png,PED,704,68.234375,102.52110290527344,-34.28672790527344,-0.3344358081765214,687
137_19.png,PED,210,135.009521484375,129.5430908203125,5.4664306640625,0.04219777858816811,615
137_2.png,SRF,96,86.88541412353516,135.11862182617188,-48.23320770263672,-0.35696935811473884,784
137_20.png,SRF,2742,53.47483444213867,87.62324523925781,-34.14841079711914,-0.3897186266483958,1850
137_20.png,SRF,470,69.35106658935547,114.89514923095703,-45.54408264160156,-0.396396914460252,1030
137_20.png,PED,767,72.33246612548828,100.70454406738281,-28.37207794189453,-0.2817358263685736,836
137_20.png,PED,118,148.3389892578125,135.20770263671875,13.13128662109375,0.09711936794292997,467
137_21.png,SRF,1822,43.81010055541992,90.23346710205078,-46.42336654663086,-0.5144805806267836,1512
137_21.png,SRF,243,70.80658721923828,130.80104064941406,-59.99445343017578,-0.45866954217114275,960
137_21.png,SRF,269,72.46468353271484,111.08796691894531,-38.62328338623047,-0.34768197184139416,989
137_21.png,PED,672,71.18303680419922,93.55431365966797,-22.37127685546875,-0.23912608601727353,626
137_21.png,PED,86,146.98837280273438,132.77435302734375,14.214019775390625,0.10705395621444579,390
137_22.png,SRF,2340,54.39316177368164,104.18301391601562,-49.789852142333984,-0.47790758081226903,2743
137_22.png,SRF,341,65.93548583984375,116.79075622558594,-50.85527038574219,-0.43543917369207913,1147
137_22.png,PED,273,150.8022003173828,126.22451782226562,24.577682495117188,0.1947140137205718,677
137_23.png,SRF,1589,50.6356201171875,92.40898895263672,-41.77336883544922,-0.45204875963808816,1335
137_23.png,SRF,238,68.01680755615234,126.3896484375,-58.372840881347656,-0.4618482732010539,1024
137_23.png,SRF,244,57.41393280029297,116.44841003417969,-59.03447723388672,-0.5069582076437029,756
137_23.png,IRF,163,45.177913665771484,74.34453582763672,-29.166622161865234,-0.3923169582965219,476
137_23.png,PED,462,151.28138732910156,128.06582641601562,23.215560913085938,0.18127834382352176,957
137_24.png,SRF,717,55.76011276245117,92.26661682128906,-36.50650405883789,-0.39566319126610255,1264
137_24.png,SRF,100,51.060001373291016,93.61386108398438,-42.55385971069336,-0.4545679370335634,606
137_24.png,SRF,173,76.0520248413086,126.10826110839844,-50.056236267089844,-0.39693066756398443,896
137_24.png,SRF,102,68.78431701660156,112.28214263916016,-43.497825622558594,-0.3873975380247869,840
137_24.png,IRF,59,55.84745788574219,99.9110336303711,-44.063575744628906,-0.44102812415739434,562
137_25.png,SRF,471,57.409767150878906,93.39893341064453,-35.989166259765625,-0.38532737950585627,935
137_25.png,SRF,59,63.3220329284668,110.73332977294922,-47.41129684448242,-0.4281574205498552,570
137_26.png,SRF,432,54.358795166015625,90.03680419921875,-35.678009033203125,-0.3962602776777888,788
137_26.png,PED,653,120.25574493408203,122.96697235107422,-2.7112274169921875,-0.022048419711038797,1211
137_26.png,PED,588,116.66496276855469,100.44805145263672,16.21691131591797,0.16144575311711815,616
137_28.png,PED,196,119.36224365234375,109.61981964111328,9.742424011230469,0.08887465827919078,555
137_29.png,SRF,108,47.30555725097656,92.50724792480469,-45.201690673828125,-0.4886286392453347,552
137_29.png,PED,516,129.6511688232422,122.24327087402344,7.40789794921875,0.06059963788806735,929
137_3.png,SRF,685,71.64087677001953,120.45345306396484,-48.81257629394531,-0.405240157523954,1912
137_30.png,SRF,131,47.36641311645508,83.91864776611328,-36.5522346496582,-0.4355674885459505,590
137_30.png,PED,321,150.95639038085938,124.56342315673828,26.392967224121094,0.21188376615911395,1356
137_4.png,SRF,1149,77.19669342041016,113.1546859741211,-35.95799255371094,-0.3177773173435757,2560
137_5.png,SRF,1703,91.01467895507812,113.92884063720703,-22.914161682128906,-0.20112696270733021,2951
137_5.png,PED,171,151.0877227783203,110.64115142822266,40.446571350097656,0.36556535093849746,797
137_6.png,SRF,1134,83.96295928955078,98.48054504394531,-14.517585754394531,-0.14741577382534082,2056
137_6.png,PED,105,145.1999969482422,113.5838394165039,31.61615753173828,0.2783508436953259,656
137_7.png,SRF,800,87.19499969482422,100.03986358642578,-12.844863891601562,-0.1283974550855391,1731
137_8.png,SRF,446,83.5538101196289,99.56234741210938,-16.00853729248047,-0.16078907045268614,802
137_8.png,SRF,1210,81.84628295898438,103.4756851196289,-21.62940216064453,-0.2090288374088912,1974
137_9.png,SRF,273,49.56410217285156,84.28571319580078,-34.72161102294922,-0.41195132254844696,756
138_10.png,PED,1581,116.36811828613281,105.92972564697266,10.438392639160156,0.09854073137079321,3344
138_11.png,IRF,126,55.63492202758789,93.00141906738281,-37.36649703979492,-0.40178416001073675,704
138_11.png,PED,1454,123.37207794189453,97.05801391601562,26.314064025878906,0.271116860568036,3120
138_12.png,IRF,233,64.30043029785156,94.4410400390625,-30.140609741210938,-0.3191473720402088,848
138_12.png,PED,921,115.6579818725586,104.85585021972656,10.802131652832031,0.10301887429452956,2768
138_13.png,IRF,96,45.91666793823242,89.15625,-43.23958206176758,-0.48498654958870047,672
138_13.png,IRF,44,36.3863639831543,101.88636016845703,-65.49999618530273,-0.6428730605059033,528
138_13.png,PED,470,103.15319061279297,108.00205993652344,-4.848869323730469,-0.044896081857886024,1456
138_14.png,PED,1549,100.8250503540039,114.55191040039062,-13.726860046386719,-0.11983091332486333,3323
138_15.png,PED,1402,103.57275390625,109.76261138916016,-6.189857482910156,-0.05639313245713694,3488
138_16.png,PED,913,84.63745880126953,106.76917266845703,-22.1317138671875,-0.20728561731869544,2816
138_4.png,PED,213,126.77934265136719,114.50082397460938,12.278518676757812,0.10723519928101637,1216
138_4.png,PED,180,149.82777404785156,109.15948486328125,40.66828918457031,0.37255845642278396,928
138_5.png,PED,95,110.83158111572266,106.4468765258789,4.38470458984375,0.041191481919882915,640
138_5.png,PED,315,120.4888916015625,105.4822769165039,15.006614685058594,0.14226669279178822,1072
138_5.png,PED,417,90.73141479492188,115.11708068847656,-24.385665893554688,-0.21183360234391124,1136
138_6.png,PED,1167,109.51499938964844,109.03489685058594,0.4801025390625,0.004403200745174273,2923
138_6.png,PED,315,124.72063446044922,103.45771789550781,21.262916564941406,0.2055227681168932,1088
138_7.png,PED,1327,121.87641143798828,98.50970458984375,23.36670684814453,0.2372020801953924,2782
138_7.png,PED,437,96.8466796875,115.05146789550781,-18.204788208007812,-0.1582316900514628,1088
138_8.png,PED,1212,123.23267364501953,106.52861022949219,16.704063415527344,0.15680354206763944,3146
138_8.png,PED,385,85.24156188964844,117.33423614501953,-32.092674255371094,-0.2735150055922815,1104
138_9.png,PED,1526,121.46920013427734,105.6350326538086,15.83416748046875,0.14989504033535092,3488
138_9.png,PED,245,88.45306396484375,120.16666412353516,-31.713600158691406,-0.2639134604426467,912
139_1.png,IRF,677,38.197933197021484,80.27226257324219,-42.0743293762207,-0.5241453028414536,1168
139_1.png,IRF,892,41.77354431152344,82.9657974243164,-41.19225311279297,-0.49649680219574377,1871
139_10.png,SRF,461,68.68329620361328,113.46480560302734,-44.78150939941406,-0.39467312495196527,1719
139_10.png,SRF,145,76.6551742553711,124.95907592773438,-48.30390167236328,-0.38655776952366483,562
139_10.png,IRF,546,43.41758346557617,76.10437774658203,-32.68679428100586,-0.4294995274759194,891
139_10.png,IRF,2183,43.01740646362305,75.94027709960938,-32.92287063598633,-0.4335363511092018,2227
139_10.png,IRF,50,50.279998779296875,99.65530395507812,-49.37530517578125,-0.4954608858354221,528
139_10.png,IRF,275,42.78181838989258,75.67536926269531,-32.893550872802734,-0.43466653936788696,881
139_10.png,IRF,279,51.19355010986328,84.68299865722656,-33.48944854736328,-0.3954683830094319,1041
139_10.png,PED,84,140.4761962890625,121.92427062988281,18.551925659179688,0.1521594147197854,515
139_11.png,SRF,512,70.458984375,112.65943908691406,-42.20045471191406,-0.37458427854728993,1706
139_11.png,IRF,2249,44.781681060791016,78.33306884765625,-33.551387786865234,-0.428317034943654,2549
139_11.png,IRF,560,39.53392791748047,74.3930892944336,-34.859161376953125,-0.46858063978210723,926
139_11.png,IRF,168,53.04166793823242,93.04643249511719,-40.004764556884766,-0.4299440987056017,603
139_11.png,IRF,272,41.59191131591797,79.2056655883789,-37.61375427246094,-0.47488716865198144,812
139_11.png,IRF,241,48.912864685058594,84.55005645751953,-35.63719177246094,-0.42149222916682644,929
139_11.png,PED,156,143.34616088867188,116.16000366210938,27.1861572265625,0.2340406023543407,675
139_12.png,SRF,503,63.00994110107422,114.40877532958984,-51.398834228515625,-0.4492560477152683,1573
139_12.png,IRF,1207,42.56586456298828,85.9283447265625,-43.36248016357422,-0.5046353482260184,1898
139_12.png,IRF,105,36.847618103027344,81.41058349609375,-44.562965393066406,-0.5473854071467824,548
139_12.png,IRF,44,29.43181800842285,74.8574447631836,-45.42562675476074,-0.6068284443647212,477
139_12.png,IRF,933,42.487674713134766,66.4441909790039,-23.95651626586914,-0.3605509513004576,1317
139_13.png,SRF,246,58.42276382446289,103.65118408203125,-45.22842025756836,-0.4363521811943204,1184
139_13.png,SRF,340,61.18235397338867,118.6149673461914,-57.432613372802734,-0.4841936448473577,922
139_13.png,IRF,1018,44.438114166259766,77.30455780029297,-32.8664436340332,-0.42515531514894256,1668
139_13.png,IRF,151,45.192054748535156,77.04634857177734,-31.854293823242188,-0.41344326387598146,712
139_14.png,SRF,87,35.11494064331055,75.76875305175781,-40.653812408447266,-0.5365511608812745,640
139_14.png,SRF,375,46.4640007019043,99.04631805419922,-52.58231735229492,-0.530886138781265,950
139_14.png,SRF,141,32.34042739868164,65.90299224853516,-33.562564849853516,-0.5092722455344889,701
139_14.png,SRF,293,33.48805618286133,70.38416290283203,-36.8961067199707,-0.5242103507135143,1023
139_14.png,SRF,79,34.924049377441406,70.11215209960938,-35.18810272216797,-0.5018830783025418,535
139_14.png,SRF,383,37.67362976074219,72.5486831665039,-34.87505340576172,-0.4807124248654,1099
139_15.png,SRF,338,65.21302032470703,102.46192169189453,-37.2489013671875,-0.3635389689371223,1392
139_15.png,IRF,141,33.73049545288086,70.10952758789062,-36.379032135009766,-0.5188885646020696,703
139_2.png,IRF,650,36.0538444519043,81.06849670410156,-45.014652252197266,-0.555266892594541,1168
139_2.png,IRF,91,34.736263275146484,64.5,-29.763736724853516,-0.4614532825558685,642
139_2.png,IRF,65,38.13846206665039,70.82904052734375,-32.69057846069336,-0.4615420202970711,544
139_3.png,IRF,823,34.50911331176758,82.0091552734375,-47.50004196166992,-0.5792041364563968,1201
139_4.png,IRF,618,41.140777587890625,60.047698974609375,-18.90692138671875,-0.3148650441162345,1216
139_4.png,IRF,983,34.65615463256836,80.78852844238281,-46.13237380981445,-0.5710262917180795,1395
139_5.png,SRF,103,49.359222412109375,98.07291412353516,-48.71369171142578,-0.4967089246482955,768
139_5.png,IRF,1867,36.40064239501953,58.698970794677734,-22.298328399658203,-0.3798759688249935,1847
139_5.png,IRF,463,33.885528564453125,67.68817901611328,-33.802650451660156,-0.4993877947819128,1007
139_5.png,IRF,435,33.701148986816406,77.68014526367188,-43.97899627685547,-0.5661549180627345,1088
139_5.png,IRF,286,34.69230651855469,83.37313079833984,-48.680824279785156,-0.5838910427573208,871
139_6.png,IRF,2427,34.7639045715332,62.75270462036133,-27.988800048828125,-0.446017430135539,2127
139_6.png,IRF,277,35.48014450073242,66.88215637207031,-31.40201187133789,-0.4695125512497864,891
139_6.png,IRF,428,36.717288970947266,86.50064086914062,-49.78335189819336,-0.5755258157394036,779
139_6.png,IRF,345,35.24058151245117,72.94156646728516,-37.700984954833984,-0.5168655785825927,907
139_7.png,IRF,2778,37.061195373535156,64.19462585449219,-27.13343048095703,-0.42267448590571227,2122
139_7.png,IRF,1315,35.41292953491211,83.23406982421875,-47.82114028930664,-0.574538051428936,1632
139_8.png,IRF,2721,37.510841369628906,68.42514038085938,-30.91429901123047,-0.4517973779689629,2124
139_8.png,IRF,739,40.29634475708008,75.28845977783203,-34.99211502075195,-0.4647739523960224,1248
139_9.png,SRF,401,61.91770553588867,132.06163024902344,-70.14392471313477,-0.5311453794782566,860
139_9.png,IRF,1563,38.68266296386719,77.42078399658203,-38.738121032714844,-0.5003581600830218,1761
139_9.png,IRF,321,41.48286437988281,81.33170318603516,-39.848838806152344,-0.4899545594785292,817
139_9.png,IRF,154,42.09740447998047,92.33282470703125,-50.23542022705078,-0.5440689200882348,655
139_9.png,IRF,237,36.582279205322266,76.42999267578125,-39.847713470458984,-0.5213622568236321,1007
13_1.png,SRF,2685,56.706146240234375,136.87420654296875,-80.16806030273438,-0.5857061189798921,4078
13_1.png,SRF,430,88.5534896850586,145.86892700195312,-57.31543731689453,-0.3929242402401925,1358
13_10.png,SRF,3730,53.18391418457031,129.3353271484375,-76.15141296386719,-0.5887905079210771,3680
13_10.png,SRF,276,67.79710388183594,136.78903198242188,-68.99192810058594,-0.5043673977417412,1076
13_10.png,PED,2562,111.10577392578125,133.4421844482422,-22.336410522460938,-0.16738642742411408,2551
13_10.png,PED,100,139.1999969482422,162.62612915039062,-23.426132202148438,-0.1440490056827511,444
13_11.png,SRF,4155,54.2789421081543,129.42544555664062,-75.14650344848633,-0.5806161464253942,3709
13_11.png,SRF,321,63.67912673950195,138.82675170898438,-75.14762496948242,-0.541305073009348,1114
13_11.png,PED,2628,115.02967834472656,137.43899536132812,-22.409317016601562,-0.16304919108064858,3164
13_12.png,SRF,4213,51.92356872558594,128.0686798095703,-76.14511108398438,-0.594564660127731,3480
13_12.png,SRF,390,65.95384979248047,138.68235778808594,-72.72850799560547,-0.5244250902248037,1275
13_12.png,IRF,151,77.27152252197266,92.88091278076172,-15.609390258789062,-0.16805810571256802,655
13_12.png,IRF,378,58.14021301269531,80.01451110839844,-21.874298095703125,-0.27337913826742316,689
13_12.png,PED,2593,119.08252716064453,140.2230987548828,-21.14057159423828,-0.1507638312229363,2909
13_13.png,SRF,5908,55.6125602722168,128.00238037109375,-72.38982009887695,-0.5655349524673718,3770
13_13.png,SRF,433,68.09237670898438,136.27279663085938,-68.180419921875,-0.5003230403098321,1261
13_13.png,PED,2097,119.5398178100586,153.7746124267578,-34.23479461669922,-0.22262969209566438,3048
13_14.png,SRF,6087,53.51815414428711,129.82086181640625,-76.30270767211914,-0.5877538217241777,3807
13_14.png,SRF,644,58.74844741821289,121.58479309082031,-62.83634567260742,-0.5168108944814381,1486
13_14.png,PED,2046,120.46627807617188,150.91355895996094,-30.447280883789062,-0.20175311677506108,3077
13_15.png,SRF,7059,57.23459243774414,123.75837707519531,-66.52378463745117,-0.537529549187862,4296
13_15.png,SRF,701,56.10556411743164,126.386474609375,-70.28091049194336,-0.5560793645772767,1449
13_15.png,PED,1378,133.70391845703125,154.254150390625,-20.55023193359375,-0.13322320262730977,2172
13_15.png,PED,368,103.57337188720703,122.20816802978516,-18.634796142578125,-0.15248404785870256,759
13_16.png,SRF,8047,57.46017074584961,126.08123779296875,-68.62106704711914,-0.5442607341767862,4579
13_16.png,SRF,844,57.452606201171875,131.93035888671875,-74.47775268554688,-0.5645232326662339,1522
13_16.png,PED,1303,126.850341796875,164.90992736816406,-38.05958557128906,-0.23079014210175733,2054
13_16.png,PED,128,97.9296875,128.11111450195312,-30.181427001953125,-0.23558788883608528,522
13_17.png,SRF,9712,52.709739685058594,125.0866470336914,-72.37690734863281,-0.5786141771722324,6671
13_17.png,PED,931,126.14178466796875,157.83834838867188,-31.696563720703125,-0.20081662057595379,1992
13_18.png,SRF,11360,54.96514129638672,126.017822265625,-71.05268096923828,-0.563830414554148,7519
13_18.png,PED,616,123.68506622314453,154.1708984375,-30.48583221435547,-0.19774051084429692,1574
13_19.png,SRF,11031,46.242950439453125,122.6269302368164,-76.38397979736328,-0.6228972677522873,7642
13_19.png,PED,523,130.08221435546875,142.63470458984375,-12.552490234375,-0.08800446055867385,1147
13_2.png,SRF,2894,54.77574157714844,136.1059112548828,-81.33016967773438,-0.5975506054650999,4164
13_2.png,SRF,88,67.1477279663086,144.35174560546875,-77.20401763916016,-0.5348325876859732,688
13_2.png,IRF,1147,76.2258071899414,103.49193572998047,-27.266128540039062,-0.26346138322486096,1736
13_20.png,SRF,13364,49.971866607666016,117.7353744506836,-67.76350784301758,-0.5755577553405754,7777
13_20.png,PED,178,132.17977905273438,141.6251983642578,-9.445419311523438,-0.06669307030539838,651
13_3.png,SRF,3089,58.469085693359375,133.76889038085938,-75.2998046875,-0.5629096905350008,3998
13_3.png,SRF,129,79.31783294677734,148.7274932861328,-69.40966033935547,-0.46669017816242014,800
13_3.png,IRF,1001,72.63436889648438,98.54759979248047,-25.913230895996094,-0.2629514158697284,1397
13_4.png,SRF,3223,57.45733642578125,136.7779083251953,-79.32057189941406,-0.5799223929556374,4066
13_4.png,SRF,150,80.5,143.17625427246094,-62.67625427246094,-0.43775592950762315,800
13_4.png,IRF,987,72.68997192382812,91.95103454589844,-19.261062622070312,-0.20947086367425183,1450
13_5.png,SRF,3548,58.51296615600586,135.83761596679688,-77.32464981079102,-0.569243278163036,4237
13_5.png,SRF,295,87.44068145751953,143.19712829589844,-55.756446838378906,-0.38936847059645907,1253
13_5.png,IRF,841,69.93460083007812,97.77890014648438,-27.84429931640625,-0.2847679742223751,1678
13_6.png,SRF,3515,53.08193588256836,134.41079711914062,-81.32886123657227,-0.6050768463524774,4148
13_6.png,SRF,186,76.93548583984375,142.9350128173828,-65.99952697753906,-0.4617449963912036,954
13_6.png,IRF,541,76.47135162353516,98.77155303955078,-22.300201416015625,-0.22577554700477398,1160
13_6.png,IRF,195,69.45127868652344,93.66263580322266,-24.21135711669922,-0.258495363802971,661
13_6.png,IRF,264,80.8977279663086,97.1419677734375,-16.244239807128906,-0.1672216466215206,641
13_7.png,SRF,3643,53.76859664916992,134.54339599609375,-80.77479934692383,-0.6003624239518155,3918
13_7.png,SRF,195,66.88717651367188,138.14952087402344,-71.26234436035156,-0.5158349005447125,943
13_7.png,IRF,636,72.48741912841797,97.28789520263672,-24.80047607421875,-0.2549184153132609,1570
13_7.png,PED,871,99.62571716308594,92.30211639404297,7.323600769042969,0.07934380115162368,662
13_7.png,PED,230,145.59130859375,151.98342895507812,-6.392120361328125,-0.04205800859524922,905
13_8.png,SRF,3800,55.91289520263672,134.88951110839844,-78.97661590576172,-0.5854911568498117,3892
13_8.png,SRF,201,68.11940002441406,133.8491668701172,-65.72976684570312,-0.4910734103372128,968
13_8.png,IRF,376,69.26329803466797,100.87275695800781,-31.609458923339844,-0.31335972046940785,1116
13_8.png,PED,747,114.9129867553711,135.80337524414062,-20.89038848876953,-0.153828197945845,1775
13_9.png,SRF,3874,54.95018005371094,131.9217529296875,-76.97157287597656,-0.5834638425173244,3757
13_9.png,SRF,253,68.11857604980469,134.23040771484375,-66.11183166503906,-0.49252500078436506,1072
13_9.png,PED,1162,121.70137786865234,134.9922332763672,-13.290855407714844,-0.09845644512380733,2577
140_10.png,SRF,1514,49.24966812133789,107.97813415527344,-58.72846603393555,-0.5438922101532476,1875
140_10.png,SRF,1768,51.377262115478516,105.6884536743164,-54.31119155883789,-0.5138800850109909,2157
140_10.png,PED,2761,59.67837905883789,96.14545440673828,-36.46707534790039,-0.3792906858979349,2200
140_11.png,SRF,1101,55.633060455322266,105.95846557617188,-50.32540512084961,-0.4749540760824954,1854
140_11.png,SRF,1571,49.771484375,106.20160675048828,-56.43012237548828,-0.5313490454816385,1989
140_11.png,PED,6023,49.84808349609375,98.13801574707031,-48.28993225097656,-0.49206142882930815,3333
140_12.png,SRF,785,55.29172134399414,114.08014678955078,-58.78842544555664,-0.5153256469244076,1647
140_12.png,SRF,1545,49.1669921875,108.5334701538086,-59.366477966308594,-0.5469877438008495,1927
140_12.png,PED,8383,48.107120513916016,101.27205657958984,-53.16493606567383,-0.5249714270776306,4047
140_13.png,SRF,595,51.226890563964844,111.56280517578125,-60.335914611816406,-0.5408246459628688,1226
140_13.png,SRF,1542,48.77885818481445,110.63472747802734,-61.85586929321289,-0.5590999381771677,2004
140_13.png,PED,10826,45.921669006347656,101.99531555175781,-56.073646545410156,-0.5497668813716785,4481
140_14.png,SRF,623,54.849117279052734,109.98588562011719,-55.13676834106445,-0.5013076726181268,1275
140_14.png,SRF,1523,49.383453369140625,106.0561752319336,-56.67272186279297,-0.5343651299781059,1887
140_14.png,PED,12554,44.1723747253418,99.88663482666016,-55.71426010131836,-0.5577749235220806,4684
140_15.png,SRF,542,55.51845169067383,114.445068359375,-58.92661666870117,-0.5148899599907844,1074
140_15.png,SRF,1340,47.51716232299805,105.57158660888672,-58.05442428588867,-0.5499057667946596,1809
140_15.png,PED,14367,43.65706253051758,99.34038543701172,-55.68332290649414,-0.5605305703368848,5056
140_16.png,SRF,575,58.4365234375,108.46134948730469,-50.02482604980469,-0.46122260405454435,1203
140_16.png,SRF,885,46.995479583740234,98.4908218383789,-51.49534225463867,-0.5228440710865557,1634
140_16.png,PED,18066,40.480018615722656,91.99527740478516,-51.5152587890625,-0.5599772101603873,5721
140_17.png,SRF,416,62.91345977783203,109.9350357055664,-47.021575927734375,-0.4277214777431823,939
140_17.png,SRF,675,50.47999954223633,102.47926330566406,-51.999263763427734,-0.5074125446074876,1567
140_17.png,PED,19436,39.683834075927734,91.49484252929688,-51.81100845336914,-0.5662724479445836,6010
140_18.png,SRF,467,70.9636001586914,109.23626708984375,-38.272666931152344,-0.35036593569857305,910
140_18.png,SRF,41,64.56097412109375,108.20123291015625,-43.6402587890625,-0.4033249678892174,487
140_18.png,PED,22570,38.66973876953125,93.78626251220703,-55.11652374267578,-0.587682271009594,6784
140_19.png,SRF,380,58.88420867919922,109.27001953125,-50.38581085205078,-0.46111285664812207,874
140_19.png,PED,23873,38.55426788330078,93.84540557861328,-55.2911376953125,-0.5891725583624412,7193
140_20.png,SRF,385,58.532466888427734,107.3753433227539,-48.84287643432617,-0.4548798161931081,730
140_20.png,PED,25937,38.31067657470703,94.22389221191406,-55.91321563720703,-0.5934080446544866,7977
140_5.png,SRF,741,68.59783935546875,111.88404846191406,-43.28620910644531,-0.3868845443251919,2432
140_6.png,SRF,1515,60.84752655029297,112.91763305664062,-52.070106506347656,-0.4611335280135456,3023
140_7.png,SRF,2071,53.55287170410156,108.19454956054688,-54.64167785644531,-0.5050317051864727,3377
140_8.png,SRF,3266,52.75382614135742,106.60576629638672,-53.8519401550293,-0.5051503499849103,4160
140_9.png,SRF,1498,50.5640869140625,111.8994369506836,-61.335350036621094,-0.5481292105486899,1959
140_9.png,SRF,1825,50.91013717651367,108.06014251708984,-57.15000534057617,-0.528872200326201,2145
140_9.png,PED,1544,64.2538833618164,85.63089752197266,-21.37701416015625,-0.24964136519380714,1463
141_10.png,SRF,1268,57.289432525634766,94.13472747802734,-36.84529495239258,-0.3914102259550589,1670
141_11.png,SRF,708,55.48305130004883,91.2900619506836,-35.807010650634766,-0.39223339195429957,1872
141_12.png,SRF,717,62.84518814086914,93.30046081542969,-30.455272674560547,-0.3264214603913721,1744
141_13.png,SRF,306,59.75163269042969,92.86918640136719,-33.1175537109375,-0.35660432694874944,1376
141_4.png,SRF,521,62.46833038330078,91.18688201904297,-28.718551635742188,-0.3149416999447877,1616
141_5.png,SRF,823,59.60388946533203,86.50892639160156,-26.90503692626953,-0.31100879468181125,1792
141_7.png,SRF,336,48.261905670166016,81.65904235839844,-33.39713668823242,-0.4089827130430168,918
141_8.png,SRF,1402,67.609130859375,94.1155776977539,-26.506446838378906,-0.2816371900037914,1592
141_9.png,SRF,1042,59.44529724121094,91.03130340576172,-31.58600616455078,-0.34697961012114414,1246
142_10.png,SRF,81,101.70370483398438,138.5828094482422,-36.87910461425781,-0.2661160122318879,640
142_10.png,PED,100,136.63999938964844,150.0683135986328,-13.428314208984375,-0.08948134277632552,688
142_11.png,SRF,109,104.2477035522461,136.522216796875,-32.274513244628906,-0.23640484312270318,720
142_11.png,SRF,40,89.0,135.6691131591797,-46.66911315917969,-0.3439921738444853,544
142_11.png,PED,105,153.46665954589844,145.72836303710938,7.7382965087890625,0.05310082641097481,832
142_12.png,PED,167,164.670654296875,142.41885375976562,22.251800537109375,0.15624195778631994,912
142_12.png,PED,206,149.86407470703125,144.11155700683594,5.7525177001953125,0.039917115737792226,1264
142_12.png,PED,135,172.46665954589844,149.91226196289062,22.554397583007812,0.15045065218608297,832
142_13.png,PED,298,132.61073303222656,140.47564697265625,-7.8649139404296875,-0.055987739582794745,1642
142_13.png,PED,83,145.0240936279297,152.25,-7.2259063720703125,-0.047460797189295974,656
142_14.png,SRF,24,63.16666793823242,140.2174835205078,-77.05081558227539,-0.5495093311313504,492
142_14.png,PED,324,146.50308227539062,139.60816955566406,6.8949127197265625,0.04938760204127917,1664
142_15.png,PED,376,153.53457641601562,133.66763305664062,19.866943359375,0.14862942437947216,1736
142_16.png,PED,287,135.80836486816406,143.48826599121094,-7.679901123046875,-0.05352285129375869,1491
142_16.png,PED,44,185.31817626953125,141.69464111328125,43.62353515625,0.307870042321319,560
142_17.png,PED,76,169.11842346191406,141.01162719726562,28.106796264648438,0.19932254398659588,688
142_17.png,PED,78,179.85897827148438,133.2576446533203,46.60133361816406,0.3497085194579336,687
142_17.png,PED,82,174.53659057617188,145.88986206054688,28.646728515625,0.19635859621099716,799
142_17.png,PED,143,152.1608428955078,140.0416717529297,12.119171142578125,0.08653974913952418,1056
142_18.png,PED,115,140.30435180664062,149.7683868408203,-9.464035034179688,-0.06319113955763196,816
142_19.png,PED,84,138.9761962890625,141.5208282470703,-2.5446319580078125,-0.01798061804418877,720
142_6.png,PED,83,187.56626892089844,144.0513458251953,43.514923095703125,0.30207925407727876,896
142_7.png,PED,114,173.71929931640625,139.38072204589844,34.33857727050781,0.2463653277617548,809
142_8.png,PED,56,157.75,157.3203125,0.4296875,0.0027312906589859465,640
142_8.png,PED,259,156.9961395263672,136.408447265625,20.587692260742188,0.1509268133567436,1420
142_9.png,PED,58,152.10345458984375,148.7948760986328,3.3085784912109375,0.02223583619248928,624
142_9.png,PED,61,176.8524627685547,153.87847900390625,22.973983764648438,0.14929952462075763,576
143_1.png,SRF,219,74.50685119628906,121.27474212646484,-46.76789093017578,-0.38563587198896204,768
143_1.png,SRF,772,69.59197235107422,130.28274536132812,-60.690773010253906,-0.46583891705638536,2497
143_1.png,SRF,55,74.41818237304688,121.92509460449219,-47.50691223144531,-0.38964015066423396,534
143_10.png,SRF,3546,59.98307800292969,112.12467193603516,-52.14159393310547,-0.46503229871523,3842
143_10.png,SRF,487,56.45585250854492,97.41641998291016,-40.960567474365234,-0.4204688232389466,1998
143_10.png,PED,313,143.03195190429688,134.0745391845703,8.957412719726562,0.06680920012259425,872
143_11.png,SRF,3530,50.59320068359375,111.0528335571289,-60.459632873535156,-0.5444222442323627,3899
143_11.png,SRF,621,59.42351150512695,101.94960021972656,-42.52608871459961,-0.4171285480565435,1746
143_11.png,PED,66,153.6212158203125,128.49508666992188,25.126129150390625,0.1955415557244972,610
143_11.png,PED,198,136.53030395507812,135.82989501953125,0.700408935546875,0.005156515327102048,776
143_12.png,SRF,4470,57.83489990234375,115.62288665771484,-57.787986755371094,-0.49979712862942294,3792
143_12.png,SRF,710,67.32535552978516,99.24906921386719,-31.92371368408203,-0.321652524672963,2140
143_12.png,IRF,63,58.60317611694336,108.78308868408203,-50.17991256713867,-0.46128413133098856,544
143_12.png,IRF,3379,62.885765075683594,94.10852813720703,-31.222763061523438,-0.33177400262813284,2368
143_12.png,PED,77,149.18182373046875,139.51565551757812,9.666168212890625,0.06928375297403629,415
143_13.png,SRF,4040,50.92203140258789,120.67691040039062,-69.75487899780273,-0.5780300371161718,3776
143_13.png,SRF,367,80.77928924560547,109.42094421386719,-28.64165496826172,-0.2617566058677082,1480
143_13.png,IRF,26,42.11538314819336,107.08795928955078,-64.97257614135742,-0.606721582635455,432
143_13.png,IRF,131,47.57251739501953,103.36833953857422,-55.79582214355469,-0.53977670912217,676
143_14.png,SRF,3754,51.617740631103516,125.18836975097656,-73.57062911987305,-0.58767942474384,2442
143_14.png,SRF,505,68.99009704589844,111.22996520996094,-42.2398681640625,-0.3797525971021324,1722
143_14.png,IRF,50,45.779998779296875,104.91856384277344,-59.13856506347656,-0.5636615952168306,528
143_14.png,IRF,104,47.66345977783203,110.30992889404297,-62.64646911621094,-0.5679132399440248,584
143_14.png,IRF,73,42.76712417602539,109.86355590820312,-67.09643173217773,-0.6107251051316817,557
143_14.png,IRF,44,58.318180084228516,111.5257339477539,-53.20755386352539,-0.4770876817403538,544
143_14.png,PED,111,103.31531524658203,148.52877807617188,-45.213462829589844,-0.30440877125106663,469
143_15.png,SRF,4313,59.23533630371094,117.80459594726562,-58.56925964355469,-0.4971729597864993,3352
143_15.png,SRF,590,66.5322036743164,108.8145980834961,-42.28239440917969,-0.3885728124156225,1877
143_15.png,IRF,45,56.17777633666992,113.23611450195312,-57.0583381652832,-0.5038881669177994,576
143_15.png,IRF,84,52.58333206176758,112.38368225097656,-59.800350189208984,-0.5321088345874104,576
143_15.png,IRF,48,61.45833206176758,112.22466278076172,-50.76633071899414,-0.45236340623423854,592
143_16.png,SRF,3168,54.73200607299805,120.71088409423828,-65.97887802124023,-0.5465859894599969,2518
143_16.png,SRF,798,67.47493743896484,104.8757553100586,-37.40081787109375,-0.35662024803083014,1980
143_17.png,SRF,3108,58.58687210083008,127.72940063476562,-69.14252853393555,-0.541320386616738,2439
143_17.png,SRF,742,61.843666076660156,111.67981719970703,-49.836151123046875,-0.4462413386111596,1952
143_17.png,IRF,55,57.0363655090332,115.98106384277344,-58.944698333740234,-0.5082269155044741,528
143_18.png,SRF,2702,53.474464416503906,126.46724700927734,-72.99278259277344,-0.5771674826401405,2412
143_18.png,SRF,1193,65.16513061523438,112.7474365234375,-47.582305908203125,-0.4220256120706736,2245
143_18.png,IRF,368,69.32880401611328,107.52194213867188,-38.193138122558594,-0.3552125023309253,843
143_19.png,SRF,5717,67.02886199951172,97.25033569335938,-30.221473693847656,-0.31075958225110056,3763
143_19.png,SRF,2539,54.25128173828125,125.21188354492188,-70.96060180664062,-0.5667241782301143,2643
143_19.png,IRF,788,69.51142120361328,105.56297302246094,-36.051551818847656,-0.34151701857787636,1318
143_2.png,SRF,1117,75.21844482421875,124.19099426269531,-48.97254943847656,-0.3943325337655906,3309
143_2.png,PED,167,129.16766357421875,127.06948852539062,2.098175048828125,0.016512028758255956,662
143_20.png,SRF,4778,62.68731689453125,97.01205444335938,-34.324737548828125,-0.35381930365023523,4147
143_20.png,SRF,3404,64.19359588623047,126.19852447509766,-62.00492858886719,-0.4913284750892822,2846
143_20.png,IRF,755,73.2635726928711,110.5940170288086,-37.3304443359375,-0.33754488116851117,1303
143_21.png,SRF,3826,68.67668914794922,102.4289321899414,-33.75224304199219,-0.32951864595642716,3180
143_21.png,SRF,3065,58.68580627441406,130.73699951171875,-72.05119323730469,-0.5511155488224763,2749
143_21.png,IRF,606,71.26072692871094,111.51924896240234,-40.258522033691406,-0.3610006560146777,1325
143_21.png,PED,774,65.70930480957031,68.64958953857422,-2.9402847290039062,-0.04283033225350546,1210
143_22.png,SRF,8118,71.86166381835938,115.93276977539062,-44.07110595703125,-0.3801436474123328,6366
143_22.png,IRF,603,72.89220428466797,107.11785125732422,-34.22564697265625,-0.3195139425494783,1434
143_22.png,PED,314,74.00318145751953,74.43766021728516,-0.434478759765625,-0.005836813764663908,770
143_23.png,SRF,7175,69.23902130126953,114.53730773925781,-45.29828643798828,-0.3954893591624228,6151
143_23.png,IRF,664,66.78012084960938,105.63260650634766,-38.85248565673828,-0.36780769633288907,1331
143_23.png,PED,365,87.86575317382812,84.23653411865234,3.6292190551757812,0.043083670204946974,947
143_23.png,PED,162,84.23456573486328,126.63934326171875,-42.40477752685547,-0.3348467895890757,427
143_24.png,SRF,5694,57.834388732910156,115.2435073852539,-57.40911865234375,-0.4981549065530228,5889
143_24.png,IRF,729,75.17969512939453,102.08810424804688,-26.908409118652344,-0.2635802605685779,1328
143_24.png,PED,283,126.14840698242188,114.0792465209961,12.069160461425781,0.10579628485891579,1060
143_24.png,PED,104,136.41346740722656,132.3922882080078,4.02117919921875,0.030373213225991565,441
143_25.png,SRF,5934,56.555442810058594,119.60244750976562,-63.04700469970703,-0.5271380813052274,5881
143_25.png,IRF,422,62.6327018737793,98.13321685791016,-35.50051498413086,-0.3617583945661646,1171
143_25.png,PED,753,128.40371704101562,119.5913314819336,8.812385559082031,0.07368749431820901,1615
143_26.png,SRF,3673,55.49114990234375,116.63423156738281,-61.14308166503906,-0.5242293008096428,2045
143_26.png,SRF,2983,63.39356231689453,117.96912384033203,-54.5755615234375,-0.4626258104392131,3077
143_26.png,IRF,637,67.09732818603516,97.84127044677734,-30.743942260742188,-0.3142226395911933,1197
143_26.png,PED,986,119.64401245117188,116.78063201904297,2.8633804321289062,0.02451930926064851,2220
143_27.png,SRF,6779,57.031715393066406,116.44081115722656,-59.409095764160156,-0.5102085357679432,6395
143_27.png,IRF,1317,74.31359100341797,96.20399475097656,-21.890403747558594,-0.2275415257362417,3103
143_27.png,PED,1335,115.05467987060547,120.82524871826172,-5.77056884765625,-0.04775962730366039,2495
143_28.png,SRF,6734,54.726314544677734,114.04449462890625,-59.318180084228516,-0.5201319035806701,6270
143_28.png,IRF,1236,70.38187408447266,94.28575897216797,-23.903884887695312,-0.2535259316812781,3139
143_28.png,PED,1675,116.73731231689453,120.57099914550781,-3.8336868286132812,-0.031796094050665545,3007
143_29.png,SRF,7281,53.60445022583008,113.14662170410156,-59.542171478271484,-0.5262390567345864,6370
143_29.png,IRF,990,65.38990020751953,94.7173080444336,-29.327407836914062,-0.309630926410578,2929
143_29.png,PED,1253,115.75738525390625,122.65082550048828,-6.893440246582031,-0.05620378190242664,3030
143_3.png,SRF,1567,78.49010467529297,128.02305603027344,-49.53295135498047,-0.3869064908376151,4337
143_3.png,PED,356,121.15168762207031,133.2994842529297,-12.147796630859375,-0.0911316101404375,965
143_30.png,SRF,9175,57.57798385620117,111.64069366455078,-54.06270980834961,-0.48425630506016926,6610
143_30.png,PED,146,113.88356018066406,122.76156616210938,-8.878005981445312,-0.07231910001638223,562
143_30.png,PED,1079,105.69972229003906,122.42207336425781,-16.72235107421875,-0.1365958818918434,2265
143_30.png,PED,144,110.03472137451172,121.34931182861328,-11.314590454101562,-0.093239840289178,438
143_4.png,SRF,1487,62.5850715637207,123.76719665527344,-61.182125091552734,-0.49433231700288255,2908
143_4.png,SRF,72,83.55555725097656,132.5809326171875,-49.02537536621094,-0.369776968666876,556
143_4.png,PED,351,87.84330749511719,139.06619262695312,-51.22288513183594,-0.3683345618675417,1118
143_5.png,SRF,1901,63.48711395263672,122.90410614013672,-59.4169921875,-0.483441880450699,3973
143_5.png,PED,336,90.9047622680664,141.4983367919922,-50.59357452392578,-0.3575559661757736,905
143_6.png,SRF,2025,63.96049499511719,124.32418823242188,-60.36369323730469,-0.48553458579159053,3427
143_6.png,PED,321,102.6479721069336,141.23651123046875,-38.588539123535156,-0.2732192886056683,1057
143_7.png,SRF,2624,63.58803176879883,124.4344711303711,-60.846439361572266,-0.48898379049502216,3754
143_7.png,PED,137,114.9635009765625,132.1092529296875,-17.145751953125,-0.1297846409157312,659
143_8.png,SRF,3152,54.89562225341797,107.4508285522461,-52.555206298828125,-0.4891093629238426,4403
143_8.png,PED,271,137.40220642089844,126.04399871826172,11.358207702636719,0.0901130384479868,841
143_9.png,SRF,3772,60.516170501708984,105.795654296875,-45.279483795166016,-0.42799001618824983,5755
143_9.png,PED,37,108.89189147949219,135.6561279296875,-26.764236450195312,-0.1972947102254577,506
143_9.png,PED,210,119.47618865966797,129.0436553955078,-9.567466735839844,-0.0741413183508819,733
144_10.png,SRF,135,83.79259490966797,138.3991241455078,-54.606529235839844,-0.394558344014002,689
144_10.png,PED,172,118.02906799316406,103.33167266845703,14.697395324707031,0.14223514383497973,603
144_11.png,SRF,128,87.7109375,124.94960021972656,-37.23866271972656,-0.29802946671491204,992
144_11.png,PED,419,119.18376922607422,99.1103515625,20.07341766357422,0.20253603530924533,734
144_12.png,SRF,164,89.18292999267578,136.35687255859375,-47.17394256591797,-0.3459594054978557,793
144_12.png,SRF,170,70.95294189453125,127.16376495361328,-56.21082305908203,-0.44203490734633866,977
144_12.png,PED,513,110.18128967285156,92.73097229003906,17.4503173828125,0.18818218931461556,933
144_13.png,SRF,615,63.85853576660156,86.63851165771484,-22.77997589111328,-0.2629312929694679,805
144_13.png,SRF,249,78.1686782836914,137.0173797607422,-58.84870147705078,-0.4294980795853165,978
144_13.png,SRF,173,85.76878356933594,134.4054412841797,-48.63665771484375,-0.3618652433275302,920
144_13.png,PED,91,115.87911987304688,97.74209594726562,18.13702392578125,0.18556000615708754,411
144_14.png,SRF,734,64.62261199951172,84.43170928955078,-19.809097290039062,-0.23461679808122307,820
144_14.png,SRF,471,88.4755859375,129.1999969482422,-40.72441101074219,-0.3152044270330477,1180
144_14.png,SRF,162,85.51851654052734,136.6210479736328,-51.10253143310547,-0.37404581644673085,855
144_15.png,SRF,554,54.8465690612793,89.22401428222656,-34.377445220947266,-0.3852936398065118,683
144_15.png,SRF,40,77.67500305175781,136.8900146484375,-59.21501159667969,-0.43257363766638757,491
144_15.png,SRF,227,85.79295349121094,132.93624877929688,-47.14329528808594,-0.3546308529162281,1051
144_15.png,PED,216,99.23148345947266,80.84452819824219,18.38695526123047,0.22743598943571122,521
144_15.png,PED,74,115.83783721923828,104.12228393554688,11.715553283691406,0.11251725222377464,368
144_16.png,SRF,564,57.46985626220703,86.96666717529297,-29.496810913085938,-0.33917375324538035,840
144_16.png,SRF,55,76.38182067871094,129.3454132080078,-52.963592529296875,-0.4094740680454054,524
144_16.png,SRF,261,82.32949829101562,128.1060028076172,-45.77650451660156,-0.3573330172930795,1066
144_17.png,SRF,309,59.71844482421875,86.39592742919922,-26.67748260498047,-0.30878171458767495,687
144_17.png,SRF,88,76.76136016845703,128.79055786132812,-52.029197692871094,-0.40398301363747624,487
144_17.png,SRF,137,82.0291976928711,128.90716552734375,-46.877967834472656,-0.36365680404731976,711
144_18.png,SRF,83,82.34939575195312,133.2871551513672,-50.93775939941406,-0.3821655533240749,592
144_18.png,SRF,122,85.81147766113281,133.92079162597656,-48.10931396484375,-0.3592370787293943,707
144_20.png,SRF,109,94.15596008300781,128.25,-34.09403991699219,-0.2658404671890229,604
144_20.png,SRF,143,78.66433715820312,125.05664825439453,-46.392311096191406,-0.3709703701783097,812
144_20.png,PED,250,103.81999969482422,87.6042709350586,16.215728759765625,0.18510203425796912,609
144_21.png,SRF,46,80.73912811279297,124.44471740722656,-43.705589294433594,-0.35120485790822,407
144_21.png,PED,979,117.3615951538086,99.9970474243164,17.364547729492188,0.17365060446044359,1356
144_22.png,SRF,48,85.27083587646484,122.05545043945312,-36.78461456298828,-0.30137625505905347,523
144_22.png,SRF,88,69.93181610107422,119.53302764892578,-49.60121154785156,-0.4149582130014534,651
144_22.png,PED,977,125.89559936523438,111.26959991455078,14.625999450683594,0.13144649986982604,1250
144_23.png,SRF,243,82.70781707763672,134.25875854492188,-51.550941467285156,-0.3839670649869493,1113
144_26.png,SRF,370,81.35134887695312,116.86898803710938,-35.51763916015625,-0.30390987170076583,1351
144_26.png,SRF,158,95.49366760253906,120.98426055908203,-25.49059295654297,-0.21069346408159242,826
144_3.png,SRF,147,89.30612182617188,133.8485870361328,-44.54246520996094,-0.33278248352324086,1136
144_4.png,SRF,422,90.09478759765625,131.28497314453125,-41.190185546875,-0.3137463836133694,1744
144_5.png,SRF,330,85.49394226074219,131.84730529785156,-46.353363037109375,-0.3515685279452177,1264
144_6.png,SRF,162,73.87654113769531,131.803466796875,-57.92692565917969,-0.43949470425123227,809
144_7.png,SRF,114,75.21929931640625,133.875,-58.65570068359375,-0.43813782023225956,712
144_7.png,SRF,48,74.0625,130.0,-55.9375,-0.43028846153846156,556
144_8.png,SRF,227,93.77973937988281,131.4124298095703,-37.6326904296875,-0.28637085916622207,982
144_9.png,SRF,278,84.99280548095703,131.87525939941406,-46.88245391845703,-0.35550606028734255,978
145_1.png,SRF,125,102.36799621582031,129.8958282470703,-27.52783203125,-0.21192237197094793,768
145_10.png,SRF,4206,45.97123336791992,120.05859375,-74.08736038208008,-0.6170933547360501,4369
145_11.png,SRF,4846,47.274658203125,122.62430572509766,-75.34964752197266,-0.614475630067121,4690
145_12.png,SRF,5567,46.996585845947266,120.44896697998047,-73.4523811340332,-0.6098215947857946,5163
145_13.png,SRF,6268,46.84173583984375,118.35055541992188,-71.50881958007812,-0.6042119475177476,5380
145_13.png,PED,218,85.72018432617188,117.78302001953125,-32.062835693359375,-0.2722195074302101,848
145_14.png,SRF,6719,47.383541107177734,118.32682800292969,-70.94328689575195,-0.599553694568703,5174
145_14.png,PED,77,105.01298522949219,122.68988800048828,-17.676902770996094,-0.14407791105755793,445
145_14.png,PED,217,81.34561920166016,113.44865417480469,-32.10303497314453,-0.282974136684595,633
145_15.png,SRF,6932,44.48196792602539,112.76219177246094,-68.28022384643555,-0.6055240925452738,5475
145_15.png,PED,100,61.619998931884766,108.6819076538086,-47.06190872192383,-0.43302431598673374,525
145_16.png,SRF,7252,45.41960906982422,114.82794189453125,-69.40833282470703,-0.6044550801795102,5562
145_17.png,SRF,6763,45.10173034667969,114.00093841552734,-68.89920806884766,-0.6043740431128182,5318
145_18.png,SRF,6552,44.493743896484375,112.68077850341797,-68.1870346069336,-0.6051345714199629,5103
145_19.png,SRF,6284,45.736473083496094,112.24201202392578,-66.50553894042969,-0.592519126672936,5070
145_2.png,SRF,369,75.864501953125,122.98596954345703,-47.12146759033203,-0.38314506740284454,1568
145_20.png,SRF,5883,48.363250732421875,112.31562042236328,-63.952369689941406,-0.5693987127475973,4610
145_20.png,PED,524,128.00381469726562,116.58978271484375,11.414031982421875,0.09789907585931787,1292
145_21.png,SRF,4825,48.73202133178711,112.45633697509766,-63.72431564331055,-0.5666582902964523,4306
145_21.png,PED,560,136.44642639160156,117.74053955078125,18.705886840820312,0.1588737992214865,1268
145_22.png,SRF,4117,52.05950927734375,115.59235382080078,-63.53284454345703,-0.5496284351294551,4526
145_23.png,SRF,2737,58.7844352722168,117.64058685302734,-58.85615158081055,-0.5003048110797141,4026
145_24.png,SRF,1258,61.52305221557617,119.53511810302734,-58.01206588745117,-0.48531399648972245,2691
145_25.png,SRF,377,65.9708251953125,121.22157287597656,-55.25074768066406,-0.45578312811690586,1363
145_3.png,SRF,885,65.3604507446289,121.6971206665039,-56.336669921875,-0.4629252492855502,2572
145_4.png,SRF,1297,53.292213439941406,118.42290496826172,-65.13069152832031,-0.5499839034161158,2471
145_5.png,SRF,1929,50.73094940185547,118.43399047851562,-67.70304107666016,-0.571652114423534,2848
145_6.png,SRF,2535,50.209861755371094,119.10566711425781,-68.89580535888672,-0.5784427141724089,3104
145_7.png,SRF,3040,49.32335662841797,121.31925964355469,-71.99590301513672,-0.5934416615026025,3552
145_8.png,SRF,3781,50.59270095825195,124.01697540283203,-73.42427444458008,-0.5920501947905381,4300
145_9.png,SRF,4057,47.65738296508789,124.0225601196289,-76.36517715454102,-0.6157361780056884,4388
146_1.png,SRF,2888,54.992034912109375,111.26860809326172,-56.276573181152344,-0.5057722402169635,2405
146_1.png,SRF,3419,43.4334602355957,96.16795349121094,-52.734493255615234,-0.5483582767562459,2846
146_1.png,PED,6260,55.084503173828125,87.01204681396484,-31.92754364013672,-0.366932451415596,3237
146_10.png,SRF,3805,43.38975143432617,78.26435852050781,-34.87460708618164,-0.44560011409335654,2769
146_10.png,PED,3485,57.276039123535156,85.64260864257812,-28.36656951904297,-0.33122028822625366,2591
146_11.png,SRF,3395,47.340206146240234,85.9350357055664,-38.59482955932617,-0.4491163498385119,2663
146_11.png,PED,3499,54.94855499267578,81.9384536743164,-26.989898681640625,-0.32939233621515857,2486
146_12.png,SRF,2412,48.25456237792969,91.32036590576172,-43.06580352783203,-0.4715903522799492,2622
146_12.png,PED,3570,53.476470947265625,81.62960052490234,-28.15312957763672,-0.34488873394704633,2527
146_13.png,SRF,1810,58.65027618408203,103.96768188476562,-45.317405700683594,-0.4358797356943278,2290
146_13.png,PED,3430,54.931488037109375,87.27146911621094,-32.33998107910156,-0.37056762544053834,2457
146_14.png,SRF,1035,58.885990142822266,101.40608215332031,-42.52009201049805,-0.4193051452891164,1842
146_14.png,PED,3242,54.993831634521484,85.76327514648438,-30.76944351196289,-0.3587717873344789,2467
146_15.png,SRF,713,62.938289642333984,101.0434799194336,-38.10519027709961,-0.3771167650548314,1357
146_15.png,PED,2310,58.98657989501953,90.95854187011719,-31.971961975097656,-0.35150037937889894,2219
146_16.png,SRF,181,53.30386734008789,105.6816635131836,-52.3777961730957,-0.4956185816147914,889
146_16.png,PED,1561,60.96540832519531,92.35590362548828,-31.39049530029297,-0.339886180179497,1964
146_17.png,PED,943,67.02014923095703,93.3504867553711,-26.330337524414062,-0.2820589205219018,1632
146_18.png,PED,369,75.61246490478516,101.99032592773438,-26.37786102294922,-0.25863101017678236,1137
146_2.png,SRF,3105,49.85603713989258,105.79676055908203,-55.94072341918945,-0.5287564867163342,2903
146_2.png,SRF,2944,40.83661651611328,91.85951232910156,-51.02289581298828,-0.5554448801142173,2534
146_2.png,PED,5336,54.5052490234375,83.6458740234375,-29.140625,-0.34838090151146994,2886
146_3.png,SRF,3666,46.12138748168945,89.33879089355469,-43.217403411865234,-0.48374735072649316,2869
146_3.png,SRF,3209,51.73948287963867,111.32997131347656,-59.59048843383789,-0.5352600717559372,3273
146_3.png,PED,5823,54.695518493652344,83.80012512207031,-29.10460662841797,-0.34730982305839936,3152
146_4.png,SRF,3302,41.99636459350586,87.1268539428711,-45.130489349365234,-0.5179859860308649,2759
146_4.png,SRF,2509,51.64368438720703,109.90357208251953,-58.2598876953125,-0.5301000376181485,2966
146_4.png,PED,5609,55.769832611083984,84.82112884521484,-29.05129623413086,-0.34250070270987415,3332
146_5.png,SRF,3619,42.34788513183594,86.39115905761719,-44.04327392578125,-0.5098122817915581,2986
146_5.png,SRF,1828,53.01203536987305,111.4488296508789,-58.43679428100586,-0.5243374422509696,2687
146_5.png,PED,4960,57.961692810058594,87.55079650878906,-29.58910369873047,-0.3379649857983882,3455
146_6.png,SRF,4152,43.29768753051758,83.03797149658203,-39.74028396606445,-0.47857965759315574,2923
146_6.png,SRF,1274,55.00941848754883,113.33618927001953,-58.3267707824707,-0.5146350089776638,2219
146_6.png,PED,3384,55.259159088134766,84.00432586669922,-28.745166778564453,-0.34218674433716917,2312
146_6.png,PED,1031,72.24539184570312,102.28329467773438,-30.03790283203125,-0.2936735947612184,1592
146_7.png,SRF,4737,43.9734001159668,82.28028869628906,-38.306888580322266,-0.46556580181335644,3079
146_7.png,SRF,717,60.18549346923828,113.11788177490234,-52.93238830566406,-0.4679400593002287,1756
146_7.png,PED,3140,54.45987319946289,79.49518585205078,-25.03531265258789,-0.3149286637203584,2181
146_7.png,PED,776,79.68685913085938,104.52909851074219,-24.842239379882812,-0.2376586016125437,1512
146_8.png,SRF,5338,45.47171401977539,85.88412475585938,-40.412410736083984,-0.470545759777646,2917
146_8.png,SRF,383,62.2140998840332,110.59303283691406,-48.37893295288086,-0.43745009709809496,1263
146_8.png,PED,4311,64.05265808105469,83.56340789794922,-19.51074981689453,-0.2334843720198893,3793
146_9.png,SRF,5030,43.349700927734375,84.89108276367188,-41.5413818359375,-0.48934918113348225,2984
146_9.png,PED,3645,56.168174743652344,86.9431381225586,-30.77496337890625,-0.35396655841343805,2726
147_12.png,PED,1039,115.87006378173828,113.99579620361328,1.874267578125,0.016441549956607893,1664
147_12.png,PED,760,128.01710510253906,124.95194244384766,3.0651626586914062,0.024530732365916314,1623
147_13.png,PED,4142,110.65740966796875,117.04822540283203,-6.390815734863281,-0.0545998515814205,4085
147_14.png,PED,3577,108.63265228271484,113.60960388183594,-4.976951599121094,-0.04380749011586701,3914
147_15.png,PED,3739,110.80261993408203,118.03398132324219,-7.231361389160156,-0.06126508068347451,4414
147_16.png,PED,3318,102.67570495605469,104.44380187988281,-1.768096923828125,-0.016928691717499444,3470
147_17.png,PED,3728,98.68025970458984,114.09778594970703,-15.417526245117188,-0.13512555144508284,3978
147_18.png,PED,3459,91.49349212646484,97.58970642089844,-6.096214294433594,-0.062467800324564914,3478
147_19.png,PED,4826,102.46436309814453,114.18037414550781,-11.716011047363281,-0.10260967469271709,3831
147_2.png,PED,66,210.3030242919922,152.6332244873047,57.6697998046875,0.37783254595059806,608
147_20.png,PED,5681,100.23710632324219,119.92440795898438,-19.687301635742188,-0.1641642595598678,4326
147_21.png,PED,6468,112.7974624633789,117.5171890258789,-4.7197265625,-0.0401620103545929,4246
147_22.png,PED,6095,120.19524383544922,117.73758697509766,2.4576568603515625,0.020874020977441763,4150
147_23.png,PED,6752,116.9623794555664,123.09315490722656,-6.130775451660156,-0.049805981951480796,4573
147_24.png,PED,6510,109.35652923583984,122.9184341430664,-13.561904907226562,-0.1103325550945571,4205
147_25.png,PED,5961,93.9542007446289,115.31326293945312,-21.35906219482422,-0.18522641412062982,3920
147_26.png,PED,2780,120.75359344482422,129.76364135742188,-9.010047912597656,-0.0694343023850596,2217
147_26.png,PED,3245,79.44468688964844,103.86734771728516,-24.42266082763672,-0.23513319021211904,2744
147_27.png,PED,2809,99.4118881225586,132.83749389648438,-33.42560577392578,-0.2516277956882655,2246
147_27.png,PED,2451,91.72908782958984,131.26171875,-39.532630920410156,-0.3011741069435765,2197
147_28.png,PED,2197,94.1761474609375,109.8143081665039,-15.638160705566406,-0.1424054931152991,1454
147_28.png,PED,2007,105.97309112548828,131.7427215576172,-25.769630432128906,-0.19560572400091686,2025
147_29.png,PED,2038,109.04808807373047,109.88829803466797,-0.8402099609375,-0.0076460367115015965,1495
147_3.png,PED,128,212.8515625,152.15399169921875,60.69757080078125,0.3989219745267643,1013
147_3.png,PED,191,190.2408447265625,155.5,34.7408447265625,0.22341379245377813,1248
147_30.png,PED,2203,122.21924591064453,133.8813018798828,-11.662055969238281,-0.08710742878569691,2022
147_4.png,PED,236,167.95338439941406,162.28038024902344,5.673004150390625,0.034958040779084036,1152
147_4.png,PED,478,179.73431396484375,145.78297424316406,33.95133972167969,0.23288960798021108,1456
147_5.png,PED,760,187.13552856445312,144.30357360839844,42.83195495605469,0.2968183939248049,1568
147_5.png,PED,83,182.2168731689453,159.43885803222656,22.77801513671875,0.14286363699440663,736
147_5.png,PED,947,167.7782440185547,141.63218688964844,26.14605712890625,0.18460533373870544,1808
147_6.png,PED,1718,168.43539428710938,134.8909149169922,33.54447937011719,0.24867856660887394,2365
147_7.png,PED,1854,152.62945556640625,145.3539276123047,7.2755279541015625,0.050053879338625214,2249
147_8.png,PED,2020,137.86337280273438,134.706787109375,3.156585693359375,0.023433011514084955,2360
148_10.png,SRF,11292,48.06110382080078,108.72085571289062,-60.659751892089844,-0.5579403463515753,7326
148_11.png,SRF,13553,48.10374069213867,105.81766510009766,-57.713924407958984,-0.5454091654107545,7585
148_12.png,SRF,15002,47.91034698486328,99.51628112792969,-51.605934143066406,-0.5185677515091847,7769
148_12.png,PED,377,68.48541259765625,73.85501098632812,-5.369598388671875,-0.0727045912926055,669
148_13.png,SRF,15114,47.643375396728516,99.8865966796875,-52.243221282958984,-0.5230253409322828,7795
148_13.png,PED,1000,53.21200180053711,75.4392318725586,-22.227230072021484,-0.2946375449523466,1045
148_14.png,SRF,16577,51.03921127319336,94.90816497802734,-43.868953704833984,-0.4622252860435169,7394
148_14.png,PED,402,119.00994873046875,82.30763244628906,36.70231628417969,0.4459163165473174,1219
148_14.png,PED,1415,49.20565414428711,68.35272979736328,-19.147075653076172,-0.28012159440945655,1117
148_15.png,SRF,16985,51.645450592041016,94.8858871459961,-43.24043655395508,-0.4557098832561181,7808
148_15.png,PED,2388,44.072444915771484,64.88167572021484,-20.80923080444336,-0.32072585323131436,1386
148_16.png,SRF,17348,51.89549255371094,97.4014663696289,-45.50597381591797,-0.46720008960878795,7901
148_16.png,PED,3214,41.8668327331543,68.12413787841797,-26.257305145263672,-0.38543321006315595,1450
148_17.png,SRF,19040,46.507354736328125,86.40201568603516,-39.89466094970703,-0.46173298890010805,8149
148_17.png,PED,3921,39.12777328491211,56.20635986328125,-17.07858657836914,-0.30385505519147343,1604
148_18.png,SRF,19552,50.32012176513672,82.68515014648438,-32.365028381347656,-0.39142492121027805,8261
148_18.png,PED,4377,41.552433013916016,75.2588119506836,-33.70637893676758,-0.44787285452838477,1646
148_19.png,SRF,19815,51.06116485595703,89.0982894897461,-38.03712463378906,-0.4269119514148089,8190
148_19.png,PED,4179,43.004547119140625,65.97284698486328,-22.968299865722656,-0.34814777465936053,1731
148_2.png,SRF,478,75.82217407226562,148.88172912597656,-73.05955505371094,-0.49072210191682725,2080
148_20.png,SRF,21688,51.14339828491211,90.95274353027344,-39.80934524536133,-0.43769262696414285,8359
148_20.png,PED,3393,43.926612854003906,65.1361083984375,-21.209495544433594,-0.3256180951845501,1947
148_21.png,SRF,24625,52.0259895324707,86.80949401855469,-34.783504486083984,-0.40068779203631055,8556
148_21.png,PED,2587,40.122920989990234,57.7533073425293,-17.630386352539062,-0.3052705925216532,1512
148_22.png,SRF,26969,51.572509765625,87.27299499511719,-35.70048522949219,-0.4090668050465048,8535
148_22.png,PED,1820,37.88681411743164,57.43465805053711,-19.54784393310547,-0.34034926987647773,1385
148_23.png,SRF,30515,51.71810531616211,84.1708984375,-32.45279312133789,-0.38555835477312017,8660
148_23.png,PED,1059,39.28611755371094,52.30961990356445,-13.023502349853516,-0.24896954659320847,998
148_24.png,SRF,32203,51.93330001831055,81.43392944335938,-29.500629425048828,-0.36226459445958237,8718
148_24.png,PED,643,37.869361877441406,43.30792999267578,-5.438568115234375,-0.1255790363601803,971
148_3.png,SRF,1154,64.62391662597656,145.05531311035156,-80.431396484375,-0.554487765802735,3489
148_4.png,SRF,1729,60.63042068481445,145.8370361328125,-85.20661544799805,-0.5842590997968523,4136
148_5.png,SRF,2982,61.265594482421875,134.2575225830078,-72.99192810058594,-0.5436710487150319,5184
148_6.png,SRF,4729,58.781349182128906,127.87554931640625,-69.09420013427734,-0.5403237796720273,5946
148_7.png,SRF,6104,56.38450241088867,123.38175201416016,-66.99724960327148,-0.5430077666232395,6554
148_8.png,SRF,7546,53.74860763549805,122.16326904296875,-68.4146614074707,-0.5600264461112863,6872
148_9.png,SRF,9937,50.177921295166016,115.35307312011719,-65.17515182495117,-0.5650057693485484,7126
149_17.png,PED,1257,143.513916015625,135.34317016601562,8.170745849609375,0.06037058123869062,915
149_18.png,PED,821,122.04994201660156,136.54202270507812,-14.492080688476562,-0.10613641428015544,821
149_19.png,PED,1313,129.54150390625,158.77645874023438,-29.234954833984375,-0.1841265075814174,1946
149_20.png,PED,905,126.4209976196289,154.3422088623047,-27.92121124267578,-0.18090457204474436,1616
149_21.png,IRF,53,69.13207244873047,125.00201416015625,-55.86994171142578,-0.44695233182277827,497
149_21.png,IRF,63,64.46031951904297,120.44378662109375,-55.98346710205078,-0.46480992230981716,507
14_1.png,SRF,134,61.51492691040039,126.23545837402344,-64.72053146362305,-0.5126969260242425,722
14_1.png,SRF,443,84.24153137207031,119.7621841430664,-35.520652770996094,-0.29659322786367665,1354
14_1.png,PED,398,81.5251235961914,132.8518524169922,-51.32672882080078,-0.3863456014124491,1026
14_10.png,SRF,366,100.12568664550781,128.69699096679688,-28.571304321289062,-0.22200444708657022,1165
14_10.png,SRF,292,79.96917724609375,120.6005630493164,-40.631385803222656,-0.3369087571059476,1059
14_10.png,PED,1769,79.09101104736328,124.28925323486328,-45.1982421875,-0.3636536628158117,2019
14_10.png,PED,229,115.63318634033203,142.06495666503906,-26.43177032470703,-0.1860541188002323,1016
14_2.png,SRF,274,70.08029174804688,127.50083923339844,-57.42054748535156,-0.45035427084710855,1188
14_2.png,SRF,566,93.09364318847656,115.4151611328125,-22.321517944335938,-0.19340195625295484,1609
14_2.png,PED,621,65.09017944335938,135.2019805908203,-70.11180114746094,-0.51857081413363,1208
14_3.png,SRF,359,95.47632598876953,127.58341979980469,-32.107093811035156,-0.2516556921065092,965
14_3.png,SRF,673,69.63595581054688,110.5071792602539,-40.87122344970703,-0.36985129584614396,1254
14_3.png,PED,1039,69.07218170166016,124.40377807617188,-55.33159637451172,-0.44477424424065665,1481
14_4.png,SRF,498,79.14257049560547,130.95785522460938,-51.815284729003906,-0.3956638159668552,1234
14_4.png,SRF,616,80.63798522949219,121.39605712890625,-40.75807189941406,-0.3357446103552975,1472
14_4.png,PED,1345,65.57843780517578,127.39218139648438,-61.813743591308594,-0.4852239981582925,1586
14_5.png,SRF,598,83.32608795166016,127.53365325927734,-44.20756530761719,-0.34663450922826394,1263
14_5.png,SRF,841,88.85731506347656,120.92317199707031,-32.06585693359375,-0.2651754531742736,1679
14_5.png,PED,1738,71.49481964111328,125.36380004882812,-53.868980407714844,-0.42970124060321513,1674
14_6.png,SRF,692,102.87716674804688,123.65414428710938,-20.7769775390625,-0.16802491868627525,1411
14_6.png,SRF,585,90.73332977294922,118.30061340332031,-27.567283630371094,-0.23302739383426874,1630
14_6.png,PED,1856,77.12931060791016,118.62355041503906,-41.494239807128906,-0.34979765537238783,1809
14_6.png,PED,127,144.31495666503906,131.36392211914062,12.951034545898438,0.09858897585405897,632
14_7.png,SRF,440,119.73863983154297,125.41405487060547,-5.6754150390625,-0.045253421117099235,1053
14_7.png,SRF,670,100.37462615966797,117.82239532470703,-17.447769165039062,-0.14808533740087962,1920
14_7.png,PED,1915,74.70704650878906,123.33814239501953,-48.63109588623047,-0.3942908085195405,1872
14_7.png,PED,198,142.1262664794922,132.75953674316406,9.366729736328125,0.07055410079088295,786
14_8.png,SRF,471,93.7685775756836,127.55467224121094,-33.786094665527344,-0.26487539869677607,1134
14_8.png,SRF,312,77.58013153076172,114.5112533569336,-36.931121826171875,-0.3225108514973364,1111
14_8.png,PED,1624,75.21859741210938,123.71694946289062,-48.49835205078125,-0.392010571399746,1770
14_8.png,PED,249,130.080322265625,126.35908508300781,3.7212371826171875,0.029449700274203728,1139
14_9.png,SRF,358,87.41619873046875,130.4424285888672,-43.02622985839844,-0.3298484268029841,1051
14_9.png,SRF,196,75.31122589111328,111.14363861083984,-35.83241271972656,-0.32239733346494764,731
14_9.png,PED,2098,90.51334381103516,115.8782958984375,-25.364952087402344,-0.21889303679123542,2046
14_9.png,PED,488,138.54917907714844,123.33089447021484,15.218284606933594,0.12339393687450229,1505
150_14.png,PED,725,115.56965637207031,139.14492797851562,-23.575271606445312,-0.16942961521447195,621
150_15.png,PED,1271,104.61605072021484,134.53787231445312,-29.92182159423828,-0.2224044507282121,1162
150_16.png,PED,996,95.78413391113281,115.2099838256836,-19.42584991455078,-0.16861255656404497,781
150_17.png,PED,564,92.47163391113281,124.2537841796875,-31.782150268554688,-0.2557841636645325,528
150_17.png,PED,194,88.87628936767578,126.5136489868164,-37.637359619140625,-0.29749643552738486,403
150_18.png,PED,1633,113.75260162353516,132.7985076904297,-19.04590606689453,-0.1434195790158499,1206
150_18.png,PED,113,186.0531005859375,154.96499633789062,31.088104248046875,0.200613719115389,800
150_19.png,PED,453,81.60926818847656,114.32933044433594,-32.720062255859375,-0.28619132228531635,583
150_2.png,PED,90,181.12222290039062,170.2955780029297,10.826644897460938,0.06357560791904227,768
150_20.png,PED,394,81.53299713134766,111.61744689941406,-30.084449768066406,-0.26953178561034025,447
150_22.png,PED,376,125.9228744506836,125.47761535644531,0.44525909423828125,0.003548514155082004,670
150_23.png,PED,489,110.55623626708984,115.59500885009766,-5.0387725830078125,-0.0435898801611931,521
150_24.png,PED,491,100.74541473388672,114.88258361816406,-14.137168884277344,-0.12305754657525059,511
150_5.png,IRF,31,48.870967864990234,117.67137145996094,-68.8004035949707,-0.5846826015653336,496
151_1.png,PED,45,160.22222900390625,134.03675842285156,26.185470581054688,0.19536036897017645,544
151_10.png,PED,692,148.3424835205078,141.85763549804688,6.4848480224609375,0.045713774938467955,1440
151_11.png,PED,165,148.18182373046875,136.6281280517578,11.553695678710938,0.08456308260575844,761
151_11.png,PED,1004,150.9810791015625,128.1311798095703,22.849899291992188,0.17833207597051637,1639
151_12.png,IRF,42,37.97618865966797,101.77217864990234,-63.795989990234375,-0.6268509806564467,496
151_12.png,IRF,73,55.342464447021484,96.8400650024414,-41.49760055541992,-0.428516859776723,594
151_12.png,PED,467,139.16273498535156,132.8138427734375,6.3488922119140625,0.047802940411448044,1343
151_12.png,PED,216,128.10647583007812,126.75137329101562,1.3551025390625,0.010691028458928359,547
151_13.png,IRF,237,54.28269958496094,109.15196228027344,-54.8692626953125,-0.502686910514927,816
151_13.png,PED,140,139.35000610351562,135.87364196777344,3.4763641357421875,0.025585272355963733,736
151_13.png,PED,263,126.87832641601562,130.79347229003906,-3.9151458740234375,-0.029933801782870827,552
151_14.png,IRF,286,59.40559387207031,107.12969970703125,-47.72410583496094,-0.44547969391749037,1010
151_14.png,PED,872,149.23509216308594,126.97842407226562,22.256668090820312,0.17527913307660564,1761
151_15.png,IRF,45,49.22222137451172,105.572265625,-56.35004425048828,-0.5337580274221597,512
151_15.png,PED,505,127.84356689453125,124.34842681884766,3.4951400756835938,0.02810763404972833,1016
151_16.png,PED,224,141.07142639160156,129.28286743164062,11.788558959960938,0.09118423186424322,753
151_17.png,PED,258,143.6627960205078,127.64655303955078,16.01624298095703,0.1254733684504153,928
151_2.png,PED,147,135.4013671875,142.44366455078125,-7.04229736328125,-0.04943917572950861,1136
151_2.png,PED,176,168.4545440673828,139.02615356445312,29.428390502929688,0.21167521181031998,994
151_3.png,PED,101,158.49505615234375,146.1531219482422,12.341934204101562,0.08444523140923574,960
151_3.png,PED,348,158.73851013183594,136.188232421875,22.550277709960938,0.1655816902014424,1275
151_3.png,PED,120,172.65834045410156,139.12852478027344,33.529815673828125,0.24099885862214077,817
151_4.png,PED,419,146.63961791992188,142.59158325195312,4.04803466796875,0.028389015506027793,1616
151_5.png,PED,539,143.8441619873047,137.908935546875,5.9352264404296875,0.04303728701040053,1702
151_6.png,PED,728,140.92994689941406,135.91795349121094,5.011993408203125,0.036875138857407994,1938
151_7.png,PED,149,176.24160766601562,133.23712158203125,43.004486083984375,0.32276655014276506,932
151_8.png,PED,663,154.92910766601562,132.47984313964844,22.449264526367188,0.16945419011934648,2109
151_9.png,PED,1415,152.1095428466797,133.6737060546875,18.435836791992188,0.13791670281401391,2985
152_10.png,SRF,2068,61.79255294799805,128.5834503173828,-66.79089736938477,-0.5194361887515434,3044
152_10.png,SRF,1768,65.6561050415039,134.01150512695312,-68.35540008544922,-0.5100711317337574,2608
152_11.png,SRF,1994,64.97843170166016,128.42086791992188,-63.44243621826172,-0.49401968111461364,2780
152_11.png,SRF,1443,66.06999206542969,136.51136779785156,-70.44137573242188,-0.516011060974297,1803
152_11.png,PED,174,138.0,135.046630859375,2.953369140625,0.02186925450735875,622
152_11.png,PED,51,177.21568298339844,153.86354064941406,23.352142333984375,0.15177177280219636,469
152_12.png,SRF,2271,67.03787231445312,126.87242889404297,-59.834556579589844,-0.47161197354833057,2822
152_12.png,SRF,1330,63.124061584472656,129.02999877929688,-65.90593719482422,-0.5107799567413385,1900
152_12.png,PED,164,145.30487060546875,130.64285278320312,14.662017822265625,0.11222977384454923,630
152_13.png,SRF,2241,69.81883239746094,126.57009887695312,-56.75126647949219,-0.44837814762761397,2896
152_13.png,SRF,1238,64.60662078857422,132.32473754882812,-67.7181167602539,-0.5117570456942396,1860
152_13.png,PED,127,138.18898010253906,127.51016998291016,10.678810119628906,0.08374869330862125,639
152_14.png,SRF,1956,66.64826202392578,131.31549072265625,-64.66722869873047,-0.49245697017810586,2859
152_14.png,SRF,986,60.104461669921875,134.01075744628906,-73.90629577636719,-0.5514952469840977,1581
152_15.png,SRF,2276,62.66740036010742,126.27262878417969,-63.605228424072266,-0.5037135049495475,2828
152_15.png,SRF,907,61.20286560058594,130.74632263183594,-69.54345703125,-0.531896084198674,1565
152_15.png,PED,359,92.3509750366211,102.1105728149414,-9.759597778320312,-0.09557871931644117,823
152_16.png,SRF,2448,65.84068298339844,127.19042205810547,-61.34973907470703,-0.48234558925105314,2694
152_16.png,SRF,885,64.02146911621094,129.96310424804688,-65.94163513183594,-0.5073873505358881,1518
152_16.png,PED,225,122.95111083984375,132.14852905273438,-9.197418212890625,-0.06959909640174927,680
152_17.png,SRF,2261,56.799644470214844,123.80831146240234,-67.0086669921875,-0.5412291485175165,2718
152_17.png,SRF,924,60.459957122802734,129.08436584472656,-68.62440872192383,-0.5316244788657907,1541
152_17.png,PED,295,120.02033996582031,131.54867553710938,-11.528335571289062,-0.0876355122863777,904
152_18.png,SRF,2277,57.00614929199219,124.74297332763672,-67.73682403564453,-0.5430111390541745,2774
152_18.png,SRF,923,61.367279052734375,133.28883361816406,-71.92155456542969,-0.5395917468335361,1513
152_18.png,PED,825,83.97696685791016,92.66448211669922,-8.687515258789062,-0.09375237480794674,763
152_18.png,PED,545,126.65321350097656,136.6809844970703,-10.02777099609375,-0.07336624793120868,978
152_19.png,SRF,2326,59.13198471069336,125.82294464111328,-66.69095993041992,-0.5300381430481028,2728
152_19.png,SRF,926,56.636070251464844,122.19223022460938,-65.55615997314453,-0.5365002328923987,1545
152_19.png,PED,1710,68.91696166992188,92.44894409179688,-23.531982421875,-0.2545403049547975,1087
152_19.png,PED,613,116.50244903564453,132.06488037109375,-15.562431335449219,-0.11783928696046819,1418
152_20.png,SRF,2303,59.79852294921875,127.89955139160156,-68.10102844238281,-0.5324571329720443,2877
152_20.png,SRF,993,58.11379623413086,125.47552490234375,-67.36172866821289,-0.5368515391399223,1573
152_20.png,PED,1792,71.63671875,77.4227294921875,-5.7860107421875,-0.074732714541811,880
152_20.png,PED,565,109.13097381591797,140.99693298339844,-31.86595916748047,-0.22600462643561545,1304
152_21.png,SRF,2098,61.76072311401367,126.07269287109375,-64.31196975708008,-0.5101181571717318,2600
152_21.png,SRF,937,58.25080108642578,126.98329162597656,-68.73249053955078,-0.5412719237267779,1496
152_21.png,PED,1230,81.53252410888672,91.2548828125,-9.722358703613281,-0.10654069573010862,973
152_21.png,PED,1331,122.49736785888672,142.299560546875,-19.80219268798828,-0.13915849502195213,2270
152_22.png,SRF,2450,61.12367248535156,118.9862289428711,-57.86255645751953,-0.48629624597398663,2542
152_22.png,SRF,875,62.87657165527344,122.33023834228516,-59.45366668701172,-0.48600957124482874,1508
152_22.png,PED,1658,128.57357788085938,143.339111328125,-14.765533447265625,-0.10301119708678168,2306
152_22.png,PED,159,102.66666412353516,116.98998260498047,-14.323318481445312,-0.1224320079592485,599
152_23.png,SRF,2560,58.808204650878906,117.9288558959961,-59.12065124511719,-0.5013247249448168,2741
152_23.png,SRF,843,61.34519577026367,127.72582244873047,-66.3806266784668,-0.5197118750604419,1634
152_23.png,PED,1677,124.71318054199219,145.97882080078125,-21.265640258789062,-0.14567620249385693,2031
152_23.png,PED,304,103.79276275634766,120.02104187011719,-16.22827911376953,-0.13521195001232567,903
152_24.png,SRF,2967,58.511966705322266,125.05921936035156,-66.5472526550293,-0.5321259239854751,3276
152_24.png,SRF,995,61.406028747558594,125.61941528320312,-64.21338653564453,-0.511174060083614,1679
152_24.png,PED,1591,120.27592468261719,150.240234375,-29.964309692382812,-0.19944264475514475,2177
152_25.png,SRF,2991,53.096290588378906,118.20659637451172,-65.11030578613281,-0.5508178712789011,2517
152_25.png,SRF,1079,61.14179611206055,119.6137924194336,-58.47199630737305,-0.4888399165736437,1929
152_25.png,PED,1726,120.52027893066406,143.34617614746094,-22.825897216796875,-0.1592361779732147,2311
152_26.png,SRF,3579,52.372169494628906,128.55767822265625,-76.18550872802734,-0.592617335512838,2670
152_26.png,SRF,2003,76.1178207397461,124.48464965820312,-48.36682891845703,-0.3885364906537279,2443
152_26.png,PED,1730,117.489013671875,143.007080078125,-25.51806640625,-0.1784391821181821,2400
152_26.png,PED,123,142.0487823486328,150.9762420654297,-8.927459716796875,-0.05913155337995442,463
152_27.png,SRF,3586,54.80033493041992,122.57178497314453,-67.77145004272461,-0.5529123203808555,3218
152_27.png,SRF,1776,74.03772735595703,129.13214111328125,-55.09441375732422,-0.42665143845940423,2800
152_27.png,PED,1750,117.43828582763672,143.3294219970703,-25.891136169433594,-0.18064076313628624,2638
152_27.png,PED,77,153.41558837890625,153.7378387451172,-0.3222503662109375,-0.002096103137921681,473
152_28.png,SRF,5630,54.83623504638672,125.73995971679688,-70.90372467041016,-0.5638917399854911,5476
152_28.png,PED,2101,129.8329315185547,145.2310333251953,-15.398101806640625,-0.10602487260530491,3164
152_29.png,SRF,5514,56.426368713378906,126.97056579589844,-70.54419708251953,-0.555594886423656,5266
152_29.png,PED,2063,122.56519317626953,142.8692169189453,-20.30402374267578,-0.14211615476408024,2898
152_29.png,PED,305,148.8983612060547,143.30674743652344,5.59161376953125,0.0390184961249505,652
152_3.png,SRF,1054,65.26185607910156,125.76356506347656,-60.501708984375,-0.4810750152783758,2267
152_30.png,SRF,4903,59.51172637939453,128.5966339111328,-69.08490753173828,-0.5372217408076145,5226
152_30.png,PED,1816,125.5,144.4971466064453,-18.997146606445312,-0.13147073871421308,3331
152_30.png,PED,173,142.6878662109375,145.1468963623047,-2.4590301513671875,-0.01694166539551175,531
152_4.png,SRF,2122,58.523563385009766,127.75379180908203,-69.23022842407227,-0.5419035117762405,3298
152_5.png,SRF,2751,57.29407501220703,127.31983184814453,-70.0257568359375,-0.5499988165194707,3727
152_6.png,SRF,3775,58.60238265991211,130.16041564941406,-71.55803298950195,-0.5497680122829577,4856
152_7.png,SRF,4031,61.19573211669922,129.93450927734375,-68.73877716064453,-0.5290263344430107,5146
152_8.png,SRF,4290,63.36457061767578,130.41062927246094,-67.04605865478516,-0.5141149845593407,5662
152_9.png,SRF,4210,65.6263656616211,131.83299255371094,-66.20662689208984,-0.5022007436045736,5772
153_1.png,IRF,72,41.05555725097656,129.4642791748047,-88.40872192382812,-0.6828811969397156,560
153_10.png,SRF,591,81.25211334228516,153.72447204589844,-72.47235870361328,-0.47144321095456276,1459
153_10.png,SRF,69,88.50724792480469,155.3874969482422,-66.8802490234375,-0.4304094623888211,720
153_11.png,SRF,299,67.80936431884766,109.87968444824219,-42.07032012939453,-0.38287623722846936,640
153_11.png,SRF,519,76.20616912841797,149.634033203125,-73.42786407470703,-0.4907163330619464,1440
153_11.png,SRF,183,85.00546264648438,139.8072967529297,-54.80183410644531,-0.39198121542463005,960
153_11.png,PED,64,185.671875,127.82083129882812,57.851043701171875,0.45259480096733073,720
153_11.png,PED,220,148.08181762695312,125.3551254272461,22.72669219970703,0.18129846803030963,566
153_12.png,SRF,905,92.69171142578125,137.14952087402344,-44.45780944824219,-0.3241557765927467,1973
153_12.png,PED,134,138.87313842773438,115.9857177734375,22.887420654296875,0.19732964621561747,420
153_13.png,SRF,345,75.15362548828125,146.66754150390625,-71.513916015625,-0.4875919735364238,1152
153_13.png,SRF,304,81.8848648071289,129.84307861328125,-47.958213806152344,-0.36935518102577436,752
153_13.png,PED,520,110.08654022216797,118.31983184814453,-8.233291625976562,-0.06958505178188076,716
153_14.png,PED,401,119.1221923828125,125.56478118896484,-6.442588806152344,-0.05130888410864802,602
153_15.png,PED,650,163.95384216308594,144.88333129882812,19.070510864257812,0.1316266729464141,2400
153_16.png,PED,137,156.3357696533203,153.33816528320312,2.9976043701171875,0.019548977676763356,896
153_17.png,PED,102,145.69607543945312,175.3553924560547,-29.659317016601562,-0.16913832304321294,816
153_18.png,PED,91,158.08790588378906,145.69761657714844,12.390289306640625,0.0850411255703681,754
153_18.png,PED,114,147.95614624023438,137.54129028320312,10.41485595703125,0.07572166827566207,896
153_18.png,PED,120,165.35000610351562,161.6411590576172,3.7088470458984375,0.022944942163996822,928
153_19.png,PED,75,154.0933380126953,161.7703857421875,-7.6770477294921875,-0.04745644695270154,736
153_2.png,SRF,125,69.36799621582031,132.9185333251953,-63.550537109375,-0.4781164486211548,896
153_3.png,SRF,190,86.43157958984375,138.1446990966797,-51.71311950683594,-0.3743402377723147,1168
153_3.png,SRF,434,75.02304077148438,137.69432067871094,-62.67127990722656,-0.45514789279842993,1760
153_4.png,SRF,1433,78.08792877197266,150.1028594970703,-72.01493072509766,-0.47977054512078254,3296
153_5.png,SRF,1436,78.2165756225586,149.96035766601562,-71.74378204345703,-0.47841831774795623,3506
153_6.png,SRF,625,79.60639953613281,141.53982543945312,-61.93342590332031,-0.4375689012688075,1808
153_6.png,SRF,301,72.4950180053711,152.242431640625,-79.7474136352539,-0.5238185752543759,1122
153_7.png,SRF,563,83.58436584472656,147.1766815185547,-63.592315673828125,-0.43208146166694883,1664
153_7.png,SRF,206,74.81067657470703,147.62840270996094,-72.8177261352539,-0.49325011175739475,880
153_8.png,SRF,382,82.76439666748047,160.58102416992188,-77.8166275024414,-0.48459416612076317,938
153_9.png,SRF,438,75.1552505493164,150.4833221435547,-75.32807159423828,-0.5005742199283619,1169
154_1.png,PED,1083,139.77931213378906,142.55613708496094,-2.776824951171875,-0.01947881731332925,3278
154_10.png,IRF,190,52.93684387207031,111.43708038330078,-58.50023651123047,-0.5249620351682951,890
154_10.png,IRF,86,62.13953399658203,111.50804901123047,-49.36851501464844,-0.4427349904550506,559
154_10.png,PED,3602,127.1921157836914,133.8488006591797,-6.656684875488281,-0.04973286904854869,4160
154_11.png,IRF,67,62.149253845214844,103.40660858154297,-41.257354736328125,-0.3989817991544899,605
154_11.png,IRF,119,51.73949432373047,103.85713958740234,-52.117645263671875,-0.5018205341560711,546
154_11.png,IRF,139,58.892086029052734,107.14111328125,-48.249027252197266,-0.45033158396946565,574
154_11.png,IRF,311,58.077171325683594,106.81468963623047,-48.737518310546875,-0.4562810459547092,885
154_11.png,IRF,39,64.76923370361328,131.96875,-67.19951629638672,-0.5092077957576071,512
154_11.png,PED,3161,121.34103393554688,130.29002380371094,-8.948989868164062,-0.06868515030472484,4072
154_12.png,IRF,148,44.445945739746094,99.81657409667969,-55.370628356933594,-0.5547237906933479,736
154_12.png,IRF,61,58.73770523071289,96.80155944824219,-38.0638542175293,-0.3932152997791452,640
154_12.png,PED,3301,115.4162368774414,130.5942840576172,-15.178047180175781,-0.11622290584693082,3850
154_13.png,SRF,103,70.27184295654297,129.57656860351562,-59.304725646972656,-0.4576809394330853,640
154_13.png,IRF,504,48.66071319580078,105.1370849609375,-56.47637176513672,-0.5371688951250634,1138
154_13.png,IRF,96,48.79166793823242,90.52960205078125,-41.73793411254883,-0.46104183788565145,625
154_13.png,IRF,322,50.972049713134766,96.60088348388672,-45.62883377075195,-0.4723438557201494,1135
154_13.png,IRF,84,47.02381134033203,107.3812484741211,-60.35743713378906,-0.5620854477989723,640
154_13.png,PED,2791,125.41633605957031,118.60619354248047,6.810142517089844,0.05741810198681316,3842
154_14.png,IRF,213,55.389671325683594,104.748779296875,-49.359107971191406,-0.4712141592724408,820
154_14.png,IRF,264,43.92424392700195,82.11250305175781,-38.18825912475586,-0.4650724031720812,960
154_14.png,PED,2085,118.932373046875,134.68666076660156,-15.754287719726562,-0.11696991840214346,2100
154_15.png,IRF,350,55.371429443359375,109.50393676757812,-54.13250732421875,-0.4943430247545792,1016
154_15.png,IRF,552,55.739131927490234,86.37065887451172,-30.631526947021484,-0.3546520004151659,1152
154_15.png,IRF,47,53.0,89.00608825683594,-36.00608825683594,-0.40453511621516025,493
154_15.png,IRF,466,61.93562316894531,103.47174072265625,-41.53611755371094,-0.40142474905340175,1274
154_15.png,PED,3041,120.33541870117188,121.30683898925781,-0.9714202880859375,-0.008007959783470745,3976
154_16.png,IRF,89,54.2471923828125,110.48192596435547,-56.23473358154297,-0.508994870343642,747
154_16.png,IRF,156,57.07692337036133,100.87326049804688,-43.79633712768555,-0.43417191941102706,789
154_16.png,IRF,122,54.040985107421875,99.7265396118164,-45.68555450439453,-0.4581082897514007,618
154_16.png,IRF,81,65.40740966796875,91.98643493652344,-26.579025268554688,-0.2889450524623106,516
154_16.png,IRF,889,53.82789611816406,95.01876831054688,-41.19087219238281,-0.4335024850854725,1705
154_16.png,IRF,104,42.07692337036133,97.55155181884766,-55.47462844848633,-0.5686698716131365,611
154_16.png,PED,2855,122.86620330810547,130.33148193359375,-7.465278625488281,-0.0572791662822646,4323
154_17.png,IRF,213,58.0,97.70011901855469,-39.70011901855469,-0.4063466802022529,857
154_17.png,IRF,1269,51.009456634521484,99.66065216064453,-48.65119552612305,-0.4881685446699811,2051
154_17.png,IRF,144,59.17361068725586,94.91900634765625,-35.74539566040039,-0.37658838873088374,642
154_17.png,IRF,180,62.5444450378418,102.01275634765625,-39.46831130981445,-0.38689584247001124,784
154_17.png,IRF,248,54.23387145996094,106.72789764404297,-52.49402618408203,-0.4918491541842152,724
154_17.png,PED,3334,123.02069854736328,136.89320373535156,-13.872505187988281,-0.1013381585751128,5019
154_18.png,IRF,100,49.959999084472656,109.42628479003906,-59.466285705566406,-0.5434369431409184,624
154_18.png,IRF,849,61.29328536987305,95.1070327758789,-33.81374740600586,-0.35553361743172496,1280
154_18.png,IRF,314,54.03821563720703,100.08734130859375,-46.04912567138672,-0.46008940860369146,790
154_18.png,IRF,273,58.19780349731445,107.70502471923828,-49.50722122192383,-0.4596556321395175,895
154_18.png,IRF,43,43.86046600341797,102.73332977294922,-58.87286376953125,-0.5730648845865901,495
154_18.png,PED,448,139.63839721679688,148.1685333251953,-8.530136108398438,-0.057570497034459954,1424
154_18.png,PED,3554,120.27180480957031,133.40638732910156,-13.13458251953125,-0.0984554246801498,5010
154_19.png,IRF,42,38.619049072265625,108.4296875,-69.81063842773438,-0.6438332530261546,512
154_19.png,IRF,231,58.80952453613281,108.54834747314453,-49.73882293701172,-0.45821814974490865,879
154_19.png,IRF,30,48.0,107.13333129882812,-59.133331298828125,-0.5519601657292529,480
154_19.png,IRF,54,50.37036895751953,99.46791076660156,-49.09754180908203,-0.4936018202321342,483
154_19.png,IRF,366,50.36885070800781,97.80899810791016,-47.440147399902344,-0.48502845666165445,1000
154_19.png,IRF,72,46.81944274902344,93.37321472167969,-46.55377197265625,-0.4985773715879919,560
154_19.png,IRF,46,60.565216064453125,103.408203125,-42.842987060546875,-0.4143093658513552,512
154_19.png,IRF,35,53.79999923706055,103.75594329833984,-49.9559440612793,-0.48147549406047974,463
154_19.png,IRF,36,54.22222137451172,102.70281982421875,-48.48059844970703,-0.47204739395358486,461
154_19.png,PED,490,137.00204467773438,147.16624450683594,-10.164199829101562,-0.06906610862540173,1570
154_19.png,PED,1268,129.94163513183594,141.2626190185547,-11.32098388671875,-0.08014139880297527,2673
154_2.png,PED,1863,134.59312438964844,137.96568298339844,-3.37255859375,-0.02444490920365917,3789
154_2.png,PED,183,169.7431640625,136.3260040283203,33.41716003417969,0.24512682134538044,819
154_20.png,IRF,79,54.02531814575195,103.40202331542969,-49.376705169677734,-0.47752165370162275,592
154_20.png,IRF,32,39.125,107.61666870117188,-68.49166870117188,-0.6364410785782486,480
154_20.png,IRF,258,58.054264068603516,106.51168060302734,-48.45741653442383,-0.45494931879843553,856
154_20.png,IRF,525,50.921905517578125,101.97489166259766,-51.05298614501953,-0.5006427103049793,1155
154_20.png,IRF,174,58.798851013183594,103.13519287109375,-44.336341857910156,-0.4298856735869502,969
154_20.png,IRF,99,62.73737335205078,105.9077377319336,-43.17036437988281,-0.407622382503842,672
154_20.png,PED,611,134.54173278808594,139.7604217529297,-5.21868896484375,-0.03734024911622989,1127
154_20.png,PED,886,126.4074478149414,134.47366333007812,-8.066215515136719,-0.05998360805667532,2031
154_21.png,IRF,32,39.125,107.61666870117188,-68.49166870117188,-0.6364410785782486,480
154_21.png,IRF,258,58.054264068603516,106.51168060302734,-48.45741653442383,-0.45494931879843553,856
154_21.png,IRF,525,50.921905517578125,101.97489166259766,-51.05298614501953,-0.5006427103049793,1155
154_21.png,IRF,174,58.798851013183594,103.13519287109375,-44.336341857910156,-0.4298856735869502,969
154_21.png,IRF,118,65.68643951416016,107.9702377319336,-42.28379821777344,-0.39162457271562956,672
154_21.png,PED,561,138.25489807128906,141.35545349121094,-3.100555419921875,-0.021934459147801174,1100
154_21.png,PED,1145,131.6104736328125,133.70675659179688,-2.096282958984375,-0.01567821262304844,2162
154_22.png,IRF,178,61.11235809326172,112.58333587646484,-51.470977783203125,-0.457181139486585,768
154_22.png,IRF,23,65.82608795166016,102.80562591552734,-36.97953796386719,-0.35970344652395086,391
154_22.png,IRF,114,64.53508758544922,110.40643310546875,-45.87134552001953,-0.4154771078982298,684
154_22.png,IRF,137,49.401458740234375,99.0497817993164,-49.64832305908203,-0.5012461628605493,683
154_22.png,IRF,124,52.79838562011719,98.9432373046875,-46.14485168457031,-0.46637701516144114,599
154_22.png,IRF,38,54.05263137817383,108.11447143554688,-54.06184005737305,-0.500042587634555,463
154_22.png,IRF,33,51.93939208984375,95.8125,-43.87310791015625,-0.4579058881686236,416
154_22.png,IRF,45,48.28888702392578,86.88426208496094,-38.595375061035156,-0.4442159504478976,432
154_22.png,PED,486,140.0617218017578,142.48239135742188,-2.4206695556640625,-0.01698925412889605,1306
154_22.png,PED,842,127.41805267333984,137.00108337402344,-9.583030700683594,-0.0699485760599512,2771
154_23.png,SRF,81,68.35802459716797,107.70247650146484,-39.344451904296875,-0.36530684513797373,484
154_23.png,SRF,673,63.084693908691406,108.73213958740234,-45.64744567871094,-0.4198155747870488,1176
154_23.png,IRF,130,53.661537170410156,112.4627685546875,-58.801231384277344,-0.5228506477295546,752
154_23.png,PED,815,128.6098175048828,141.37826538085938,-12.768447875976562,-0.09031407933588376,2411
154_23.png,PED,474,128.36709594726562,140.70376586914062,-12.336669921875,-0.08767832080165168,1141
154_24.png,SRF,210,68.60952758789062,121.19153594970703,-52.582008361816406,-0.4338752533315304,992
154_24.png,SRF,895,61.412288665771484,113.90116882324219,-52.4888801574707,-0.46082828385128954,1882
154_24.png,IRF,333,59.06606674194336,112.68431854248047,-53.61825180053711,-0.47582709372576765,982
154_24.png,IRF,54,60.38888931274414,112.71278381347656,-52.32389450073242,-0.4642232471812686,571
154_24.png,IRF,199,92.81407165527344,131.10154724121094,-38.2874755859375,-0.2920444219891104,837
154_24.png,PED,1207,129.18724060058594,141.64739990234375,-12.460159301757812,-0.08796602910006286,2544
154_24.png,PED,981,137.37411499023438,136.90658569335938,0.467529296875,0.003414951110695016,2687
154_3.png,PED,2242,125.52676391601562,135.65745544433594,-10.130691528320312,-0.07467847229728719,3982
154_4.png,PED,2143,120.1521224975586,131.34237670898438,-11.190254211425781,-0.08519911464842801,3835
154_5.png,PED,3219,131.3087921142578,121.3602523803711,9.948539733886719,0.08197527228853888,4111
154_6.png,PED,2430,130.00946044921875,132.16134643554688,-2.151885986328125,-0.016282264401547755,3855
154_7.png,PED,3845,125.784912109375,116.09471893310547,9.690193176269531,0.08346799290545752,4508
154_8.png,PED,3448,139.9370574951172,130.8573455810547,9.0797119140625,0.069386337264792,5061
154_9.png,PED,3333,131.34503173828125,132.93893432617188,-1.593902587890625,-0.011989734955900208,5142
155_10.png,SRF,5922,62.55437469482422,136.67916870117188,-74.12479400634766,-0.542326930363545,6882
155_10.png,PED,93,120.94623565673828,148.3482666015625,-27.40203094482422,-0.1847141970214002,491
155_11.png,SRF,6655,62.86686706542969,136.673095703125,-73.80622863769531,-0.54002017191455,7406
155_11.png,PED,163,115.54601287841797,142.21104431152344,-26.66503143310547,-0.1875032390219554,616
155_12.png,SRF,7117,62.27132034301758,135.5102081298828,-73.23888778686523,-0.540467679871525,7591
155_12.png,PED,257,154.5136260986328,142.04835510253906,12.46527099609375,0.08775371588847732,1034
155_12.png,PED,185,95.58378601074219,133.34902954101562,-37.76524353027344,-0.28320598702713146,616
155_13.png,SRF,7444,59.99905776977539,132.85397338867188,-72.85491561889648,-0.5483834149676147,7560
155_13.png,PED,366,156.20765686035156,143.7350616455078,12.47259521484375,0.08677489731492774,1004
155_13.png,PED,304,99.70394897460938,148.13043212890625,-48.426483154296875,-0.3269178551518375,828
155_14.png,SRF,516,79.04069519042969,128.3632354736328,-49.322540283203125,-0.38424195293312396,1382
155_14.png,SRF,222,82.11711883544922,127.44302368164062,-45.325904846191406,-0.35565622610632575,781
155_14.png,SRF,5856,54.57769775390625,131.8541717529297,-77.27647399902344,-0.5860753055566967,4800
155_14.png,PED,636,145.88050842285156,137.17446899414062,8.706039428710938,0.06346690818305857,1731
155_14.png,PED,640,75.45780944824219,141.26280212402344,-65.80499267578125,-0.4658338337222487,1172
155_15.png,SRF,406,80.3078842163086,135.2593994140625,-54.951515197753906,-0.40626762676606093,1650
155_15.png,SRF,5837,55.00051498413086,130.53347778320312,-75.53296279907227,-0.5786482064357573,4585
155_15.png,PED,1824,108.49232482910156,146.09825134277344,-37.605926513671875,-0.2574016195816159,3328
155_15.png,PED,233,130.20172119140625,143.26394653320312,-13.062225341796875,-0.09117594243272888,932
155_16.png,SRF,295,78.088134765625,138.076416015625,-59.98828125,-0.43445711426353656,1047
155_16.png,SRF,5621,58.181819915771484,136.53663635253906,-78.35481643676758,-0.5738739325206064,4599
155_16.png,PED,2703,107.93081665039062,146.4347686767578,-38.50395202636719,-0.26294269027980205,4837
155_17.png,SRF,306,80.67974090576172,136.11610412597656,-55.436363220214844,-0.4072726263815782,1025
155_17.png,SRF,5095,57.366634368896484,138.22711181640625,-80.86047744750977,-0.5849827605087267,4522
155_17.png,PED,702,144.9843292236328,148.37620544433594,-3.391876220703125,-0.022859974148453366,1757
155_17.png,PED,2315,77.60302734375,146.69146728515625,-69.08843994140625,-0.4709779049868249,2943
155_17.png,PED,123,102.69105529785156,145.35459899902344,-42.663543701171875,-0.29351354546035735,533
155_18.png,SRF,224,76.70536041259766,137.08847045898438,-60.38311004638672,-0.4404681870343925,893
155_18.png,SRF,4791,54.374244689941406,133.51942443847656,-79.14517974853516,-0.5927615407374969,4272
155_18.png,PED,3110,84.03343963623047,145.0570068359375,-61.02356719970703,-0.4206867943216694,4614
155_19.png,SRF,735,81.58367156982422,129.42498779296875,-47.84131622314453,-0.3696451283400747,1713
155_19.png,SRF,4418,54.7808952331543,134.7761688232422,-79.99527359008789,-0.5935416794270285,3878
155_19.png,PED,4085,101.02325439453125,137.53123474121094,-36.50798034667969,-0.26545228373304314,4595
155_20.png,SRF,986,73.54360961914062,135.43453979492188,-61.89093017578125,-0.4569804000478603,2200
155_20.png,SRF,4283,57.64627456665039,137.54861450195312,-79.90233993530273,-0.5809025428908857,3970
155_20.png,PED,3780,81.04788208007812,144.63751220703125,-63.589630126953125,-0.43964825691921605,4127
155_21.png,SRF,1029,78.30320739746094,138.60008239746094,-60.296875,-0.4350421295355925,2283
155_21.png,SRF,3739,56.37363052368164,133.152587890625,-76.77895736694336,-0.576623846244818,3683
155_21.png,PED,3792,76.52980041503906,142.23403930664062,-65.70423889160156,-0.4619445472539144,4183
155_22.png,SRF,1055,79.98767852783203,135.20046997070312,-55.212791442871094,-0.40837721536645005,2534
155_22.png,SRF,123,94.95121765136719,138.23263549804688,-43.28141784667969,-0.31310564029064775,576
155_22.png,SRF,3563,59.33483123779297,133.4823455810547,-74.14751434326172,-0.5554855514449812,3910
155_22.png,PED,3915,96.01302337646484,139.9786376953125,-43.965614318847656,-0.31408802830719323,3744
155_23.png,SRF,1032,86.65503692626953,139.27621459960938,-52.621177673339844,-0.3778188388061448,2451
155_23.png,SRF,2908,58.30192565917969,135.0387725830078,-76.73684692382812,-0.5682578822068179,3663
155_23.png,PED,2798,73.9117202758789,148.2462158203125,-74.3344955444336,-0.5014259226322078,3306
155_24.png,SRF,685,72.45547485351562,136.66969299316406,-64.21421813964844,-0.46984972844608863,1877
155_24.png,SRF,2403,59.999168395996094,134.32269287109375,-74.32352447509766,-0.553320685332181,3381
155_24.png,PED,2500,64.89119720458984,146.5326385498047,-81.64144134521484,-0.5571553351744628,3002
155_25.png,SRF,891,78.96857452392578,133.1627960205078,-54.19422149658203,-0.4069771972063114,2199
155_25.png,SRF,1916,63.14352798461914,135.37220764160156,-72.22867965698242,-0.5335561923331273,3318
155_25.png,PED,1812,75.47847747802734,145.43893432617188,-69.96045684814453,-0.48102976807603764,2522
155_26.png,SRF,1081,124.04255676269531,134.4970245361328,-10.4544677734375,-0.07773010450970157,2348
155_26.png,SRF,1108,74.53610229492188,133.12705993652344,-58.59095764160156,-0.44011305943012957,2739
155_26.png,PED,917,92.97491455078125,136.4188232421875,-43.44390869140625,-0.3184597818607427,2082
155_27.png,SRF,900,146.75,125.3267593383789,21.423240661621094,0.17093907777331827,2130
155_27.png,SRF,41,85.56097412109375,143.43067932128906,-57.86970520019531,-0.4034681106861763,476
155_27.png,SRF,539,78.37662506103516,130.42218017578125,-52.045555114746094,-0.39905447865232585,2056
155_27.png,PED,251,104.28286743164062,138.99496459960938,-34.71209716796875,-0.24973636468026628,994
155_28.png,SRF,57,71.75438690185547,132.8954315185547,-61.14104461669922,-0.4600688219155433,459
155_28.png,PED,129,174.82945251464844,126.24571228027344,48.583740234375,0.38483477463785887,700
155_3.png,SRF,161,81.57763671875,137.77403259277344,-56.19639587402344,-0.40788815436742226,978
155_4.png,SRF,701,70.66048431396484,143.80218505859375,-73.1417007446289,-0.5086271861225651,1921
155_5.png,SRF,1630,66.881591796875,142.44944763183594,-75.56785583496094,-0.5304889354872607,2997
155_6.png,SRF,2830,63.106712341308594,137.0641326904297,-73.9574203491211,-0.5395825946395462,4226
155_7.png,SRF,3476,62.99971389770508,136.35989379882812,-73.36017990112305,-0.5379894179834973,4632
155_8.png,SRF,4416,61.09895706176758,136.29684448242188,-75.1978874206543,-0.5517214114986537,5427
155_9.png,SRF,5289,61.839290618896484,136.5635986328125,-74.72430801391602,-0.5471758855361755,6313
156_10.png,SRF,15615,46.55542755126953,94.95431518554688,-48.398887634277344,-0.5097070895588346,7967
156_11.png,SRF,17587,53.59703063964844,96.31261444091797,-42.71558380126953,-0.4435097525825445,8125
156_11.png,PED,242,90.51239776611328,76.10661315917969,14.405784606933594,0.18928426859310352,469
156_11.png,PED,88,108.56818389892578,97.31492614746094,11.253257751464844,0.11563753061285609,489
156_11.png,PED,95,133.18946838378906,108.07157135009766,25.117897033691406,0.23241909708448696,503
156_12.png,SRF,18284,56.525978088378906,95.8646469116211,-39.33866882324219,-0.4103563731842567,8548
156_12.png,PED,950,65.03157806396484,76.10210418701172,-11.070526123046875,-0.14546938276295746,950
156_12.png,PED,80,146.27499389648438,106.76905059814453,39.505943298339844,0.3700130616224323,420
156_13.png,SRF,19865,57.680946350097656,96.94094848632812,-39.26000213623047,-0.40498883855842843,8755
156_13.png,PED,2547,52.74479675292969,81.21659088134766,-28.47179412841797,-0.35056623061183984,1676
156_14.png,SRF,19838,57.06729507446289,94.48309326171875,-37.41579818725586,-0.3960052205701381,8576
156_14.png,PED,2966,49.81355285644531,72.5142822265625,-22.700729370117188,-0.31305183852184293,1435
156_15.png,SRF,20694,56.58041000366211,94.84684753417969,-38.26643753051758,-0.4034550280306113,8906
156_15.png,PED,4840,46.68574523925781,73.57743072509766,-26.891685485839844,-0.3654882376406077,1595
156_16.png,SRF,21309,55.17818832397461,95.10956573486328,-39.93137741088867,-0.4198460701860976,9200
156_16.png,PED,5941,44.671939849853516,74.46028137207031,-29.788341522216797,-0.40005679502294034,1649
156_17.png,SRF,21864,55.22722244262695,95.78326416015625,-40.5560417175293,-0.4234146964308586,9606
156_17.png,PED,6862,44.63071823120117,74.26518249511719,-29.634464263916016,-0.3990357697682145,1844
156_18.png,SRF,23818,59.25434494018555,97.14439392089844,-37.89004898071289,-0.3900384515401428,9592
156_18.png,PED,7565,43.42141342163086,74.26778411865234,-30.846370697021484,-0.4153398551347706,1912
156_19.png,SRF,21831,57.796756744384766,96.11599731445312,-38.31924057006836,-0.3986770323435663,9759
156_19.png,PED,8624,43.43784713745117,74.72923278808594,-31.291385650634766,-0.4187301874136669,2275
156_2.png,SRF,1283,54.544036865234375,86.30391693115234,-31.75988006591797,-0.3680004476651267,2912
156_20.png,SRF,20286,60.49191665649414,100.43830108642578,-39.94638442993164,-0.39772063045509226,9635
156_20.png,PED,12725,42.849979400634766,74.84715270996094,-31.997173309326172,-0.42750020743364725,3232
156_21.png,SRF,19577,62.49650192260742,96.86589050292969,-34.369388580322266,-0.3548141497680525,9604
156_21.png,PED,15604,41.29960250854492,76.22419738769531,-34.92459487915039,-0.45818252046020475,3595
156_22.png,SRF,8899,54.63344192504883,98.81417083740234,-44.180728912353516,-0.44710924089068593,4461
156_22.png,SRF,10258,72.68278503417969,103.39672088623047,-30.71393585205078,-0.2970494188674122,5064
156_22.png,PED,16266,41.655479431152344,82.70257568359375,-41.047096252441406,-0.49632186075414075,4233
156_23.png,SRF,10727,74.09452819824219,102.0917739868164,-27.99724578857422,-0.27423605933412065,5252
156_23.png,SRF,7676,49.491661071777344,96.1348876953125,-46.643226623535156,-0.48518521986903473,3855
156_23.png,PED,16078,43.19797134399414,79.89095306396484,-36.6929817199707,-0.4592883213020678,4576
156_24.png,SRF,10351,77.47010040283203,103.70680236816406,-26.23670196533203,-0.2529892096392144,4676
156_24.png,SRF,7145,47.18488311767578,93.37396240234375,-46.18907928466797,-0.4946676578385046,3733
156_24.png,PED,17096,49.34113311767578,75.93540954589844,-26.594276428222656,-0.35022233484034876,5233
156_25.png,SRF,763,71.80078887939453,102.21852111816406,-30.41773223876953,-0.297575546055952,1652
156_25.png,SRF,8036,51.82964324951172,99.56671905517578,-47.73707580566406,-0.4794481153809049,3762
156_25.png,SRF,1459,63.137081146240234,102.91743469238281,-39.78035354614258,-0.3865268665609951,763
156_25.png,SRF,1374,63.47525405883789,97.54339599609375,-34.06814193725586,-0.3492613886297352,1809
156_25.png,PED,16587,47.770362854003906,82.06977081298828,-34.299407958984375,-0.41792986161911133,4185
156_25.png,PED,1337,48.678382873535156,88.48737335205078,-39.808990478515625,-0.44988328809505806,1188
156_26.png,SRF,7894,52.4627571105957,102.02058410644531,-49.55782699584961,-0.4857630195896782,3887
156_26.png,SRF,386,60.29792785644531,109.88401794433594,-49.586090087890625,-0.4512584360813008,776
156_26.png,PED,16583,49.929866790771484,82.54845428466797,-32.618587493896484,-0.395144739856805,4210
156_26.png,PED,1715,56.547523498535156,83.37713623046875,-26.829612731933594,-0.321786210763727,1461
156_27.png,SRF,6818,47.31431579589844,94.67894744873047,-47.36463165283203,-0.5002657182947711,3392
156_27.png,SRF,418,62.41148376464844,105.12401580810547,-42.71253204345703,-0.4063061300989962,887
156_27.png,PED,16729,51.21770477294922,84.35000610351562,-33.132301330566406,-0.39279548231337336,5657
156_28.png,SRF,6685,46.943756103515625,94.02827453613281,-47.08451843261719,-0.5007485106463773,3501
156_28.png,SRF,2722,62.33578109741211,104.47084045410156,-42.13505935668945,-0.4033188512080666,2298
156_28.png,PED,12779,51.360042572021484,79.53129577636719,-28.171253204345703,-0.35421594643145277,4090
156_28.png,PED,721,66.18169403076172,84.1175308227539,-17.935836791992188,-0.21322352922823215,987
156_29.png,SRF,6854,47.22731399536133,93.77619171142578,-46.54887771606445,-0.49638268377657835,3789
156_29.png,SRF,3979,63.452877044677734,99.75114440917969,-36.29826736450195,-0.36388822984933666,3066
156_29.png,PED,13374,50.811649322509766,74.04048156738281,-23.228832244873047,-0.3137315121827366,4323
156_29.png,PED,276,77.56884002685547,85.23123931884766,-7.6623992919921875,-0.08990130089892708,653
156_3.png,SRF,2531,47.415645599365234,88.02192687988281,-40.60628128051758,-0.4613200678500261,4013
156_30.png,SRF,10954,55.50502014160156,98.8544921875,-43.34947204589844,-0.4385179781580013,5814
156_30.png,SRF,3783,54.01506805419922,100.27586364746094,-46.26079559326172,-0.4613352995482585,2784
156_30.png,PED,9846,50.47552490234375,68.43081665039062,-17.955291748046875,-0.2623860510065151,3881
156_4.png,SRF,4277,46.223052978515625,90.80963897705078,-44.586585998535156,-0.4909895744635983,4670
156_4.png,PED,105,86.71428680419922,99.93003845214844,-13.215751647949219,-0.13225004065496873,486
156_5.png,SRF,5747,44.88237380981445,92.61731719970703,-47.73494338989258,-0.5153997635988918,5383
156_5.png,PED,178,92.2471923828125,95.4194564819336,-3.1722640991210938,-0.03324546393451444,627
156_6.png,SRF,7542,46.08538818359375,95.11634063720703,-49.03095245361328,-0.5154840075337555,5974
156_6.png,PED,116,78.32758331298828,97.10501098632812,-18.777427673339844,-0.19337238606546892,619
156_7.png,SRF,9724,45.73056411743164,98.6870346069336,-52.95647048950195,-0.5366102112645841,6742
156_7.png,PED,48,149.375,133.4898681640625,15.8851318359375,0.1189987828620391,592
156_8.png,SRF,11675,44.73575973510742,97.69109344482422,-52.9553337097168,-0.5420692085878421,6863
156_8.png,PED,176,75.60795593261719,102.0188980102539,-26.41094207763672,-0.258882840265361,635
156_9.png,SRF,14245,45.207862854003906,97.10841369628906,-51.900550842285156,-0.5344598770257587,7416
156_9.png,PED,74,160.44595336914062,134.1703643798828,26.275588989257812,0.195837501900662,587
15_7.png,IRF,171,55.47368240356445,96.17021179199219,-40.696529388427734,-0.42317188066977324,752
15_7.png,PED,626,128.26358032226562,113.37409210205078,14.889488220214844,0.13133060599781873,1374
15_8.png,PED,277,108.78339385986328,98.12723541259766,10.656158447265625,0.10859531915333649,503
16_2.png,PED,77,112.64935302734375,141.86627197265625,-29.2169189453125,-0.20594690012678885,688
16_2.png,PED,105,129.3142852783203,113.76494598388672,15.549339294433594,0.13667952953307735,736
16_3.png,PED,113,141.85841369628906,134.8199462890625,7.0384674072265625,0.05220642494646632,772
16_3.png,PED,138,133.1086883544922,113.87740325927734,19.231285095214844,0.16887709540960325,832
16_4.png,PED,183,128.9453582763672,119.45165252685547,9.493705749511719,0.07947739146913281,848
16_4.png,PED,48,153.9166717529297,120.47222137451172,33.44445037841797,0.2776113032269014,576
16_5.png,PED,103,146.0485382080078,115.86730194091797,30.181236267089844,0.26048104824672275,731
16_5.png,PED,66,145.8030242919922,123.8430404663086,21.959983825683594,0.17732109727762854,618
16_7.png,PED,129,139.031005859375,118.53052520751953,20.50048065185547,0.17295528401619642,688
16_8.png,PED,65,125.66153717041016,125.06756591796875,0.5939712524414062,0.004749202945478201,592
16_8.png,PED,56,140.60714721679688,120.80756378173828,19.799583435058594,0.16389357433637422,608
17_10.png,PED,1376,112.3466567993164,133.0636444091797,-20.71698760986328,-0.15569232078265605,1744
17_11.png,PED,1061,108.87653350830078,138.5858154296875,-29.70928192138672,-0.21437462289537082,1649
17_12.png,PED,768,129.2864532470703,139.8580780029297,-10.571624755859375,-0.07558823134719415,1536
17_13.png,PED,379,152.60157775878906,150.5501708984375,2.0514068603515625,0.01362606796199162,1136
17_14.png,PED,296,162.58445739746094,146.57833862304688,16.006118774414062,0.10919839128192561,1200
17_2.png,PED,408,160.4166717529297,138.62342834472656,21.793243408203125,0.15721183401991784,1758
17_3.png,PED,461,129.56832885742188,143.80113220214844,-14.232803344726562,-0.09897560003017779,1232
17_4.png,PED,660,94.48636627197266,139.56739807128906,-45.081031799316406,-0.3230054613204844,1313
17_5.png,PED,1237,87.5028305053711,135.0859375,-47.583106994628906,-0.3522432303112891,1664
17_6.png,PED,1561,96.37603759765625,130.64601135253906,-34.26997375488281,-0.26231167258836324,1952
17_7.png,PED,1735,110.54351806640625,128.0609130859375,-17.51739501953125,-0.13678955270118914,1888
17_8.png,PED,1843,115.28865814208984,123.25443267822266,-7.9657745361328125,-0.06462870635191569,2032
17_9.png,PED,1721,118.14759063720703,125.09400939941406,-6.946418762207031,-0.05552958767216209,1904
18_1.png,SRF,296,74.87837982177734,123.60594940185547,-48.727569580078125,-0.3942170244707223,1378
18_1.png,SRF,792,63.40277862548828,120.1868667602539,-56.784088134765625,-0.4724650010889897,2071
18_1.png,IRF,387,62.48578643798828,90.810546875,-28.32476043701172,-0.311910470883966,1024
18_1.png,PED,605,101.46611785888672,119.71788024902344,-18.25176239013672,-0.15245644470292566,1510
18_10.png,SRF,284,87.02816772460938,130.44346618652344,-43.41529846191406,-0.33282846378701525,1583
18_10.png,SRF,2131,54.87236022949219,116.65122985839844,-61.77886962890625,-0.5296032429653669,2721
18_10.png,SRF,240,61.02916717529297,118.8899154663086,-57.860748291015625,-0.48667498890948735,1081
18_10.png,IRF,1333,49.86121368408203,94.91191864013672,-45.05070495605469,-0.47465803664623707,1896
18_10.png,IRF,75,65.63999938964844,97.81330108642578,-32.173301696777344,-0.32892563014870224,466
18_10.png,IRF,82,62.682926177978516,109.30033111572266,-46.61740493774414,-0.4265074447797195,606
18_10.png,PED,599,128.77462768554688,137.1038055419922,-8.329177856445312,-0.06075088742809732,2418
18_10.png,PED,1284,116.2585678100586,121.91942596435547,-5.660858154296875,-0.04643114179320276,1961
18_11.png,SRF,311,87.2282943725586,127.5785140991211,-40.3502197265625,-0.31627754886071746,1592
18_11.png,SRF,2324,53.836917877197266,116.86992645263672,-63.03300857543945,-0.5393432723771288,2537
18_11.png,SRF,202,60.17326736450195,128.76661682128906,-68.59334945678711,-0.5326951282100201,617
18_11.png,IRF,638,51.97649002075195,96.66523742675781,-44.68874740600586,-0.46230422223776185,1165
18_11.png,IRF,237,57.869197845458984,103.11892700195312,-45.24972915649414,-0.43881109387064404,782
18_11.png,PED,872,120.93921661376953,134.68710327148438,-13.747886657714844,-0.10207277700526145,2496
18_11.png,PED,958,117.7995834350586,127.44539642333984,-9.64581298828125,-0.07568584867703196,1282
18_12.png,SRF,2655,56.73634719848633,115.41236877441406,-58.676021575927734,-0.5084032344108312,3298
18_12.png,SRF,58,90.32758331298828,133.443603515625,-43.11602020263672,-0.3231029368716668,656
18_12.png,IRF,738,46.85636901855469,94.51815795898438,-47.66178894042969,-0.5042606623915825,1129
18_12.png,IRF,285,48.46666717529297,97.55172729492188,-49.085060119628906,-0.503169564299289,696
18_12.png,IRF,267,46.49812698364258,88.74603271484375,-42.24790573120117,-0.4760540211070725,756
18_12.png,IRF,157,70.07643127441406,95.72777557373047,-25.651344299316406,-0.2679613533854601,540
18_12.png,IRF,90,59.22222137451172,99.73522186279297,-40.51300048828125,-0.4062055483670103,423
18_12.png,PED,1044,114.64176177978516,135.09169006347656,-20.449928283691406,-0.1513781363907909,2334
18_12.png,PED,593,124.05733489990234,131.75833129882812,-7.700996398925781,-0.058447889579444565,1440
18_13.png,SRF,2694,56.12063980102539,118.23692321777344,-62.11628341674805,-0.5253543624637442,3727
18_13.png,IRF,1018,48.20039367675781,94.55867004394531,-46.3582763671875,-0.49025939499405924,1355
18_13.png,IRF,461,52.90672302246094,95.38905334472656,-42.482330322265625,-0.44535854830992716,1005
18_13.png,IRF,43,57.1860466003418,102.2450942993164,-45.05904769897461,-0.4406964266380051,510
18_13.png,PED,1028,112.32198333740234,133.67703247070312,-21.35504913330078,-0.15975107120949134,2378
18_13.png,PED,531,122.2862548828125,120.89497375488281,1.3912811279296875,0.011508180073313388,1095
18_14.png,SRF,2896,54.065608978271484,116.86839294433594,-62.80278396606445,-0.5373804018677422,4012
18_14.png,IRF,1040,48.64230728149414,93.09901428222656,-44.45670700073242,-0.47752070570761784,1424
18_14.png,IRF,180,44.35555648803711,83.8043441772461,-39.448787689208984,-0.47072485414091236,736
18_14.png,IRF,296,54.1655387878418,92.55028533935547,-38.38474655151367,-0.41474476724483095,1054
18_14.png,IRF,213,54.028167724609375,90.61508178710938,-36.5869140625,-0.40376186106035983,769
18_14.png,PED,971,104.25437927246094,129.55320739746094,-25.298828125,-0.19527751287071432,2227
18_14.png,PED,508,123.17125701904297,130.36395263671875,-7.192695617675781,-0.05517396083961528,1143
18_15.png,SRF,2951,54.42121124267578,119.53111267089844,-65.10990142822266,-0.5447109122750984,3986
18_15.png,IRF,960,50.123958587646484,94.61573028564453,-44.49177169799805,-0.4702365194844193,1348
18_15.png,IRF,124,50.6129035949707,88.07264709472656,-37.45974349975586,-0.4253277803659747,702
18_15.png,IRF,346,54.37861251831055,92.1989517211914,-37.82033920288086,-0.4102035706137868,955
18_15.png,IRF,191,55.094242095947266,99.20526885986328,-44.111026763916016,-0.4446439919055808,721
18_15.png,PED,921,103.21281433105469,130.7036590576172,-27.4908447265625,-0.2103295724448227,2271
18_15.png,PED,445,132.2382049560547,131.939208984375,0.2989959716796875,0.002266164652503687,987
18_16.png,SRF,3442,57.05171585083008,116.20933532714844,-59.15761947631836,-0.5090608195097227,3984
18_16.png,SRF,426,71.3450698852539,111.40862274169922,-40.06355285644531,-0.35960908474142633,1833
18_16.png,IRF,1536,48.71484375,94.78742218017578,-46.07257843017578,-0.4860621522399792,2051
18_16.png,PED,1232,113.88230895996094,130.31427001953125,-16.431961059570312,-0.1260948709385973,3131
18_17.png,SRF,4025,58.94459533691406,113.83390045166016,-54.889305114746094,-0.48218768659389805,4106
18_17.png,SRF,389,85.63239288330078,106.0580825805664,-20.425689697265625,-0.19258965653795757,1825
18_17.png,IRF,115,65.49565124511719,93.90843200683594,-28.41278076171875,-0.30255835556545635,688
18_17.png,IRF,802,50.50124740600586,93.55909729003906,-43.0578498840332,-0.4602208778324482,1193
18_17.png,IRF,200,57.54499816894531,84.3066635131836,-26.76166534423828,-0.3174323858760391,750
18_17.png,PED,1560,115.72884368896484,127.8045883178711,-12.07574462890625,-0.09448600232467305,3050
18_18.png,SRF,4012,56.90279006958008,115.16726684570312,-58.26447677612305,-0.5059117783370135,4173
18_18.png,IRF,418,55.35646057128906,94.1478271484375,-38.79136657714844,-0.4120261481551593,1035
18_18.png,IRF,102,60.5,102.330078125,-41.830078125,-0.40877598152424943,512
18_18.png,IRF,85,65.5882339477539,91.31111145019531,-25.722877502441406,-0.2817058854493484,630
18_18.png,IRF,85,66.43529510498047,100.2327880859375,-33.79749298095703,-0.33718999168196107,610
18_18.png,PED,1561,118.48494720458984,128.20333862304688,-9.718391418457031,-0.07580451119944527,3054
18_19.png,SRF,4349,57.01954650878906,114.20806121826172,-57.188514709472656,-0.5007397385039252,4864
18_19.png,IRF,127,66.03936767578125,103.01824951171875,-36.9788818359375,-0.35895467076181486,548
18_19.png,IRF,598,52.777591705322266,94.77373504638672,-41.99614334106445,-0.44312006190860337,1264
18_19.png,IRF,112,70.10713958740234,87.94879913330078,-17.841659545898438,-0.202864163259995,625
18_19.png,PED,1666,118.92256927490234,126.30854797363281,-7.385978698730469,-0.05847568369064229,3591
18_2.png,SRF,262,65.11068725585938,130.2429656982422,-65.13227844238281,-0.5000828881099555,1280
18_2.png,SRF,755,63.062252044677734,121.35578155517578,-58.29352951049805,-0.48035230595086426,1990
18_2.png,IRF,365,55.24109649658203,87.01126861572266,-31.770172119140625,-0.36512709933526766,976
18_2.png,PED,711,93.47538757324219,124.40560150146484,-30.930213928222656,-0.2486239651183107,1642
18_20.png,SRF,4766,57.90138626098633,111.32424926757812,-53.4228630065918,-0.47988523037945674,6273
18_20.png,IRF,364,52.096153259277344,98.95520782470703,-46.85905456542969,-0.4735380339803598,1027
18_20.png,IRF,45,47.0444450378418,87.51710510253906,-40.472660064697266,-0.46245428270596517,497
18_20.png,PED,1390,112.5553970336914,133.07015991210938,-20.51476287841797,-0.15416501259161053,3307
18_3.png,SRF,91,76.65933990478516,132.57180786132812,-55.91246795654297,-0.4217523232015373,752
18_3.png,SRF,384,76.0234375,123.21586608886719,-47.19242858886719,-0.38300610211050673,1311
18_3.png,SRF,724,60.9254150390625,119.33370208740234,-58.408287048339844,-0.4894534069307635,1807
18_3.png,IRF,456,53.596492767333984,92.36856842041016,-38.77207565307617,-0.4197539954999338,1069
18_3.png,IRF,451,59.07316970825195,93.51177215576172,-34.438602447509766,-0.36828093034260645,977
18_3.png,PED,1210,98.31735229492188,131.8568572998047,-33.53950500488281,-0.25436299402027757,2026
18_4.png,SRF,768,100.34375,124.00900268554688,-23.665252685546875,-0.1908349569228899,2889
18_4.png,SRF,815,58.94232940673828,117.39867401123047,-58.45634460449219,-0.4979301946706843,1811
18_4.png,IRF,599,55.58096694946289,92.7695083618164,-37.188541412353516,-0.4008703082408507,1115
18_4.png,IRF,430,58.2279052734375,92.59266662597656,-34.36476135253906,-0.37113912585921943,1009
18_4.png,PED,1443,98.51351165771484,127.20067596435547,-28.687164306640625,-0.2255268227873209,1779
18_5.png,SRF,209,77.2488021850586,129.52154541015625,-52.272743225097656,-0.4035833811244717,1137
18_5.png,SRF,727,58.45942306518555,120.7964859008789,-62.33706283569336,-0.5160503003940432,1764
18_5.png,IRF,175,59.15999984741211,104.16576385498047,-45.00576400756836,-0.43205907912531955,736
18_5.png,IRF,730,53.801368713378906,96.75405883789062,-42.95269012451172,-0.4439368295285476,1232
18_5.png,PED,1822,99.1448974609375,127.43374633789062,-28.288848876953125,-0.22198867795933136,2679
18_6.png,SRF,508,117.71063232421875,127.6473159790039,-9.936683654785156,-0.07784483033250456,2308
18_6.png,SRF,447,62.85906219482422,117.01860046386719,-54.15953826904297,-0.46282845679534734,1183
18_6.png,SRF,624,62.84455108642578,115.09796905517578,-52.25341796875,-0.4539907906081358,1674
18_6.png,IRF,1295,59.33359146118164,99.31837463378906,-39.98478317260742,-0.402592000926727,1872
18_6.png,IRF,38,48.76315689086914,92.7631607055664,-44.000003814697266,-0.47432626788510207,456
18_6.png,IRF,65,56.75384521484375,105.94029998779297,-49.18645477294922,-0.46428464690600985,536
18_6.png,PED,299,112.77257537841797,130.7960968017578,-18.023521423339844,-0.13779861833841528,1280
18_6.png,PED,1755,97.62621307373047,131.06365966796875,-33.43744659423828,-0.2551237061359901,2466
18_7.png,SRF,658,67.22340393066406,114.03807067871094,-46.814666748046875,-0.4105178776650982,1471
18_7.png,SRF,586,57.832763671875,108.82552337646484,-50.992759704589844,-0.46857353056955564,1473
18_7.png,IRF,591,49.808799743652344,100.84033966064453,-51.03153991699219,-0.5060627531474741,952
18_7.png,IRF,134,57.082088470458984,93.35405731201172,-36.271968841552734,-0.388541964708862,579
18_7.png,IRF,481,60.869022369384766,92.28263092041016,-31.41360855102539,-0.3404065124467278,927
18_7.png,IRF,96,57.20833206176758,99.09628295898438,-41.8879508972168,-0.42269951653538895,592
18_7.png,PED,359,127.38996887207031,131.41787719726562,-4.0279083251953125,-0.030649622495036923,1790
18_7.png,PED,1746,104.69931030273438,128.48910522460938,-23.789794921875,-0.18515028865901517,2294
18_8.png,SRF,956,61.894351959228516,119.31804656982422,-57.4236946105957,-0.4812657955893679,1635
18_8.png,SRF,117,82.98290252685547,129.83609008789062,-46.853187561035156,-0.36086412899001025,787
18_8.png,SRF,777,61.492919921875,107.42818450927734,-45.935264587402344,-0.42759043911270267,1838
18_8.png,IRF,1680,54.29880905151367,103.16161346435547,-48.8628044128418,-0.4736529681142001,1912
18_8.png,IRF,110,58.081817626953125,99.7184829711914,-41.63666534423828,-0.417542105572014,579
18_8.png,PED,455,123.10989379882812,137.79400634765625,-14.684112548828125,-0.10656568408193241,2068
18_8.png,PED,1545,105.82135772705078,125.20748138427734,-19.386123657226562,-0.1548319912108777,2246
18_8.png,PED,1,139.0,146.6779022216797,-7.6779022216796875,-0.052345323360814044,267
18_9.png,SRF,1697,66.19681549072266,118.09947204589844,-51.90265655517578,-0.4394825451463849,3589
18_9.png,SRF,481,56.81081008911133,109.34405517578125,-52.53324508666992,-0.4804398831030878,1337
18_9.png,IRF,1019,49.53876495361328,102.63592529296875,-53.09716033935547,-0.5173350382703957,1236
18_9.png,IRF,597,60.62813949584961,93.36468505859375,-32.73654556274414,-0.35063092155454023,957
18_9.png,PED,578,131.34083557128906,137.8570098876953,-6.51617431640625,-0.047267631306631606,2035
18_9.png,PED,1429,108.9874038696289,123.96894073486328,-14.981536865234375,-0.1208491157254938,1996
19_1.png,PED,9547,44.889286041259766,105.2647933959961,-60.37550735473633,-0.5735584083427536,4445
19_1.png,PED,281,131.882568359375,144.24513244628906,-12.362564086914062,-0.08570524271602283,1387
19_10.png,PED,18957,41.73904037475586,110.042236328125,-68.30319595336914,-0.6206998170202759,6961
19_2.png,PED,11186,43.063472747802734,103.07268524169922,-60.009212493896484,-0.582202863476182,4898
19_2.png,PED,84,138.3095245361328,142.8139190673828,-4.50439453125,-0.03154030475926318,704
19_2.png,PED,359,120.69081115722656,132.62173461914062,-11.930923461914062,-0.08996205257137492,1187
19_3.png,PED,11912,42.19895935058594,106.26863861083984,-64.0696792602539,-0.6029029833992673,5137
19_3.png,PED,149,129.8053741455078,137.63710021972656,-7.83172607421875,-0.05690127198056359,868
19_3.png,PED,453,122.8741683959961,129.7632598876953,-6.889091491699219,-0.05308969193330562,1263
19_4.png,SRF,90,72.95555877685547,125.96897888183594,-53.01342010498047,-0.4208450411804102,548
19_4.png,PED,12896,42.170982360839844,107.86943817138672,-65.69845581054688,-0.6090553258112171,5170
19_4.png,PED,574,120.88153076171875,132.9588623046875,-12.07733154296875,-0.09083509992205281,1823
19_5.png,SRF,78,61.653846740722656,132.28179931640625,-70.6279525756836,-0.5339204103714059,511
19_5.png,PED,14420,42.33176040649414,112.96268463134766,-70.63092422485352,-0.6252589025779325,6378
19_5.png,PED,216,145.34722900390625,141.35984802246094,3.9873809814453125,0.028207309481626988,1056
19_6.png,PED,15791,44.878665924072266,110.51459503173828,-65.63592910766602,-0.593911863757147,6440
19_7.png,PED,17361,42.40556335449219,110.709716796875,-68.30415344238281,-0.6169662015097019,6380
19_8.png,PED,18520,41.826026916503906,113.373779296875,-71.5477523803711,-0.6310784806160485,6568
19_9.png,PED,18101,41.804595947265625,111.28394317626953,-69.4793472290039,-0.6243429667023145,6783
1_2.png,PED,535,135.89720153808594,129.78831481933594,6.10888671875,0.04706807948969451,959
20_1.png,SRF,154,82.12337493896484,129.6885223388672,-47.565147399902344,-0.36676451039836727,976
20_1.png,SRF,283,76.91873168945312,134.9246368408203,-58.00590515136719,-0.4299133687482195,1181
20_10.png,SRF,478,66.37447357177734,130.783203125,-64.40872955322266,-0.4924847229170711,1333
20_10.png,SRF,836,63.06459426879883,130.89871215820312,-67.8341178894043,-0.5182183748868402,1787
20_10.png,PED,376,132.7127685546875,113.30287170410156,19.409896850585938,0.1713098402419689,1324
20_10.png,PED,1427,89.5031509399414,95.93807983398438,-6.434928894042969,-0.06707377201188791,1728
20_2.png,SRF,181,87.51380920410156,128.0614471435547,-40.547637939453125,-0.3166264230483037,1009
20_2.png,SRF,492,93.72154235839844,131.4171905517578,-37.695648193359375,-0.28683955299221825,1606
20_2.png,PED,204,125.10784149169922,115.90514373779297,9.20269775390625,0.07939852759878459,622
20_3.png,SRF,182,68.9945068359375,122.79399871826172,-53.79949188232422,-0.43812802289924324,966
20_3.png,SRF,300,82.80000305175781,133.3757781982422,-50.575775146484375,-0.3791976011664683,1131
20_3.png,PED,466,140.13519287109375,116.50871276855469,23.626480102539062,0.20278723831987758,861
20_4.png,SRF,197,73.93401336669922,124.98484802246094,-51.05083465576172,-0.4084561885980564,1056
20_4.png,SRF,346,75.86994171142578,132.59024047851562,-56.720298767089844,-0.42778637826123084,1147
20_4.png,PED,910,135.77801513671875,108.49099731445312,27.287017822265625,0.2515141209659657,1389
20_5.png,SRF,246,68.79268646240234,126.83976745605469,-58.047080993652344,-0.45764102345712293,1217
20_5.png,SRF,518,75.8455581665039,131.85302734375,-56.007469177246094,-0.424771962430796,1769
20_5.png,PED,674,119.85015106201172,107.84503173828125,12.005119323730469,0.11131824183486301,1097
20_6.png,SRF,293,64.05802154541016,122.51446533203125,-58.456443786621094,-0.4771391168234379,1106
20_6.png,SRF,621,70.3043441772461,133.28697204589844,-62.982627868652344,-0.47253401365411596,1582
20_6.png,PED,861,114.09639739990234,115.40880584716797,-1.312408447265625,-0.01137182243271457,1908
20_7.png,SRF,343,68.6297378540039,125.17642211914062,-56.54668426513672,-0.4517359044766164,1247
20_7.png,SRF,705,74.69928741455078,135.4471893310547,-60.747901916503906,-0.4484988002816823,1742
20_7.png,PED,1130,111.1495590209961,108.27267456054688,2.8768844604492188,0.02657073423304459,1742
20_8.png,SRF,469,70.22814178466797,128.37149047851562,-58.143348693847656,-0.4529303856885465,1424
20_8.png,SRF,722,69.32548522949219,134.17324829101562,-64.84776306152344,-0.48331365519951947,1824
20_8.png,PED,1234,108.03079223632812,99.66841125488281,8.362380981445312,0.08390201946793482,1336
20_9.png,SRF,484,72.04545593261719,124.94902038574219,-52.903564453125,-0.423401194261478,1530
20_9.png,SRF,806,68.37841033935547,131.42288208007812,-63.044471740722656,-0.4797069638322847,1757
20_9.png,PED,112,113.6875,118.89825439453125,-5.21075439453125,-0.04382532292897077,688
20_9.png,PED,1131,92.09725952148438,98.5441665649414,-6.446907043457031,-0.06542149848320516,1698
21_1.png,SRF,139,72.19424438476562,95.43059539794922,-23.236351013183594,-0.24348953201315704,987
21_1.png,SRF,633,58.67772674560547,97.86211395263672,-39.18438720703125,-0.40040405448420724,2328
21_1.png,IRF,3228,39.53779602050781,51.79628372192383,-12.258487701416016,-0.23666732090718243,3068
21_2.png,IRF,3122,37.083919525146484,56.98402786254883,-19.900108337402344,-0.3492225643544081,3256
21_3.png,IRF,3244,38.87268829345703,55.743526458740234,-16.870838165283203,-0.3026510742511153,3244
21_4.png,IRF,1988,35.902915954589844,52.847713470458984,-16.94479751586914,-0.32063444949876607,1924
21_4.png,IRF,913,41.90470886230469,58.02724838256836,-16.122539520263672,-0.27784428815182205,1468
21_5.png,IRF,2704,36.31398010253906,54.53068923950195,-18.21670913696289,-0.33406343090500923,2672
21_5.png,PED,316,100.01582336425781,83.2603759765625,16.755447387695312,0.20124155327393564,795
21_6.png,IRF,3204,39.28495788574219,58.87693405151367,-19.591976165771484,-0.3327614876927817,3039
21_6.png,PED,2464,107.8847427368164,97.63168334960938,10.253059387207031,0.10501774665189212,2601
21_7.png,IRF,2389,38.334449768066406,52.664642333984375,-14.330192565917969,-0.27210272263960156,2797
21_7.png,PED,992,99.32762145996094,92.80309295654297,6.524528503417969,0.07030507600078824,970
21_7.png,PED,928,106.52586364746094,107.95344543457031,-1.427581787109375,-0.013224050250203644,1117
22_1.png,SRF,2384,75.9165267944336,132.82920837402344,-56.912681579589844,-0.42846511152376854,3267
22_1.png,PED,712,160.73313903808594,133.21060180664062,27.522537231445312,0.20660921021432768,2208
22_1.png,PED,1064,136.4548797607422,123.41376495361328,13.041114807128906,0.10566985629221007,2180
22_1.png,PED,114,161.5877227783203,133.7703857421875,27.817337036132812,0.2079483951683036,736
22_1.png,PED,137,149.15328979492188,135.94500732421875,13.208282470703125,0.09715901106395436,491
22_10.png,SRF,2700,81.67147827148438,136.6728057861328,-55.00132751464844,-0.40243066057131477,2659
22_10.png,SRF,90,66.76667022705078,136.6510009765625,-69.88433074951172,-0.5114073826762369,702
22_10.png,PED,1516,137.18931579589844,137.1231231689453,0.066192626953125,0.0004827240324126153,2388
22_10.png,PED,1611,125.85475158691406,124.43824005126953,1.4165115356445312,0.011383249514465307,2113
22_10.png,PED,177,138.8192138671875,137.45535278320312,1.363861083984375,0.009922211513548544,784
22_11.png,SRF,3067,84.67459869384766,135.57080078125,-50.896202087402344,-0.37542156418715716,2761
22_11.png,SRF,221,96.83710479736328,129.6149139404297,-32.777809143066406,-0.2528860927079033,805
22_11.png,PED,1628,130.78378295898438,123.17650604248047,7.607276916503906,0.06175915489825916,1626
22_11.png,PED,1219,129.92535400390625,133.82095336914062,-3.895599365234375,-0.02911053364332635,1776
22_11.png,PED,177,133.20338439941406,136.63414001464844,-3.430755615234375,-0.025109065822543082,984
22_12.png,SRF,2866,79.04954528808594,139.4691162109375,-60.41957092285156,-0.43321111199608586,2850
22_12.png,SRF,272,99.09558868408203,134.08241271972656,-34.98682403564453,-0.26093522130137786,813
22_12.png,PED,1583,138.48388671875,139.1390380859375,-0.6551513671875,-0.004708609288953499,2618
22_12.png,PED,1210,116.74380493164062,120.6973876953125,-3.953582763671875,-0.032756158514816135,1378
22_12.png,PED,158,146.87974548339844,140.00918579101562,6.8705596923828125,0.04907220660963015,653
22_12.png,PED,97,124.1134033203125,138.39999389648438,-14.286590576171875,-0.10322681507383204,640
22_13.png,SRF,1315,84.68973541259766,139.19956970214844,-54.50983428955078,-0.3915948476434799,1854
22_13.png,SRF,2637,87.90708923339844,145.20816040039062,-57.30107116699219,-0.394613298653414,2695
22_13.png,SRF,276,101.5797119140625,138.63681030273438,-37.057098388671875,-0.26729624194145923,1027
22_13.png,PED,1193,134.60519409179688,134.67681884765625,-0.071624755859375,-0.0005318269058641451,2463
22_13.png,PED,480,115.84583282470703,112.7990493774414,3.046783447265625,0.027010719186742978,1050
22_13.png,PED,152,130.09210205078125,130.6119842529297,-0.5198822021484375,-0.003980356053252259,768
22_13.png,PED,411,131.03892517089844,127.87666320800781,3.162261962890625,0.024728999674841372,900
22_14.png,SRF,3799,81.65938568115234,133.74072265625,-52.081336975097656,-0.3894201851216315,2966
22_14.png,SRF,431,111.84455108642578,137.7483673095703,-25.90381622314453,-0.18805171145825128,1073
22_14.png,PED,2076,128.8357391357422,139.7430877685547,-10.9073486328125,-0.07805286692160023,4052
22_14.png,PED,570,133.17544555664062,126.02750396728516,7.147941589355469,0.05671731458881362,1127
22_14.png,PED,224,133.7767791748047,127.23971557617188,6.5370635986328125,0.05137596833686263,972
22_14.png,PED,93,148.22579956054688,132.080078125,16.145721435546875,0.12224191312384473,537
22_15.png,SRF,3585,82.8064193725586,136.87588500976562,-54.06946563720703,-0.39502550528421687,2804
22_15.png,PED,2318,136.32916259765625,133.65054321289062,2.678619384765625,0.020041964068180994,4195
22_15.png,PED,1321,124.50038146972656,110.68856048583984,13.811820983886719,0.12478092517657809,1827
22_15.png,PED,38,137.0,148.4886016845703,-11.488601684570312,-0.07737025976562961,395
22_15.png,PED,195,135.26666259765625,128.49673461914062,6.769927978515625,0.052685603245727845,765
22_15.png,PED,244,134.56556701660156,127.30402374267578,7.261543273925781,0.05704095644772235,944
22_15.png,PED,137,146.13868713378906,134.64370727539062,11.494979858398438,0.08537331666668556,755
22_16.png,SRF,3220,77.56521606445312,131.8239288330078,-54.25871276855469,-0.41159987605352477,2249
22_16.png,PED,2697,139.2632598876953,131.03477478027344,8.228485107421875,0.06279619376779841,4946
22_16.png,PED,1107,126.29900360107422,128.52981567382812,-2.2308120727539062,-0.017356378059508532,2448
22_17.png,SRF,3817,76.00628662109375,130.17433166503906,-54.16804504394531,-0.4161192483271511,2478
22_17.png,SRF,453,107.17218780517578,144.45358276367188,-37.281394958496094,-0.2580856372353809,474
22_17.png,PED,1379,128.63162231445312,138.48619079589844,-9.854568481445312,-0.07115921396068305,2571
22_17.png,PED,461,142.81996154785156,123.71846771240234,19.10149383544922,0.15439484653053426,1229
22_17.png,PED,1056,126.4640121459961,131.02162170410156,-4.557609558105469,-0.034785171323847196,2358
22_18.png,SRF,4127,75.61715698242188,132.56509399414062,-56.94793701171875,-0.4295847066214568,2980
22_18.png,SRF,333,76.85285186767578,141.00411987304688,-64.1512680053711,-0.4549602384889868,729
22_18.png,PED,1196,123.8720703125,135.01214599609375,-11.14007568359375,-0.08251165553591053,2387
22_18.png,PED,1342,126.90611267089844,122.18455505371094,4.7215576171875,0.03864283513666647,2888
22_19.png,SRF,4708,80.09536743164062,131.28326416015625,-51.187896728515625,-0.3899042048959876,3315
22_19.png,SRF,396,73.15908813476562,138.09991455078125,-64.94082641601562,-0.4702452324265268,1081
22_19.png,PED,1086,122.44843292236328,140.8375701904297,-18.389137268066406,-0.13056982766176692,2044
22_19.png,PED,560,150.43035888671875,127.24242401123047,23.18793487548828,0.1822343063304241,1386
22_19.png,PED,717,116.00418090820312,136.01048278808594,-20.006301879882812,-0.14709382298902698,2003
22_2.png,SRF,2388,70.37646484375,129.51161193847656,-59.13514709472656,-0.456601120236371,3229
22_2.png,PED,2252,137.1696319580078,129.46412658691406,7.70550537109375,0.05951845947008926,4949
22_2.png,PED,97,140.07215881347656,140.6905517578125,-0.6183929443359375,-0.0043954120344943375,656
22_20.png,SRF,4500,71.47511291503906,135.11239624023438,-63.63728332519531,-0.4709951499346225,3292
22_20.png,SRF,687,69.06550598144531,137.83226013183594,-68.76675415039062,-0.4989162485227735,1407
22_20.png,PED,1249,131.82626342773438,140.45814514160156,-8.631881713867188,-0.06145518798617935,2652
22_20.png,PED,214,160.92056274414062,145.326416015625,15.594146728515625,0.10730428201600317,723
22_20.png,PED,1034,126.80657958984375,126.63153076171875,0.175048828125,0.0013823478802794194,2106
22_20.png,PED,129,145.968994140625,115.7631607055664,30.205833435058594,0.26092785693615017,532
22_21.png,SRF,4799,71.51531219482422,129.1284637451172,-57.61315155029297,-0.4461692633780097,3254
22_21.png,SRF,935,62.92406463623047,135.5063018798828,-72.58223724365234,-0.5356373558773052,1428
22_21.png,PED,284,146.5598602294922,152.41038513183594,-5.85052490234375,-0.038386655195989494,1328
22_21.png,PED,1232,135.1404266357422,138.54888916015625,-3.4084625244140625,-0.024601153752117303,2485
22_21.png,PED,505,163.53465270996094,120.38240814208984,43.152244567871094,0.35845972209608573,1080
22_21.png,PED,448,110.64955139160156,131.93028259277344,-21.280731201171875,-0.16130285468165548,1291
22_21.png,PED,275,121.27999877929688,133.2017059326172,-11.921707153320312,-0.08950115968748293,1056
22_3.png,SRF,2568,73.70015716552734,131.556396484375,-57.856239318847656,-0.43978279175288343,3059
22_3.png,PED,1705,134.76539611816406,139.2933349609375,-4.5279388427734375,-0.03250650035799073,3450
22_3.png,PED,241,145.40663146972656,128.23626708984375,17.170364379882812,0.1338963209826832,728
22_3.png,PED,307,140.96090698242188,129.02293395996094,11.937973022460938,0.09252597701867167,959
22_3.png,PED,136,119.00735473632812,126.80694580078125,-7.799591064453125,-0.06150760130053595,720
22_3.png,PED,24,135.8333282470703,141.9711151123047,-6.137786865234375,-0.0432326453192901,277
22_3.png,PED,113,123.28318786621094,146.89923095703125,-23.616043090820312,-0.16076355837239284,784
22_4.png,SRF,3191,85.60576629638672,136.91860961914062,-51.312843322753906,-0.37476894824953433,3649
22_4.png,PED,1416,126.33050537109375,140.37872314453125,-14.0482177734375,-0.10007369677364655,2783
22_4.png,PED,136,133.24264526367188,128.65684509277344,4.5858001708984375,0.035643654774774346,577
22_4.png,PED,201,140.53233337402344,135.26119995117188,5.2711334228515625,0.03897003297881725,670
22_4.png,PED,348,143.21551513671875,124.08961486816406,19.125900268554688,0.15412974154907746,915
22_4.png,PED,121,153.3057861328125,134.6475372314453,18.658248901367188,0.13857103728006231,488
22_4.png,PED,148,131.3918914794922,132.64999389648438,-1.2581024169921875,-0.009484375988542966,720
22_4.png,PED,321,120.91588592529297,126.56433868408203,-5.6484527587890625,-0.044629101826922965,1088
22_4.png,PED,67,135.3880615234375,116.44097137451172,18.94709014892578,0.16271841367576562,576
22_4.png,PED,71,168.408447265625,137.3298797607422,31.078567504882812,0.22630593982189656,676
22_5.png,SRF,2651,77.85401916503906,139.2700958251953,-61.41607666015625,-0.4409853838058858,3047
22_5.png,PED,1413,119.07147979736328,132.7550506591797,-13.683570861816406,-0.10307382501737022,2474
22_5.png,PED,606,136.37953186035156,126.50603485107422,9.873497009277344,0.07804763639063265,1326
22_5.png,PED,224,148.54017639160156,131.4163360595703,17.12384033203125,0.1303022199939367,1016
22_5.png,PED,371,121.7601089477539,130.0833282470703,-8.323219299316406,-0.0639837511191897,984
22_5.png,PED,150,132.7933349609375,126.66983795166016,6.123497009277344,0.04834218712440603,736
22_6.png,SRF,3172,87.58827209472656,137.70217895507812,-50.11390686035156,-0.36392965776307695,3408
22_6.png,PED,1716,131.77972412109375,139.3724822998047,-7.5927581787109375,-0.05447817283169375,2921
22_6.png,PED,2049,136.44998168945312,125.97296142578125,10.477020263671875,0.08316880182136989,3292
22_6.png,PED,64,150.578125,127.67534637451172,22.90277862548828,0.17938293708095585,576
22_7.png,SRF,2839,83.43113708496094,137.4774169921875,-54.04627990722656,-0.3931284213049906,2723
22_7.png,PED,2478,129.09725952148438,137.98199462890625,-8.884735107421875,-0.06439053973177299,4221
22_7.png,PED,1014,127.17455291748047,127.61835479736328,-0.4438018798828125,-0.003477570922987497,1449
22_7.png,PED,645,124.35968780517578,128.96531677246094,-4.605628967285156,-0.03571215178272361,2191
22_8.png,SRF,2674,83.71802520751953,139.2398223876953,-55.52179718017578,-0.39874941111015283,2823
22_8.png,SRF,58,94.29310607910156,141.0738983154297,-46.780792236328125,-0.3316048737217859,433
22_8.png,PED,1879,132.31771850585938,144.33981323242188,-12.0220947265625,-0.08329021949892668,4064
22_8.png,PED,892,122.41143798828125,113.07604217529297,9.335395812988281,0.08255856531055752,1131
22_8.png,PED,141,138.94326782226562,142.4912872314453,-3.5480194091796875,-0.024899904254613976,574
22_8.png,PED,356,121.89888000488281,131.0410919189453,-9.1422119140625,-0.06976599309564178,1095
22_8.png,PED,270,134.27407836914062,129.42462158203125,4.849456787109375,0.0374693526458234,869
22_9.png,SRF,2482,82.96977996826172,137.73358154296875,-54.76380157470703,-0.39760674892217457,2481
22_9.png,SRF,181,110.18231964111328,138.22613525390625,-28.04381561279297,-0.20288359767333114,681
22_9.png,PED,191,138.27224731445312,148.8528594970703,-10.580612182617188,-0.071081013951401,1169
22_9.png,PED,1201,136.09825134277344,134.4235382080078,1.674713134765625,0.012458481283048535,1733
22_9.png,PED,909,118.84928131103516,117.60897827148438,1.2403030395507812,0.010545989411520181,913
22_9.png,PED,141,136.46099853515625,134.19857788085938,2.262420654296875,0.016858752827510867,423
22_9.png,PED,330,138.5697021484375,132.84970092773438,5.720001220703125,0.043056184400555086,1018
22_9.png,PED,297,122.90235900878906,129.51634216308594,-6.613983154296875,-0.05106678465307954,1040
23_1.png,PED,178,168.78651428222656,143.5427703857422,25.243743896484375,0.17586217563341514,912
23_1.png,PED,234,161.07691955566406,134.78175354003906,26.295166015625,0.195094405028746,1008
23_10.png,PED,1543,143.53985595703125,129.96823120117188,13.571624755859375,0.10442263182648441,2078
23_2.png,PED,305,151.97705078125,137.453125,14.52392578125,0.10566457314993748,1152
23_2.png,PED,166,159.81324768066406,132.68865966796875,27.124588012695312,0.20442280508801636,864
23_3.png,PED,396,150.11111450195312,132.7452392578125,17.365875244140625,0.13082107758616726,1311
23_3.png,PED,168,145.6011962890625,135.415283203125,10.1859130859375,0.07521981895247729,602
23_5.png,IRF,57,56.877193450927734,89.01171875,-32.134525299072266,-0.3610145467399175,512
23_5.png,PED,643,137.43856811523438,138.5616912841797,-1.1231231689453125,-0.008105582131224646,1613
23_6.png,PED,174,161.7816162109375,146.3024139404297,15.479202270507812,0.1058027810587631,992
23_6.png,PED,2135,140.32833862304688,134.10626220703125,6.222076416015625,0.04639661350347739,4037
23_7.png,PED,311,138.27651977539062,144.49432373046875,-6.217803955078125,-0.04303147552478568,1056
23_8.png,PED,529,139.19281005859375,141.90513610839844,-2.7123260498046875,-0.019113656659564437,1676
23_9.png,IRF,186,48.16128921508789,93.95963287353516,-45.798343658447266,-0.4874257407975347,768
23_9.png,PED,1167,134.95286560058594,129.40948486328125,5.5433807373046875,0.04283596942806138,2088
24_1.png,SRF,2282,54.463626861572266,147.74520874023438,-93.28158187866211,-0.631367897978132,3387
24_1.png,SRF,579,81.48358917236328,113.83659362792969,-32.353004455566406,-0.28420566203264036,1634
24_10.png,SRF,1995,45.74285888671875,133.6801300048828,-87.93727111816406,-0.6578185637233601,2970
24_10.png,SRF,500,58.560001373291016,115.87033081054688,-57.31032943725586,-0.4946074550435244,2275
24_2.png,SRF,2311,48.64041519165039,140.6944122314453,-92.05399703979492,-0.6542832482100578,3207
24_2.png,SRF,431,68.78422546386719,121.92053985595703,-53.136314392089844,-0.43582742050574674,1636
24_3.png,SRF,2313,40.27323913574219,141.3563995361328,-101.08316040039062,-0.7150943341235305,3294
24_3.png,SRF,680,72.17500305175781,125.01000213623047,-52.834999084472656,-0.42264617375892344,2100
24_4.png,SRF,393,41.66157913208008,147.37078857421875,-105.70920944213867,-0.7173009689698545,623
24_4.png,SRF,2031,41.65977478027344,143.20700073242188,-101.54722595214844,-0.7090940068068773,2971
24_4.png,SRF,690,71.12898254394531,122.54793548583984,-51.41895294189453,-0.41958236781423286,2055
24_5.png,SRF,2295,35.49934768676758,144.08560180664062,-108.58625411987305,-0.7536232125788194,3166
24_5.png,SRF,572,62.181819915771484,124.14352416992188,-61.96170425415039,-0.49911346297322845,2153
24_6.png,SRF,2444,42.30155563354492,146.43899536132812,-104.1374397277832,-0.7111318912754847,3139
24_6.png,SRF,1007,71.82820129394531,119.99220275878906,-48.16400146484375,-0.4013927601751263,2053
24_7.png,SRF,2241,39.00312423706055,141.74212646484375,-102.7390022277832,-0.724830400038238,3079
24_7.png,SRF,958,80.60751342773438,116.4200210571289,-35.81250762939453,-0.30761468091318106,2038
24_8.png,SRF,2244,47.038326263427734,143.9466552734375,-96.90832901000977,-0.6732239024652925,3037
24_8.png,SRF,685,65.76058197021484,120.90184020996094,-55.141258239746094,-0.45608286973950524,2231
24_9.png,SRF,2018,46.039146423339844,136.7220458984375,-90.68289947509766,-0.6632646467451231,3076
24_9.png,SRF,988,71.15789794921875,114.42257690429688,-43.264678955078125,-0.3781131322646643,2073
25_9.png,PED,261,129.3065185546875,115.25350952148438,14.053009033203125,0.12193128948132818,1140
26_1.png,SRF,6564,53.192413330078125,97.26020812988281,-44.06779479980469,-0.45309171805344955,5534
26_1.png,PED,894,48.02013397216797,82.57599639892578,-34.55586242675781,-0.418473453954076,625
26_1.png,PED,232,120.0,125.76416778564453,-5.764167785644531,-0.04583314856000254,1094
26_10.png,SRF,7313,82.21632385253906,109.23016357421875,-27.013839721679688,-0.24731117154580257,4549
26_10.png,SRF,1551,56.12636947631836,78.06104278564453,-21.934673309326172,-0.28099385463705295,1376
26_10.png,PED,2843,68.96482849121094,90.3692398071289,-21.40441131591797,-0.23685505556537226,2711
26_11.png,SRF,6504,78.32794952392578,112.66525268554688,-34.337303161621094,-0.30477278791055346,4487
26_11.png,PED,3422,73.80040740966797,91.77124786376953,-17.970840454101562,-0.19582212155138723,2789
26_12.png,SRF,7301,83.29256439208984,107.49580383300781,-24.20323944091797,-0.22515520213716556,4649
26_12.png,PED,3719,69.65259552001953,87.7767562866211,-18.124160766601562,-0.2064801837449995,3252
26_13.png,SRF,7883,84.73982238769531,107.65243530273438,-22.912612915039062,-0.21283877926779313,4638
26_13.png,PED,3453,68.60005950927734,89.47035217285156,-20.87029266357422,-0.23326489900536007,3221
26_14.png,SRF,7971,82.27298736572266,108.66948699951172,-26.396499633789062,-0.24290626893184533,4608
26_14.png,PED,2629,72.06961059570312,91.72593688964844,-19.656326293945312,-0.21429409129495183,2857
26_15.png,SRF,8152,80.2210464477539,110.04728698730469,-29.82624053955078,-0.27103112994499906,4906
26_15.png,PED,3428,74.53092193603516,84.61151885986328,-10.080596923828125,-0.11913977032517264,3300
26_16.png,SRF,7889,81.02813720703125,111.63838958740234,-30.610252380371094,-0.2741910958542281,4928
26_16.png,PED,2052,74.54873657226562,84.74181365966797,-10.193077087402344,-0.12028391471934756,2688
26_2.png,SRF,9004,65.19446563720703,104.82499694824219,-39.630531311035156,-0.37806374876979876,5800
26_2.png,PED,793,50.05044174194336,77.74647521972656,-27.696033477783203,-0.3562352299510539,639
26_2.png,PED,255,110.70587921142578,126.95577239990234,-16.249893188476562,-0.12799648949628273,927
26_3.png,SRF,6242,71.91044616699219,109.14393615722656,-37.233489990234375,-0.34114116918596304,3974
26_3.png,SRF,3053,65.14248657226562,95.49308776855469,-30.350601196289062,-0.31783034673514177,2243
26_3.png,PED,775,53.08386993408203,76.93399810791016,-23.850128173828125,-0.31000765279837855,500
26_3.png,PED,278,100.71942138671875,123.34754180908203,-22.62812042236328,-0.18345011250720508,915
26_4.png,SRF,5731,71.32699584960938,109.90834045410156,-38.58134460449219,-0.3510320003476352,3895
26_4.png,SRF,2687,59.86155700683594,100.0951156616211,-40.233558654785156,-0.40195326603945053,2271
26_4.png,PED,583,50.88164520263672,76.46855926513672,-25.5869140625,-0.3346069849934455,493
26_4.png,PED,377,106.27320861816406,119.10469818115234,-12.831489562988281,-0.10773285822421733,1022
26_5.png,SRF,5642,73.31531524658203,111.94103240966797,-38.62571716308594,-0.3450541444153231,3985
26_5.png,SRF,2465,57.366329193115234,89.91791534423828,-32.55158615112305,-0.3620144664887282,2132
26_5.png,PED,97,131.319580078125,121.72476959228516,9.594810485839844,0.07882381308239467,654
26_5.png,PED,559,92.09481048583984,92.57899475097656,-0.48418426513671875,-0.005229958117811723,1038
26_5.png,PED,251,49.36653518676758,71.08687591552734,-21.720340728759766,-0.30554642399210347,518
26_6.png,SRF,6366,76.97329711914062,110.1386489868164,-33.16535186767578,-0.3011236488986321,4349
26_6.png,SRF,2519,59.371177673339844,89.29824829101562,-29.92707061767578,-0.3351361442180358,1824
26_6.png,PED,1229,81.06509399414062,99.66170501708984,-18.59661102294922,-0.18659735973572095,1815
26_6.png,PED,215,60.61860275268555,68.03871154785156,-7.420108795166016,-0.10905716211200531,310
26_7.png,SRF,6429,78.56991577148438,109.71793365478516,-31.14801788330078,-0.2838917654182627,4311
26_7.png,SRF,2568,60.797508239746094,85.13796997070312,-24.34046173095703,-0.2858943164763365,1812
26_7.png,PED,1526,69.14875793457031,98.61384582519531,-29.465087890625,-0.29879260507551186,1849
26_8.png,SRF,6847,81.49583435058594,107.27143859863281,-25.775604248046875,-0.24028394309587817,4384
26_8.png,SRF,2283,61.054752349853516,86.25439453125,-25.199642181396484,-0.29215487881335306,1651
26_8.png,PED,2364,75.04779815673828,94.72657012939453,-19.67877197265625,-0.2077428956392642,2198
26_9.png,SRF,6410,77.03884887695312,109.49755859375,-32.458709716796875,-0.2964331820147959,3897
26_9.png,SRF,1950,58.136409759521484,87.41483306884766,-29.278423309326172,-0.3349365580354832,1497
26_9.png,SRF,338,87.82839965820312,120.72544860839844,-32.89704895019531,-0.2724947335412658,998
26_9.png,PED,2903,78.64105987548828,95.20050811767578,-16.5594482421875,-0.17394285565911727,2359
27_1.png,PED,305,132.59344482421875,137.0199432373047,-4.4264984130859375,-0.032305504647740874,1504
27_1.png,PED,380,117.18684387207031,133.30270385742188,-16.115859985351562,-0.12089672241448898,1698
27_10.png,PED,463,134.12527465820312,129.93605041503906,4.1892242431640625,0.032240661693063076,1376
27_10.png,PED,109,163.5688018798828,128.3541717529297,35.214630126953125,0.27435516622504597,768
27_11.png,PED,252,120.79762268066406,138.5941619873047,-17.796539306640625,-0.12840756819375118,1232
27_12.png,SRF,298,52.74161148071289,101.92564392089844,-49.18403244018555,-0.4825481649971803,928
27_12.png,PED,168,127.80952453613281,138.84312438964844,-11.033599853515625,-0.07946810403481704,1243
27_12.png,PED,249,139.080322265625,134.9818878173828,4.0984344482421875,0.030362847301313233,1104
27_2.png,PED,383,139.906005859375,140.9607696533203,-1.0547637939453125,-0.007482676183873033,1835
27_2.png,PED,185,119.4000015258789,141.43310546875,-22.033103942871094,-0.1557846295593033,1136
27_2.png,PED,43,145.1627960205078,139.74826049804688,5.4145355224609375,0.038744922499672985,576
27_3.png,PED,437,139.82150268554688,135.44757080078125,4.373931884765625,0.03229243506477413,1888
27_4.png,PED,140,113.34285736083984,147.396484375,-34.053627014160156,-0.231034187542237,1024
27_4.png,PED,581,153.29776000976562,133.0138397216797,20.283920288085938,0.15249481054398806,2096
27_5.png,PED,152,128.4144744873047,142.45797729492188,-14.043502807617188,-0.09857996775107791,928
27_5.png,PED,489,151.66258239746094,136.64231872558594,15.020263671875,0.10992395190570264,2108
27_6.png,PED,114,131.0,144.09539794921875,-13.09539794921875,-0.09088005679288767,912
27_6.png,PED,457,149.81619262695312,140.2932891845703,9.522903442382812,0.06787853857966399,2131
27_7.png,PED,122,141.38523864746094,142.6825714111328,-1.297332763671875,-0.009092440308870482,1027
27_7.png,PED,134,121.37313079833984,144.6130828857422,-23.239952087402344,-0.16070435415420936,933
27_7.png,PED,469,139.64605712890625,139.07765197753906,0.5684051513671875,0.004086962522627176,2112
27_8.png,PED,102,138.89215087890625,141.5,-2.60784912109375,-0.018430029124337458,622
27_8.png,PED,126,137.10317993164062,141.77542114257812,-4.6722412109375,-0.0329552271704332,944
27_8.png,PED,330,138.65757751464844,136.7304229736328,1.927154541015625,0.014094555542969825,1328
27_8.png,PED,81,121.56790161132812,134.8847198486328,-13.316818237304688,-0.09872740405472745,720
27_9.png,PED,308,130.0,137.2458953857422,-7.2458953857421875,-0.05279498789655555,1460
27_9.png,PED,119,147.35293579101562,130.7600555419922,16.592880249023438,0.1268956347582371,821
28_1.png,PED,569,156.99472045898438,140.30609130859375,16.688629150390625,0.11894443779839262,2300
28_10.png,PED,898,127.2928695678711,136.98121643066406,-9.688346862792969,-0.07072755750929494,2342
28_10.png,PED,227,155.56387329101562,156.1360321044922,-0.5721588134765625,-0.0036644892646794814,1088
28_11.png,PED,165,132.91514587402344,155.62806701660156,-22.712921142578125,-0.14594360501923623,976
28_11.png,PED,963,134.99066162109375,142.0592803955078,-7.0686187744140625,-0.049758233004801186,3593
28_12.png,PED,240,110.79582977294922,159.8125,-49.01667022705078,-0.3067136189412642,1152
28_12.png,PED,248,143.44354248046875,135.3638153076172,8.079727172851562,0.059688973412061475,1039
28_12.png,PED,145,141.6482696533203,147.9486846923828,-6.3004150390625,-0.0425851372194516,799
28_12.png,PED,38,135.07894897460938,145.47537231445312,-10.39642333984375,-0.07146517774411536,528
28_2.png,PED,609,149.70606994628906,147.12171936035156,2.5843505859375,0.01756607112242577,2284
28_3.png,PED,574,143.20034790039062,147.8198699951172,-4.6195220947265625,-0.03125102257821736,2204
28_4.png,PED,694,149.74928283691406,146.82302856445312,2.9262542724609375,0.019930485708353003,2215
28_5.png,PED,730,133.73287963867188,145.27432250976562,-11.54144287109375,-0.0794458557555339,3124
28_6.png,PED,272,127.82720947265625,131.16766357421875,-3.3404541015625,-0.025467054993110912,1008
28_6.png,PED,679,142.71722412109375,139.12277221679688,3.594451904296875,0.02583654600194131,2240
28_7.png,PED,220,114.99090576171875,137.52099609375,-22.53009033203125,-0.16383018573158217,881
28_7.png,PED,686,141.09475708007812,142.7480010986328,-1.6532440185546875,-0.011581556349866967,2258
28_8.png,PED,749,116.94659423828125,146.07015991210938,-29.123565673828125,-0.19938066536896937,2594
28_9.png,PED,854,115.69086456298828,139.92364501953125,-24.23278045654297,-0.17318574321845628,2292
29_1.png,PED,1732,105.24884796142578,118.36528015136719,-13.116432189941406,-0.11081317235229729,4309
29_10.png,PED,1197,101.01754760742188,123.67710876464844,-22.659561157226562,-0.18321548250571262,3704
29_11.png,PED,1594,102.44165802001953,121.2094955444336,-18.767837524414062,-0.15483801364006217,3728
29_12.png,PED,1351,97.37157440185547,120.64395141601562,-23.272377014160156,-0.19290131615392964,2994
29_13.png,PED,1434,100.50069427490234,119.47807312011719,-18.977378845214844,-0.158835662056049,3420
29_14.png,PED,650,118.23846435546875,119.38251495361328,-1.1440505981445312,-0.009583066654183472,2162
29_14.png,PED,639,80.9374008178711,115.66593933105469,-34.728538513183594,-0.3002486186861361,1377
29_15.png,PED,819,95.4078140258789,115.38448333740234,-19.976669311523438,-0.17313133216628895,2385
29_15.png,PED,89,109.28089904785156,126.48757934570312,-17.206680297851562,-0.13603454494787978,765
29_2.png,PED,1933,106.65545654296875,117.51427459716797,-10.858818054199219,-0.09240424698550545,4414
29_3.png,PED,1744,99.18119049072266,122.0169906616211,-22.835800170898438,-0.18715262560627263,4238
29_4.png,PED,1497,95.08416748046875,122.60694122314453,-27.52277374267578,-0.22447973555252762,4353
29_5.png,PED,1766,98.00792694091797,122.91365814208984,-24.905731201171875,-0.2026278574540554,4540
29_6.png,PED,1764,92.23809814453125,123.12754821777344,-30.889450073242188,-0.250873590194524,4320
29_7.png,PED,1762,98.17536926269531,124.5965805053711,-26.42121124267578,-0.21205406388770692,4675
29_8.png,PED,2106,109.08309936523438,122.69820404052734,-13.615104675292969,-0.11096417247310227,5073
29_9.png,PED,2166,110.0420150756836,122.23455047607422,-12.192535400390625,-0.09974704658301296,5244
2_1.png,SRF,71,75.07041931152344,117.97187805175781,-42.901458740234375,-0.36365835187782813,640
2_1.png,SRF,125,67.552001953125,138.8382568359375,-71.2862548828125,-0.5134482131034683,643
2_1.png,PED,1478,105.60419464111328,110.25029754638672,-4.6461029052734375,-0.04214140921768157,1678
2_10.png,SRF,446,71.61434936523438,130.68626403808594,-59.07191467285156,-0.4520131867541658,1310
2_10.png,PED,739,90.7902603149414,100.00320434570312,-9.212944030761719,-0.0921264882564493,1249
2_11.png,SRF,197,68.3147201538086,106.11148834228516,-37.79676818847656,-0.3561986433227197,879
2_12.png,SRF,295,85.2203369140625,133.09201049804688,-47.871673583984375,-0.35968855985301157,1163
2_12.png,IRF,58,63.931034088134766,95.39228820800781,-31.461254119873047,-0.329809198530495,441
2_12.png,PED,375,115.7413330078125,98.51851654052734,17.222816467285156,0.17481806539586134,756
2_2.png,SRF,151,62.046356201171875,118.27092742919922,-56.224571228027344,-0.47538792880173514,908
2_2.png,IRF,65,48.38461685180664,74.52395629882812,-26.139339447021484,-0.3507508289308645,647
2_2.png,IRF,78,53.78205108642578,95.78135681152344,-41.999305725097656,-0.43849144680360935,590
2_2.png,PED,2254,99.03504943847656,113.41295623779297,-14.377906799316406,-0.12677481723666778,2177
2_3.png,SRF,380,61.5184211730957,112.49646759033203,-50.97804641723633,-0.45315241899753117,1132
2_3.png,SRF,159,82.61006164550781,120.72452545166016,-38.114463806152344,-0.31571433943150123,530
2_3.png,PED,2085,101.48345184326172,119.0016098022461,-17.518157958984375,-0.1472094200078101,2486
2_4.png,SRF,680,80.0676498413086,111.00851440429688,-30.94086456298828,-0.2787251476071518,1527
2_4.png,SRF,52,83.48076629638672,107.5718002319336,-24.091033935546875,-0.22395306096583525,383
2_4.png,PED,2178,99.3342514038086,116.58342742919922,-17.249176025390625,-0.14795564348857387,2691
2_5.png,SRF,548,64.83941650390625,116.58753967285156,-51.74812316894531,-0.44385637877042633,1268
2_5.png,PED,1368,81.05994415283203,98.27162170410156,-17.21167755126953,-0.1751439251007208,1237
2_5.png,PED,391,130.43734741210938,130.24928283691406,0.1880645751953125,0.00144388184793915,1408
2_6.png,SRF,751,77.0319595336914,110.13424682617188,-33.10228729248047,-0.3005630695847658,1311
2_6.png,PED,2163,92.85899353027344,103.28942108154297,-10.430427551269531,-0.1009825347267182,1541
2_7.png,SRF,667,63.952022552490234,119.15943908691406,-55.20741653442383,-0.4633071199181789,1361
2_7.png,PED,1771,80.57199096679688,106.58953094482422,-26.017539978027344,-0.2440909510287202,1318
2_7.png,PED,232,137.48707580566406,126.2883529663086,11.198722839355469,0.08867581670293129,1082
2_8.png,SRF,347,61.00288009643555,120.07353210449219,-59.07065200805664,-0.4919539799716335,952
2_8.png,PED,1800,80.85388946533203,103.18690490722656,-22.33301544189453,-0.21643265162351494,1359
2_8.png,PED,140,122.37857055664062,124.67252349853516,-2.2939529418945312,-0.01839982762458068,797
2_9.png,SRF,295,64.28813934326172,123.10130310058594,-58.81316375732422,-0.47776231669349634,997
2_9.png,SRF,71,77.76056671142578,109.0149917602539,-31.254425048828125,-0.2866984122473994,467
2_9.png,PED,1240,83.00080871582031,105.95547485351562,-22.954666137695312,-0.21664445531890014,1415
30_1.png,IRF,345,52.63188552856445,77.04727172851562,-24.415386199951172,-0.31688839399766705,1227
30_1.png,IRF,314,44.761146545410156,77.17603302001953,-32.414886474609375,-0.42001234329057735,943
30_1.png,PED,387,111.16278839111328,107.73226165771484,3.4305267333984375,0.031843077278910656,1184
30_1.png,PED,1865,86.39196014404297,102.32259368896484,-15.930633544921875,-0.15569028276733315,3912
30_10.png,PED,8364,67.82221221923828,102.27621459960938,-34.454002380371094,-0.336872092062182,6799
30_11.png,PED,9336,64.10400390625,102.70553588867188,-38.601531982421875,-0.37584665372141357,6775
30_12.png,PED,8471,68.20198059082031,101.07569122314453,-32.87371063232422,-0.32523854385273526,6553
30_13.png,PED,8486,67.88510131835938,103.59427642822266,-35.70917510986328,-0.34470220113564953,7027
30_14.png,PED,9362,64.13159942626953,104.50619506835938,-40.374595642089844,-0.3863368637206636,6857
30_15.png,PED,9246,63.90255355834961,105.85200500488281,-41.9494514465332,-0.39630285174662616,6892
30_16.png,PED,8419,66.8935775756836,101.8935775756836,-35.0,-0.34349564352083933,7151
30_2.png,IRF,356,45.31741714477539,74.63519287109375,-29.31777572631836,-0.39281436274914683,932
30_2.png,PED,450,104.24444580078125,113.72846984863281,-9.484024047851562,-0.08339181966023414,1440
30_2.png,PED,136,123.8382339477539,111.71041870117188,12.127815246582031,0.10856476403534245,960
30_2.png,PED,2016,85.08135223388672,99.3786392211914,-14.297286987304688,-0.1438668017528655,3951
30_3.png,IRF,126,44.0476188659668,72.625,-28.577381134033203,-0.3934923391949494,704
30_3.png,PED,570,102.18596649169922,109.09444427490234,-6.908477783203125,-0.06332566089062017,1620
30_3.png,PED,179,124.78211975097656,111.01641082763672,13.765708923339844,0.12399706332347912,1036
30_3.png,PED,1880,87.28510284423828,99.80247497558594,-12.517372131347656,-0.12542146008312624,4288
30_4.png,PED,980,99.1897964477539,111.27538299560547,-12.085586547851562,-0.10860970524207364,2600
30_4.png,PED,2508,72.95294952392578,97.73060607910156,-24.77765655517578,-0.25353016367381526,4087
30_5.png,PED,5511,78.49773406982422,97.79179382324219,-19.29405975341797,-0.19729732934740735,6407
30_6.png,PED,6206,73.64115142822266,99.90260314941406,-26.261451721191406,-0.2628705448437099,6879
30_7.png,IRF,66,52.6363639831543,84.4599380493164,-31.82357406616211,-0.3767889818671218,624
30_7.png,PED,6842,70.78763580322266,100.87498474121094,-30.08734893798828,-0.2982637272776365,6919
30_8.png,PED,7359,72.76858520507812,102.487060546875,-29.718475341796875,-0.28997295056778793,7147
30_9.png,PED,7055,73.92062377929688,101.99617004394531,-28.075546264648438,-0.27526078922916436,7051
31_1.png,SRF,2809,65.40013885498047,98.46101379394531,-33.060874938964844,-0.33577630033500494,5104
31_10.png,SRF,3624,59.561256408691406,93.31922912597656,-33.757972717285156,-0.36174723080613413,5579
31_10.png,PED,1843,66.77265167236328,91.89228820800781,-25.11963653564453,-0.2733595715756213,2126
31_2.png,SRF,2891,69.92666625976562,95.41674041748047,-25.490074157714844,-0.2671446755169707,5435
31_3.png,SRF,3295,71.395751953125,96.63184356689453,-25.23609161376953,-0.2611570956555284,5332
31_3.png,PED,232,98.78448486328125,107.81145477294922,-9.026969909667969,-0.08372922829655491,1257
31_4.png,SRF,3970,72.73703002929688,96.7801284790039,-24.04309844970703,-0.24843011502018303,5717
31_4.png,PED,197,105.70050811767578,102.44638061523438,3.2541275024414062,0.03176420175021292,802
31_5.png,SRF,3385,66.46588134765625,93.6175765991211,-27.151695251464844,-0.29002775160193317,5167
31_5.png,PED,179,95.59217834472656,107.37590026855469,-11.783721923828125,-0.10974270664419303,971
31_6.png,SRF,3224,69.16966247558594,90.774658203125,-21.604995727539062,-0.23800690804248373,4349
31_6.png,PED,1059,93.57129669189453,96.18975067138672,-2.6184539794921875,-0.027221756592733234,2361
31_7.png,SRF,3583,67.03628540039062,91.34654998779297,-24.310264587402344,-0.26613226871349854,5070
31_7.png,PED,1138,81.3769760131836,99.56241607666016,-18.185440063476562,-0.18265366370251906,2171
31_8.png,SRF,3548,67.05298614501953,87.27876281738281,-20.22577667236328,-0.2317376646903504,5076
31_8.png,PED,799,97.6495590209961,90.46672058105469,7.182838439941406,0.07939757729480047,1292
31_8.png,PED,147,104.55782318115234,112.20952606201172,-7.651702880859375,-0.0681912057683117,945
31_9.png,SRF,4671,69.394775390625,88.86791229248047,-19.47313690185547,-0.21912450061576594,5678
31_9.png,PED,1485,81.73265838623047,99.76368713378906,-18.031028747558594,-0.18073739318974757,2539
32_1.png,PED,389,120.30591583251953,129.25189208984375,-8.945976257324219,-0.06921350328168363,1056
32_1.png,PED,310,118.57096862792969,121.93958282470703,-3.3686141967773438,-0.02762527244020393,960
32_10.png,SRF,1171,76.52348327636719,139.89865112304688,-63.37516784667969,-0.4530077119252458,2891
32_10.png,PED,133,113.33082580566406,142.25961303710938,-28.928787231445312,-0.20335207311367454,832
32_10.png,PED,501,148.29940795898438,143.68934631347656,4.6100616455078125,0.032083531338853596,1484
32_11.png,SRF,1259,70.46227264404297,140.1497039794922,-69.68743133544922,-0.4972356655540738,3133
32_11.png,PED,100,159.25999450683594,137.9891357421875,21.270858764648438,0.1541487933107279,736
32_11.png,PED,464,146.22198486328125,151.40164184570312,-5.179656982421875,-0.0342113660015694,1220
32_12.png,SRF,48,84.39583587646484,142.4981231689453,-58.10228729248047,-0.407740719669652,532
32_12.png,SRF,1216,73.515625,140.4302215576172,-66.91459655761719,-0.4764971230225024,3275
32_12.png,PED,110,144.63636779785156,147.52444458007812,-2.8880767822265625,-0.019576937167581594,757
32_12.png,PED,283,139.3780975341797,153.9761962890625,-14.598098754882812,-0.09480750341096567,1008
32_13.png,SRF,1247,74.70088195800781,140.30523681640625,-65.60435485839844,-0.4675830806247365,3286
32_13.png,PED,100,128.47999572753906,154.1195831298828,-25.63958740234375,-0.16636164516962282,761
32_13.png,PED,384,147.1041717529297,149.2578125,-2.1536407470703125,-0.014428998462444387,1024
32_14.png,SRF,1009,71.72051239013672,139.60475158691406,-67.88423919677734,-0.48626023416197617,2816
32_14.png,PED,91,121.03296661376953,151.94317626953125,-30.91020965576172,-0.20343269381791948,704
32_14.png,PED,751,133.50067138671875,140.51663208007812,-7.015960693359375,-0.04992975272394156,1833
32_15.png,SRF,1415,90.86148071289062,137.11569213867188,-46.25421142578125,-0.3373371107590084,2818
32_15.png,PED,181,138.49171447753906,135.02777099609375,3.4639434814453125,0.025653563381013832,864
32_15.png,PED,631,140.04754638671875,141.53115844726562,-1.483612060546875,-0.01048258261165627,1653
32_2.png,SRF,60,71.16666412353516,141.61387634277344,-70.44721221923828,-0.4974598114151065,562
32_2.png,PED,612,76.97058868408203,132.4850311279297,-55.514442443847656,-0.4190242623730224,1169
32_2.png,PED,519,96.67051696777344,119.03784942626953,-22.367332458496094,-0.1879010127140286,1136
32_3.png,SRF,82,90.3780517578125,140.5739288330078,-50.19587707519531,-0.3570781402490683,629
32_3.png,PED,1052,76.54943084716797,128.17869567871094,-51.62926483154297,-0.40279131066332124,1427
32_3.png,PED,733,107.59754180908203,123.71038818359375,-16.11284637451172,-0.13024651050806885,1319
32_4.png,SRF,127,87.70079040527344,148.88221740722656,-61.181427001953125,-0.410938445621132,832
32_4.png,SRF,102,81.51960754394531,136.2744598388672,-54.754852294921875,-0.4017983440159277,736
32_4.png,PED,1178,80.93633270263672,125.33875274658203,-44.40242004394531,-0.3542593098378838,1600
32_4.png,PED,603,93.85903930664062,126.9554214477539,-33.09638214111328,-0.2606929405904376,1301
32_5.png,SRF,437,91.19451141357422,142.5780792236328,-51.383567810058594,-0.3603889748680356,1870
32_5.png,PED,1041,96.22093963623047,131.3402099609375,-35.11927032470703,-0.2673916109556397,1746
32_5.png,PED,422,110.75829315185547,130.87823486328125,-20.11994171142578,-0.15373023430858146,1158
32_5.png,PED,203,136.95074462890625,141.89517211914062,-4.944427490234375,-0.034845635805585015,725
32_5.png,PED,165,158.63636779785156,123.81234741210938,34.82402038574219,0.28126451936033847,810
32_6.png,SRF,434,93.45391845703125,140.17120361328125,-46.71728515625,-0.33328732258830035,1577
32_6.png,SRF,407,75.10073852539062,127.80220031738281,-52.70146179199219,-0.41236740573412556,1001
32_6.png,PED,1225,116.41224670410156,115.2574234008789,1.1548233032226562,0.010019513443451228,1651
32_6.png,PED,1052,140.72718811035156,131.4488067626953,9.27838134765625,0.07058551215612419,2061
32_7.png,SRF,46,100.86956787109375,154.46286010742188,-53.593292236328125,-0.34696555663320255,525
32_7.png,SRF,938,76.3113021850586,140.29200744628906,-63.98070526123047,-0.4560538153659648,2113
32_7.png,SRF,62,78.67742156982422,133.44668579101562,-54.769264221191406,-0.4104205653107256,544
32_7.png,PED,607,120.95387268066406,133.23681640625,-12.282943725585938,-0.09218881129772895,1347
32_7.png,PED,934,139.98179626464844,136.003173828125,3.9786224365234375,0.029253894041851188,1895
32_8.png,SRF,107,112.78504943847656,146.95828247070312,-34.17323303222656,-0.23253696530536935,791
32_8.png,SRF,1111,76.82268524169922,142.6359405517578,-65.8132553100586,-0.4614072375831333,2832
32_8.png,SRF,45,100.53333282470703,140.68048095703125,-40.14714813232422,-0.28537824052923566,507
32_8.png,PED,284,137.3556365966797,136.14654541015625,1.2090911865234375,0.008880806948725133,928
32_8.png,PED,85,143.1058807373047,157.125,-14.019119262695312,-0.089222716071251,432
32_8.png,PED,379,124.5699234008789,135.64202880859375,-11.072105407714844,-0.08162739458386337,1285
32_9.png,SRF,1113,77.55435943603516,141.92559814453125,-64.3712387084961,-0.45355622629078546,2863
32_9.png,SRF,141,101.97872161865234,129.02195739746094,-27.043235778808594,-0.20960180983381038,911
32_9.png,PED,186,111.7258071899414,139.08970642089844,-27.36389923095703,-0.19673561714302076,903
32_9.png,PED,468,138.85897827148438,144.19456481933594,-5.3355865478515625,-0.03700268837827985,1655
33_1.png,PED,209,94.10526275634766,111.98507690429688,-17.87981414794922,-0.1596624714847445,603
33_1.png,PED,304,75.9868392944336,115.22763061523438,-39.24079132080078,-0.3405501884511779,1151
33_10.png,PED,194,105.67525482177734,113.81438446044922,-8.139129638671875,-0.07151231083185484,598
33_10.png,PED,5455,70.86856079101562,101.75299835205078,-30.884437561035156,-0.3035236116991799,4502
33_11.png,PED,76,106.85526275634766,119.02421569824219,-12.168952941894531,-0.10223930374593722,413
33_11.png,PED,5754,66.35453796386719,105.4547348022461,-39.100196838378906,-0.3707770628952936,4264
33_12.png,PED,5793,62.25686264038086,105.84489440917969,-43.58803176879883,-0.4118104327289927,4455
33_13.png,PED,7089,63.574127197265625,107.00904846191406,-43.43492126464844,-0.4058995186758202,4532
33_14.png,IRF,621,59.61835861206055,88.98507690429688,-29.366718292236328,-0.3300184628015788,938
33_14.png,PED,7160,60.71047592163086,109.2409439086914,-48.53046798706055,-0.4442516354273224,5134
33_15.png,IRF,1300,61.608463287353516,90.05477905273438,-28.44631576538086,-0.31587791413849603,1497
33_15.png,IRF,415,65.62891387939453,102.52987670898438,-36.900962829589844,-0.35990448846756806,887
33_15.png,PED,7673,62.26313018798828,107.10810089111328,-44.844970703125,-0.41868887908594943,5541
33_16.png,IRF,1582,61.114410400390625,88.86588287353516,-27.75147247314453,-0.3122848901713787,1700
33_16.png,IRF,472,58.46821975708008,97.16388702392578,-38.6956672668457,-0.3982515361629905,1080
33_16.png,IRF,72,61.44444274902344,107.5101318359375,-46.06568908691406,-0.428477654154598,592
33_16.png,PED,8935,70.17112731933594,104.49767303466797,-34.32654571533203,-0.3284910057656874,6008
33_17.png,IRF,2738,61.297298431396484,100.00040435791016,-38.70310592651367,-0.38702949428076194,2458
33_17.png,IRF,151,56.73509979248047,96.82054138183594,-40.08544158935547,-0.4140179451307604,847
33_17.png,PED,8735,65.8228988647461,103.54008483886719,-37.717185974121094,-0.3642761741292557,5401
33_18.png,IRF,659,59.553871154785156,90.25215148925781,-30.698280334472656,-0.34013904187233135,928
33_18.png,IRF,397,49.387908935546875,93.8861312866211,-44.49822235107422,-0.47395948412473654,887
33_18.png,IRF,1088,46.958641052246094,92.63499450683594,-45.676353454589844,-0.49307881646410834,1063
33_18.png,IRF,454,49.008811950683594,101.23763275146484,-52.22882080078125,-0.5159032207815579,1031
33_18.png,IRF,107,52.467288970947266,102.1860122680664,-49.71872329711914,-0.48655116481785315,672
33_18.png,PED,7944,66.74358367919922,101.09913635253906,-34.355552673339844,-0.33982043677939905,5104
33_19.png,IRF,1001,59.74026107788086,95.81678009033203,-36.07651901245117,-0.37651566853363,1299
33_19.png,IRF,1258,45.830684661865234,94.40423583984375,-48.573551177978516,-0.514527242828206,1274
33_19.png,IRF,873,45.4146614074707,101.77315521240234,-56.35849380493164,-0.5537658107121715,1371
33_19.png,PED,8444,65.52131652832031,100.84137725830078,-35.32006072998047,-0.3502536527194554,4892
33_2.png,PED,286,95.88811492919922,111.87481689453125,-15.986701965332031,-0.14289812854311368,671
33_2.png,PED,443,59.069976806640625,116.02580261230469,-56.95582580566406,-0.4908893067172269,1434
33_20.png,IRF,2779,58.50737762451172,99.74209594726562,-41.234718322753906,-0.41341339312294983,1803
33_20.png,IRF,931,48.110633850097656,104.6835708618164,-56.57293701171875,-0.5404184873135033,986
33_20.png,IRF,50,61.68000030517578,117.54708862304688,-55.867088317871094,-0.475274113313237,446
33_20.png,IRF,72,63.56944274902344,112.0502700805664,-48.48082733154297,-0.4326703299928173,557
33_20.png,PED,7735,63.71725845336914,105.50749206542969,-41.79023361206055,-0.396087830294977,4940
33_21.png,IRF,2449,53.9681510925293,105.48600769042969,-51.51785659790039,-0.48838568949438393,1858
33_21.png,IRF,1350,46.95481491088867,102.64198303222656,-55.68716812133789,-0.5425379213869412,1472
33_21.png,PED,8332,63.38214111328125,104.32986450195312,-40.947723388671875,-0.3924832413436644,5287
33_22.png,IRF,2108,57.18453598022461,102.05223083496094,-44.86769485473633,-0.43965422889477496,1723
33_22.png,IRF,785,50.90827941894531,100.21336364746094,-49.305084228515625,-0.49200109081225163,1392
33_22.png,IRF,346,55.37861251831055,106.41552734375,-51.03691482543945,-0.4796002622866949,876
33_22.png,PED,5430,54.51988983154297,111.68095397949219,-57.16106414794922,-0.5118246407390612,3360
33_22.png,PED,2332,92.982421875,97.83116149902344,-4.8487396240234375,-0.04956232298306954,2227
33_3.png,PED,298,114.04362487792969,104.71988677978516,9.323738098144531,0.0890350284445147,714
33_3.png,PED,825,64.80363464355469,117.12451171875,-52.32087707519531,-0.44671159185562237,1791
33_4.png,PED,285,105.93684387207031,109.7559585571289,-3.8191146850585938,-0.03479642231060023,713
33_4.png,PED,1149,59.24542999267578,117.88485717773438,-58.639427185058594,-0.49742968341258825,2041
33_5.png,PED,289,105.02422332763672,112.01500701904297,-6.99078369140625,-0.06240934922423199,733
33_5.png,PED,1417,55.334510803222656,108.60926055908203,-53.274749755859375,-0.49051756251372874,2160
33_6.png,PED,243,110.18106842041016,115.54875946044922,-5.3676910400390625,-0.04645390452570242,605
33_6.png,PED,2601,79.86235809326172,106.9522476196289,-27.089889526367188,-0.25328957669698743,3476
33_7.png,PED,330,116.43939208984375,109.04954528808594,7.3898468017578125,0.06776595704489545,767
33_7.png,PED,3240,74.00092315673828,112.0783462524414,-38.077423095703125,-0.3397393374268643,3459
33_8.png,PED,324,104.93827056884766,112.22511291503906,-7.286842346191406,-0.06493058600625307,653
33_8.png,PED,3670,72.61253356933594,108.0141372680664,-35.40160369873047,-0.3277497241946374,3961
33_9.png,PED,200,106.58000183105469,124.15185546875,-17.571853637695312,-0.14153516732674434,540
33_9.png,PED,4524,67.77188110351562,110.09793853759766,-42.32605743408203,-0.38444005397637837,4370
34_1.png,SRF,1282,86.22698974609375,113.2092514038086,-26.982261657714844,-0.23833972332765646,2724
34_1.png,SRF,439,55.74943161010742,91.51997375488281,-35.77054214477539,-0.3908495673368454,1552
34_10.png,SRF,1470,99.1945571899414,117.8916244506836,-18.697067260742188,-0.1585953823934587,2233
34_10.png,SRF,747,69.97456359863281,98.98004150390625,-29.005477905273438,-0.2930437032007987,1854
34_10.png,PED,13581,58.41499328613281,88.5063247680664,-30.091331481933594,-0.3399907471108858,7665
34_11.png,SRF,892,77.56390380859375,109.57799530029297,-32.01409149169922,-0.29215803231265747,1827
34_11.png,SRF,373,86.26541900634766,125.45147705078125,-39.186058044433594,-0.3123602763845622,711
34_11.png,SRF,428,79.05374145507812,106.6134033203125,-27.559661865234375,-0.25850091083232096,1358
34_11.png,PED,15213,57.77893829345703,89.43405151367188,-31.655113220214844,-0.3539492249814456,8499
34_12.png,SRF,1186,90.96795654296875,117.97532653808594,-27.007369995117188,-0.2289238842360687,1702
34_12.png,SRF,401,85.59101867675781,126.65735626220703,-41.06633758544922,-0.32423176037587087,537
34_12.png,SRF,475,75.05894470214844,101.54940032958984,-26.490455627441406,-0.2608627479971688,1589
34_12.png,PED,16393,60.45989227294922,88.34844970703125,-27.88855743408203,-0.31566549867668486,8624
34_13.png,SRF,1109,78.97745513916016,107.7051010131836,-28.727645874023438,-0.266725026055238,1509
34_13.png,SRF,401,89.10224151611328,113.1505355834961,-24.048294067382812,-0.21253363002985598,465
34_13.png,SRF,450,82.0999984741211,110.47798919677734,-28.37799072265625,-0.2568655614478186,1295
34_13.png,PED,19468,59.125282287597656,86.64045715332031,-27.515174865722656,-0.31757882829532363,8355
34_14.png,SRF,1804,78.90465545654297,118.38951110839844,-39.48485565185547,-0.33351650228289903,1964
34_14.png,SRF,319,68.1880874633789,102.72106170654297,-34.53297424316406,-0.3361820221623005,1054
34_14.png,PED,19010,58.83845520019531,86.89642333984375,-28.057968139648438,-0.32288979294252834,8863
34_15.png,SRF,1795,78.10974884033203,122.64675903320312,-44.537010192871094,-0.3631323855921375,1959
34_15.png,SRF,953,82.04092407226562,101.22683715820312,-19.1859130859375,-0.1895338590491833,1781
34_15.png,PED,15880,56.68476104736328,84.88184356689453,-28.19708251953125,-0.33219215481941566,8201
34_2.png,SRF,1428,88.85574340820312,114.92037963867188,-26.06463623046875,-0.22680604008114272,2625
34_2.png,SRF,413,57.64891052246094,97.841796875,-40.19288635253906,-0.4107946464217986,1359
34_2.png,PED,3859,79.71236419677734,90.25093078613281,-10.538566589355469,-0.11676961664061569,4017
34_3.png,SRF,1183,87.9120864868164,121.67191314697266,-33.75982666015625,-0.2774660625199205,2350
34_3.png,SRF,858,65.50932312011719,101.0652847290039,-35.55596160888672,-0.35181181851143395,2221
34_3.png,PED,3748,83.37353515625,90.38435363769531,-7.0108184814453125,-0.07756672697520305,4998
34_4.png,SRF,1225,86.1926498413086,121.74775695800781,-35.55510711669922,-0.29203911435479324,2454
34_4.png,SRF,1086,66.99816131591797,102.85356140136719,-35.85540008544922,-0.34860630586752445,2315
34_4.png,PED,3242,84.85502624511719,90.57015991210938,-5.7151336669921875,-0.06310172878725441,5053
34_5.png,SRF,1488,93.80175018310547,117.71676635742188,-23.915016174316406,-0.20315726395085945,2362
34_5.png,SRF,969,67.08462524414062,102.96560668945312,-35.8809814453125,-0.34847540454484427,2297
34_5.png,PED,4742,77.10523223876953,84.63550567626953,-7.5302734375,-0.08897298335173025,4963
34_6.png,SRF,1287,85.01398468017578,118.96277618408203,-33.94879150390625,-0.2853732284405852,2391
34_6.png,SRF,650,62.42461395263672,104.83128356933594,-42.40666961669922,-0.404523040955148,1624
34_6.png,PED,6541,74.61137390136719,84.48207092285156,-9.870697021484375,-0.11683777295774658,4991
34_7.png,SRF,1312,90.74466705322266,116.79983520507812,-26.05516815185547,-0.22307538453378456,2373
34_7.png,SRF,739,62.500675201416016,103.49315643310547,-40.99248123168945,-0.39608881055034423,2046
34_7.png,PED,5972,70.56714630126953,84.91117858886719,-14.344032287597656,-0.16892984558664836,5134
34_8.png,SRF,583,85.41337585449219,118.02510070800781,-32.611724853515625,-0.2763117731557502,1235
34_8.png,SRF,636,58.66666793823242,96.35626220703125,-37.68959426879883,-0.3911483634329743,1701
34_8.png,PED,7202,62.379478454589844,82.9686508178711,-20.58917236328125,-0.24815604641417682,5008
34_9.png,SRF,1275,86.900390625,122.00094604492188,-35.100555419921875,-0.2877072396389248,2122
34_9.png,SRF,649,69.02465057373047,96.94963836669922,-27.92498779296875,-0.2880360181163974,1390
34_9.png,PED,10688,62.82634735107422,83.26216125488281,-20.435813903808594,-0.24543938802225312,6229
35_1.png,PED,1803,116.1846923828125,151.40911865234375,-35.22442626953125,-0.23264402159563058,2608
35_1.png,PED,237,138.28269958496094,150.966552734375,-12.683853149414062,-0.08401763781233879,1136
35_10.png,PED,4707,87.11493682861328,131.75054931640625,-44.63561248779297,-0.3387888150705017,3680
35_11.png,PED,5019,88.34309387207031,131.03147888183594,-42.688385009765625,-0.3257872487897505,3621
35_12.png,PED,5372,90.94918060302734,125.40630340576172,-34.457122802734375,-0.27476388241223976,3650
35_13.png,PED,5850,87.25589752197266,126.51695251464844,-39.26105499267578,-0.3103224841598207,3923
35_14.png,PED,5406,82.03421783447266,126.1449966430664,-44.11077880859375,-0.34968314227640285,3738
35_15.png,PED,6351,83.44575500488281,123.99410247802734,-40.54834747314453,-0.32701835541194385,4237
35_15.png,PED,1208,137.41639709472656,140.76882934570312,-3.3524322509765625,-0.02381516040560078,3452
35_16.png,PED,6287,79.38683319091797,118.06049346923828,-38.67366027832031,-0.32757495028086664,3918
35_16.png,PED,1151,136.4491729736328,143.1212158203125,-6.6720428466796875,-0.046618125820398156,3168
35_17.png,PED,9150,90.48928833007812,124.29447174072266,-33.80518341064453,-0.2719765645020954,7651
35_18.png,PED,9565,86.46513366699219,122.60819244384766,-36.14305877685547,-0.294785022570236,7496
35_19.png,PED,10302,85.09600067138672,122.6572494506836,-37.561248779296875,-0.3062293419061138,7574
35_2.png,PED,2432,122.68051147460938,148.4361572265625,-25.755645751953125,-0.17351328836033877,2992
35_2.png,PED,92,152.32608032226562,138.265625,14.060455322265625,0.10169161946265115,640
35_2.png,PED,605,154.100830078125,139.4330291748047,14.667800903320312,0.1051960284455382,1344
35_20.png,PED,10539,81.97532653808594,120.92059326171875,-38.94526672363281,-0.32207307021178977,7304
35_21.png,PED,10076,79.99880981445312,120.10213470458984,-40.10332489013672,-0.33391017560826186,6501
35_3.png,PED,2776,115.44200134277344,136.61502075195312,-21.173019409179688,-0.15498309990101866,3169
35_3.png,PED,829,145.48492431640625,141.2345428466797,4.2503814697265625,0.03009448952116947,1488
35_4.png,PED,3538,114.55596160888672,135.78419494628906,-21.228233337402344,-0.15633802848556422,3934
35_4.png,PED,1258,150.94674682617188,139.78759765625,11.159149169921875,0.07982932217894755,2048
35_5.png,PED,4021,117.95672607421875,139.07725524902344,-21.120529174804688,-0.15186184927929106,4453
35_5.png,PED,1428,147.54762268066406,139.9918975830078,7.55572509765625,0.053972588614823964,2468
35_6.png,PED,3864,103.63457489013672,136.5394287109375,-32.90485382080078,-0.24099158852101552,3411
35_6.png,PED,1395,140.32545471191406,134.17201232910156,6.1534423828125,0.04586233951473525,2087
35_7.png,PED,3833,99.71276092529297,138.2760467529297,-38.56328582763672,-0.27888623325008144,3293
35_7.png,PED,1728,140.4612274169922,133.76109313964844,6.70013427734375,0.05009030742854888,2658
35_8.png,PED,4117,99.6859359741211,133.69830322265625,-34.012367248535156,-0.2543964016648155,3467
35_8.png,PED,1607,140.0472869873047,137.5708770751953,2.476409912109375,0.018000974950212655,2575
35_9.png,PED,5379,97.2972640991211,129.19363403320312,-31.89636993408203,-0.24688809299910686,4178
35_9.png,PED,1945,140.8956298828125,136.04774475097656,4.8478851318359375,0.03563370448153746,3037
36_10.png,IRF,2310,48.39567184448242,86.77764129638672,-38.3819694519043,-0.4423025203094851,1637
36_10.png,IRF,1000,57.555999755859375,75.14556884765625,-17.589569091796875,-0.23407327087318316,1264
36_10.png,IRF,488,43.069671630859375,69.352783203125,-26.283111572265625,-0.37897702670829975,754
36_11.png,IRF,2478,51.21307373046875,84.85445404052734,-33.641380310058594,-0.3964598050915646,1539
36_11.png,IRF,695,49.80143737792969,79.41990661621094,-29.61846923828125,-0.3729350801356347,874
36_11.png,IRF,364,59.75274658203125,75.06941986083984,-15.316673278808594,-0.2040334573945279,605
36_11.png,IRF,278,41.34172821044922,67.76146697998047,-26.41973876953125,-0.38989325271450703,436
36_12.png,IRF,1894,46.88648223876953,89.84534454345703,-42.9588623046875,-0.47814232916552346,1610
36_12.png,IRF,619,51.943458557128906,83.34904479980469,-31.40558624267578,-0.37679599470046204,785
36_12.png,IRF,297,47.599327087402344,74.39389038085938,-26.79456329345703,-0.3601715565119974,589
36_13.png,IRF,1503,49.81037902832031,85.06095886230469,-35.250579833984375,-0.4144155004300792,1460
36_13.png,IRF,1307,52.55164337158203,84.22123718261719,-31.669593811035156,-0.3760285988481251,1356
36_13.png,IRF,691,49.77279281616211,65.63744354248047,-15.86465072631836,-0.24170122829434662,1095
36_14.png,IRF,1911,47.99372100830078,80.3158187866211,-32.32209777832031,-0.4024375056698605,1618
36_14.png,IRF,1532,54.93472671508789,84.88997650146484,-29.955249786376953,-0.35287145810271314,1327
36_14.png,IRF,39,36.56410217285156,64.581298828125,-28.017196655273438,-0.4338283243549759,492
36_15.png,IRF,4115,42.28384017944336,84.25321960449219,-41.96937942504883,-0.4981338353841509,2018
36_15.png,IRF,626,54.60383224487305,91.21063232421875,-36.6068000793457,-0.40134356211041927,959
36_15.png,IRF,347,42.968299865722656,68.18830871582031,-25.220008850097656,-0.36985825466362365,770
36_16.png,IRF,5142,40.86386489868164,80.95237731933594,-40.0885124206543,-0.4952110580090268,2499
36_16.png,IRF,408,40.29656982421875,67.0422134399414,-26.745643615722656,-0.39893735966343463,758
36_17.png,IRF,5216,35.82956314086914,74.44683837890625,-38.61727523803711,-0.518722837382157,2229
36_17.png,IRF,484,54.05165100097656,87.76807403564453,-33.71642303466797,-0.38415361627936595,1397
36_17.png,IRF,306,63.454246520996094,97.44715118408203,-33.99290466308594,-0.3488342578519491,615
36_18.png,IRF,6792,37.602325439453125,65.02529907226562,-27.4229736328125,-0.42172775864261813,2609
36_18.png,IRF,538,50.08364486694336,85.16571807861328,-35.08207321166992,-0.4119271697948578,875
36_18.png,IRF,255,68.36078643798828,88.03196716308594,-19.671180725097656,-0.22345497163155847,438
36_19.png,IRF,8328,38.01849365234375,66.02083587646484,-28.002342224121094,-0.424144012301174,4848
36_2.png,IRF,1449,65.9047622680664,84.89251708984375,-18.987754821777344,-0.22366818033775762,2326
36_20.png,IRF,7309,38.75537109375,81.54867553710938,-42.793304443359375,-0.524757810737048,2599
36_20.png,IRF,203,66.67980194091797,97.61227416992188,-30.932472229003906,-0.31689121570057016,619
36_20.png,IRF,30,53.56666564941406,116.17793273925781,-62.61126708984375,-0.5389256428788796,281
36_21.png,IRF,6441,38.33768081665039,83.26150512695312,-44.923824310302734,-0.5395509514487524,2585
36_21.png,IRF,476,62.18487548828125,102.6384048461914,-40.453529357910156,-0.3941363802227024,979
36_22.png,IRF,6440,39.84254837036133,71.4530258178711,-31.610477447509766,-0.4423952251942797,2395
36_22.png,IRF,183,54.68305969238281,91.7047348022461,-37.02167510986328,-0.4037051651661995,718
36_22.png,IRF,315,40.29841232299805,101.84769439697266,-61.54928207397461,-0.6043267099800358,847
36_22.png,IRF,146,66.69178009033203,113.81422424316406,-47.12244415283203,-0.4140294806399149,689
36_23.png,IRF,5802,38.09531021118164,73.55693054199219,-35.46162033081055,-0.4820976088795088,2266
36_23.png,IRF,758,56.6781005859375,104.5322036743164,-47.854103088378906,-0.45779292319785536,1413
36_23.png,IRF,201,60.72139358520508,113.11448669433594,-52.39309310913086,-0.46318641086804646,856
36_3.png,IRF,2318,55.79292678833008,81.60490417480469,-25.81197738647461,-0.3163042423428762,2812
36_3.png,PED,3166,151.50315856933594,131.96343994140625,19.539718627929688,0.14806918216595155,3118
36_4.png,IRF,2359,56.77872085571289,83.95316314697266,-27.174442291259766,-0.32368574658332777,2498
36_5.png,IRF,2484,57.67109680175781,80.36273956298828,-22.69164276123047,-0.28236522155202,2437
36_6.png,IRF,2704,52.6375732421875,78.8748550415039,-26.237281799316406,-0.3326444376412529,2541
36_7.png,IRF,2344,53.544795989990234,86.04495239257812,-32.50015640258789,-0.37771136480274486,1980
36_7.png,IRF,636,50.77043914794922,59.056854248046875,-8.286415100097656,-0.14031250403710258,985
36_8.png,IRF,2346,50.75191879272461,85.1112289428711,-34.359310150146484,-0.4036989076166361,1861
36_8.png,IRF,185,41.5405387878418,64.19474029541016,-22.65420150756836,-0.3528980941946128,570
36_8.png,IRF,533,45.61725997924805,57.74531936645508,-12.128059387207031,-0.21002670900894455,801
36_9.png,IRF,2419,50.949153900146484,85.40645599365234,-34.45730209350586,-0.40345078943524865,1828
37_1.png,SRF,2246,82.21504974365234,131.964599609375,-49.749549865722656,-0.3769916327028992,3644
37_1.png,PED,634,129.5394287109375,135.23504638671875,-5.69561767578125,-0.04211643230035235,1672
37_1.png,PED,491,111.81670379638672,145.3258056640625,-33.50910186767578,-0.23057915773841273,841
37_1.png,PED,221,125.5882339477539,149.99526977539062,-24.40703582763672,-0.16271870349101586,635
37_1.png,PED,640,122.76249694824219,125.39237213134766,-2.6298751831054688,-0.020973167174401106,2360
37_10.png,SRF,902,72.82594299316406,148.87408447265625,-76.04814147949219,-0.5108218918616422,1358
37_10.png,SRF,1193,57.196144104003906,111.3925552368164,-54.1964111328125,-0.4865353076567187,1182
37_10.png,PED,7537,50.19662857055664,120.64688873291016,-70.45026016235352,-0.5839376456554742,3506
37_10.png,PED,4815,73.80913543701172,113.73551940917969,-39.92638397216797,-0.3510458665821636,4023
37_11.png,SRF,957,70.09508514404297,150.6406707763672,-80.54558563232422,-0.5346868492898424,1475
37_11.png,SRF,1327,68.7573471069336,119.37687683105469,-50.619529724121094,-0.42403127865172074,1600
37_11.png,PED,8727,47.57866287231445,126.75894165039062,-79.18027877807617,-0.6246524130539092,4111
37_11.png,PED,4317,65.00301361083984,106.57147216796875,-41.568458557128906,-0.390052400623802,3302
37_12.png,SRF,879,63.47212600708008,146.98355102539062,-83.51142501831055,-0.5681685088958315,1337
37_12.png,SRF,1142,63.41331100463867,120.7671890258789,-57.353878021240234,-0.4749127514175229,1396
37_12.png,PED,9467,46.137001037597656,124.0298080444336,-77.89280700683594,-0.6280168310744373,4328
37_12.png,PED,4735,63.10432815551758,100.64580535888672,-37.54147720336914,-0.37300588007122887,3004
37_13.png,SRF,875,63.58628463745117,145.68875122070312,-82.10246658325195,-0.5635470542188625,1147
37_13.png,SRF,1036,66.36968994140625,113.86894226074219,-47.49925231933594,-0.4171396640408763,1053
37_13.png,PED,10514,48.21000671386719,118.22008514404297,-70.01007843017578,-0.5922012181337322,4521
37_13.png,PED,4741,54.38705062866211,103.9808120727539,-49.5937614440918,-0.4769510879506475,2866
37_14.png,SRF,792,63.752525329589844,141.6900177001953,-77.93749237060547,-0.5500563387289211,1213
37_14.png,SRF,1106,80.43851470947266,120.68631744384766,-40.247802734375,-0.33349101693405553,848
37_14.png,PED,11031,46.07324981689453,118.46198272705078,-72.38873291015625,-0.6110714276743765,4353
37_14.png,PED,5912,60.524864196777344,103.0328369140625,-42.507972717285156,-0.41256723575164833,3441
37_15.png,SRF,810,68.55679321289062,135.62713623046875,-67.07034301757812,-0.4945200855941299,1113
37_15.png,PED,12730,44.512176513671875,115.9833984375,-71.47122192382812,-0.6162194149048136,4759
37_15.png,PED,5547,55.17072296142578,90.77159118652344,-35.600868225097656,-0.39220275594753706,2999
37_16.png,SRF,873,70.18441772460938,143.9420166015625,-73.75759887695312,-0.5124118767984003,1052
37_16.png,PED,21470,49.98542022705078,109.03245544433594,-59.047035217285156,-0.5415546680724831,8103
37_17.png,SRF,692,59.778900146484375,134.9912109375,-75.21231079101562,-0.5571645018121839,1024
37_17.png,PED,23242,50.643619537353516,109.05347442626953,-58.409854888916016,-0.5356074641015368,8322
37_18.png,SRF,877,69.33865356445312,145.3527374267578,-76.01408386230469,-0.5229628640506866,893
37_18.png,PED,24141,49.410465240478516,112.00895690917969,-62.59849166870117,-0.5588704099749626,8486
37_19.png,SRF,538,72.35501861572266,135.3117218017578,-62.956703186035156,-0.46527161392766564,725
37_19.png,PED,26505,50.03127670288086,112.95124816894531,-62.91997146606445,-0.5570542378775023,8820
37_2.png,SRF,221,74.84615325927734,135.15451049804688,-60.30835723876953,-0.4462178658820347,1042
37_2.png,SRF,1946,74.553955078125,113.2769546508789,-38.722999572753906,-0.3418435787941043,2430
37_2.png,PED,1210,83.4504165649414,141.8479461669922,-58.39752960205078,-0.4116910479147974,1539
37_2.png,PED,1748,134.05435180664062,127.39716339111328,6.657188415527344,0.05225538966742585,3948
37_20.png,SRF,434,81.7073745727539,142.1942596435547,-60.48688507080078,-0.42538204581834893,592
37_20.png,PED,24715,50.891239166259766,107.447265625,-56.556026458740234,-0.5263607792135495,8505
37_21.png,SRF,402,84.93781280517578,152.20404052734375,-67.26622772216797,-0.4419477136685045,544
37_21.png,PED,26038,48.07811737060547,118.35784149169922,-70.27972412109375,-0.5937901809912838,8501
37_22.png,SRF,198,80.57070922851562,153.05682373046875,-72.48611450195312,-0.4735895645502243,440
37_22.png,PED,25124,50.650333404541016,111.20179748535156,-60.55146408081055,-0.5445187528446822,8355
37_22.png,PED,234,139.53419494628906,141.48443603515625,-1.9502410888671875,-0.0137841386905807,867
37_3.png,SRF,1314,115.4642333984375,148.97903442382812,-33.514801025390625,-0.2249632047556765,2098
37_3.png,SRF,2005,71.48678588867188,114.63821411132812,-43.15142822265625,-0.37641399560491046,2355
37_3.png,PED,3789,96.26656341552734,128.930908203125,-32.664344787597656,-0.253347666923562,5775
37_4.png,SRF,506,75.7272720336914,140.5658416748047,-64.83856964111328,-0.4612683200170037,1177
37_4.png,SRF,1583,61.4876823425293,121.4393539428711,-59.9516716003418,-0.4936758114551973,2836
37_4.png,PED,2506,65.08659362792969,136.58485412597656,-71.49826049804688,-0.5234713684439839,2086
37_4.png,PED,65,192.984619140625,137.63841247558594,55.34620666503906,0.4021130850724995,708
37_4.png,PED,100,134.52000427246094,139.37245178222656,-4.852447509765625,-0.03481640344067214,639
37_4.png,PED,1008,85.48611450195312,121.29373168945312,-35.8076171875,-0.2952140781617455,2298
37_5.png,SRF,964,91.18983459472656,142.89389038085938,-51.70405578613281,-0.3618353146402862,1668
37_5.png,SRF,1660,59.590362548828125,121.87797546386719,-62.28761291503906,-0.5110653723773521,2016
37_5.png,PED,3233,60.056602478027344,134.4547119140625,-74.39810943603516,-0.5533321099493124,2263
37_5.png,PED,1518,90.63570404052734,126.54753875732422,-35.911834716796875,-0.2837813763068418,3408
37_6.png,SRF,807,69.35563659667969,139.31060791015625,-69.95497131347656,-0.5021510735104372,1613
37_6.png,SRF,1767,58.95812225341797,117.82715606689453,-58.86903381347656,-0.499621952854863,2401
37_6.png,PED,3915,54.84572219848633,131.6876220703125,-76.84189987182617,-0.5835164965678982,2529
37_6.png,PED,1634,73.8182373046875,114.68673706054688,-40.868499755859375,-0.3563489624287031,2624
37_7.png,SRF,1247,90.49799346923828,148.80909729003906,-58.31110382080078,-0.39185174080552665,1781
37_7.png,SRF,1778,65.79696655273438,109.40575408935547,-43.608787536621094,-0.39859683706402027,1841
37_7.png,PED,4861,51.356510162353516,127.36119079589844,-76.00468063354492,-0.5967648398902422,2788
37_7.png,PED,2517,73.37664031982422,125.42037200927734,-52.043731689453125,-0.4149543718910629,3887
37_8.png,SRF,1061,91.84354400634766,142.10508728027344,-50.26154327392578,-0.35369277930771814,1789
37_8.png,SRF,1346,57.90639114379883,105.30252838134766,-47.39613723754883,-0.45009495940977,1504
37_8.png,PED,5522,47.503440856933594,126.09078979492188,-78.58734893798828,-0.6232600260955243,2963
37_8.png,PED,3095,69.30921173095703,121.5617446899414,-52.252532958984375,-0.4298435588618859,3952
37_9.png,SRF,1388,87.03170013427734,146.7961883544922,-59.764488220214844,-0.4071256133428478,1418
37_9.png,SRF,1769,71.91407775878906,116.74690246582031,-44.83282470703125,-0.3840172523648483,1695
37_9.png,PED,6913,50.889774322509766,126.32828521728516,-75.43851089477539,-0.597162470503109,3168
37_9.png,PED,4362,79.4206771850586,111.16111755371094,-31.740440368652344,-0.2855354558064421,3786
38_4.png,PED,891,101.20875549316406,104.27708435058594,-3.068328857421875,-0.029424766491417863,1440
38_5.png,PED,630,97.23651123046875,105.27702331542969,-8.040512084960938,-0.07637480460356537,1184
39_10.png,SRF,1201,43.66694259643555,73.7042236328125,-30.037281036376953,-0.40753812408390405,2583
39_10.png,PED,651,89.48079681396484,97.35186767578125,-7.871070861816406,-0.0808517704871371,1475
39_11.png,SRF,1715,42.4023323059082,68.7761001586914,-26.373767852783203,-0.38347286036761835,2845
39_11.png,PED,2094,92.44603729248047,93.08755493164062,-0.6415176391601562,-0.006891551073946011,2113
39_12.png,SRF,1582,35.817317962646484,67.66752624511719,-31.850208282470703,-0.47068675404354654,2334
39_12.png,PED,2895,98.21554565429688,89.9379653930664,8.277580261230469,0.09203655236199743,2821
39_13.png,SRF,1577,37.960052490234375,77.14203643798828,-39.181983947753906,-0.5079200103726961,2253
39_14.png,SRF,1997,42.95343017578125,66.39644622802734,-23.443016052246094,-0.3530763675473688,2028
39_2.png,PED,1371,91.9124755859375,91.90360260009766,0.00887298583984375,9.654665963915457e-05,3164
39_3.png,SRF,644,51.762420654296875,76.8366470336914,-25.07422637939453,-0.3263316053913696,1861
39_3.png,PED,885,98.9920883178711,103.49299621582031,-4.500907897949219,-0.04348997577153142,1856
39_5.png,PED,2243,96.7797622680664,86.40828704833984,10.371475219726562,0.12002870990746979,3113
39_6.png,SRF,1422,50.91069030761719,78.02531433105469,-27.1146240234375,-0.34751060288450086,2686
39_6.png,PED,442,109.13121795654297,90.4284439086914,18.702774047851562,0.20682401730517858,1132
39_7.png,SRF,1863,48.069244384765625,68.48033142089844,-20.411087036132812,-0.2980576555723834,1830
39_7.png,PED,2416,97.00703430175781,93.28260803222656,3.72442626953125,0.03992626651523898,3174
39_8.png,SRF,1509,44.8548698425293,73.14044952392578,-28.285579681396484,-0.38672963955661327,2079
39_8.png,PED,3529,92.05638885498047,94.54283142089844,-2.4864425659179688,-0.026299641427582073,3642
39_9.png,SRF,1716,52.75058364868164,67.7988052368164,-15.048221588134766,-0.22195408216372542,2182
39_9.png,PED,3234,90.35343170166016,93.62970733642578,-3.276275634765625,-0.03499183889354122,3292
3_1.png,PED,1181,103.18797302246094,120.9736557006836,-17.785682678222656,-0.14702112269987516,2126
3_10.png,IRF,717,42.5048828125,76.99744415283203,-34.49256134033203,-0.4479702114769918,1563
3_10.png,IRF,112,43.96428680419922,77.25517272949219,-33.29088592529297,-0.4309211247492838,580
3_10.png,IRF,19,38.842105865478516,89.59134674072266,-50.74924087524414,-0.566452483654615,416
3_10.png,IRF,82,48.96341323852539,68.31214141845703,-19.34872817993164,-0.2832399596640938,519
3_10.png,IRF,118,47.02542495727539,83.5718994140625,-36.54647445678711,-0.4373057775762064,605
3_10.png,IRF,101,49.01980209350586,77.46782684326172,-28.44802474975586,-0.3672237354394086,575
3_10.png,IRF,20,41.75,73.25414276123047,-31.50414276123047,-0.4300663631259356,362
3_10.png,PED,2312,71.6769027709961,86.44157409667969,-14.764671325683594,-0.17080521126524373,2208
3_11.png,IRF,46,63.19565200805664,104.853759765625,-41.65810775756836,-0.3972972247317111,465
3_11.png,IRF,1147,45.696598052978516,82.06150817871094,-36.36491012573242,-0.44314211294457423,1512
3_11.png,IRF,641,43.711387634277344,84.5738754272461,-40.86248779296875,-0.4831573294535892,1110
3_11.png,IRF,57,52.07017517089844,88.07353210449219,-36.00335693359375,-0.4087874764790704,544
3_11.png,IRF,141,48.70922088623047,85.17276763916016,-36.46354675292969,-0.4281127379517573,683
3_11.png,IRF,99,46.42424392700195,70.31085968017578,-23.886615753173828,-0.3397286829065565,534
3_11.png,IRF,295,44.83728790283203,83.30168151855469,-38.464393615722656,-0.4617481053747404,832
3_11.png,IRF,93,50.344085693359375,81.19243621826172,-30.848350524902344,-0.37994118617127987,582
3_11.png,PED,2857,73.30801391601562,94.96553802490234,-21.65752410888672,-0.2280566672850058,3047
3_12.png,IRF,55,58.09090805053711,103.57040405273438,-45.479496002197266,-0.4391167188943351,419
3_12.png,IRF,850,45.39411926269531,77.35248565673828,-31.95836639404297,-0.4131524167932027,1166
3_12.png,IRF,337,42.45400619506836,73.5868911743164,-31.132884979248047,-0.42307650836205146,656
3_12.png,IRF,332,43.41265106201172,72.06906127929688,-28.656410217285156,-0.397624302420562,695
3_12.png,IRF,944,44.01483154296875,81.64654541015625,-37.6317138671875,-0.46091005661222234,1491
3_12.png,IRF,163,54.98159408569336,87.14547729492188,-32.163883209228516,-0.36908264441972094,708
3_12.png,IRF,285,45.129825592041016,79.93804931640625,-34.808223724365234,-0.43543999412081347,791
3_12.png,IRF,90,46.78888702392578,71.15740966796875,-24.36852264404297,-0.34245938346758525,540
3_12.png,PED,2729,71.7676773071289,86.05790710449219,-14.290229797363281,-0.16605365245534,2573
3_13.png,IRF,1350,42.891109466552734,81.54978942871094,-38.6586799621582,-0.47405002800102614,1928
3_13.png,IRF,1504,41.37832260131836,81.87158203125,-40.49325942993164,-0.49459480842174947,1939
3_13.png,IRF,504,46.21428680419922,76.72262573242188,-30.508338928222656,-0.3976446144403824,1096
3_13.png,IRF,16,33.25,75.1328125,-41.8828125,-0.5574503483414787,384
3_13.png,IRF,197,54.09136962890625,90.71775817871094,-36.62638854980469,-0.4037400095100667,411
3_13.png,PED,2942,70.46804809570312,93.281005859375,-22.812957763671875,-0.2445616613318188,3548
3_14.png,IRF,1822,39.37925338745117,77.62581634521484,-38.24656295776367,-0.49270416413625695,2301
3_14.png,IRF,708,39.086158752441406,75.968017578125,-36.881858825683594,-0.4854919214885993,1063
3_14.png,IRF,76,43.894737243652344,83.39393615722656,-39.49919891357422,-0.47364593558822427,495
3_14.png,IRF,936,42.83546829223633,81.38128662109375,-38.54581832885742,-0.47364473983219724,1432
3_14.png,IRF,37,36.297298431396484,74.60472869873047,-38.307430267333984,-0.5134718795376553,592
3_14.png,IRF,42,61.33333206176758,91.1875,-29.854167938232422,-0.3273932056283199,512
3_14.png,IRF,31,35.67741775512695,67.88600158691406,-32.20858383178711,-0.47445103672147554,500
3_14.png,IRF,19,45.578948974609375,70.38957977294922,-24.810630798339844,-0.3524759045070275,403
3_14.png,IRF,56,73.30357360839844,83.55999755859375,-10.256423950195312,-0.12274322941432982,300
3_14.png,IRF,280,59.38214111328125,85.4124755859375,-26.03033447265625,-0.3047603326573284,497
3_14.png,PED,2823,70.8448486328125,88.99335479736328,-18.14850616455078,-0.2039310261521739,2409
3_14.png,PED,412,68.67718505859375,92.95702362060547,-24.27983856201172,-0.2611942338118245,954
3_15.png,IRF,1187,39.81634521484375,80.23455810546875,-40.418212890625,-0.5037506760801879,1279
3_15.png,IRF,121,45.991737365722656,93.80000305175781,-47.808265686035156,-0.5096829864670163,495
3_15.png,IRF,812,42.156402587890625,78.56037902832031,-36.40397644042969,-0.46338850309398816,944
3_15.png,IRF,976,46.99795150756836,85.44642639160156,-38.4484748840332,-0.44997171336134734,1344
3_15.png,IRF,89,48.2471923828125,90.6502914428711,-42.403099060058594,-0.46776572237256997,509
3_15.png,IRF,503,46.383697509765625,82.73768615722656,-36.35398864746094,-0.4393885100723918,1056
3_15.png,IRF,107,48.224300384521484,78.6761474609375,-30.451847076416016,-0.38705310388431613,457
3_15.png,IRF,111,49.75675582885742,81.9087142944336,-32.15195846557617,-0.3925340391744029,241
3_15.png,PED,2358,74.94105529785156,90.5625,-15.621444702148438,-0.17249352328114217,2032
3_15.png,PED,568,92.8908462524414,115.22254180908203,-22.331695556640625,-0.19381359937053919,1402
3_16.png,IRF,1934,39.962772369384766,78.51830291748047,-38.5555305480957,-0.4910387656826459,2240
3_16.png,IRF,813,38.753997802734375,71.3137435913086,-32.55974578857422,-0.4565704189527705,1004
3_16.png,IRF,1000,47.172000885009766,81.1415023803711,-33.96950149536133,-0.4186452123614965,1371
3_16.png,PED,2242,75.8064193725586,87.16382598876953,-11.357406616210938,-0.13029954212512726,2112
3_16.png,PED,620,92.2483901977539,105.53986358642578,-13.291473388671875,-0.12593794360732322,1041
3_17.png,IRF,1833,43.39716339111328,74.91984558105469,-31.522682189941406,-0.42075209773140115,1522
3_17.png,IRF,883,42.40317153930664,73.43534851074219,-31.032176971435547,-0.4225781942996585,1392
3_17.png,IRF,385,46.423377990722656,75.60246276855469,-29.17908477783203,-0.3859541569056991,976
3_17.png,IRF,220,36.89545440673828,64.81378173828125,-27.91832733154297,-0.430746773028574,682
3_17.png,PED,3323,72.26873016357422,86.76927185058594,-14.500541687011719,-0.16711609280277484,3658
3_2.png,PED,1251,92.89928436279297,110.57676696777344,-17.67748260498047,-0.1598661553392351,2006
3_3.png,IRF,43,60.11627960205078,90.8448257446289,-30.728546142578125,-0.33825312438771354,522
3_3.png,IRF,130,57.20000076293945,89.44942474365234,-32.24942398071289,-0.36053249166369206,781
3_3.png,PED,1677,94.78056335449219,105.46832275390625,-10.687759399414062,-0.10133620332952738,2052
3_4.png,PED,1721,88.37710571289062,101.03387451171875,-12.656768798828125,-0.12527252725876695,1594
3_5.png,IRF,55,67.52727508544922,92.93771362304688,-25.410438537597656,-0.2734136395980407,578
3_5.png,IRF,55,39.98181915283203,88.00946807861328,-48.02764892578125,-0.5457100238679001,528
3_5.png,IRF,111,57.702701568603516,83.80721282958984,-26.104511260986328,-0.31148287097992594,638
3_5.png,IRF,81,49.38271713256836,81.48224639892578,-32.09952926635742,-0.3939450700610606,338
3_5.png,PED,1268,77.14747619628906,97.80308532714844,-20.655609130859375,-0.21119588468775777,2072
3_6.png,IRF,258,58.20542526245117,91.58324432373047,-33.3778190612793,-0.3644533375919142,943
3_6.png,IRF,126,47.18254089355469,87.17926025390625,-39.99671936035156,-0.45878709275420154,675
3_6.png,IRF,203,60.16256332397461,84.72095489501953,-24.558391571044922,-0.2898738759670027,1007
3_6.png,PED,1714,75.8284683227539,100.4801025390625,-24.651634216308594,-0.24533846595872114,2814
3_7.png,IRF,313,63.27156448364258,93.06278228759766,-29.791217803955078,-0.32011956951694653,1099
3_7.png,IRF,122,50.434425354003906,92.72528839111328,-42.290863037109375,-0.45608769485544676,688
3_7.png,IRF,193,48.616580963134766,84.22029876708984,-35.60371780395508,-0.4227450902592581,463
3_7.png,PED,1593,73.2159423828125,93.75813293457031,-20.542190551757812,-0.21909769220866745,2059
3_8.png,IRF,104,49.471153259277344,90.90705108642578,-41.43589782714844,-0.45580510347602327,624
3_8.png,IRF,85,59.51764678955078,87.93923950195312,-28.421592712402344,-0.3231957982962896,576
3_8.png,IRF,570,58.596492767333984,92.78925323486328,-34.1927604675293,-0.36849914484150853,1452
3_8.png,PED,1490,70.74496459960938,85.94074249267578,-15.195777893066406,-0.1768169258528509,1755
3_9.png,IRF,111,48.03603744506836,93.7036361694336,-45.667598724365234,-0.4873620767692486,550
3_9.png,IRF,111,58.11711883544922,102.28858947753906,-44.171470642089844,-0.43183184818272613,596
3_9.png,IRF,106,51.943397521972656,93.10670471191406,-41.163307189941406,-0.4421089471194022,656
3_9.png,IRF,113,44.911502838134766,76.1042709350586,-31.192768096923828,-0.40986882488554793,585
3_9.png,IRF,85,42.47058868408203,71.42534637451172,-28.954757690429688,-0.4053849111015617,576
3_9.png,IRF,145,43.44827651977539,75.60909271240234,-32.16081619262695,-0.42535646228368956,550
3_9.png,IRF,125,49.85599899291992,78.46875,-28.612751007080078,-0.3646388021611161,576
3_9.png,PED,1289,69.33436584472656,86.82189178466797,-17.487525939941406,-0.20141839322406424,1864
41_1.png,SRF,3413,49.58482360839844,108.05178833007812,-58.46696472167969,-0.5411013147054445,3978
41_10.png,SRF,2331,48.98970413208008,107.89503479003906,-58.905330657958984,-0.5459503374978026,2620
41_11.png,SRF,2020,48.116336822509766,108.68193054199219,-60.56559371948242,-0.5572738119155997,2380
41_12.png,SRF,1729,51.93233108520508,111.71615600585938,-59.7838249206543,-0.5351403687530988,2142
41_13.png,SRF,1688,50.159358978271484,113.61039733886719,-63.4510383605957,-0.5584967559909105,2097
41_14.png,SRF,1280,52.846092224121094,112.37633514404297,-59.530242919921875,-0.5297400279482023,1969
41_15.png,SRF,1223,55.552738189697266,111.90367889404297,-56.3509407043457,-0.5035664712837735,1983
41_16.png,SRF,1304,56.13573455810547,107.48311614990234,-51.347381591796875,-0.47772509237808813,2132
41_16.png,PED,610,92.2327880859375,93.21082305908203,-0.9780349731445312,-0.01049271898955983,1608
41_17.png,SRF,1587,52.21487045288086,107.83306121826172,-55.61819076538086,-0.5157805049492726,2474
41_18.png,SRF,1664,54.283653259277344,104.98541259765625,-50.701759338378906,-0.48294099231373405,2674
41_19.png,SRF,1484,48.717655181884766,102.09483337402344,-53.37717819213867,-0.5228195828146552,2478
41_19.png,PED,768,96.41666412353516,91.93101501464844,4.485649108886719,0.048793642800223275,1754
41_2.png,SRF,3474,49.101036071777344,109.18357849121094,-60.082542419433594,-0.5502891849644781,3519
41_3.png,SRF,3329,48.44337463378906,107.36773681640625,-58.92436218261719,-0.548808831496328,3323
41_4.png,SRF,5733,61.19029998779297,101.14337158203125,-39.95307159423828,-0.39501423542950387,4994
41_4.png,SRF,668,87.80389404296875,88.86869049072266,-1.0647964477539062,-0.011981682658698166,1744
41_5.png,SRF,3983,56.82425308227539,106.42643737792969,-49.6021842956543,-0.466070137436928,3412
41_5.png,SRF,708,83.68785095214844,90.2479248046875,-6.5600738525390625,-0.07268947033115969,1444
41_6.png,SRF,2831,48.07170486450195,107.39501953125,-59.32331466674805,-0.552384225317693,3010
41_7.png,SRF,2750,48.60108947753906,106.90983581542969,-58.308746337890625,-0.5454011400649373,3039
41_8.png,SRF,2856,50.09138488769531,107.988037109375,-57.89665222167969,-0.5361394999988696,3010
41_9.png,SRF,2328,49.15420913696289,110.7867202758789,-61.632511138916016,-0.5563167768252364,2621
42_1.png,SRF,102,50.813724517822266,101.35820770263672,-50.54448318481445,-0.4986718326067993,737
42_1.png,PED,337,152.10385131835938,110.96101379394531,41.14283752441406,0.37078642414728064,1616
42_1.png,PED,480,90.58333587646484,99.15836334228516,-8.575027465820312,-0.08647810610003859,1124
42_1.png,PED,184,142.22825622558594,118.95138549804688,23.276870727539062,0.19568389750215442,1008
42_10.png,SRF,2209,51.441375732421875,100.14598083496094,-48.70460510253906,-0.48633609353533136,2884
42_10.png,PED,962,117.65384674072266,89.4375,28.216346740722656,0.3154867560108753,1648
42_10.png,PED,231,96.88744354248047,108.12545776367188,-11.238014221191406,-0.10393495161661334,821
42_10.png,PED,379,121.64115905761719,94.2203369140625,27.420822143554688,0.2910286997653698,826
42_10.png,PED,64,106.203125,99.07243347167969,7.1306915283203125,0.07197452690367855,428
42_10.png,PED,48,117.16666412353516,102.52896881103516,14.6376953125,0.14276643452327933,397
42_11.png,SRF,1780,47.00224685668945,97.49104309082031,-50.48879623413086,-0.5178813830835384,2122
42_11.png,SRF,332,47.70783233642578,106.75555419921875,-59.04772186279297,-0.5531114732691359,990
42_11.png,PED,999,109.50250244140625,92.75122833251953,16.75127410888672,0.18060433710734536,1632
42_11.png,PED,290,97.04827880859375,105.1234130859375,-8.07513427734375,-0.07681575436237402,867
42_11.png,PED,182,97.74176025390625,90.968505859375,6.77325439453125,0.07445713580260167,508
42_11.png,PED,159,109.33333587646484,98.20147705078125,11.131858825683594,0.11335734614182194,541
42_11.png,PED,100,123.94999694824219,117.1375961303711,6.812400817871094,0.05815725303333926,516
42_11.png,PED,49,116.28571319580078,105.47237396240234,10.813339233398438,0.10252295295119707,362
42_12.png,SRF,1752,47.20661926269531,100.11724853515625,-52.91062927246094,-0.5284866498691415,2226
42_12.png,SRF,374,53.5855598449707,105.05525207519531,-51.46969223022461,-0.4899297390042355,1086
42_12.png,PED,975,111.35897064208984,95.13428497314453,16.224685668945312,0.17054509500465978,1616
42_12.png,PED,536,116.93656921386719,110.15198516845703,6.784584045410156,0.06159293484392853,1737
42_12.png,PED,378,100.338623046875,104.2553482055664,-3.9167251586914062,-0.03756857778623087,1496
42_13.png,SRF,2078,49.70741271972656,101.14263153076172,-51.435218811035156,-0.5085414333459531,2510
42_13.png,SRF,365,49.169864654541016,98.57771301269531,-49.4078483581543,-0.5012070867559214,1023
42_13.png,PED,1383,114.38900756835938,110.43292999267578,3.9560775756835938,0.03582335066131064,3474
42_13.png,PED,329,95.21580505371094,94.30711364746094,0.90869140625,0.009635449237126186,928
42_13.png,PED,86,113.10465240478516,107.11015319824219,5.994499206542969,0.05596574206600375,581
42_14.png,SRF,1587,43.49779510498047,99.35783386230469,-55.86003875732422,-0.5622107144036372,1959
42_14.png,SRF,401,55.675811767578125,90.05999755859375,-34.384185791015625,-0.38179199115173196,1100
42_14.png,SRF,45,57.06666564941406,121.58880615234375,-64.52214050292969,-0.5306585576807719,518
42_14.png,PED,587,108.56047821044922,107.88948059082031,0.6709976196289062,0.006219305310901622,1312
42_14.png,PED,554,102.29241943359375,118.0433120727539,-15.750892639160156,-0.13343316417157436,1570
42_14.png,PED,443,98.34537506103516,90.24314880371094,8.102226257324219,0.08978217587406527,1131
42_14.png,PED,167,79.02993774414062,112.14317321777344,-33.11323547363281,-0.2952764267632186,901
42_15.png,SRF,2428,48.47858428955078,101.03621673583984,-52.55763244628906,-0.5201860693547294,2761
42_15.png,SRF,204,58.867645263671875,109.76771545410156,-50.90007019042969,-0.4637071107826155,861
42_15.png,PED,552,129.4166717529297,104.84841918945312,24.568252563476562,0.23432163072562492,1425
42_15.png,PED,537,99.86592102050781,110.64921569824219,-10.783294677734375,-0.097454777331112,1471
42_15.png,PED,793,110.4312744140625,106.37738800048828,4.053886413574219,0.03810853499764077,2096
42_16.png,SRF,2839,47.77668380737305,97.57445526123047,-49.79777145385742,-0.5103566432478328,2740
42_16.png,SRF,229,59.16157150268555,117.40650177001953,-58.244930267333984,-0.4960962927029922,861
42_16.png,PED,153,144.0522918701172,107.17346954345703,36.878822326660156,0.3441040257794996,784
42_16.png,PED,771,104.18028259277344,103.21796417236328,0.9623184204101562,0.009323167998190551,1358
42_16.png,PED,1161,102.72523498535156,100.51451873779297,2.2107162475585938,0.021993999228365955,2342
42_17.png,SRF,2962,47.15327453613281,98.07572937011719,-50.922454833984375,-0.5192156628457356,2773
42_17.png,SRF,153,59.80392074584961,121.56549835205078,-61.76157760620117,-0.5080518604657147,771
42_17.png,PED,159,131.06918334960938,112.47836303710938,18.5908203125,0.1652835248532772,832
42_17.png,PED,2488,97.1692123413086,98.58895874023438,-1.4197463989257812,-0.014400663289959056,3350
42_17.png,PED,221,137.32127380371094,112.2469253540039,25.07434844970703,0.22338561497900855,976
42_18.png,SRF,3035,48.92290115356445,105.37956237792969,-56.456661224365234,-0.5357458310738754,3122
42_18.png,SRF,244,63.72950744628906,117.38997650146484,-53.66046905517578,-0.45711286989231303,918
42_18.png,PED,70,148.971435546875,113.22343444824219,35.74800109863281,0.31572970094785713,640
42_18.png,PED,223,136.18833923339844,109.12954711914062,27.058792114257812,0.24795110791321037,880
42_18.png,PED,2397,84.90613555908203,105.1001205444336,-20.193984985351562,-0.19214045503224778,3326
42_19.png,SRF,3071,47.674373626708984,104.43140411376953,-56.75703048706055,-0.543486233558905,3178
42_19.png,SRF,213,67.25821685791016,118.78850555419922,-51.53028869628906,-0.43379861086624677,818
42_19.png,PED,190,130.55789184570312,103.73918151855469,26.818710327148438,0.2585205506209982,832
42_19.png,PED,2525,81.01465606689453,101.20626831054688,-20.191612243652344,-0.19950950253096272,2967
42_19.png,PED,151,115.45695495605469,113.51576232910156,1.941192626953125,0.017100643885254247,888
42_2.png,SRF,283,56.568904876708984,104.39739990234375,-47.828495025634766,-0.45813875700328627,1306
42_2.png,PED,345,151.0347900390625,111.9892349243164,39.045555114746094,0.3486545393504431,1672
42_2.png,PED,678,97.91887664794922,95.5157699584961,2.403106689453125,0.025159266270871634,1268
42_20.png,SRF,3434,48.12667465209961,103.0867919921875,-54.96011734008789,-0.5331441232961549,3180
42_20.png,SRF,203,58.58127975463867,117.55247497558594,-58.971195220947266,-0.5016584740831257,829
42_20.png,PED,104,132.47116088867188,103.40483093261719,29.066329956054688,0.2810925726961006,704
42_20.png,PED,2669,84.99325561523438,104.8415756225586,-19.84832000732422,-0.18931726168233481,3093
42_21.png,SRF,4141,47.05699157714844,97.57693481445312,-50.51994323730469,-0.5177447245434651,3555
42_21.png,SRF,395,52.367088317871094,102.98744201660156,-50.62035369873047,-0.49151967179231887,1115
42_21.png,PED,136,118.98529052734375,105.84143829345703,13.143852233886719,0.12418436905065426,864
42_21.png,PED,2610,80.85249328613281,96.62407684326172,-15.771583557128906,-0.1632262275862434,2700
42_22.png,SRF,4863,46.27842712402344,98.53047943115234,-52.252052307128906,-0.530313590361039,4741
42_22.png,PED,2569,82.40404510498047,93.90991973876953,-11.505874633789062,-0.122520332950929,2531
42_23.png,SRF,4515,46.01616668701172,98.74796295166016,-52.73179626464844,-0.5340038891785758,3928
42_23.png,SRF,259,51.015445709228516,111.12540435791016,-60.10995864868164,-0.5409200443049086,933
42_23.png,PED,2757,94.74537658691406,102.65158081054688,-7.9062042236328125,-0.07701979999922703,2939
42_23.png,PED,116,74.4137954711914,112.35118103027344,-37.93738555908203,-0.3376678839616262,467
42_3.png,SRF,581,54.8450927734375,109.76678466796875,-54.92169189453125,-0.5003489175770496,1698
42_3.png,PED,385,145.36622619628906,112.44361114501953,32.92261505126953,0.29279222461833726,1472
42_3.png,PED,865,98.5479736328125,100.90973663330078,-2.3617630004882812,-0.023404708795056812,1551
42_4.png,SRF,745,51.71812057495117,101.14835357666016,-49.430233001708984,-0.4886904359174359,1638
42_4.png,SRF,139,59.28776931762695,104.86144256591797,-45.573673248291016,-0.4346084903385008,664
42_4.png,PED,1208,105.05546569824219,95.26348114013672,9.791984558105469,0.10278843939894484,1632
42_4.png,PED,93,158.6236572265625,115.39252471923828,43.23113250732422,0.37464413411969233,856
42_4.png,PED,112,157.5267791748047,113.29017639160156,44.236602783203125,0.390471655991547,672
42_4.png,PED,97,110.27835083007812,114.9656753540039,-4.687324523925781,-0.04077151297108904,437
42_4.png,PED,24,103.66666412353516,107.06586456298828,-3.399200439453125,-0.031748685291317386,334
42_5.png,SRF,919,52.746463775634766,111.7572021484375,-59.010738372802734,-0.5280262680021627,1771
42_5.png,SRF,227,55.22907638549805,100.97608184814453,-45.747005462646484,-0.45304793596016424,669
42_5.png,PED,316,128.5569610595703,108.34068298339844,20.216278076171875,0.18659913819511098,1588
42_5.png,PED,1225,108.46449279785156,98.80730438232422,9.657188415527344,0.09773759618175488,2081
42_5.png,PED,45,165.73333740234375,117.69140625,48.04193115234375,0.40820254157124364,512
42_5.png,PED,105,132.60952758789062,111.85063934326172,20.758888244628906,0.18559472137589972,549
42_6.png,SRF,1239,49.556095123291016,108.89447784423828,-59.338382720947266,-0.5449163621118086,2028
42_6.png,SRF,518,55.9478759765625,107.04647827148438,-51.098602294921875,-0.4773496813723184,1377
42_6.png,PED,927,111.37432861328125,107.84471893310547,3.5296096801757812,0.03272862792998837,1713
42_6.png,PED,813,102.1771240234375,105.42583465576172,-3.2487106323242188,-0.03081512840692194,1200
42_7.png,SRF,1387,49.03244400024414,112.22317504882812,-63.190731048583984,-0.5630809413571644,2330
42_7.png,SRF,522,56.806514739990234,103.3683853149414,-46.56187057495117,-0.45044595050108494,1455
42_7.png,PED,1066,116.4071273803711,108.81295013427734,7.59417724609375,0.06979111619271773,2224
42_7.png,PED,575,95.55825805664062,108.53294372558594,-12.974685668945312,-0.11954605876857474,1017
42_8.png,SRF,2330,54.07038497924805,106.54402923583984,-52.4736442565918,-0.49250666257833275,3441
42_8.png,PED,929,121.00430297851562,98.39508056640625,22.609222412109375,0.22978000812602156,1749
42_8.png,PED,90,142.1666717529297,122.2276611328125,19.939010620117188,0.16313010030071237,470
42_8.png,PED,622,114.75080108642578,107.8621597290039,6.888641357421875,0.06386522738585156,1480
42_8.png,PED,38,119.7631607055664,103.5155258178711,16.247634887695312,0.15695843458576428,322
42_9.png,SRF,2137,52.500701904296875,105.05186462402344,-52.55116271972656,-0.5002401709651242,3085
42_9.png,SRF,77,70.24674987792969,117.3128662109375,-47.06611633300781,-0.4012016571854901,684
42_9.png,PED,809,111.96414947509766,97.10258483886719,14.861564636230469,0.1530501444517864,1472
42_9.png,PED,105,95.77143096923828,118.28619384765625,-22.51476287841797,-0.19034142655241149,594
42_9.png,PED,313,121.82427978515625,106.30155181884766,15.522727966308594,0.14602541261826016,902
42_9.png,PED,72,131.94444274902344,116.54198455810547,15.402458190917969,0.13216231257190078,655
42_9.png,PED,52,141.3076934814453,121.76283264160156,19.54486083984375,0.16051581928429973,409
43_1.png,SRF,927,56.6947135925293,118.5348129272461,-61.8400993347168,-0.5217041121301031,2068
43_10.png,SRF,1150,61.809566497802734,121.52080535888672,-59.711238861083984,-0.491366385243573,2283
43_10.png,PED,5340,99.45730590820312,90.84727478027344,8.610031127929688,0.09477478712216988,4531
43_11.png,SRF,1676,87.01789855957031,120.71556854248047,-33.697669982910156,-0.27914932920232044,2788
43_11.png,PED,892,105.16703796386719,93.10330200195312,12.063735961914062,0.12957366390357442,1152
43_12.png,SRF,1378,63.02467346191406,119.7201919555664,-56.695518493652344,-0.47356688598273067,2927
43_12.png,PED,2176,94.06663513183594,91.98480224609375,2.0818328857421875,0.02263235702972439,1645
43_12.png,PED,1767,103.19298553466797,97.98526763916016,5.2077178955078125,0.05314796827096209,2036
43_13.png,SRF,1767,61.746463775634766,121.80677032470703,-60.060306549072266,-0.4930785570372336,2660
43_13.png,PED,1847,98.86031341552734,99.15299987792969,-0.29268646240234375,-0.0029518669406137896,1915
43_14.png,SRF,1041,51.036502838134766,126.5284423828125,-75.49193954467773,-0.5966400765155747,1459
43_14.png,SRF,648,67.58950805664062,127.10843658447266,-59.51892852783203,-0.4682531712855853,1494
43_14.png,PED,5959,104.90719604492188,91.36775970458984,13.539436340332031,0.14818614776270891,3834
43_15.png,SRF,1131,71.68169403076172,100.11783599853516,-28.436141967773438,-0.28402673393968975,611
43_15.png,SRF,2166,55.58171844482422,127.08477020263672,-71.5030517578125,-0.562640603148598,2961
43_15.png,IRF,526,47.58555221557617,98.41452026367188,-50.8289680480957,-0.5164783399026373,1047
43_15.png,PED,5715,100.29011535644531,98.61177825927734,1.6783370971679688,0.017019641332855405,4925
43_16.png,SRF,1120,71.83036041259766,112.97887420654297,-41.14851379394531,-0.364214231049244,284
43_16.png,SRF,2146,59.800559997558594,127.2544937133789,-67.45393371582031,-0.5300711334229963,3002
43_16.png,IRF,584,42.484588623046875,104.18598937988281,-61.70140075683594,-0.5922235909461911,828
43_16.png,PED,7530,102.1815414428711,95.78651428222656,6.395027160644531,0.066763335199798,4464
43_17.png,SRF,1319,81.23578643798828,108.65325164794922,-27.417465209960938,-0.2523391135941069,845
43_17.png,SRF,1990,61.80100631713867,130.3981475830078,-68.59714126586914,-0.5260591698375325,2700
43_17.png,PED,4796,92.99520111083984,91.72174072265625,1.2734603881835938,0.013883953555070673,3831
43_17.png,PED,849,94.53945922851562,113.56714630126953,-19.027687072753906,-0.1675457004288678,1400
43_18.png,SRF,1265,83.13280487060547,104.61943054199219,-21.48662567138672,-0.20537892014966005,628
43_18.png,SRF,2010,58.257713317871094,134.8381805419922,-76.5804672241211,-0.5679434928319276,2750
43_18.png,IRF,428,46.5514030456543,102.30654907226562,-55.75514602661133,-0.5449812014207216,1008
43_18.png,PED,5511,97.7205581665039,86.3489761352539,11.37158203125,0.13169330477570418,3559
43_18.png,PED,1176,98.66666412353516,122.74015045166016,-24.073486328125,-0.19613375280655268,2082
43_19.png,SRF,2065,61.110897064208984,131.2272491455078,-70.11635208129883,-0.5343124430167105,2649
43_19.png,SRF,1162,69.17383575439453,101.3386001586914,-32.164764404296875,-0.31739894131089624,886
43_19.png,IRF,470,52.19361877441406,106.83566284179688,-54.64204406738281,-0.5114588388738431,858
43_19.png,PED,4733,97.864990234375,108.19024658203125,-10.32525634765625,-0.09543611068329996,4163
43_2.png,SRF,1436,91.50626373291016,116.39878845214844,-24.89252471923828,-0.2138555310605454,2648
43_20.png,SRF,2443,65.24028015136719,129.5107879638672,-64.2705078125,-0.49625601714685824,2872
43_20.png,IRF,79,58.88607406616211,101.710693359375,-42.82461929321289,-0.4210434309193076,477
43_20.png,IRF,56,54.10714340209961,99.69271087646484,-45.585567474365234,-0.4572607874095531,576
43_20.png,PED,3670,103.56348419189453,88.748046875,14.815437316894531,0.16693817879464776,2683
43_20.png,PED,1617,123.40692901611328,126.24420166015625,-2.8372726440429688,-0.02247447888086599,1855
43_21.png,SRF,3070,70.05439758300781,134.6105194091797,-64.55612182617188,-0.47957709478810245,2968
43_21.png,IRF,198,56.30303192138672,103.310791015625,-47.00775909423828,-0.4550130594501856,621
43_21.png,PED,4316,107.85542297363281,96.07809448242188,11.777328491210938,0.12258078758385116,3355
43_21.png,PED,1507,134.96217346191406,130.1949005126953,4.76727294921875,0.03661643375005992,2355
43_3.png,SRF,1157,78.62229919433594,123.92493438720703,-45.302635192871094,-0.3655651335777327,1905
43_4.png,SRF,986,69.88336944580078,119.61888885498047,-49.73551940917969,-0.4157831583728918,2372
43_5.png,SRF,1133,66.3186264038086,124.18142700195312,-57.86280059814453,-0.4659537419974604,2337
43_6.png,SRF,1614,86.37732696533203,121.94877624511719,-35.571449279785156,-0.2916917280767664,2655
43_7.png,SRF,1638,74.21062469482422,125.62838745117188,-51.417762756347656,-0.4092845876600323,2804
43_7.png,PED,74,138.94595336914062,129.36956787109375,9.576385498046875,0.07402347905798808,414
43_7.png,PED,58,155.0,138.66253662109375,16.33746337890625,0.11782175472203894,323
43_7.png,PED,39,154.7948760986328,137.17694091796875,17.617935180664062,0.12843219175735604,373
43_8.png,SRF,1122,69.27539825439453,123.17191314697266,-53.896514892578125,-0.4375714683287178,2414
43_8.png,SRF,40,76.75,117.10713958740234,-40.357139587402344,-0.3446172430612737,532
43_9.png,SRF,1329,69.97968292236328,121.60078430175781,-51.62110137939453,-0.4245128982991956,2793
43_9.png,PED,1587,116.02772521972656,100.0284423828125,15.999282836914062,0.15994733553566917,2004
44_1.png,PED,405,167.65432739257812,113.20893096923828,54.445396423339844,0.4809284564142208,1120
44_10.png,PED,121,136.22314453125,125.47480010986328,10.748344421386719,0.08566137911338116,992
44_10.png,PED,469,132.57569885253906,115.24192810058594,17.333770751953125,0.15041201616154662,1951
44_11.png,PED,207,116.1159439086914,121.57786560058594,-5.461921691894531,-0.04492529676280324,976
44_11.png,PED,104,101.51923370361328,125.45611572265625,-23.93688201904297,-0.1907988453265988,752
44_2.png,PED,1302,98.17665100097656,126.63760375976562,-28.460952758789062,-0.22474329830798226,1904
44_3.png,PED,1079,121.37256622314453,117.6246109008789,3.747955322265625,0.03186370006719078,2235
44_4.png,PED,901,139.1032257080078,113.55937194824219,25.543853759765625,0.22493831483506213,1600
44_5.png,PED,1263,138.9374542236328,100.01779174804688,38.91966247558594,0.38912739219065945,2080
44_6.png,PED,1510,139.37417602539062,101.232666015625,38.141510009765625,0.376770774799891,2553
44_7.png,PED,872,143.73509216308594,104.16062927246094,39.574462890625,0.3799368645047933,1712
44_8.png,PED,104,147.92308044433594,125.84528350830078,22.077796936035156,0.1754360300247478,976
44_9.png,PED,83,159.34939575195312,126.09124755859375,33.258148193359375,0.26376254369205554,800
45_1.png,SRF,451,47.862525939941406,105.85946655273438,-57.99694061279297,-0.5478673046581198,1907
45_1.png,SRF,198,42.66666793823242,92.2613754272461,-49.59470748901367,-0.5375457200735342,857
45_1.png,PED,272,96.10662078857422,118.47110748291016,-22.364486694335938,-0.1887758726114896,1125
45_1.png,PED,2809,90.19295501708984,108.32290649414062,-18.12995147705078,-0.16736950718758142,3549
45_10.png,SRF,706,54.26628875732422,108.5548095703125,-54.28852081298828,-0.5001024001412377,1496
45_10.png,PED,5875,80.90110778808594,100.74662017822266,-19.84551239013672,-0.196984398633221,5691
45_10.png,PED,191,119.30889892578125,96.17066955566406,23.138229370117188,0.24059549004933012,832
45_11.png,SRF,398,49.492462158203125,109.6937255859375,-60.201263427734375,-0.5488122780602508,1195
45_11.png,SRF,104,65.85576629638672,109.88167572021484,-44.025909423828125,-0.40066652729185415,524
45_11.png,PED,6582,77.23245239257812,112.60234832763672,-35.369895935058594,-0.31411330634192053,6131
45_11.png,PED,53,117.52830505371094,132.1365203857422,-14.60821533203125,-0.11055395805327645,608
45_12.png,SRF,563,51.89698028564453,112.74529266357422,-60.84831237792969,-0.5396971433609891,1539
45_12.png,PED,6468,72.99674987792969,111.4967269897461,-38.499977111816406,-0.34530141064461106,5953
45_13.png,SRF,591,56.698814392089844,115.04505920410156,-58.34624481201172,-0.5071599355562031,1842
45_13.png,PED,6991,69.84379577636719,111.51181030273438,-41.66801452636719,-0.37366458685628073,5885
45_14.png,SRF,691,53.4109992980957,113.11629486083984,-59.70529556274414,-0.5278222349502869,1909
45_14.png,PED,8444,66.69694519042969,108.88860321044922,-42.19165802001953,-0.38747542695974924,5494
45_15.png,SRF,482,45.516597747802734,104.67874908447266,-59.16215133666992,-0.5651782415638901,1214
45_15.png,SRF,116,66.54310607910156,117.79418182373047,-51.251075744628906,-0.43509004393206807,928
45_15.png,PED,8859,63.491703033447266,111.72480773925781,-48.23310470581055,-0.43171347243108676,5269
45_16.png,SRF,331,39.818729400634766,96.27115631103516,-56.45242691040039,-0.5863898292445199,1040
45_16.png,PED,11309,70.59625244140625,107.71500396728516,-37.118751525878906,-0.34460149615881264,6193
45_17.png,SRF,218,47.972476959228516,100.27362823486328,-52.301151275634766,-0.5215843108133453,1005
45_17.png,SRF,281,72.18505096435547,115.14271545410156,-42.957664489746094,-0.3730819124799082,995
45_17.png,PED,11998,73.4232406616211,109.4224624633789,-35.99922180175781,-0.3289929781447378,7480
45_18.png,SRF,703,62.18207550048828,114.49740600585938,-52.315330505371094,-0.45691280117467353,1930
45_18.png,PED,9963,76.96497344970703,102.99761199951172,-26.032638549804688,-0.2527499234635469,6691
45_19.png,SRF,942,62.598724365234375,117.62999725341797,-55.031272888183594,-0.46783366635320184,2027
45_19.png,SRF,2244,47.72949981689453,86.4782485961914,-38.748748779296875,-0.4480750871844485,3540
45_19.png,PED,5841,69.62489318847656,107.06178283691406,-37.4368896484375,-0.3496755672886997,3933
45_19.png,PED,353,115.84419250488281,104.3634033203125,11.480789184570312,0.11000780751978198,1175
45_2.png,SRF,883,61.57191467285156,111.7869873046875,-50.21507263183594,-0.4492032019341333,1967
45_2.png,SRF,409,55.30562210083008,92.14553833007812,-36.83991622924805,-0.3998014108646514,1065
45_2.png,PED,3485,93.16097259521484,111.04257202148438,-17.88159942626953,-0.16103372878295563,4815
45_20.png,SRF,984,53.206302642822266,115.83859252929688,-62.63228988647461,-0.540685867455047,2156
45_20.png,SRF,3396,45.74440383911133,92.68939971923828,-46.94499588012695,-0.5064764258084111,4369
45_20.png,PED,4486,76.31141662597656,110.051513671875,-33.74009704589844,-0.3065845795315138,3475
45_21.png,SRF,931,52.32653045654297,113.7990951538086,-61.472564697265625,-0.5401850042320682,1991
45_21.png,SRF,4153,42.9552116394043,89.54335021972656,-46.588138580322266,-0.5202858555772332,4406
45_21.png,PED,3130,89.09073638916016,111.59735107421875,-22.506614685058594,-0.20167696158030116,3400
45_22.png,SRF,723,53.72614288330078,111.93737030029297,-58.21122741699219,-0.5200339016436571,1884
45_22.png,SRF,5179,42.49102020263672,87.43892669677734,-44.947906494140625,-0.514049156275808,4593
45_22.png,PED,1691,92.42814636230469,112.51348114013672,-20.08533477783203,-0.17851491727302915,2707
45_23.png,SRF,803,56.889163970947266,111.36895751953125,-54.479793548583984,-0.489182935370744,1965
45_23.png,SRF,5935,41.495872497558594,87.36126708984375,-45.865394592285156,-0.5250083488958148,4880
45_23.png,PED,1371,93.07075500488281,117.58369445800781,-24.512939453125,-0.20847226791193577,2748
45_3.png,SRF,799,59.797245025634766,106.68759155273438,-46.89034652709961,-0.4395107795073083,2087
45_3.png,SRF,668,50.66916275024414,88.64945220947266,-37.980289459228516,-0.4284323085210235,1181
45_3.png,PED,618,94.89643859863281,114.58672332763672,-19.690284729003906,-0.17183740102859615,1326
45_3.png,PED,3149,87.92251586914062,103.66017150878906,-15.737655639648438,-0.15181969516917193,3284
45_4.png,SRF,524,44.87213897705078,107.03573608398438,-62.163597106933594,-0.5807742290682958,1595
45_4.png,SRF,705,48.13333511352539,84.7752685546875,-36.64193344116211,-0.43222432751746276,1108
45_4.png,PED,3755,86.10892486572266,106.87413787841797,-20.765213012695312,-0.1942959580765761,5077
45_5.png,SRF,643,47.04665756225586,110.2742919921875,-63.22763442993164,-0.5733669497003986,1626
45_5.png,PED,696,86.82327270507812,112.7177734375,-25.894500732421875,-0.22972863943927987,1637
45_5.png,PED,3538,85.91294860839844,100.36511993408203,-14.452171325683594,-0.1439959553196919,3607
45_6.png,SRF,576,49.3125,110.05950927734375,-60.74700927734375,-0.5519469392168987,1714
45_6.png,PED,4705,83.02040100097656,102.02796173095703,-19.00756072998047,-0.18629756399625544,5257
45_6.png,PED,126,103.76190185546875,111.84375,-8.08184814453125,-0.07226016781922324,768
45_7.png,SRF,703,51.62731170654297,107.58285522460938,-55.955543518066406,-0.5201158065682819,1738
45_7.png,PED,5007,81.37427520751953,100.79851531982422,-19.424240112304688,-0.19270363309095773,5107
45_7.png,PED,251,109.17131805419922,98.42857360839844,10.742744445800781,0.10914253912223873,896
45_8.png,SRF,562,55.42704772949219,108.13099670410156,-52.703948974609375,-0.4874083341600257,1626
45_8.png,PED,5400,82.84703826904297,100.21060943603516,-17.363571166992188,-0.17327078704251794,5712
45_8.png,PED,198,98.2727279663086,110.15447998046875,-11.881752014160156,-0.10786444651426691,848
45_9.png,SRF,562,55.42704772949219,108.13099670410156,-52.703948974609375,-0.4874083341600257,1626
45_9.png,PED,5400,82.84703826904297,100.20784759521484,-17.360809326171875,-0.17324800145693273,5711
45_9.png,PED,1,116.0,118.88727569580078,-2.8872756958007812,-0.02428582603901624,275
45_9.png,PED,198,98.2727279663086,110.15447998046875,-11.881752014160156,-0.10786444651426691,848
46_1.png,PED,6942,143.52549743652344,136.1136474609375,7.4118499755859375,0.05445339327720994,7972
46_10.png,IRF,1454,44.2200813293457,116.87024688720703,-72.65016555786133,-0.6216309753155304,1788
46_10.png,IRF,267,52.078651428222656,101.9678726196289,-49.88922119140625,-0.48926411731181424,747
46_10.png,IRF,323,46.62538528442383,101.21733856201172,-54.59195327758789,-0.5393537713317925,842
46_10.png,IRF,48,63.0625,115.271484375,-52.208984375,-0.4529219403920771,512
46_10.png,IRF,140,53.56428527832031,98.91193389892578,-45.34764862060547,-0.4584648872293251,704
46_10.png,PED,4530,143.4523162841797,138.22853088378906,5.223785400390625,0.03779093481636107,4761
46_10.png,PED,208,164.27883911132812,162.97300720214844,1.3058319091796875,0.008012565587379509,1297
46_11.png,IRF,1449,40.46445846557617,115.93992614746094,-75.47546768188477,-0.6509877157062314,1698
46_11.png,IRF,240,46.420833587646484,102.28140258789062,-55.86056900024414,-0.546145903232438,629
46_11.png,IRF,100,56.72999954223633,93.45550537109375,-36.72550582885742,-0.392973166032622,472
46_11.png,IRF,993,48.67069625854492,104.44971466064453,-55.77901840209961,-0.5340274847406214,1770
46_11.png,IRF,67,51.74626922607422,113.42985534667969,-61.68358612060547,-0.5438037977927392,556
46_11.png,IRF,4,44.0,100.37777709960938,-56.377777099609375,-0.5616559633878241,270
46_11.png,PED,6087,138.05667114257812,134.48402404785156,3.5726470947265625,0.026565587399848756,7105
46_12.png,IRF,1566,43.349937438964844,113.43781280517578,-70.08787536621094,-0.6178528449467167,1592
46_12.png,IRF,1506,55.092960357666016,98.92118072509766,-43.82822036743164,-0.4430620423873673,2233
46_12.png,PED,5658,144.69972229003906,127.41487884521484,17.28484344482422,0.1356579671187543,5163
46_12.png,PED,50,143.0399932861328,139.8125,3.2274932861328125,0.023084440133270004,544
46_12.png,PED,265,154.7811279296875,157.17221069335938,-2.391082763671875,-0.015213139480088128,1411
46_13.png,IRF,1817,43.310401916503906,115.70121002197266,-72.39080810546875,-0.6256702768425768,2229
46_13.png,IRF,940,50.58085250854492,97.05487060546875,-46.47401809692383,-0.47884271862915817,1622
46_13.png,PED,4901,142.73699951171875,135.8517303466797,6.8852691650390625,0.05068223384029457,5362
46_13.png,PED,524,161.8492431640625,154.7495880126953,7.0996551513671875,0.045878346059213725,2408
46_14.png,IRF,1225,43.764896392822266,112.95939636230469,-69.19449996948242,-0.6125608156363439,1724
46_14.png,IRF,30,45.099998474121094,109.53506469726562,-64.43506622314453,-0.5882597175729157,385
46_14.png,IRF,552,48.378623962402344,95.26305389404297,-46.884429931640625,-0.49215753658063677,1034
46_14.png,IRF,606,50.0445556640625,95.07330322265625,-45.02874755859375,-0.4736213640661984,1296
46_14.png,PED,4535,141.64498901367188,134.4285430908203,7.2164459228515625,0.053682393314164766,4772
46_14.png,PED,172,169.81394958496094,152.2348175048828,17.579132080078125,0.1154737948138197,988
46_14.png,PED,136,152.13970947265625,162.3355255126953,-10.195816040039062,-0.06280705352594991,912
46_14.png,PED,85,159.50588989257812,151.94564819335938,7.56024169921875,0.0497562239465912,736
46_15.png,IRF,597,47.98157501220703,102.65048217773438,-54.668907165527344,-0.532573310964782,1133
46_15.png,IRF,501,62.41317367553711,105.79206085205078,-43.37888717651367,-0.41003915442368255,1260
46_15.png,PED,3966,141.18507385253906,138.9082794189453,2.27679443359375,0.016390631596025832,5746
46_16.png,IRF,803,49.508094787597656,103.34891510009766,-53.8408203125,-0.5209616400941699,1711
46_16.png,PED,3454,135.94122314453125,136.12347412109375,-0.1822509765625,-0.0013388651570879818,5224
46_17.png,IRF,461,49.785247802734375,101.64041900634766,-51.85517120361328,-0.5101825800263065,1232
46_17.png,IRF,154,55.43506622314453,94.5999984741211,-39.16493225097656,-0.41400563300950344,730
46_17.png,PED,3425,140.36846923828125,132.76490783691406,7.6035614013671875,0.05727086716850857,5249
46_17.png,PED,66,184.81817626953125,138.93109130859375,45.8870849609375,0.33028665166829435,624
46_2.png,PED,6573,139.31857299804688,134.63323974609375,4.685333251953125,0.03480071682735441,5704
46_2.png,PED,591,144.5972900390625,151.94479370117188,-7.347503662109375,-0.04835640289564398,2246
46_3.png,PED,6245,140.62449645996094,131.3875274658203,9.236968994140625,0.07030324089585724,5321
46_3.png,PED,699,142.6866912841797,150.81101989746094,-8.12432861328125,-0.05387092149370201,2397
46_4.png,PED,6176,138.0845184326172,136.88687133789062,1.1976470947265625,0.008749174285460133,5118
46_4.png,PED,697,147.4103240966797,151.19960021972656,-3.789276123046875,-0.025061416283774667,2545
46_5.png,PED,6360,136.3517303466797,134.68997192382812,1.6617584228515625,0.01233765512841108,5219
46_5.png,PED,671,147.79881286621094,154.72682189941406,-6.928009033203125,-0.04477574701112219,2244
46_6.png,IRF,85,61.89411926269531,98.58277130126953,-36.68865203857422,-0.3721608913433107,592
46_6.png,PED,6236,138.41468811035156,134.92669677734375,3.4879913330078125,0.025851009594963267,5034
46_6.png,PED,264,163.89772033691406,157.07962036132812,6.8180999755859375,0.04340537594821247,1344
46_7.png,IRF,554,49.169673919677734,90.98750305175781,-41.81782913208008,-0.4595997002829301,1120
46_7.png,PED,5880,133.4688720703125,139.00213623046875,-5.53326416015625,-0.03980704405133724,4691
46_7.png,PED,399,164.0300750732422,157.56146240234375,6.4686126708984375,0.04105453562229831,1749
46_8.png,IRF,956,44.27196502685547,98.12249755859375,-53.85053253173828,-0.548809232047742,1347
46_8.png,PED,5986,147.8860626220703,136.95541381835938,10.930648803710938,0.07981173214669696,4778
46_8.png,PED,543,168.0497283935547,153.45877075195312,14.590957641601562,0.09508063677367791,2062
46_9.png,IRF,1386,42.030303955078125,113.41280364990234,-71.38249969482422,-0.629404241827732,1703
46_9.png,IRF,130,45.56153869628906,88.86012268066406,-43.298583984375,-0.4872667590160413,672
46_9.png,PED,5467,144.7259979248047,137.1671142578125,7.5588836669921875,0.05510711301241553,4829
46_9.png,PED,128,171.3046875,163.01922607421875,8.28546142578125,0.05082505680654549,832
46_9.png,PED,301,171.41195678710938,158.55091857910156,12.861038208007812,0.08111613810418512,1296
47_1.png,SRF,70,67.38571166992188,104.3626937866211,-36.97698211669922,-0.3543122621221524,386
47_1.png,SRF,903,61.12735366821289,118.61152648925781,-57.48417282104492,-0.48464238276413246,1753
47_1.png,SRF,470,58.86808395385742,107.84852600097656,-48.98044204711914,-0.4541595871850453,746
47_1.png,IRF,75,91.77333068847656,108.88565826416016,-17.112327575683594,-0.15715869149790626,481
47_1.png,IRF,102,74.53921508789062,124.73672485351562,-50.197509765625,-0.4024276717588534,452
47_1.png,PED,2646,123.05064392089844,125.13177490234375,-2.0811309814453125,-0.0166315149215256,4652
47_10.png,SRF,1210,52.32975387573242,127.35076141357422,-75.0210075378418,-0.5890895877269986,1645
47_10.png,SRF,2108,54.668880462646484,107.95814514160156,-53.28926467895508,-0.4936104136381657,2031
47_10.png,SRF,108,58.91666793823242,106.99833679199219,-48.081668853759766,-0.44936837613870484,600
47_10.png,IRF,779,49.455711364746094,84.50035858154297,-35.044647216796875,-0.41472779293568013,1391
47_10.png,IRF,694,47.91498565673828,88.93170166015625,-41.01671600341797,-0.46121591331018624,1142
47_10.png,PED,3737,114.86299133300781,129.8875274658203,-15.0245361328125,-0.11567343243766175,4090
47_11.png,SRF,1279,55.8436279296875,128.80245971679688,-72.95883178710938,-0.566439739951604,1792
47_11.png,SRF,2366,56.0684700012207,108.2420425415039,-52.1735725402832,-0.4820083889333294,2450
47_11.png,IRF,134,48.791046142578125,93.10565185546875,-44.314605712890625,-0.47596042592217475,672
47_11.png,IRF,1169,46.51582717895508,85.2265625,-38.71073532104492,-0.4542097461814786,1792
47_11.png,IRF,24,57.125,91.76786041259766,-34.642860412597656,-0.3775053734154836,448
47_11.png,PED,3344,101.99909973144531,132.85025024414062,-30.851150512695312,-0.23222500865447943,4267
47_12.png,SRF,1245,57.56947708129883,134.50807189941406,-76.93859481811523,-0.571999834148618,1734
47_12.png,SRF,2437,53.0713996887207,111.2735366821289,-58.2021369934082,-0.5230546159386679,2252
47_12.png,IRF,1087,48.60349655151367,90.54122161865234,-41.93772506713867,-0.4631893000491514,1504
47_12.png,PED,4177,108.75149536132812,127.77021789550781,-19.018722534179688,-0.14885098301807273,4587
47_13.png,SRF,1206,57.97843933105469,138.5904083251953,-80.61196899414062,-0.5816561908453921,1836
47_13.png,SRF,2301,54.71925354003906,111.1171646118164,-56.397911071777344,-0.5075535473641836,2424
47_13.png,IRF,194,48.097938537597656,90.30125427246094,-42.20331573486328,-0.46736134591802647,717
47_13.png,IRF,1023,46.80352020263672,89.77191925048828,-42.96839904785156,-0.4786396392836154,1232
47_13.png,PED,3332,101.37635040283203,132.14834594726562,-30.771995544433594,-0.23285948321073419,4732
47_14.png,SRF,1068,56.470035552978516,129.36648559570312,-72.89645004272461,-0.5634879057512702,1719
47_14.png,SRF,2276,52.53514862060547,112.11736297607422,-59.58221435546875,-0.5314271828546624,2488
47_14.png,IRF,183,63.56830596923828,109.2300033569336,-45.66169738769531,-0.4180325550159094,800
47_14.png,IRF,56,55.58928680419922,107.869140625,-52.27985382080078,-0.4846599640813703,512
47_14.png,IRF,231,52.26839828491211,94.18993377685547,-41.92153549194336,-0.44507447676159634,795
47_14.png,IRF,1265,45.645851135253906,93.4214096069336,-47.77555847167969,-0.5113983900766774,1616
47_14.png,PED,4286,104.11549377441406,125.78541564941406,-21.669921875,-0.1722769031935933,5019
47_15.png,SRF,1098,61.65482711791992,124.68631744384766,-63.031490325927734,-0.5055205063243118,1272
47_15.png,SRF,2472,56.409385681152344,110.8353271484375,-54.425941467285156,-0.4910522923290927,2344
47_15.png,IRF,113,53.42477798461914,106.34843444824219,-52.92365646362305,-0.49764396380823084,640
47_15.png,IRF,1424,49.29705047607422,89.61439514160156,-40.317344665527344,-0.4498980839163292,1945
47_15.png,PED,5418,104.97212982177734,124.29803466796875,-19.325904846191406,-0.15548037342517723,5043
47_16.png,SRF,163,67.7423324584961,100.7430648803711,-33.000732421875,-0.3275732424962674,541
47_16.png,SRF,1082,59.889095306396484,123.29702758789062,-63.40793228149414,-0.514269755905467,1414
47_16.png,SRF,2283,55.577308654785156,110.56160736083984,-54.98429870605469,-0.4973181922600172,2386
47_16.png,IRF,35,68.57142639160156,95.48958587646484,-26.91815948486328,-0.2818962846868703,480
47_16.png,IRF,1445,65.70380401611328,88.03304290771484,-22.329238891601562,-0.25364611007493326,2058
47_16.png,PED,6066,98.31997680664062,120.13932800292969,-21.819351196289062,-0.18161705712018783,5268
47_17.png,SRF,1027,52.64849090576172,116.70427703857422,-64.0557861328125,-0.5488726528132313,1285
47_17.png,SRF,2475,53.86585998535156,109.44463348388672,-55.578773498535156,-0.5078254796907689,2312
47_17.png,IRF,167,54.43113708496094,109.67916870117188,-55.24803161621094,-0.5037240186123022,720
47_17.png,IRF,359,53.314762115478516,92.50719451904297,-39.19243240356445,-0.42366901955389574,834
47_17.png,IRF,714,46.92856979370117,84.54503631591797,-37.6164665222168,-0.44492814908324124,1310
47_17.png,PED,6160,93.156494140625,118.62449645996094,-25.468002319335938,-0.214694292320407,4703
47_18.png,SRF,1051,58.00666046142578,128.60702514648438,-70.6003646850586,-0.5489619607066119,1738
47_18.png,SRF,1282,57.99610137939453,106.68778228759766,-48.691680908203125,-0.4563941612071871,1326
47_18.png,IRF,392,70.8698959350586,107.58033752441406,-36.71044158935547,-0.34123746433705393,946
47_18.png,PED,1974,85.6175308227539,104.19001007080078,-18.572479248046875,-0.17825585423618082,1542
47_18.png,PED,3008,71.39794158935547,113.45436096191406,-42.056419372558594,-0.3706901966216766,2991
47_19.png,SRF,1453,54.608394622802734,129.84808349609375,-75.23968887329102,-0.579443969040594,2225
47_19.png,SRF,1185,51.66666793823242,121.38497924804688,-69.71831130981445,-0.5743569899810008,1052
47_19.png,SRF,1156,56.70847702026367,111.9904556274414,-55.281978607177734,-0.4936311607757385,1676
47_19.png,PED,3827,63.561012268066406,117.33487701416016,-53.77386474609375,-0.4582939541463382,3237
47_19.png,PED,652,100.4325180053711,116.88201141357422,-16.449493408203125,-0.14073588578141757,1034
47_2.png,SRF,1820,61.72197723388672,102.5216064453125,-40.79962921142578,-0.39796127495514116,3217
47_2.png,SRF,80,63.3125,108.0734634399414,-44.760963439941406,-0.4141716385800477,422
47_2.png,PED,2209,118.36125183105469,123.80058288574219,-5.4393310546875,-0.043936231380328455,4448
47_20.png,SRF,3805,49.17056655883789,108.95728302001953,-59.78671646118164,-0.5487170274812798,3886
47_20.png,SRF,1065,61.70798110961914,126.42335510253906,-64.71537399291992,-0.5118941349122619,1670
47_20.png,PED,3890,51.10179901123047,112.58308410644531,-61.481285095214844,-0.5460970054531938,2660
47_3.png,SRF,1342,57.86512756347656,109.68842315673828,-51.82329559326172,-0.4724591173966398,2375
47_3.png,SRF,996,62.071285247802734,111.62844848632812,-49.55716323852539,-0.4439474337457533,1413
47_3.png,IRF,345,51.3739128112793,96.03011322021484,-44.65620040893555,-0.46502288617040993,963
47_3.png,IRF,149,56.49664306640625,94.90975189208984,-38.413108825683594,-0.40473300224573755,687
47_3.png,PED,1961,118.57572937011719,135.310302734375,-16.734573364257812,-0.12367552969790575,4038
47_4.png,SRF,1862,57.971534729003906,121.05352020263672,-63.08198547363281,-0.5211082285590468,2784
47_4.png,SRF,2159,84.15979766845703,105.50898742675781,-21.34918975830078,-0.2023447507078101,2169
47_4.png,IRF,676,53.230770111083984,104.59452819824219,-51.3637580871582,-0.49107500145520444,1280
47_4.png,PED,2159,126.97869110107422,130.9387969970703,-3.9601058959960938,-0.030243945926009225,3415
47_5.png,SRF,208,62.831729888916016,113.94393920898438,-51.11220932006836,-0.4485733043362978,553
47_5.png,SRF,1148,52.66289138793945,108.27233123779297,-55.609439849853516,-0.5136071165561343,1153
47_5.png,SRF,1743,50.790592193603516,114.6693344116211,-63.87874221801758,-0.5570690938931955,2371
47_5.png,IRF,649,50.43759536743164,97.77352905273438,-47.335933685302734,-0.4841385408086476,1020
47_5.png,IRF,83,94.25301361083984,104.84280395507812,-10.589790344238281,-0.10100636328627453,528
47_5.png,PED,1956,129.423828125,137.97723388671875,-8.55340576171875,-0.06199142801153135,3163
47_5.png,PED,10,100.69999694824219,133.56903076171875,-32.86903381347656,-0.24608274557381093,239
47_5.png,PED,8,86.625,146.22222900390625,-59.59722900390625,-0.40757981471007493,243
47_6.png,SRF,3457,54.00318145751953,111.14807891845703,-57.1448974609375,-0.5141330198145974,4511
47_6.png,IRF,733,48.81855392456055,93.13800811767578,-44.319454193115234,-0.4758471336118714,1355
47_6.png,IRF,112,79.74107360839844,113.41580963134766,-33.67473602294922,-0.2969139499370259,582
47_6.png,PED,2261,130.14772033691406,135.444091796875,-5.2963714599609375,-0.03910374671716125,3774
47_7.png,SRF,3695,51.946685791015625,110.39025115966797,-58.443565368652344,-0.5294268719809309,4574
47_7.png,IRF,958,48.57307052612305,94.00563049316406,-45.432559967041016,-0.4832961571418299,1599
47_7.png,PED,2463,130.95289611816406,130.26885986328125,0.6840362548828125,0.005250957562695465,3883
47_8.png,SRF,3631,53.7645263671875,111.17326354980469,-57.40873718261719,-0.51638978068588,4623
47_8.png,IRF,1115,49.893272399902344,97.2492446899414,-47.35597229003906,-0.48695465390012577,1649
47_8.png,PED,2156,122.7430419921875,132.371337890625,-9.6282958984375,-0.07273701431040239,4158
47_9.png,SRF,1304,49.476226806640625,125.35332489013672,-75.8770980834961,-0.6053058277472654,1851
47_9.png,SRF,2280,56.108333587646484,106.07742309570312,-49.96908950805664,-0.471062437696799,2170
47_9.png,IRF,1232,47.13311767578125,88.38667297363281,-41.25355529785156,-0.46673954239863935,1681
47_9.png,PED,2248,120.23665618896484,135.6124267578125,-15.375770568847656,-0.1133802479348514,4314
48_1.png,PED,1321,99.29144287109375,108.95909118652344,-9.667648315429688,-0.0887273215126213,3740
48_10.png,PED,60,158.64999389648438,121.04898834228516,37.60100555419922,0.3106263511089942,592
48_10.png,PED,975,139.03179931640625,109.4862060546875,29.54559326171875,0.26985676393755903,3044
48_11.png,IRF,126,46.94444274902344,75.21591186523438,-28.271469116210938,-0.37587085518374636,704
48_11.png,PED,364,94.739013671875,114.59974670410156,-19.860733032226562,-0.17330520881086503,792
48_11.png,PED,1196,131.11204528808594,108.98391723632812,22.128128051757812,0.2030403073489612,2176
48_12.png,IRF,206,47.94174575805664,81.70153045654297,-33.75978469848633,-0.41320871848836604,784
48_12.png,IRF,895,54.0212287902832,73.68798828125,-19.666759490966797,-0.26689233821804614,1407
48_12.png,PED,244,157.06967163085938,120.39041137695312,36.67926025390625,0.3046692824984227,1168
48_12.png,PED,2484,124.03059387207031,115.17156982421875,8.859024047851562,0.07692023353830027,4319
48_13.png,IRF,197,41.47208023071289,82.3290786743164,-40.856998443603516,-0.4962644924672207,784
48_13.png,PED,210,156.8000030517578,114.52631378173828,42.27368927001953,0.3691176977073041,912
48_13.png,PED,2242,126.29259490966797,106.78556060791016,19.507034301757812,0.18267483160371054,4668
48_14.png,PED,142,166.1971893310547,114.69642639160156,51.500762939453125,0.4490180257544988,784
48_14.png,PED,131,109.82442474365234,127.80842590332031,-17.98400115966797,-0.14071060677385877,736
48_14.png,PED,1123,120.01602935791016,114.64324951171875,5.372779846191406,0.04686520897719498,2932
48_15.png,IRF,224,47.5625,78.81185150146484,-31.249351501464844,-0.3965057400140387,962
48_15.png,IRF,192,36.21875,69.41716766357422,-33.19841766357422,-0.47824506215044943,827
48_15.png,PED,373,142.82305908203125,112.77591705322266,30.047142028808594,0.2664322562292121,1553
48_16.png,SRF,24,50.125,112.28229522705078,-62.15729522705078,-0.5535805542749183,418
48_16.png,SRF,190,55.921051025390625,104.08514404296875,-48.164093017578125,-0.4627374392420005,1104
48_16.png,IRF,284,40.35211181640625,76.67494201660156,-36.32283020019531,-0.4737249125317987,846
48_16.png,IRF,104,43.66345977783203,68.88035583496094,-25.216896057128906,-0.36609706427111416,560
48_16.png,PED,649,110.85362243652344,111.5755844116211,-0.7219619750976562,-0.006470608950020975,2441
48_16.png,PED,491,146.43788146972656,112.8426284790039,33.595252990722656,0.29771774588690625,1900
48_17.png,SRF,105,64.97142791748047,107.15645599365234,-42.185028076171875,-0.3936769622044126,767
48_17.png,SRF,302,60.940399169921875,97.56068420410156,-36.62028503417969,-0.3753590427632541,931
48_17.png,IRF,477,44.945491790771484,71.11915588378906,-26.173664093017578,-0.36802551672275424,1326
48_17.png,PED,77,124.28571319580078,122.72093200683594,1.5647811889648438,0.012750727715119379,688
48_17.png,PED,111,113.9189224243164,124.05736541748047,-10.138442993164062,-0.08172382960935821,767
48_17.png,PED,471,98.9957504272461,109.17170715332031,-10.175956726074219,-0.0932105670179101,1555
48_17.png,PED,454,130.07269287109375,110.53524017333984,19.537452697753906,0.17675315733801764,1362
48_17.png,PED,169,150.9585723876953,110.38665008544922,40.571922302246094,0.36754374075886687,944
48_18.png,SRF,367,61.54768371582031,106.134521484375,-44.58683776855469,-0.4200974117089576,1063
48_18.png,SRF,154,52.727272033691406,99.12467193603516,-46.39739990234375,-0.46807115722192605,754
48_18.png,IRF,587,44.432708740234375,71.57784271240234,-27.14513397216797,-0.3792393420019141,1336
48_18.png,PED,295,135.21356201171875,117.44689178466797,17.76667022705078,0.1512740776454513,1996
48_18.png,PED,1179,113.72603607177734,106.38323974609375,7.342796325683594,0.069022116107845,3186
48_18.png,PED,87,147.19540405273438,109.1796875,38.015716552734375,0.3481940406976744,768
48_18.png,PED,69,162.0,115.95352935791016,46.046470642089844,0.3971114195235889,624
48_19.png,SRF,245,62.79591751098633,108.17308044433594,-45.37716293334961,-0.41948664812868985,884
48_19.png,IRF,480,40.97083282470703,70.52144622802734,-29.550613403320312,-0.41903016718871555,1352
48_19.png,PED,1792,113.984375,104.32974243164062,9.654632568359375,0.09253959938303619,3803
48_19.png,PED,1,162.0,131.60606384277344,30.393936157226562,0.23094632017516653,264
48_2.png,PED,1364,95.4970703125,113.2047348022461,-17.707664489746094,-0.1564215889086183,3673
48_2.png,PED,114,159.74562072753906,124.63021087646484,35.11540985107422,0.2817568036202802,768
48_20.png,SRF,192,61.55729293823242,102.06690216064453,-40.50960922241211,-0.39689270826162104,837
48_20.png,IRF,173,38.31792068481445,67.2646255493164,-28.946704864501953,-0.430340682462866,752
48_20.png,PED,1887,112.95283508300781,100.07622528076172,12.876609802246094,0.12866802046261278,3424
48_3.png,PED,887,89.65050506591797,109.18929290771484,-19.538787841796875,-0.1789441741170608,2932
48_5.png,PED,2237,121.78765869140625,108.2007064819336,13.586952209472656,0.12557175134287396,4255
48_6.png,SRF,89,79.84269714355469,117.10968780517578,-37.266990661621094,-0.3182229528578253,547
48_6.png,PED,2446,115.23507690429688,106.01332092285156,9.221755981445312,0.08698676639095389,3903
48_6.png,PED,98,155.2346954345703,116.33724212646484,38.89745330810547,0.3343508286522887,768
48_7.png,PED,2456,119.32410430908203,104.04256439208984,15.281539916992188,0.14687777071125338,4840
48_8.png,PED,1007,104.78351593017578,108.65377044677734,-3.8702545166015625,-0.03562006638782367,1577
48_8.png,PED,1378,127.4187240600586,106.78919982910156,20.62952423095703,0.1931798745937901,3686
48_9.png,PED,184,169.8913116455078,121.67163848876953,48.21967315673828,0.39630988581771276,1072
48_9.png,PED,848,99.9764175415039,109.39130401611328,-9.414886474609375,-0.08606613258054376,1610
48_9.png,PED,896,114.671875,104.14636993408203,10.525505065917969,0.10106454092043667,1913
48_9.png,PED,130,143.11538696289062,118.15045928955078,24.964927673339844,0.21129776239090542,864
48_9.png,PED,100,153.74000549316406,118.63298034667969,35.107025146484375,0.29592972412807594,752
49_10.png,PED,2435,114.10308074951172,93.16259765625,20.94048309326172,0.22477349945229746,3727
49_11.png,PED,1714,116.46324157714844,99.06552124023438,17.397720336914062,0.17561831926089103,3541
49_2.png,PED,477,124.64569854736328,100.2215347290039,24.424163818359375,0.24370175416293113,1932
49_3.png,PED,196,129.35714721679688,113.8525619506836,15.504585266113281,0.13618125934512787,1092
49_3.png,PED,641,119.69422912597656,93.41949462890625,26.274734497070312,0.2812553696789136,1888
49_4.png,PED,132,136.39393615722656,104.74722290039062,31.646713256835938,0.30212460417141923,811
49_4.png,PED,1121,121.40499877929688,96.78511810302734,24.61988067626953,0.25437671781380455,2648
49_5.png,PED,1153,113.08846282958984,101.85340118408203,11.235061645507812,0.1103062000374678,2674
49_6.png,PED,1824,115.86897277832031,99.70454406738281,16.1644287109375,0.16212328998779812,2948
49_7.png,PED,138,149.61593627929688,103.84234619140625,45.773590087890625,0.4407988818311074,1091
49_7.png,PED,2076,120.72832489013672,99.06389617919922,21.6644287109375,0.21869146628099667,3944
49_8.png,PED,1880,117.43297576904297,107.54606628417969,9.886909484863281,0.09193185605448474,3842
49_9.png,PED,1831,108.80338287353516,99.55343627929688,9.249946594238281,0.092914387890013,3088
4_4.png,PED,647,128.0803680419922,114.4051284790039,13.675239562988281,0.11953344876054238,780
4_5.png,PED,169,157.05325317382812,107.79629516601562,49.2569580078125,0.45694481365943534,864
4_9.png,IRF,144,46.24305725097656,70.46263122558594,-24.219573974609375,-0.3437222475707793,776
4_9.png,PED,276,115.81159210205078,105.5820541381836,10.229537963867188,0.09688708983137401,780
50_1.png,SRF,3975,45.50993728637695,103.88663482666016,-58.3766975402832,-0.5619269277293227,3652
50_1.png,PED,1558,95.93260955810547,90.00547790527344,5.927131652832031,0.06585301018089211,3105
50_10.png,SRF,1736,57.32661437988281,93.07379150390625,-35.74717712402344,-0.3840735028240807,2114
50_10.png,IRF,3537,37.45433807373047,70.45165252685547,-32.997314453125,-0.46836821095923553,3144
50_10.png,IRF,2062,45.26673126220703,73.02892303466797,-27.762191772460938,-0.3801533778511535,1867
50_10.png,IRF,262,47.27862548828125,84.04151916503906,-36.76289367675781,-0.4374372815008683,843
50_10.png,PED,5192,57.399654388427734,90.81103515625,-33.411380767822266,-0.3679220340384233,4874
50_10.png,PED,351,117.79772186279297,97.48163604736328,20.316085815429688,0.20840936446284852,953
50_11.png,SRF,580,48.91379165649414,94.5372085571289,-45.623416900634766,-0.48259746185613783,1411
50_11.png,IRF,972,45.36625671386719,76.88206481933594,-31.51580810546875,-0.409924059395742,1645
50_11.png,IRF,1622,39.10110855102539,72.51732635498047,-33.41621780395508,-0.460803224327093,1616
50_11.png,IRF,286,41.164337158203125,82.51245880126953,-41.348121643066406,-0.5011136771799876,843
50_11.png,IRF,3939,46.59532928466797,75.31580352783203,-28.720474243164062,-0.3813339684087784,3252
50_11.png,IRF,887,48.198421478271484,86.8008804321289,-38.60245895385742,-0.44472427885154164,2039
50_11.png,PED,7010,54.55763244628906,82.97367858886719,-28.416046142578125,-0.3424706078584153,4825
50_11.png,PED,77,141.4545440673828,111.86294555664062,29.591598510742188,0.26453441185096266,591
50_12.png,SRF,340,52.38823699951172,96.7750244140625,-44.38678741455078,-0.4586595320775851,1209
50_12.png,IRF,2349,41.51085662841797,64.32972717285156,-22.818870544433594,-0.3547173530383573,3512
50_12.png,IRF,2127,39.35260772705078,73.97097778320312,-34.618370056152344,-0.4679993572291709,2205
50_12.png,IRF,332,44.39156723022461,87.97714233398438,-43.585575103759766,-0.49541930946446816,1050
50_12.png,IRF,167,39.556884765625,85.3033676147461,-45.746482849121094,-0.5362799163536547,534
50_12.png,IRF,130,41.19230651855469,82.93319702148438,-41.74089050292969,-0.5033073847631419,494
50_12.png,IRF,257,54.1595344543457,95.96973419189453,-41.81019973754883,-0.43566026403645136,826
50_12.png,PED,7584,51.8929328918457,83.22445678710938,-31.331523895263672,-0.3764701519820146,4923
50_12.png,PED,65,143.8307647705078,116.0467300415039,27.784034729003906,0.23942109113343388,642
50_13.png,IRF,5030,42.02505111694336,83.51741790771484,-41.492366790771484,-0.4968109387268146,3904
50_13.png,IRF,97,47.32989501953125,91.3058853149414,-43.975990295410156,-0.48163368816504837,510
50_13.png,IRF,157,45.471336364746094,86.51951599121094,-41.048179626464844,-0.47443838718000586,666
50_13.png,IRF,2429,50.19637680053711,86.82931518554688,-36.632938385009766,-0.42189597265311013,3029
50_13.png,PED,8284,51.802146911621094,89.93214416503906,-38.12999725341797,-0.42398630219961914,5055
50_13.png,PED,245,141.0530548095703,112.33728790283203,28.71576690673828,0.25562097361275493,928
50_14.png,IRF,1255,40.39362716674805,71.17263793945312,-30.779010772705078,-0.43245566925436874,1842
50_14.png,IRF,2115,38.57541275024414,65.6673355102539,-27.091922760009766,-0.41256314953999285,2495
50_14.png,IRF,604,36.468544006347656,64.26020050048828,-27.791656494140625,-0.4324863022163999,1176
50_14.png,IRF,489,52.32719802856445,87.8452377319336,-35.51803970336914,-0.4043251588863033,1176
50_14.png,PED,8310,51.588687896728516,92.04796600341797,-40.45927810668945,-0.4395455963164585,4920
50_14.png,PED,335,134.86865234375,110.47168731689453,24.39696502685547,0.22084359911034346,1448
50_15.png,IRF,1444,40.44459915161133,75.69253540039062,-35.2479362487793,-0.4656725536055619,1688
50_15.png,IRF,137,41.868614196777344,87.91165924072266,-46.04304504394531,-0.5237421912134397,566
50_15.png,IRF,942,37.5626335144043,71.0833969116211,-33.5207633972168,-0.4715695205013007,1307
50_15.png,IRF,191,42.586387634277344,84.90748596191406,-42.32109832763672,-0.4984377743397112,735
50_15.png,IRF,742,38.50943374633789,68.06097412109375,-29.55154037475586,-0.43419214544561036,1230
50_15.png,IRF,783,40.32183837890625,58.48591995239258,-18.164081573486328,-0.31057187077286047,1243
50_15.png,PED,8006,45.42143249511719,94.06941986083984,-48.647987365722656,-0.5171498605783825,4768
50_16.png,IRF,1350,40.334075927734375,81.15544128417969,-40.82136535644531,-0.5030021981336077,1737
50_16.png,IRF,265,46.9169807434082,89.94342041015625,-43.02643966674805,-0.4783722863833804,760
50_16.png,IRF,1119,40.6961555480957,78.06074523925781,-37.36458969116211,-0.47866042755086263,1498
50_16.png,IRF,255,48.22745132446289,85.10922241210938,-36.881771087646484,-0.4333463523971631,705
50_16.png,IRF,17,53.411766052246094,81.46969604492188,-28.05792999267578,-0.3443971360492718,330
50_16.png,IRF,172,47.011627197265625,81.25130462646484,-34.23967742919922,-0.42140464804360583,768
50_16.png,IRF,1101,41.36421585083008,64.26612091064453,-22.901905059814453,-0.3563604701092386,1458
50_16.png,IRF,142,45.60563278198242,73.10273742675781,-27.49710464477539,-0.376143296580719,876
50_16.png,IRF,214,50.63084030151367,74.38427734375,-23.753437042236328,-0.3193341105199588,903
50_16.png,IRF,17,40.29411697387695,73.27545928955078,-32.98134231567383,-0.4501007927544581,432
50_16.png,PED,7988,46.280921936035156,92.0158462524414,-45.73492431640625,-0.4970331326512447,5302
50_17.png,IRF,289,42.965396881103516,80.2071762084961,-37.24177932739258,-0.4643197914184601,864
50_17.png,IRF,1217,44.06573486328125,78.6135482788086,-34.547813415527344,-0.43946386051677816,2259
50_17.png,IRF,266,41.09022521972656,80.19318389892578,-39.10295867919922,-0.4876095046741624,792
50_17.png,IRF,298,47.21476364135742,83.7781982421875,-36.56343460083008,-0.43643137914152624,789
50_17.png,IRF,830,40.334938049316406,68.89684295654297,-28.561904907226562,-0.4145604309509817,1425
50_17.png,IRF,84,41.57143020629883,71.28884887695312,-29.717418670654297,-0.4168592863934096,592
50_17.png,PED,7318,45.29161071777344,88.6383056640625,-43.34669494628906,-0.4890289206403856,4689
50_17.png,PED,398,106.45980072021484,101.93709564208984,4.522705078125,0.04436760778435966,1685
50_18.png,IRF,333,45.31831741333008,91.26973724365234,-45.951419830322266,-0.5034683041504878,912
50_18.png,IRF,454,47.29294967651367,88.1058578491211,-40.81290817260742,-0.4632258191333705,1058
50_18.png,IRF,188,45.925533294677734,74.05155944824219,-28.126026153564453,-0.37981679741968083,834
50_18.png,IRF,323,45.00619125366211,78.92608642578125,-33.91989517211914,-0.42976785886901886,920
50_18.png,PED,5678,50.85452651977539,88.26905822753906,-37.41453170776367,-0.4238691616185241,4185
50_19.png,IRF,634,49.48265075683594,83.55526733398438,-34.07261657714844,-0.40778538163195016,1547
50_19.png,IRF,155,55.122581481933594,83.08026123046875,-27.957679748535156,-0.33651410496867806,760
50_19.png,IRF,138,42.9420280456543,79.00305938720703,-36.061031341552734,-0.45645107444272087,654
50_19.png,IRF,207,54.043479919433594,87.45185852050781,-33.40837860107422,-0.38202022422702225,779
50_19.png,IRF,108,45.824073791503906,86.34548950195312,-40.52141571044922,-0.4692939485800544,521
50_19.png,IRF,102,53.95098114013672,91.08751678466797,-37.13653564453125,-0.407701702224713,697
50_19.png,PED,4650,57.201290130615234,87.84967041015625,-30.648380279541016,-0.3488730252082741,4091
50_19.png,PED,102,133.78431701660156,107.02529907226562,26.759017944335938,0.250025163921922,672
50_19.png,PED,147,113.55101776123047,98.07211303710938,15.478904724121094,0.15783186723288048,832
50_2.png,SRF,3645,44.69464874267578,107.47832489013672,-62.78367614746094,-0.5841519786583741,3322
50_2.png,IRF,952,40.23844528198242,67.31422424316406,-27.07577896118164,-0.4022296812539031,1378
50_2.png,IRF,1004,40.412349700927734,64.03440856933594,-23.622058868408203,-0.3688963386431598,1773
50_2.png,PED,2128,95.9276351928711,90.37933349609375,5.548301696777344,0.06138905302966352,4413
50_2.png,PED,98,116.17346954345703,86.47256469726562,29.700904846191406,0.34347200120838545,656
50_20.png,IRF,196,42.301021575927734,86.42780303955078,-44.12678146362305,-0.5105623411881696,741
50_20.png,IRF,78,38.487178802490234,72.78044891357422,-34.293270111083984,-0.4711879443311317,583
50_20.png,IRF,144,41.72916793823242,85.17626190185547,-43.44709396362305,-0.5100845352157513,556
50_20.png,IRF,101,54.43564224243164,86.69255828857422,-32.25691604614258,-0.37208402523742257,618
50_20.png,IRF,102,37.98039245605469,75.7035903930664,-37.72319793701172,-0.49830130567316844,641
50_20.png,IRF,178,46.40449523925781,68.16999816894531,-21.7655029296875,-0.31928272721595474,800
50_20.png,PED,4014,61.89188003540039,91.43363952636719,-29.541759490966797,-0.3230950845224496,3948
50_20.png,PED,71,162.04225158691406,115.16216278076172,46.880088806152344,0.40707891962223414,592
50_20.png,PED,113,127.3716812133789,103.22140502929688,24.15027618408203,0.23396577654826115,682
50_21.png,IRF,104,38.24038314819336,73.88941192626953,-35.64902877807617,-0.4824646434275119,633
50_21.png,PED,2463,64.42102813720703,90.58222198486328,-26.16119384765625,-0.28881157112736655,2846
50_22.png,IRF,180,40.900001525878906,74.36029052734375,-33.460289001464844,-0.44997523226675445,816
50_22.png,IRF,183,44.64480972290039,77.51593017578125,-32.87112045288086,-0.42405632465919857,816
50_22.png,PED,1254,69.2320556640625,94.5484619140625,-25.31640625,-0.26776116435411423,2146
50_22.png,PED,89,139.13482666015625,107.02471160888672,32.11011505126953,0.30002524247496587,688
50_3.png,SRF,3508,44.164764404296875,108.83683013916016,-64.67206573486328,-0.5942112210744539,3101
50_3.png,IRF,5162,49.13676834106445,80.46986389160156,-31.33309555053711,-0.3893767683358449,3650
50_3.png,PED,2055,92.88224029541016,93.18704986572266,-0.3048095703125,-0.0032709434492422884,3443
50_3.png,PED,193,89.30052185058594,98.55738067626953,-9.256858825683594,-0.09392354750264222,915
50_4.png,SRF,3242,43.1539192199707,106.09437561035156,-62.94045639038086,-0.5932496989429457,2808
50_4.png,IRF,591,51.70896911621094,64.46038818359375,-12.751419067382812,-0.1978179068835993,1136
50_4.png,IRF,3369,40.72959518432617,65.42507934570312,-24.695484161376953,-0.37746204373535636,3477
50_4.png,PED,2349,89.64112091064453,90.9214859008789,-1.280364990234375,-0.014082094870625055,5069
50_5.png,SRF,3324,45.523765563964844,110.61324310302734,-65.0894775390625,-0.5884419958506857,2839
50_5.png,IRF,1904,46.479515075683594,70.63152313232422,-24.152008056640625,-0.34194375238649727,1840
50_5.png,IRF,2756,41.58381652832031,62.81768035888672,-21.233863830566406,-0.3380236855174243,3077
50_5.png,PED,1341,78.13795471191406,92.36965942382812,-14.231704711914062,-0.1540733699862791,1826
50_5.png,PED,217,88.39631652832031,86.0926742553711,2.3036422729492188,0.026757703752076218,928
50_6.png,SRF,2886,42.7383918762207,106.24366760253906,-63.50527572631836,-0.5977323369887193,2844
50_6.png,IRF,2292,41.804100036621094,68.11188507080078,-26.307785034179688,-0.38624367842459995,2002
50_6.png,IRF,5437,42.94868469238281,74.23188781738281,-31.283203125,-0.4214254014657356,3575
50_6.png,PED,2583,80.29771423339844,89.26463317871094,-8.9669189453125,-0.10045321003403904,3775
50_6.png,PED,202,83.5445556640625,86.0082778930664,-2.4637222290039062,-0.028645175666312465,846
50_6.png,PED,1,101.0,92.51792907714844,8.482070922851562,0.09168029383557182,251
50_7.png,SRF,2509,45.45954513549805,108.0953598022461,-62.63581466674805,-0.5794496154260134,2695
50_7.png,IRF,2828,41.333099365234375,73.76539611816406,-32.43229675292969,-0.43966817043830025,2208
50_7.png,IRF,3366,39.30094909667969,72.70006561279297,-33.39911651611328,-0.4594097162717838,3194
50_7.png,PED,3758,72.81719207763672,90.67723846435547,-17.86004638671875,-0.19696283972895137,5329
50_8.png,SRF,2087,46.17057800292969,102.30638122558594,-56.13580322265625,-0.5487028526488158,2585
50_8.png,SRF,53,49.73584747314453,78.76886749267578,-29.03302001953125,-0.36858496184715167,424
50_8.png,IRF,2976,41.220428466796875,76.24800109863281,-35.02757263183594,-0.45939004468490924,2379
50_8.png,IRF,768,40.58073043823242,69.86560821533203,-29.28487777709961,-0.4191601350816414,1131
50_8.png,IRF,2534,41.852012634277344,68.2301254272461,-26.37811279296875,-0.3866050755116342,2629
50_8.png,PED,4239,70.85869598388672,89.9885025024414,-19.129806518554688,-0.21258056292286553,5304
50_8.png,PED,127,118.82677459716797,102.11111450195312,16.715660095214844,0.16370069190553313,486
50_9.png,SRF,1757,47.177005767822266,102.08495330810547,-54.9079475402832,-0.5378652363641092,2472
50_9.png,SRF,183,46.721309661865234,83.49393463134766,-36.77262496948242,-0.440422710126733,577
50_9.png,IRF,2945,42.211204528808594,76.34379577636719,-34.132591247558594,-0.44709057102089494,2071
50_9.png,IRF,1213,39.57955551147461,71.6331787109375,-32.05362319946289,-0.44746894911378127,1483
50_9.png,IRF,2208,41.07110595703125,67.414306640625,-26.34320068359375,-0.39076572906141693,2474
50_9.png,PED,4807,69.17182922363281,90.0612564086914,-20.889427185058594,-0.23194687724834637,5338
50_9.png,PED,82,115.57317352294922,107.8067855834961,7.766387939453125,0.0720398803973065,383
51_1.png,PED,2404,61.13893508911133,111.08280944824219,-49.94387435913086,-0.44960939147295925,3345
51_1.png,PED,73,147.73973083496094,126.96546173095703,20.774269104003906,0.1636214197214129,608
51_10.png,PED,4121,57.61125946044922,112.5068130493164,-54.89555358886719,-0.4879309270346516,3595
51_10.png,PED,104,157.92308044433594,132.4642791748047,25.45880126953125,0.1921937100939861,784
51_10.png,PED,109,104.03669738769531,144.4403076171875,-40.40361022949219,-0.27972531280239676,779
51_11.png,PED,3980,58.002010345458984,108.34358978271484,-50.34157943725586,-0.4646475120329395,3152
51_12.png,PED,4017,57.21209716796875,109.03436279296875,-51.822265625,-0.47528379400353443,3172
51_13.png,PED,4154,58.59051513671875,111.29190063476562,-52.701385498046875,-0.47354196664320325,3234
51_14.png,PED,3956,58.07760238647461,118.81906127929688,-60.741458892822266,-0.5112097187002933,3399
51_14.png,PED,71,122.97183227539062,135.07528686523438,-12.10345458984375,-0.08960524808597636,704
51_15.png,PED,4171,62.43610763549805,113.29873657226562,-50.86262893676758,-0.4489249436980768,3334
51_2.png,PED,129,148.99224853515625,126.04076385498047,22.95148468017578,0.18209572822474496,736
51_2.png,PED,2649,65.7149887084961,114.33616638183594,-48.621177673339844,-0.42524757661512835,3885
51_2.png,PED,91,163.62637329101562,133.70237731933594,29.923995971679688,0.22381050039378844,672
51_3.png,PED,2799,55.908180236816406,107.78092956542969,-51.87274932861328,-0.48127947622796585,3241
51_3.png,PED,79,158.46835327148438,131.5657958984375,26.902557373046875,0.2044798740381912,608
51_3.png,PED,380,129.43157958984375,125.03565979003906,4.3959197998046875,0.03515732877473797,1318
51_4.png,IRF,144,50.83333206176758,83.56686401367188,-32.7335319519043,-0.3917046826903659,688
51_4.png,IRF,328,56.76829147338867,87.77168273925781,-31.00339126586914,-0.3532277187617618,1003
51_4.png,PED,3134,53.24696731567383,112.15115356445312,-58.9041862487793,-0.5252214032281632,3255
51_4.png,PED,221,116.6561050415039,137.01837158203125,-20.362266540527344,-0.14860975433748094,1143
51_5.png,IRF,56,50.82143020629883,93.64128112792969,-42.81985092163086,-0.45727536409002956,499
51_5.png,IRF,112,46.4375,91.85880279541016,-45.421302795410156,-0.49446869993040765,517
51_5.png,IRF,161,43.260868072509766,86.856689453125,-43.595821380615234,-0.5019281952271865,628
51_5.png,PED,3454,56.3737678527832,112.67517852783203,-56.30141067504883,-0.4996789125223507,3525
51_5.png,PED,171,131.7894744873047,136.5900421142578,-4.800567626953125,-0.03514580969919785,1044
51_6.png,IRF,145,44.77931213378906,89.45648956298828,-44.67717742919922,-0.4994291375332925,609
51_6.png,IRF,142,44.03520965576172,83.9122543334961,-39.877044677734375,-0.47522313629245755,604
51_6.png,PED,3627,54.88089370727539,113.31118774414062,-58.430294036865234,-0.5156621795263698,3628
51_6.png,PED,106,163.4339599609375,138.35670471191406,25.077255249023438,0.1812507409831654,656
51_6.png,PED,294,151.1156463623047,140.53463745117188,10.581008911132812,0.07529111045530776,1631
51_7.png,IRF,151,49.64900588989258,82.19744110107422,-32.54843521118164,-0.39597869197848146,704
51_7.png,PED,3976,55.06438446044922,115.69123840332031,-60.626853942871094,-0.5240401501409732,3744
51_8.png,IRF,336,50.029762268066406,88.94285583496094,-38.91309356689453,-0.4375066800092435,1120
51_8.png,PED,4288,58.48274230957031,118.03840637207031,-59.5556640625,-0.504544799383125,4010
51_8.png,PED,174,127.10919189453125,122.48677825927734,4.622413635253906,0.03773806202551333,832
51_8.png,PED,195,166.03076171875,146.2247314453125,19.8060302734375,0.13544925046311254,1148
51_9.png,IRF,340,51.64706039428711,92.26622772216797,-40.61916732788086,-0.4402387344824943,909
51_9.png,PED,4634,63.990074157714844,117.44676971435547,-53.456695556640625,-0.45515679730190683,4546
51_9.png,PED,211,133.14218139648438,113.41071319580078,19.731468200683594,0.17398240117419686,896
51_9.png,PED,88,149.86363220214844,141.18194580078125,8.681686401367188,0.061492893812483115,720
52_1.png,SRF,798,49.75438690185547,112.96295928955078,-63.20857238769531,-0.5595513147427096,1944
52_1.png,PED,417,97.00239562988281,100.46145629882812,-3.4590606689453125,-0.034431719351709834,973
52_1.png,PED,165,143.93939208984375,104.81380462646484,39.125587463378906,0.3732865876094716,768
52_10.png,SRF,1891,53.417240142822266,109.7425308227539,-56.32529067993164,-0.5132494235156932,2777
52_10.png,PED,1205,101.63734436035156,105.08892822265625,-3.4515838623046875,-0.03284441016461481,2069
52_10.png,PED,2144,105.0130615234375,120.4767074584961,-15.463645935058594,-0.12835382258753858,4336
52_11.png,SRF,1842,51.48914337158203,107.12267303466797,-55.63352966308594,-0.5193441135013624,2633
52_11.png,PED,3173,103.21525573730469,122.95783996582031,-19.742584228515625,-0.16056385045478716,6594
52_12.png,SRF,1776,47.86936950683594,111.02808380126953,-63.158714294433594,-0.5688535020336126,2635
52_12.png,PED,2236,102.64669036865234,126.22332763671875,-23.576637268066406,-0.18678510311439367,5136
52_12.png,PED,319,114.18495178222656,110.70211029052734,3.4828414916992188,0.03146138300849755,1138
52_13.png,SRF,2248,42.54804229736328,110.34581756591797,-67.79777526855469,-0.6144118260581458,2750
52_13.png,PED,2191,107.95207977294922,118.7167739868164,-10.764694213867188,-0.09067542734157025,5688
52_14.png,SRF,2295,45.849239349365234,114.72691345214844,-68.8776741027832,-0.6003619554492021,3021
52_14.png,PED,1703,103.78684997558594,116.90701293945312,-13.120162963867188,-0.11222733892501557,3635
52_14.png,PED,329,99.00303649902344,112.49441528320312,-13.491378784179688,-0.11992932049306919,985
52_15.png,SRF,2407,40.96967315673828,109.53631591796875,-68.56664276123047,-0.6259717810171717,2905
52_15.png,PED,745,115.34496307373047,118.57415771484375,-3.2291946411132812,-0.02723354484101921,1726
52_15.png,PED,1785,121.67899322509766,118.46856689453125,3.2104263305664062,0.027099393659624035,3436
52_2.png,SRF,861,45.703834533691406,109.35865783691406,-63.654823303222656,-0.5820739259451294,1882
52_2.png,PED,71,130.2957763671875,101.8304214477539,28.465354919433594,0.2795368467962033,572
52_2.png,PED,413,85.18159484863281,113.3336181640625,-28.152023315429688,-0.24839958144349217,1178
52_2.png,PED,168,115.67857360839844,108.8291244506836,6.849449157714844,0.06293764828383511,831
52_3.png,SRF,822,48.00729751586914,111.73866271972656,-63.73136520385742,-0.5703609086830977,1588
52_3.png,PED,208,94.29808044433594,114.76201629638672,-20.46393585205078,-0.17831628018106796,874
52_3.png,PED,529,81.59735107421875,105.97533416748047,-24.37798309326172,-0.23003450080879606,1054
52_3.png,PED,303,100.94389343261719,106.43724060058594,-5.49334716796875,-0.051611138516667904,972
52_3.png,PED,55,156.654541015625,102.73479461669922,53.91974639892578,0.5248440569730919,592
52_4.png,SRF,56,77.23213958740234,115.82483673095703,-38.59269714355469,-0.3331988046156239,451
52_4.png,SRF,879,49.9533576965332,108.14228820800781,-58.18893051147461,-0.5380774854657254,1511
52_4.png,PED,488,84.38319396972656,106.77092742919922,-22.387733459472656,-0.20968005053920852,1135
52_4.png,PED,132,111.1287841796875,110.0030288696289,1.1257553100585938,0.010233857391261408,661
52_4.png,PED,992,95.53931427001953,103.39169311523438,-7.852378845214844,-0.07594786978159879,2336
52_5.png,SRF,712,53.94382095336914,106.91157531738281,-52.96775436401367,-0.49543516879974003,1538
52_5.png,SRF,99,75.46464538574219,110.21858215332031,-34.753936767578125,-0.31531830739061245,549
52_5.png,SRF,106,58.377357482910156,109.64753723144531,-51.270179748535156,-0.4675908008796719,488
52_5.png,PED,777,100.77863311767578,111.38224029541016,-10.603607177734375,-0.09520016072231337,1813
52_5.png,PED,124,141.74192810058594,117.62588500976562,24.116043090820312,0.20502326582978,425
52_5.png,PED,902,96.06097412109375,112.5849380493164,-16.523963928222656,-0.14676886814988113,2231
52_5.png,PED,161,138.0745391845703,104.97413635253906,33.10040283203125,0.3153196014003752,928
52_6.png,SRF,998,55.98897933959961,103.64115142822266,-47.65217208862305,-0.45978041957228605,1881
52_6.png,SRF,136,65.19853210449219,107.09756469726562,-41.89903259277344,-0.3912230190407232,861
52_6.png,PED,2407,103.03697204589844,111.45082092285156,-8.413848876953125,-0.07549382595196276,4443
52_6.png,PED,165,131.46060180664062,105.54072570800781,25.919876098632812,0.24559122485421914,884
52_7.png,SRF,1548,49.7099494934082,107.5693588256836,-57.85940933227539,-0.537880024236611,2696
52_7.png,PED,2407,100.48442077636719,115.39686584472656,-14.912445068359375,-0.12922747042735952,4150
52_7.png,PED,64,88.3125,121.48420715332031,-33.17170715332031,-0.2730536580072144,570
52_8.png,SRF,1853,54.68483352661133,106.75524139404297,-52.07040786743164,-0.48775504778482204,3195
52_8.png,PED,2820,109.34291076660156,114.87699890136719,-5.534088134765625,-0.04817403124812797,4260
52_8.png,PED,99,105.66666412353516,112.16487121582031,-6.498207092285156,-0.05793442297795476,649
52_9.png,SRF,1681,51.24687576293945,106.84149169921875,-55.5946159362793,-0.5203466841589017,2492
52_9.png,PED,2532,100.45418548583984,120.9881820678711,-20.53399658203125,-0.1697190273551861,4654
52_9.png,PED,361,114.03878021240234,108.49038696289062,5.548393249511719,0.051141796105949544,1040
52_9.png,PED,306,101.76797485351562,110.09602355957031,-8.328048706054688,-0.07564350134361193,906
53_5.png,PED,76,140.92105102539062,112.69999694824219,28.221054077148438,0.25040864987874883,800
53_6.png,PED,101,162.33663940429688,109.15193939208984,53.18470001220703,0.48725382534120404,928
53_7.png,PED,83,146.72288513183594,112.03472137451172,34.68816375732422,0.3096197619072751,864
53_9.png,PED,61,157.5737762451172,117.70681762695312,39.86695861816406,0.3386971071167174,880
54_1.png,SRF,1644,77.45437622070312,120.75335693359375,-43.298980712890625,-0.35857372260633846,2976
54_1.png,SRF,1055,69.24739074707031,97.8868179321289,-28.639427185058594,-0.2925769556112868,2571
54_1.png,PED,1956,146.5613555908203,135.44969177246094,11.111663818359375,0.0820353569871951,3787
54_10.png,SRF,1947,51.56086349487305,111.491943359375,-59.93107986450195,-0.5375373148831435,2482
54_10.png,PED,3671,98.94770050048828,112.27417755126953,-13.32647705078125,-0.11869583319544488,3009
54_11.png,SRF,2070,50.332366943359375,106.90283966064453,-56.570472717285156,-0.5291765204447711,2429
54_11.png,PED,4257,96.18041229248047,108.88954162597656,-12.709129333496094,-0.11671579422338406,3232
54_12.png,SRF,2133,48.9526481628418,102.95416259765625,-54.00151443481445,-0.5245199715319115,2378
54_12.png,IRF,160,45.23125076293945,83.48213958740234,-38.25088882446289,-0.45819248300908477,784
54_12.png,PED,4571,93.37234497070312,106.0390853881836,-12.666740417480469,-0.11945350500818239,3326
54_13.png,SRF,2343,50.3990592956543,110.04071044921875,-59.64165115356445,-0.5419962385747018,2997
54_13.png,IRF,246,57.0528450012207,85.50115966796875,-28.448314666748047,-0.332724313649346,864
54_13.png,IRF,243,57.38271713256836,84.67414093017578,-27.291423797607422,-0.32231119793837115,758
54_13.png,IRF,173,55.138729095458984,84.01273345947266,-28.874004364013672,-0.34368604823389487,707
54_14.png,SRF,2435,48.306365966796875,107.16143035888672,-58.855064392089844,-0.5492187272508638,2515
54_14.png,IRF,490,51.42448806762695,86.72286987304688,-35.29838180541992,-0.4070250656729076,1281
54_14.png,IRF,257,44.88716125488281,85.42552947998047,-40.538368225097656,-0.47454629162817014,846
54_14.png,PED,4249,94.87503051757812,109.17012023925781,-14.295089721679688,-0.13094324427188037,3139
54_15.png,SRF,2552,48.59169387817383,109.81071472167969,-61.21902084350586,-0.5574958782361839,2837
54_15.png,IRF,118,53.64406967163086,77.14208221435547,-23.49801254272461,-0.3046069261836937,739
54_15.png,IRF,103,53.97087478637695,77.22575378417969,-23.254878997802734,-0.3011285466088475,660
54_15.png,IRF,186,55.32258224487305,89.37630462646484,-34.0537223815918,-0.3810151082427757,768
54_15.png,PED,4341,92.44206237792969,105.55105590820312,-13.108993530273438,-0.12419575927003725,2938
54_16.png,SRF,3025,48.8492546081543,109.27925109863281,-60.429996490478516,-0.5529869200506861,2940
54_16.png,IRF,1065,53.73051452636719,93.23564910888672,-39.50513458251953,-0.42371276394915036,2143
54_16.png,PED,4717,92.90120697021484,110.92955017089844,-18.028343200683594,-0.16252065543319222,3875
54_17.png,SRF,3048,49.06332015991211,111.10881805419922,-62.04549789428711,-0.558421005468901,3005
54_17.png,IRF,162,45.41975402832031,85.72282409667969,-40.303070068359375,-0.47015564982909186,736
54_17.png,IRF,95,43.91579055786133,85.90178680419922,-41.98599624633789,-0.4887674378885615,784
54_17.png,PED,5008,89.85762786865234,106.80172729492188,-16.94409942626953,-0.15865005047605796,3944
54_18.png,SRF,3120,48.24006271362305,111.75244903564453,-63.512386322021484,-0.5683310466132477,2957
54_18.png,IRF,71,46.36619567871094,87.24253845214844,-40.8763427734375,-0.4685368341942242,536
54_18.png,IRF,401,46.94513702392578,84.3310317993164,-37.385894775390625,-0.443323103935907,870
54_18.png,IRF,157,52.3248405456543,90.3956069946289,-38.07076644897461,-0.42115726322006647,546
54_18.png,IRF,152,43.875,88.22612762451172,-44.35112762451172,-0.5026983368608112,597
54_18.png,IRF,83,52.0843391418457,86.97986602783203,-34.89552688598633,-0.4011908557644866,596
54_18.png,PED,4267,87.02742004394531,106.16014862060547,-19.132728576660156,-0.18022514875178436,3297
54_19.png,SRF,3759,49.94306945800781,113.0099868774414,-63.066917419433594,-0.5580649919712782,3203
54_19.png,IRF,172,43.988372802734375,85.64127349853516,-41.65290069580078,-0.4863647981193697,722
54_19.png,IRF,118,49.305084228515625,86.71920013427734,-37.41411590576172,-0.43143981780077684,698
54_19.png,IRF,1735,56.176944732666016,81.09187316894531,-24.914928436279297,-0.3072432225652501,2068
54_19.png,PED,4392,87.49954223632812,107.7074966430664,-20.20795440673828,-0.18761882911182817,2588
54_2.png,SRF,1296,84.16898345947266,121.34699249267578,-37.178009033203125,-0.30637767174532243,2758
54_2.png,SRF,645,55.559688568115234,97.79178619384766,-42.23209762573242,-0.43185730897703306,2483
54_2.png,PED,2068,137.83172607421875,131.62979125976562,6.201934814453125,0.047116498135394584,3471
54_20.png,SRF,3780,49.94100570678711,115.18965148925781,-65.2486457824707,-0.5664453788937417,3480
54_20.png,IRF,980,54.98979568481445,93.11186218261719,-38.122066497802734,-0.4094222326155952,2360
54_20.png,IRF,1481,53.09318161010742,82.00301361083984,-28.909832000732422,-0.35254597029725354,1991
54_20.png,PED,3866,89.76228332519531,103.75723266601562,-13.994949340820312,-0.1348816750526557,3320
54_3.png,SRF,852,65.12089538574219,121.98526763916016,-56.86437225341797,-0.466157703745228,2240
54_3.png,SRF,496,51.26411437988281,94.18902587890625,-42.92491149902344,-0.455731557880317,1968
54_3.png,PED,2734,125.86430358886719,125.40596008300781,0.458343505859375,0.0036548781697137165,3759
54_4.png,SRF,834,57.06354904174805,111.81546783447266,-54.75191879272461,-0.4896631910870977,1642
54_4.png,SRF,544,56.661766052246094,87.1803970336914,-30.518630981445312,-0.3500629960385613,1918
54_4.png,IRF,234,47.69658279418945,78.14151000976562,-30.444927215576172,-0.38961273223119647,848
54_4.png,PED,2565,123.57192993164062,124.16722869873047,-0.5952987670898438,-0.004794330785413835,3558
54_5.png,SRF,1054,56.46015167236328,119.29920196533203,-62.83905029296875,-0.5267348754875123,1885
54_5.png,PED,2348,115.67887878417969,123.90003204345703,-8.221153259277344,-0.06635311648986365,3221
54_6.png,SRF,1103,56.20217514038086,122.0228500366211,-65.82067489624023,-0.5394126991500883,2101
54_6.png,PED,3159,114.26495361328125,122.50418853759766,-8.239234924316406,-0.06725676095383228,3221
54_7.png,SRF,1265,54.853755950927734,118.11905670166016,-63.26530075073242,-0.5356062139111482,2167
54_7.png,PED,3430,105.82099151611328,116.83655548095703,-11.01556396484375,-0.09428182745972134,3310
54_8.png,SRF,1485,54.885520935058594,108.73178100585938,-53.84626007080078,-0.4952209884973658,1976
54_8.png,SRF,724,58.56768035888672,85.70030212402344,-27.13262176513672,-0.31659890446910016,991
54_8.png,PED,4026,104.93392944335938,113.27862548828125,-8.344696044921875,-0.07366523039057478,3790
54_9.png,SRF,1794,53.68896484375,112.2918701171875,-58.6029052734375,-0.5218802145897086,2436
54_9.png,PED,3093,102.3116683959961,113.96875,-11.657081604003906,-0.10228313993093639,2944
55_1.png,SRF,2713,44.496498107910156,104.09432983398438,-59.59783172607422,-0.5725367733393766,4336
55_10.png,SRF,2100,44.9952392578125,102.15303039550781,-57.15779113769531,-0.5595310380553217,2359
55_10.png,SRF,1008,54.556549072265625,110.3279037475586,-55.77135467529297,-0.5055054322694599,2394
55_11.png,SRF,1706,68.97889709472656,111.34175109863281,-42.36285400390625,-0.38047590940418063,2060
55_11.png,SRF,2807,47.12753677368164,95.15029907226562,-48.022762298583984,-0.5047042706834922,2495
55_12.png,SRF,2323,53.87989807128906,104.18281555175781,-50.30291748046875,-0.4828331545280456,2467
55_12.png,SRF,1494,68.50870513916016,117.6220474243164,-49.11334228515625,-0.41755217972003167,2413
55_12.png,PED,3786,84.15795135498047,95.01766967773438,-10.859718322753906,-0.11429156660636015,2094
55_12.png,PED,217,128.61289978027344,110.54449462890625,18.068405151367188,0.1634491632715148,663
55_13.png,SRF,1988,44.728370666503906,102.8347396850586,-58.10636901855469,-0.565046104035573,2493
55_13.png,SRF,1083,58.66389846801758,116.50662994384766,-57.84273147583008,-0.4964758787007088,2337
55_13.png,PED,4452,88.14083862304688,100.00382232666016,-11.862983703613281,-0.1186253027895586,3403
55_14.png,SRF,2027,47.60384750366211,104.45601654052734,-56.852169036865234,-0.5442689748254708,2592
55_14.png,SRF,1669,66.57819366455078,115.01966857910156,-48.44147491455078,-0.4211581854910016,2695
55_14.png,PED,4112,84.6571044921875,100.05665588378906,-15.399551391601562,-0.15390831579947456,2771
55_15.png,SRF,7139,63.869590759277344,109.27576446533203,-45.40617370605469,-0.4155191586004406,6792
55_15.png,PED,1070,110.78224182128906,101.77047729492188,9.011764526367188,0.08854988957408431,1294
55_16.png,SRF,8236,60.86219024658203,107.33183288574219,-46.469642639160156,-0.4329530335015188,6883
55_16.png,PED,539,116.91280364990234,113.06947326660156,3.8433303833007812,0.03399087545264105,950
55_17.png,SRF,8794,55.38139724731445,103.54598236083984,-48.16458511352539,-0.46515165548075194,6579
55_2.png,SRF,3129,46.18824005126953,106.0830078125,-59.89476776123047,-0.564602842588075,4566
55_3.png,SRF,3568,51.487388610839844,101.6095962524414,-50.12220764160156,-0.4932822242209949,4982
55_4.png,SRF,4092,55.18132781982422,103.4316177368164,-48.25028991699219,-0.46649458814195394,5864
55_5.png,SRF,4862,63.218017578125,104.76937103271484,-41.551353454589844,-0.39659829055970175,6452
55_6.png,SRF,3876,60.32094955444336,103.63957214355469,-43.31862258911133,-0.41797376902626765,6004
55_7.png,SRF,878,65.32232666015625,109.99812316894531,-44.67579650878906,-0.40615053440659016,2134
55_7.png,SRF,2100,46.04428482055664,114.14134979248047,-68.09706497192383,-0.5966029409651331,2469
55_8.png,SRF,1086,70.74861907958984,107.68347930908203,-36.93486022949219,-0.3429946772380812,2379
55_8.png,SRF,2422,50.116432189941406,114.2525863647461,-64.13615417480469,-0.56135406834514,2708
55_8.png,PED,233,86.98712158203125,95.38446044921875,-8.3973388671875,-0.08803676015610652,502
55_9.png,SRF,916,59.07423400878906,112.07418823242188,-52.99995422363281,-0.4729006300158995,2332
55_9.png,SRF,2480,49.86008071899414,109.09846496582031,-59.23838424682617,-0.5429809142171257,2864
56_1.png,SRF,1734,48.34890365600586,98.01704406738281,-49.66814041137695,-0.5067296293615229,3168
56_1.png,IRF,460,42.28260803222656,73.18275451660156,-30.900146484375,-0.42223262418149726,1067
56_1.png,IRF,1401,51.39828872680664,75.8578109741211,-24.459522247314453,-0.32243907296057917,2785
56_1.png,IRF,1938,45.770381927490234,84.16796112060547,-38.397579193115234,-0.45620184547532044,2578
56_1.png,PED,821,98.54324340820312,107.82536315917969,-9.282119750976562,-0.08608475296553018,2342
56_10.png,SRF,834,48.12590026855469,107.38835144042969,-59.262451171875,-0.5518517639666811,1648
56_10.png,IRF,3500,41.07485580444336,81.90291595458984,-40.828060150146484,-0.4984933646658337,3327
56_10.png,IRF,223,42.65470886230469,79.39405059814453,-36.739341735839844,-0.4627467859247687,807
56_10.png,IRF,967,45.81592559814453,77.48556518554688,-31.669639587402344,-0.40871663659632923,1697
56_10.png,PED,1264,97.73497009277344,104.49929809570312,-6.7643280029296875,-0.06473084629463007,2848
56_10.png,PED,488,82.46106719970703,107.49063110351562,-25.029563903808594,-0.23285344635947502,1388
56_11.png,SRF,937,51.3863410949707,108.80369567871094,-57.417354583740234,-0.5277151132190337,1676
56_11.png,IRF,2930,38.788394927978516,77.90140533447266,-39.11301040649414,-0.5020835020698399,2566
56_11.png,IRF,549,45.803279876708984,78.1761474609375,-32.372867584228516,-0.4141015979382248,1090
56_11.png,IRF,623,45.47190856933594,79.86990356445312,-34.39799499511719,-0.4306753039630105,1153
56_11.png,IRF,222,36.83333206176758,62.987953186035156,-26.154621124267578,-0.41523211664014237,581
56_11.png,PED,2292,91.15096282958984,104.74807739257812,-13.597114562988281,-0.12980777214677258,4676
56_12.png,SRF,547,47.89396667480469,109.03939056396484,-61.145423889160156,-0.5607645418129051,1320
56_12.png,IRF,171,40.953216552734375,77.03147888183594,-36.07826232910156,-0.4683573891193829,540
56_12.png,IRF,3397,38.15160369873047,79.10179138183594,-40.95018768310547,-0.5176897636291562,2898
56_12.png,IRF,163,40.368099212646484,76.19417572021484,-35.82607650756836,-0.47019442324728045,515
56_12.png,IRF,294,40.96598815917969,77.65013122558594,-36.68414306640625,-0.4724286036276359,766
56_12.png,IRF,227,40.916297912597656,72.5951156616211,-31.678817749023438,-0.43637671020023044,778
56_12.png,IRF,122,45.86885070800781,76.53565216064453,-30.66680145263672,-0.40068648514640764,603
56_12.png,IRF,173,47.4739875793457,73.32891082763672,-25.854923248291016,-0.3525883987158122,678
56_12.png,PED,2329,81.78703308105469,111.73243713378906,-29.945404052734375,-0.2680099425100481,4754
56_13.png,SRF,498,45.13453674316406,109.07601165771484,-63.94147491455078,-0.5862102394722851,1184
56_13.png,IRF,3576,39.84871292114258,74.21843719482422,-34.36972427368164,-0.4630887630180185,3168
56_13.png,IRF,987,48.0780143737793,80.28309631347656,-32.205081939697266,-0.40114399442129167,1526
56_13.png,PED,2619,80.25582122802734,108.83724212646484,-28.5814208984375,-0.2626069931579757,4903
56_14.png,SRF,451,48.39024353027344,108.33305358886719,-59.94281005859375,-0.5533196755081013,1177
56_14.png,IRF,1337,37.917724609375,74.23357391357422,-36.31584930419922,-0.4892105739982238,1537
56_14.png,IRF,1443,39.15176773071289,73.45587921142578,-34.30411148071289,-0.4670029390292427,1496
56_14.png,IRF,677,40.703102111816406,79.1048812866211,-38.40177917480469,-0.4854539764197779,1249
56_14.png,IRF,288,35.12847137451172,70.8967514038086,-35.768280029296875,-0.5045122565005904,862
56_14.png,PED,2228,73.62297821044922,111.15521240234375,-37.53223419189453,-0.33765608810175013,3434
56_14.png,PED,305,103.99016571044922,112.2007827758789,-8.210617065429688,-0.07317789468394706,1280
56_15.png,SRF,389,53.70180130004883,110.97042846679688,-57.26862716674805,-0.5160710646790304,1082
56_15.png,IRF,1426,39.61991500854492,71.9936294555664,-32.373714447021484,-0.4496747099964192,1727
56_15.png,PED,2371,80.6355972290039,111.4024658203125,-30.766868591308594,-0.27617762645338806,3004
56_15.png,PED,242,103.3553695678711,108.41596984863281,-5.060600280761719,-0.04667762773166333,1190
56_16.png,SRF,431,52.02320098876953,101.17695617675781,-49.15375518798828,-0.4858196672977181,1085
56_16.png,IRF,1309,38.92436981201172,72.32672882080078,-33.40235900878906,-0.4618259328656755,1564
56_16.png,IRF,80,38.349998474121094,75.73402404785156,-37.38402557373047,-0.49362259623375954,485
56_16.png,IRF,534,43.62546920776367,68.13300323486328,-24.50753402709961,-0.3597013615063902,1203
56_16.png,PED,2649,79.03623962402344,106.65751647949219,-27.62127685546875,-0.2589716858893831,3133
56_17.png,SRF,290,57.15861892700195,105.15496826171875,-47.9963493347168,-0.4564344426908993,1026
56_17.png,SRF,386,56.22797775268555,99.96308898925781,-43.735111236572266,-0.4375126026894998,1192
56_17.png,IRF,1067,38.287723541259766,70.75687408447266,-32.46915054321289,-0.45888333767330924,1419
56_17.png,PED,2792,76.21597290039062,108.44585418701172,-32.229881286621094,-0.2971979106830733,3380
56_18.png,SRF,878,52.867881774902344,100.79949951171875,-47.931617736816406,-0.4755144417283934,2000
56_18.png,IRF,1137,40.64468002319336,73.27831268310547,-32.63363265991211,-0.4453382107887412,1660
56_18.png,PED,936,57.712608337402344,107.53062438964844,-49.818016052246094,-0.4632914235829722,1453
56_18.png,PED,1365,86.23663330078125,104.67095947265625,-18.434326171875,-0.17611691212872368,2018
56_18.png,PED,1,29.0,107.11553955078125,-78.11553955078125,-0.7292643054255288,251
56_19.png,SRF,1169,52.885372161865234,102.60025787353516,-49.71488571166992,-0.48454932513862076,2344
56_19.png,IRF,899,39.9199104309082,78.29953002929688,-38.37961959838867,-0.49016411189222203,1499
56_19.png,PED,705,67.76312255859375,108.94368743896484,-41.180564880371094,-0.37799863258201444,1687
56_19.png,PED,1296,87.18904113769531,105.97584533691406,-18.78680419921875,-0.1772743981375427,2153
56_2.png,SRF,981,46.204891204833984,103.87144470214844,-57.66655349731445,-0.5551723446484585,2038
56_2.png,SRF,248,59.475807189941406,102.0796127319336,-42.60380554199219,-0.41735861257499096,716
56_2.png,IRF,394,43.64466857910156,71.30467224121094,-27.660003662109375,-0.38791292060835136,942
56_2.png,IRF,552,43.77355194091797,68.15282440185547,-24.3792724609375,-0.35771477814606567,1204
56_2.png,IRF,259,38.559844970703125,65.68437194824219,-27.124526977539062,-0.41295252086618994,659
56_2.png,IRF,2791,51.62128448486328,82.31002807617188,-30.688743591308594,-0.37284331336770316,2932
56_2.png,IRF,160,33.806251525878906,63.471534729003906,-29.665283203125,-0.46737932728085074,808
56_2.png,IRF,533,35.84803009033203,62.470237731933594,-26.622207641601562,-0.42615825724627904,1176
56_2.png,PED,902,99.0698471069336,105.02888488769531,-5.959037780761719,-0.05673713271481045,2181
56_2.png,PED,364,92.77198028564453,109.7811050415039,-17.009124755859375,-0.15493672385087484,1270
56_20.png,SRF,1666,46.8979606628418,103.298583984375,-56.4006233215332,-0.5459960935191948,2830
56_20.png,PED,386,84.39896392822266,106.45402526855469,-22.05506134033203,-0.20717921454536906,1403
56_20.png,PED,1002,90.24251556396484,106.5308609008789,-16.288345336914062,-0.15289790394230898,2074
56_21.png,SRF,2893,48.8461799621582,103.28712463378906,-54.44094467163086,-0.527083553392106,4667
56_21.png,PED,716,84.594970703125,108.32208251953125,-23.72711181640625,-0.219042242029718,1304
56_21.png,PED,223,123.34080505371094,119.93457794189453,3.4062271118164062,0.028400709539050887,963
56_22.png,SRF,3882,46.978878021240234,107.0428237915039,-60.06394577026367,-0.5611207145212757,4904
56_22.png,PED,188,115.09042358398438,124.3908920288086,-9.300468444824219,-0.07476808223764692,527
56_3.png,SRF,644,42.26863479614258,100.70005798339844,-58.43142318725586,-0.5802521305090902,1647
56_3.png,IRF,443,39.623023986816406,67.64324188232422,-28.020217895507812,-0.41423528967244466,1124
56_3.png,IRF,564,37.90071105957031,68.35684204101562,-30.456130981445312,-0.44554619657781963,1177
56_3.png,IRF,1805,49.747920989990234,69.27701568603516,-19.529094696044922,-0.281898613885898,2693
56_3.png,IRF,1413,50.39632034301758,95.2629165649414,-44.86659622192383,-0.47097651257966633,1936
56_3.png,PED,1505,96.09900665283203,103.8598861694336,-7.7608795166015625,-0.07472451398551236,4425
56_4.png,SRF,1043,47.23873519897461,101.57734680175781,-54.3386116027832,-0.5349481288267205,2172
56_4.png,IRF,503,40.48310089111328,74.56654357910156,-34.08344268798828,-0.4570876032604614,1082
56_4.png,IRF,309,43.98058319091797,68.74385070800781,-24.763267517089844,-0.3602252021387744,976
56_4.png,IRF,253,31.81818199157715,62.274391174316406,-30.456209182739258,-0.4890647440853697,820
56_4.png,IRF,275,38.52727127075195,65.5859375,-27.058666229248047,-0.41256810927263254,896
56_4.png,IRF,131,40.885498046875,78.15399169921875,-37.26849365234375,-0.4768597590737812,526
56_4.png,IRF,2258,46.69574737548828,71.79579162597656,-25.10004425048828,-0.34960328010934266,2659
56_4.png,IRF,432,37.17361068725586,62.281219482421875,-25.107608795166016,-0.4031329027244294,1081
56_4.png,PED,1214,92.48270416259766,109.932373046875,-17.449668884277344,-0.15873093976454808,3460
56_4.png,PED,64,83.203125,115.42691040039062,-32.223785400390625,-0.2791704749664821,431
56_5.png,SRF,878,47.02277755737305,103.95421600341797,-56.93143844604492,-0.5476587735909917,1660
56_5.png,IRF,78,39.75640869140625,72.31901550292969,-32.56260681152344,-0.45026341391780017,489
56_5.png,IRF,126,40.11111068725586,72.57096099853516,-32.4598503112793,-0.44728428375000434,613
56_5.png,IRF,280,48.66071319580078,72.28450012207031,-23.62378692626953,-0.32681677104185414,826
56_5.png,IRF,489,38.93660354614258,74.95633697509766,-36.01973342895508,-0.48054287179110317,939
56_5.png,IRF,957,41.327064514160156,70.82002258300781,-29.492958068847656,-0.41644943044573446,1528
56_5.png,IRF,2392,42.019229888916016,73.097900390625,-31.078670501708984,-0.4251650230120003,2615
56_5.png,IRF,388,36.12113571166992,67.40352630615234,-31.282390594482422,-0.4641061426429715,964
56_5.png,PED,1726,94.77983856201172,105.1266860961914,-10.346847534179688,-0.09842265478350828,3860
56_6.png,SRF,870,45.0356330871582,98.1482925415039,-53.1126594543457,-0.5411470549208586,1578
56_6.png,IRF,222,52.27927780151367,84.52145385742188,-32.2421760559082,-0.3814673622426929,606
56_6.png,IRF,729,43.998626708984375,73.61692810058594,-29.618301391601562,-0.40233003679714563,945
56_6.png,IRF,423,43.465721130371094,72.74917602539062,-29.28345489501953,-0.40252627582749717,909
56_6.png,IRF,195,45.32307815551758,68.7553939819336,-23.432315826416016,-0.34080694574411385,695
56_6.png,IRF,102,35.068626403808594,65.8980941772461,-30.8294677734375,-0.46783549901330207,736
56_6.png,IRF,2792,44.39971160888672,78.02955627441406,-33.629844665527344,-0.43098854166564815,2639
56_6.png,IRF,263,40.661598205566406,71.96440124511719,-31.30280303955078,-0.434976217379071,899
56_6.png,IRF,619,40.02907943725586,73.4670639038086,-33.437984466552734,-0.4551425181538973,1336
56_6.png,PED,1832,95.41976165771484,105.44105529785156,-10.021293640136719,-0.09504166675711287,4716
56_7.png,SRF,941,46.2274169921875,102.22296142578125,-55.99554443359375,-0.5477785387214514,1803
56_7.png,IRF,82,36.5,67.12359619140625,-30.62359619140625,-0.4562269891512003,534
56_7.png,IRF,289,47.97577667236328,75.9554672241211,-27.979690551757812,-0.36836967205005006,786
56_7.png,IRF,408,42.585784912109375,67.77952575683594,-25.193740844726562,-0.3717013443722072,1016
56_7.png,IRF,561,38.60962677001953,71.95765686035156,-33.34803009033203,-0.46343963304767766,1110
56_7.png,IRF,383,40.69712829589844,70.8808822631836,-30.183753967285156,-0.42583772949117155,1041
56_7.png,IRF,100,37.720001220703125,72.13605499267578,-34.416053771972656,-0.47709919506226167,441
56_7.png,IRF,2728,45.807918548583984,75.85382843017578,-30.045909881591797,-0.3961027479219373,2627
56_7.png,PED,1767,96.49292755126953,104.53092193603516,-8.037994384765625,-0.07689585278587953,4172
56_8.png,SRF,900,44.99777603149414,100.46372985839844,-55.4659538269043,-0.5520992890178616,1792
56_8.png,IRF,201,40.442787170410156,72.44206237792969,-31.99927520751953,-0.44172231100461434,699
56_8.png,IRF,212,40.372642517089844,80.80364990234375,-40.431007385253906,-0.5003611524246405,657
56_8.png,IRF,231,35.90909194946289,69.31163787841797,-33.40254592895508,-0.48191828892498084,799
56_8.png,IRF,2140,40.01495361328125,66.00179290771484,-25.986839294433594,-0.3937292935476611,2791
56_8.png,IRF,425,36.82117462158203,72.43131256103516,-35.610137939453125,-0.4916401026068083,990
56_8.png,IRF,164,37.15243911743164,74.47166442871094,-37.3192253112793,-0.5011197963354728,547
56_8.png,IRF,59,37.37288284301758,81.14595794677734,-43.773075103759766,-0.5394362973996807,507
56_8.png,IRF,242,37.367767333984375,68.92610931396484,-31.55834197998047,-0.45785758537783244,812
56_8.png,IRF,76,42.06578826904297,75.79553985595703,-33.72975158691406,-0.44500971496495156,538
56_8.png,IRF,217,48.86635971069336,84.71528625488281,-35.84892654418945,-0.4231695143699428,569
56_8.png,IRF,560,45.087501525878906,90.34370422363281,-45.256202697753906,-0.500933663133058,1318
56_8.png,PED,1510,97.12847900390625,105.46563720703125,-8.337158203125,-0.07905094421189514,3114
56_9.png,SRF,888,44.72072219848633,106.79092407226562,-62.0702018737793,-0.5812310588470634,1741
56_9.png,IRF,3670,42.85803985595703,77.08712005615234,-34.22908020019531,-0.4440311192746846,3501
56_9.png,IRF,482,45.03734588623047,74.84744262695312,-29.810096740722656,-0.39827809333845987,1016
56_9.png,IRF,372,41.06989288330078,75.28067016601562,-34.210777282714844,-0.45444304902268,1019
56_9.png,PED,1391,92.08195495605469,105.19100189208984,-13.109046936035156,-0.12462137160251661,3246
56_9.png,PED,217,86.20276641845703,104.44999694824219,-18.247230529785156,-0.17469823899398632,920
57_1.png,IRF,545,40.34312057495117,65.08537292480469,-24.742252349853516,-0.3801507349191817,1429
57_1.png,PED,373,150.80429077148438,102.1724624633789,48.63182830810547,0.47597784310558533,1496
57_10.png,PED,705,146.3546142578125,107.20185089111328,39.15276336669922,0.3652246956674968,2056
57_2.png,PED,560,146.42678833007812,102.19522094726562,44.2315673828125,0.432814440566029,1424
57_3.png,PED,877,123.51311492919922,103.00548553466797,20.50762939453125,0.19909259480776986,1824
57_4.png,PED,954,116.32913970947266,106.4835205078125,9.845619201660156,0.09246143586075181,1760
57_5.png,PED,2194,129.29945373535156,91.84392547607422,37.455528259277344,0.4078171535583449,2896
57_6.png,PED,2622,130.7711639404297,93.22013854980469,37.551025390625,0.40282095666016016,2989
57_7.png,PED,3064,127.1018295288086,96.7044448852539,30.397384643554688,0.31433285904927283,3485
57_8.png,PED,2414,117.79122161865234,93.39227294921875,24.398948669433594,0.2612523274029353,3365
57_9.png,PED,1245,123.0955810546875,106.08651733398438,17.009063720703125,0.16033200210687226,2878
58_1.png,PED,144,152.1458282470703,128.77499389648438,23.370834350585938,0.18148581213968104,800
58_1.png,PED,55,152.96363830566406,143.6650390625,9.298599243164062,0.06472416186876755,612
58_1.png,PED,12,128.75,149.53916931152344,-20.789169311523438,-0.13902156476618485,217
58_10.png,PED,699,144.14878845214844,147.75,-3.6012115478515625,-0.024373682218961506,1916
58_10.png,PED,156,152.88461303710938,162.96446228027344,-10.079849243164062,-0.06185305128567414,816
58_11.png,PED,853,154.20632934570312,153.4278106689453,0.7785186767578125,0.005074169235443501,2064
58_12.png,IRF,102,71.10784149169922,104.8983383178711,-33.790496826171875,-0.32212614010888607,541
58_12.png,PED,634,132.400634765625,145.27662658691406,-12.875991821289062,-0.08863085634484907,1634
58_13.png,IRF,48,55.1875,90.74609375,-35.55859375,-0.391847100856614,512
58_13.png,PED,331,130.55589294433594,150.97584533691406,-20.419952392578125,-0.13525310851553407,1408
58_14.png,PED,434,129.42166137695312,140.2738494873047,-10.852188110351562,-0.07736429954703515,1216
58_15.png,PED,772,143.23963928222656,146.17233276367188,-2.9326934814453125,-0.020063259756460377,2559
58_16.png,PED,53,135.867919921875,120.27578735351562,15.592132568359375,0.12963650383373376,475
58_17.png,IRF,112,63.64285659790039,95.92936706542969,-32.2865104675293,-0.3365654486754606,538
58_17.png,PED,677,144.31019592285156,143.55674743652344,0.753448486328125,0.005248436592374578,2423
58_18.png,PED,109,155.10092163085938,137.82064819335938,17.2802734375,0.1253823259723474,736
58_19.png,PED,310,122.86774444580078,123.14482879638672,-0.2770843505859375,-0.00225006890905733,725
58_19.png,PED,253,124.92095184326172,120.09711456298828,4.8238372802734375,0.0401661380277662,1040
58_20.png,PED,1105,103.63076782226562,126.89462280273438,-23.26385498046875,-0.18333207874878882,2325
58_21.png,IRF,55,56.654544830322266,109.95486450195312,-53.30031967163086,-0.4847472634617642,576
58_21.png,IRF,78,52.64102554321289,102.65950775146484,-50.01848220825195,-0.4872269827101157,605
58_21.png,PED,1243,104.65003967285156,122.98951721191406,-18.3394775390625,-0.14911415179769438,2576
58_22.png,SRF,27,95.85185241699219,135.06539916992188,-39.21354675292969,-0.29033006968421465,474
58_22.png,IRF,43,50.930233001708984,99.70967864990234,-48.77944564819336,-0.48921475135293835,496
58_22.png,IRF,76,43.77631759643555,84.64786529541016,-40.87154769897461,-0.48284203690592986,656
58_22.png,PED,1570,102.5783462524414,120.58953857421875,-18.011192321777344,-0.149359492827747,2848
58_22.png,PED,85,177.31764221191406,139.69264221191406,37.625,0.26934131536378836,693
58_3.png,IRF,79,58.3291130065918,107.47350311279297,-49.14439010620117,-0.4572698263554725,585
58_3.png,IRF,197,72.98477172851562,106.25950622558594,-33.27473449707031,-0.31314595445633814,894
58_4.png,PED,943,148.52703857421875,141.62908935546875,6.89794921875,0.048704325150584954,2173
58_5.png,IRF,81,62.12345504760742,99.90723419189453,-37.78377914428711,-0.3781886211734656,733
58_5.png,PED,613,183.38336181640625,134.00343322753906,49.37992858886719,0.36849748845628166,2041
58_6.png,PED,560,166.6232147216797,130.412353515625,36.21086120605469,0.27766434873607415,2008
58_7.png,PED,555,155.63243103027344,135.8477783203125,19.784652709960938,0.14563839728987793,2089
58_8.png,PED,321,133.1277313232422,133.28399658203125,-0.1562652587890625,-0.0011724232675817696,1419
58_8.png,PED,183,125.6229476928711,146.93576049804688,-21.31281280517578,-0.1450485078168502,1152
58_9.png,PED,811,137.62391662597656,146.15635681152344,-8.532440185546875,-0.05837885105845872,1874
58_9.png,PED,174,157.82183837890625,170.39830017089844,-12.576461791992188,-0.07380626320437945,944
59_1.png,IRF,107,60.13084030151367,132.7217559814453,-72.59091567993164,-0.5469405911874761,593
59_1.png,IRF,507,54.72780990600586,116.44618225097656,-61.7183723449707,-0.5300162800696122,957
59_1.png,IRF,37,53.783782958984375,127.84944152832031,-74.06565856933594,-0.5793193750707892,445
59_1.png,IRF,245,67.09387969970703,112.64636993408203,-45.552490234375,-0.40438489283792484,772
59_1.png,IRF,273,56.131866455078125,120.54647064208984,-64.41460418701172,-0.5343549574193904,893
59_1.png,IRF,105,75.35237884521484,118.48943328857422,-43.137054443359375,-0.3640582391705896,615
59_1.png,IRF,163,54.552146911621094,117.75636291503906,-63.20421600341797,-0.5367371617024183,825
59_1.png,PED,348,194.05459594726562,154.71438598632812,39.3402099609375,0.25427635387709796,1383
59_1.png,PED,1104,162.46649169921875,143.92730712890625,18.5391845703125,0.12880936175445962,4141
59_10.png,SRF,165,66.55757904052734,113.48947143554688,-46.93189239501953,-0.41353520993066895,570
59_10.png,IRF,2887,52.00969696044922,109.20687866210938,-57.197181701660156,-0.5237507234194525,2412
59_10.png,IRF,841,45.6967887878418,103.2832260131836,-57.5864372253418,-0.5575584676062614,1264
59_10.png,IRF,51,63.90196228027344,112.77201080322266,-48.87004852294922,-0.43335263931954887,443
59_10.png,IRF,62,64.8548355102539,111.03501892089844,-46.18018341064453,-0.4159064758078114,514
59_10.png,IRF,393,49.979644775390625,102.18975830078125,-52.210113525390625,-0.510913367381861,664
59_10.png,IRF,44,71.18181610107422,110.15203094482422,-38.97021484375,-0.3537857133407772,467
59_10.png,IRF,27,62.0,110.73284149169922,-48.73284149169922,-0.4400938405915678,408
59_10.png,IRF,200,49.32500076293945,109.95396423339844,-60.628963470458984,-0.5514031612517613,391
59_11.png,SRF,120,72.4000015258789,136.42503356933594,-64.02503204345703,-0.4693055986012808,767
59_11.png,IRF,2556,50.19561767578125,105.24408721923828,-55.04846954345703,-0.5230552233189434,2536
59_11.png,IRF,544,55.514705657958984,100.75171661376953,-45.23701095581055,-0.44899493999914736,1019
59_11.png,IRF,365,62.07671356201172,105.42462158203125,-43.34790802001953,-0.4111744236737941,723
59_12.png,IRF,1391,51.48094940185547,100.23041534423828,-48.74946594238281,-0.48637397914549463,1532
59_12.png,IRF,432,56.90972137451172,119.60932159423828,-62.69960021972656,-0.5242032927201794,901
59_12.png,IRF,272,67.86764526367188,121.80377197265625,-53.936126708984375,-0.44281162919234146,795
59_12.png,IRF,398,54.864322662353516,97.21026611328125,-42.345943450927734,-0.43561184578572265,799
59_12.png,IRF,489,48.208587646484375,95.76000213623047,-47.551414489746094,-0.49656864483042007,975
59_12.png,IRF,145,61.42758560180664,104.76825714111328,-43.34067153930664,-0.41368132602349883,712
59_12.png,IRF,37,61.75675582885742,108.15448760986328,-46.39773178100586,-0.42899497567195316,479
59_13.png,SRF,174,109.14942169189453,149.1680908203125,-40.01866912841797,-0.2682790193823983,1053
59_13.png,IRF,3069,49.3023796081543,104.53976440429688,-55.23738479614258,-0.5283863524172259,3018
59_13.png,IRF,390,56.5461540222168,120.91028594970703,-64.36413192749023,-0.5323296642790397,836
59_13.png,IRF,282,64.49645233154297,121.57333374023438,-57.076881408691406,-0.4694852041373442,750
59_13.png,IRF,69,63.739131927490234,106.22990417480469,-42.49077224731445,-0.399988803316574,535
59_14.png,IRF,679,50.10014724731445,101.27388763427734,-51.17374038696289,-0.505300443997595,1099
59_14.png,IRF,2491,49.54074478149414,110.44548797607422,-60.90474319458008,-0.5514461868082275,2238
59_14.png,IRF,301,55.62126159667969,119.00447845458984,-63.383216857910156,-0.532612030076634,893
59_14.png,IRF,99,50.22222137451172,109.26112365722656,-59.038902282714844,-0.5403468343226213,517
59_14.png,IRF,303,65.2904281616211,119.98828887939453,-54.69786071777344,-0.4558599945762427,854
59_15.png,IRF,717,46.41422653198242,118.4889907836914,-72.07476425170898,-0.6082823710034436,1272
59_15.png,IRF,153,46.48366165161133,105.56761932373047,-59.08395767211914,-0.5596787921392266,562
59_15.png,IRF,123,57.121952056884766,105.54351806640625,-48.421566009521484,-0.458782944671746,563
59_15.png,IRF,1032,50.51356506347656,117.81255340576172,-67.29898834228516,-0.571237838386362,1211
59_15.png,IRF,124,45.83064651489258,101.11803436279297,-55.28738784790039,-0.5467609036933944,610
59_15.png,IRF,296,61.64189147949219,119.72142791748047,-58.07953643798828,-0.48512231643294756,840
59_15.png,IRF,207,62.743961334228516,119.04798889160156,-56.30402755737305,-0.4729523621658182,771
59_15.png,IRF,401,57.45635986328125,115.40830993652344,-57.95195007324219,-0.5021471166601154,818
59_16.png,SRF,48,87.4375,152.71539306640625,-65.27789306640625,-0.4274480244307856,513
59_16.png,IRF,361,45.349029541015625,115.32183837890625,-69.97280883789062,-0.6067611288677609,696
59_16.png,IRF,344,43.58430099487305,108.8713607788086,-65.28705978393555,-0.5996715694274984,653
59_16.png,IRF,711,48.420536041259766,121.08672332763672,-72.66618728637695,-0.600116885562727,934
59_16.png,IRF,226,45.91592788696289,112.8327865600586,-66.9168586730957,-0.5930621826615726,610
59_16.png,IRF,634,53.75709915161133,104.93241882324219,-51.17531967163086,-0.4876978939924684,873
59_16.png,IRF,91,68.25274658203125,100.35897064208984,-32.106224060058594,-0.31991384382128635,507
59_16.png,PED,344,136.72674560546875,152.77980041503906,-16.053054809570312,-0.10507314949987401,1208
59_16.png,PED,280,148.38571166992188,156.1600341796875,-7.774322509765625,-0.04978432894565074,1206
59_17.png,SRF,74,124.5540542602539,149.3351287841797,-24.78107452392578,-0.16594270032565203,740
59_17.png,IRF,1262,52.289222717285156,119.68002319335938,-67.39080047607422,-0.5630914723938113,1522
59_17.png,IRF,757,54.190223693847656,125.3174057006836,-71.12718200683594,-0.5675762405800262,1109
59_17.png,IRF,11,41.818180084228516,104.04750061035156,-62.22932052612305,-0.5980856835683752,400
59_17.png,IRF,173,66.36994171142578,116.68269348144531,-50.31275177001953,-0.4311929238933808,728
59_17.png,IRF,49,79.2448959350586,119.75878143310547,-40.513885498046875,-0.3382957392621518,427
59_17.png,IRF,282,56.53191375732422,105.51309204101562,-48.981178283691406,-0.46421896407557817,840
59_17.png,PED,361,140.30470275878906,150.9912109375,-10.686508178710938,-0.07077569689228083,1252
59_17.png,PED,346,152.05780029296875,156.6763458251953,-4.6185455322265625,-0.029478256643664002,1792
59_18.png,IRF,2284,51.4702262878418,122.99666595458984,-71.52643966674805,-0.5815315326771173,2400
59_18.png,IRF,114,61.57017517089844,120.29222106933594,-58.7220458984375,-0.4881616232240849,527
59_18.png,IRF,381,69.031494140625,118.3186264038086,-49.287132263183594,-0.41656274891978523,1020
59_18.png,IRF,427,57.660423278808594,106.06404113769531,-48.40361785888672,-0.4563621877847157,890
59_18.png,PED,271,143.5904083251953,146.31552124023438,-2.7251129150390625,-0.018624906585028116,1198
59_18.png,PED,552,146.0,146.3625030517578,-0.3625030517578125,-0.0024767481028226297,1600
59_19.png,SRF,91,128.15383911132812,138.72134399414062,-10.5675048828125,-0.07617793036419006,567
59_19.png,IRF,522,52.390804290771484,117.82903289794922,-65.43822860717773,-0.5553659144758768,930
59_19.png,IRF,451,51.787139892578125,110.9794692993164,-59.19232940673828,-0.5333628803638808,828
59_19.png,IRF,392,58.43367385864258,124.68106079101562,-66.24738693237305,-0.5313348034743923,903
59_19.png,IRF,209,63.96650695800781,120.11315155029297,-56.146644592285156,-0.46744793444850885,707
59_19.png,IRF,144,63.22222137451172,115.74567413330078,-52.52345275878906,-0.4537832895447945,578
59_19.png,IRF,361,50.966758728027344,105.5334243774414,-54.56666564941406,-0.517055766656977,733
59_19.png,IRF,146,70.54794311523438,135.85511779785156,-65.30717468261719,-0.48071192120853595,704
59_19.png,PED,134,183.4776153564453,168.88104248046875,14.596572875976562,0.08643109174118623,992
59_19.png,PED,488,128.60861206054688,149.56411743164062,-20.95550537109375,-0.14011051401196958,1661
59_2.png,IRF,13,35.30769348144531,130.42288208007812,-95.11518859863281,-0.7292829837959968,402
59_2.png,IRF,41,65.56097412109375,124.23677825927734,-58.675804138183594,-0.47229012986580726,435
59_2.png,IRF,565,60.483184814453125,117.83690643310547,-57.353721618652344,-0.4867212094642974,1073
59_2.png,IRF,277,50.09025192260742,123.7793960571289,-73.68914413452148,-0.5953264152340114,825
59_2.png,IRF,291,56.69072341918945,108.80000305175781,-52.10927963256836,-0.4789455714241036,855
59_2.png,IRF,196,62.01530456542969,119.67369842529297,-57.65839385986328,-0.48179670736805114,711
59_2.png,IRF,50,69.22000122070312,117.93267059326172,-48.712669372558594,-0.41305491622897134,401
59_2.png,IRF,553,52.6980094909668,120.8207778930664,-68.12276840209961,-0.5638332213221828,1367
59_2.png,PED,18,113.44444274902344,171.6687469482422,-58.22430419921875,-0.3391665940031197,480
59_2.png,PED,814,145.34521484375,150.7180938720703,-5.3728790283203125,-0.03564853356545776,2962
59_20.png,IRF,326,52.35582733154297,117.74380493164062,-65.38797760009766,-0.5553411293108833,726
59_20.png,IRF,266,57.45112609863281,121.91696166992188,-64.46583557128906,-0.5287683902903022,855
59_20.png,IRF,438,54.63241958618164,112.14520263671875,-57.51278305053711,-0.5128421162770826,730
59_20.png,IRF,241,61.11203384399414,115.3237533569336,-54.21171951293945,-0.470082857476474,800
59_20.png,IRF,111,60.657657623291016,103.36441040039062,-42.70675277709961,-0.4131668976940076,472
59_20.png,IRF,476,49.014705657958984,104.41666412353516,-55.40195846557617,-0.530585409241098,792
59_20.png,PED,133,169.91729736328125,172.2274932861328,-2.3101959228515625,-0.013413630302413347,800
59_20.png,PED,803,142.6027374267578,132.89456176757812,9.708175659179688,0.0730517150593303,1840
59_21.png,IRF,302,57.1291389465332,123.52262878417969,-66.39348983764648,-0.5375006222839545,685
59_21.png,IRF,113,61.619468688964844,122.61320495605469,-60.993736267089844,-0.49744834815263467,636
59_21.png,IRF,327,54.073394775390625,118.12596130371094,-64.05256652832031,-0.5422395366894517,651
59_21.png,IRF,932,55.50214767456055,112.68126678466797,-57.17911911010742,-0.5074412166431868,1324
59_21.png,IRF,190,66.6894760131836,111.9113540649414,-45.22187805175781,-0.4040865954093975,722
59_21.png,IRF,84,67.58333587646484,109.75717163085938,-42.17383575439453,-0.3842467433129164,523
59_21.png,PED,390,135.12564086914062,143.90399169921875,-8.778350830078125,-0.06100144079690447,1531
59_22.png,SRF,38,87.7631607055664,154.26458740234375,-66.50142669677734,-0.4310867958524549,480
59_22.png,IRF,381,58.2047233581543,118.26860809326172,-60.06388473510742,-0.5078599106175624,860
59_22.png,IRF,70,68.80000305175781,119.96695709228516,-51.166954040527344,-0.4265087260750218,454
59_22.png,IRF,72,62.15277862548828,125.6206283569336,-63.46784973144531,-0.5052342960036008,572
59_22.png,IRF,346,59.91618347167969,119.55973815917969,-59.6435546875,-0.4988598637451986,929
59_22.png,IRF,74,62.43243408203125,114.2844009399414,-51.851966857910156,-0.45370992393930765,436
59_22.png,IRF,104,65.05769348144531,112.11842346191406,-47.06072998046875,-0.4197412746929588,456
59_22.png,IRF,635,52.163780212402344,108.1117172241211,-55.94793701171875,-0.5175011409330945,922
59_22.png,IRF,207,52.87922668457031,98.31721496582031,-45.43798828125,-0.462156991499875,703
59_22.png,PED,542,126.20294952392578,139.90061950683594,-13.697669982910156,-0.09791000233734383,1600
59_23.png,IRF,101,64.50495147705078,112.66273498535156,-48.15778350830078,-0.42745086487170997,593
59_23.png,IRF,86,62.38372039794922,122.29093933105469,-59.90721893310547,-0.4898745504843184,574
59_23.png,IRF,70,61.82857131958008,127.76801300048828,-65.9394416809082,-0.516087243844484,569
59_23.png,IRF,115,62.93912887573242,114.15824890136719,-51.219120025634766,-0.4486677092418273,594
59_23.png,IRF,259,63.47104263305664,119.43954467773438,-55.968502044677734,-0.4685927277744491,885
59_23.png,IRF,935,52.98074722290039,107.34685516357422,-54.36610794067383,-0.5064527308026977,1652
59_23.png,PED,638,117.58777618408203,139.1666717529297,-21.578895568847656,-0.15505792656418388,1680
59_3.png,IRF,287,48.23344802856445,127.51331329345703,-79.27986526489258,-0.6217379441975538,676
59_3.png,IRF,1278,54.83333206176758,116.45958709716797,-61.62625503540039,-0.5291642927085305,1695
59_3.png,IRF,479,53.254695892333984,119.1788558959961,-65.92416000366211,-0.5531531537875494,889
59_3.png,IRF,292,61.80479431152344,123.61717987060547,-61.81238555908203,-0.5000307046624366,687
59_3.png,IRF,221,48.8009033203125,113.89118194580078,-65.09027862548828,-0.5715128907562294,726
59_3.png,IRF,517,48.003868103027344,111.1977767944336,-63.19390869140625,-0.5683019077641276,1259
59_3.png,PED,846,146.35342407226562,146.5602264404297,-0.2068023681640625,-0.001411040179090598,3254
59_4.png,SRF,44,67.90908813476562,147.1875,-79.27841186523438,-0.5386219065153928,512
59_4.png,SRF,55,72.16363525390625,132.2752685546875,-60.11163330078125,-0.4544434795528604,574
59_4.png,IRF,794,58.25440979003906,116.58445739746094,-58.330047607421875,-0.5003243906566591,1184
59_4.png,IRF,1246,51.99919891357422,119.3771743774414,-67.37797546386719,-0.5644125505168561,1612
59_4.png,IRF,505,56.419803619384766,114.76739501953125,-58.347591400146484,-0.508398673597295,1006
59_4.png,IRF,815,47.76319122314453,117.00579833984375,-69.24260711669922,-0.5917878267501224,1380
59_4.png,PED,207,177.2995147705078,148.96343994140625,28.336074829101562,0.19022167345388483,1258
59_4.png,PED,360,137.625,148.5906524658203,-10.965652465820312,-0.07379772740645779,1776
59_5.png,SRF,98,110.7551040649414,145.07049560546875,-34.315391540527344,-0.2365428710869707,837
59_5.png,SRF,134,75.92537689208984,123.38945007324219,-47.464073181152344,-0.38466881206601017,398
59_5.png,IRF,656,58.50609588623047,117.64298248291016,-59.13688659667969,-0.5026809534114831,1168
59_5.png,IRF,930,51.69784927368164,120.13843536376953,-68.44058609008789,-0.5696810174267318,1163
59_5.png,IRF,529,49.30245590209961,122.64580535888672,-73.34334945678711,-0.5980094406177975,799
59_5.png,IRF,156,65.51923370361328,117.56978607177734,-52.05055236816406,-0.44272048208360915,695
59_5.png,IRF,335,61.49850845336914,110.70346069335938,-49.204952239990234,-0.4444752849803351,924
59_5.png,IRF,1086,48.123390197753906,125.0948715209961,-76.97148132324219,-0.6153048513289626,1307
59_5.png,PED,663,137.67420959472656,152.7554473876953,-15.08123779296875,-0.09872798679769745,2707
59_6.png,SRF,106,63.20754623413086,149.93429565429688,-86.72674942016602,-0.5784316993100208,624
59_6.png,SRF,177,74.67796325683594,122.3936996459961,-47.715736389160156,-0.3898545147925929,762
59_6.png,IRF,1042,58.06909942626953,108.0434799194336,-49.97438049316406,-0.462539530663296,1403
59_6.png,IRF,1085,52.53824996948242,107.59098052978516,-55.052730560302734,-0.5116853688777574,1330
59_6.png,IRF,787,56.04828643798828,118.30500030517578,-62.2567138671875,-0.5262390744819921,1259
59_6.png,IRF,206,59.21844482421875,107.24457550048828,-48.02613067626953,-0.447818740035489,691
59_6.png,IRF,1303,45.445892333984375,116.4819107055664,-71.03601837158203,-0.6098459232106963,1548
59_7.png,SRF,55,70.14545440673828,152.81060791015625,-82.66515350341797,-0.5409647578394575,528
59_7.png,SRF,160,85.8812484741211,128.34103393554688,-42.45978546142578,-0.3308356194383565,736
59_7.png,IRF,2492,54.31982421875,116.73768615722656,-62.41786193847656,-0.5346847619920264,2253
59_7.png,IRF,905,55.7447509765625,107.44548797607422,-51.70073699951172,-0.4811810898101589,1275
59_7.png,IRF,137,60.167884826660156,106.1968765258789,-46.02899169921875,-0.4334307486718033,640
59_7.png,IRF,45,59.42222213745117,119.37657165527344,-59.954349517822266,-0.5022287764382601,478
59_7.png,IRF,31,50.48387145996094,118.49559783935547,-68.01172637939453,-0.5739599412933302,454
59_7.png,IRF,1245,44.489959716796875,110.32769012451172,-65.83773040771484,-0.5967471115674844,1300
59_8.png,SRF,456,116.4276351928711,147.12255859375,-30.694923400878906,-0.20863505701825713,1689
59_8.png,IRF,2671,52.512916564941406,119.53192138671875,-67.01900482177734,-0.5606787211673137,2224
59_8.png,IRF,1390,50.986331939697266,112.01671600341797,-61.0303840637207,-0.5448328271100046,1795
59_8.png,IRF,55,58.327274322509766,121.32369995117188,-62.99642562866211,-0.5192425359102611,519
59_8.png,IRF,1028,44.86575698852539,119.55697631835938,-74.69121932983398,-0.6247332579819039,1404
59_9.png,SRF,230,95.66956329345703,145.51426696777344,-49.844703674316406,-0.34254169514083005,1087
59_9.png,IRF,2704,54.42936325073242,116.38636016845703,-61.95699691772461,-0.5323389856684956,2288
59_9.png,IRF,13,46.153846740722656,111.33946990966797,-65.18562316894531,-0.5854673389574404,380
59_9.png,IRF,2233,47.767578125,120.03721618652344,-72.26963806152344,-0.6020602639536815,2284
5_1.png,SRF,6685,49.46147918701172,131.5018768310547,-82.04039764404297,-0.6238724466985616,5055
5_1.png,SRF,2693,54.8406982421875,132.63189697265625,-77.79119873046875,-0.5865195364468503,3480
5_10.png,SRF,8225,46.1545295715332,112.73464965820312,-66.58012008666992,-0.5905914489336884,4413
5_10.png,SRF,2556,70.71400451660156,138.88180541992188,-68.16780090332031,-0.49083319947640885,3359
5_10.png,IRF,1881,42.64327621459961,94.8669204711914,-52.2236442565918,-0.5504937231777303,1856
5_10.png,IRF,188,58.1010627746582,79.09918212890625,-20.998119354248047,-0.26546569495532657,736
5_11.png,SRF,8076,39.51919174194336,110.02068328857422,-70.50149154663086,-0.6408021604602462,4255
5_11.png,SRF,2491,68.64151000976562,135.45904541015625,-66.81753540039062,-0.4932674314814039,3211
5_11.png,IRF,2575,43.462135314941406,93.04365539550781,-49.581520080566406,-0.5328844816963223,2176
5_11.png,PED,581,87.3821029663086,72.9000015258789,14.482101440429688,0.19865708007274402,1050
5_11.png,PED,29,63.482757568359375,57.90082550048828,5.581932067871094,0.09640505156224449,242
5_12.png,SRF,8967,41.63577651977539,107.60651397705078,-65.97073745727539,-0.6130738281452455,4760
5_12.png,SRF,2970,60.211448669433594,133.24331665039062,-73.03186798095703,-0.5481090520478494,3066
5_12.png,IRF,2653,41.02751541137695,88.12913513183594,-47.101619720458984,-0.5344613861238712,2176
5_12.png,PED,318,55.70125961303711,67.13007354736328,-11.428813934326172,-0.1702487920896233,961
5_13.png,SRF,9448,40.759525299072266,108.473876953125,-67.71435165405273,-0.6242457037219593,4727
5_13.png,SRF,2630,55.683650970458984,129.06524658203125,-73.38159561157227,-0.5685620068523436,2912
5_13.png,IRF,1905,37.929656982421875,73.2242660522461,-35.29460906982422,-0.4820070035886906,1846
5_13.png,PED,506,73.66600799560547,67.09300231933594,6.573005676269531,0.09796857271321151,957
5_14.png,SRF,9414,38.901954650878906,107.86378479003906,-68.96183013916016,-0.6393418353842948,4816
5_14.png,SRF,2986,61.07769775390625,128.5858154296875,-67.50811767578125,-0.5250043906491041,3228
5_14.png,IRF,857,40.90198516845703,69.73970794677734,-28.837722778320312,-0.4135050694552399,1360
5_14.png,PED,258,90.28681945800781,67.4002914428711,22.88652801513672,0.33956126190545455,682
5_15.png,SRF,8759,37.39958953857422,105.258544921875,-67.85895538330078,-0.6446883284741116,5063
5_15.png,SRF,2807,57.43498229980469,129.5010528564453,-72.06607055664062,-0.5564902289754154,2854
5_16.png,SRF,10365,43.83849334716797,107.84162139892578,-64.00312805175781,-0.593491893218098,5089
5_16.png,SRF,3706,64.64543914794922,120.63252258300781,-55.987083435058594,-0.4641126806954867,3339
5_17.png,SRF,10168,42.15843963623047,108.78414154052734,-66.62570190429688,-0.6124578542496066,5462
5_17.png,SRF,3451,56.937408447265625,120.90621185302734,-63.96880340576172,-0.5290778895919898,3284
5_17.png,IRF,695,47.788490295410156,66.56602478027344,-18.77753448486328,-0.28208886660793847,1295
5_18.png,SRF,17031,48.71451950073242,118.10546112060547,-69.39094161987305,-0.58753372588769,10174
5_18.png,IRF,313,49.99361038208008,76.3619155883789,-26.368305206298828,-0.3453070159794639,898
5_18.png,IRF,362,47.75690460205078,69.81771087646484,-22.060806274414062,-0.31597722121609456,960
5_2.png,SRF,6709,51.54762268066406,130.80796813964844,-79.26034545898438,-0.6059290315890186,4817
5_2.png,SRF,3164,59.84734344482422,141.05833435058594,-81.21099090576172,-0.5757262857217651,3891
5_3.png,SRF,6429,49.367862701416016,128.31622314453125,-78.94836044311523,-0.6152640602131061,4715
5_3.png,SRF,3587,61.28770446777344,134.8261260986328,-73.53842163085938,-0.5454315403014838,4026
5_4.png,SRF,6673,47.77626419067383,129.00794982910156,-81.23168563842773,-0.6296641853935077,4651
5_4.png,SRF,3187,64.22434997558594,139.57505798339844,-75.3507080078125,-0.5398579738850976,3384
5_5.png,SRF,7068,47.590267181396484,127.74006652832031,-80.14979934692383,-0.627444477877694,4405
5_5.png,SRF,2880,73.8170166015625,136.61431884765625,-62.79730224609375,-0.4596685235910108,3521
5_6.png,SRF,6657,44.371788024902344,126.33251953125,-81.96073150634766,-0.6487698639309857,4502
5_6.png,SRF,2905,62.595523834228516,138.37066650390625,-75.77514266967773,-0.5476243237401662,3437
5_7.png,SRF,7077,45.26282501220703,126.16249084472656,-80.89966583251953,-0.6412338983706823,4431
5_7.png,SRF,2604,59.80107498168945,133.32212829589844,-73.52105331420898,-0.5514542428473279,3390
5_8.png,SRF,6831,44.331138610839844,122.5719985961914,-78.24085998535156,-0.6383257259524092,4278
5_8.png,SRF,2977,74.37722778320312,134.48922729492188,-60.11199951171875,-0.4469651638335236,3483
5_9.png,SRF,7510,42.2464714050293,113.58229064941406,-71.33581924438477,-0.6280540640316165,4247
5_9.png,SRF,2427,65.47960662841797,132.71058654785156,-67.2309799194336,-0.5065984686548881,3469
5_9.png,IRF,1405,41.69395065307617,89.17728424072266,-47.483333587646484,-0.5324599643500166,1664
5_9.png,IRF,212,48.17924499511719,86.35377502441406,-38.174530029296875,-0.44207135146673227,848
60_1.png,SRF,171,67.01754760742188,117.5120620727539,-50.49451446533203,-0.4296964377501089,912
60_11.png,SRF,134,82.41790771484375,124.55929565429688,-42.141387939453125,-0.33832391005495693,565
60_16.png,PED,853,123.2508773803711,128.2178497314453,-4.966972351074219,-0.038738540394162246,964
60_17.png,PED,756,121.44047546386719,137.5303497314453,-16.089874267578125,-0.11699144442660639,939
60_18.png,PED,696,127.22126770019531,136.86952209472656,-9.64825439453125,-0.07049235101335236,912
60_19.png,PED,620,127.96290588378906,142.9162139892578,-14.95330810546875,-0.10462989249486208,931
60_2.png,SRF,210,56.57143020629883,113.6187515258789,-57.04732131958008,-0.5020942454783657,960
60_3.png,SRF,268,58.50373077392578,111.90927124023438,-53.405540466308594,-0.47722176969291064,992
60_3.png,PED,1123,132.01068115234375,119.09404754638672,12.916633605957031,0.10845742396089147,1680
60_4.png,SRF,230,67.81304168701172,119.54766845703125,-51.73462677001953,-0.432753122145702,944
60_4.png,PED,1319,123.00531005859375,116.63761138916016,6.367698669433594,0.054593870652819135,1744
60_5.png,SRF,263,60.19771957397461,115.56548309326172,-55.36776351928711,-0.4791029469811946,985
60_5.png,PED,1553,123.14874267578125,116.3891830444336,6.759559631347656,0.05807721520621961,1886
60_6.png,SRF,132,62.90909194946289,124.42013549804688,-61.511043548583984,-0.49438174377771493,864
60_6.png,PED,1309,118.22917938232422,117.03553771972656,1.1936416625976562,0.010198967645674906,1632
60_7.png,SRF,141,80.53191375732422,122.01451110839844,-41.48259735107422,-0.33998085124662614,896
60_7.png,PED,1425,120.55438232421875,113.00116729736328,7.553215026855469,0.06684192037573503,1712
60_8.png,PED,1361,132.3225555419922,121.62196350097656,10.700592041015625,0.08798239835134469,1648
61_1.png,SRF,2402,54.81931686401367,112.13079833984375,-57.31148147583008,-0.5111127569263495,4098
61_10.png,SRF,657,82.4779281616211,120.62693786621094,-38.149009704589844,-0.3162561396269667,1678
61_10.png,SRF,2107,49.989559173583984,107.0294418334961,-57.03988265991211,-0.5329363741674753,2683
61_10.png,PED,496,77.80242156982422,89.54144287109375,-11.739021301269531,-0.13110154275902544,1134
61_11.png,SRF,294,62.343536376953125,116.97705841064453,-54.633522033691406,-0.46704475882700036,1177
61_11.png,SRF,2250,49.88311004638672,109.365234375,-59.48212432861328,-0.5438851264621841,2790
61_11.png,PED,411,86.2919692993164,92.45964050292969,-6.167671203613281,-0.06670663188894674,1338
61_12.png,SRF,250,61.31999969482422,109.50868225097656,-48.188682556152344,-0.4400444016458121,979
61_12.png,SRF,2252,50.30017852783203,111.29269409179688,-60.992515563964844,-0.5480370123276624,2723
61_12.png,PED,676,96.40532684326172,94.20015716552734,2.205169677734375,0.023409405505125415,1299
61_13.png,SRF,298,57.3020133972168,119.7670669555664,-62.46505355834961,-0.5215545069791527,747
61_13.png,SRF,2493,48.59125518798828,110.00293731689453,-61.41168212890625,-0.5582731118533004,2727
61_13.png,PED,515,65.82135772705078,82.30345153808594,-16.482093811035156,-0.2002600559638506,870
61_14.png,SRF,297,51.82491683959961,110.43682098388672,-58.61190414428711,-0.5307279186607415,1108
61_14.png,SRF,2571,49.561649322509766,111.05377197265625,-61.492122650146484,-0.5537148496431722,2864
61_14.png,PED,685,62.356204986572266,86.39910125732422,-24.042896270751953,-0.2782771570637581,1110
61_15.png,SRF,405,53.65925979614258,117.36656188964844,-63.70730209350586,-0.5428062394245251,1274
61_15.png,SRF,2614,47.81522750854492,110.1962890625,-62.38106155395508,-0.5660904018153863,2639
61_15.png,PED,699,68.81974029541016,87.20941162109375,-18.389671325683594,-0.21086796692979404,850
61_16.png,SRF,488,53.71311569213867,115.95447540283203,-62.24135971069336,-0.5367741046170366,1296
61_16.png,SRF,2781,47.00251770019531,110.4846420288086,-63.48212432861328,-0.5745787211951184,2897
61_16.png,PED,1047,66.56542205810547,90.03849029541016,-23.473068237304688,-0.2607003755870534,1221
61_17.png,SRF,510,57.36666488647461,115.34320831298828,-57.97654342651367,-0.5026437557484275,1215
61_17.png,SRF,2831,45.703285217285156,108.51983642578125,-62.816551208496094,-0.5788485614927876,2999
61_17.png,PED,1012,62.627471923828125,89.30659484863281,-26.679122924804688,-0.29873631359502134,1122
61_18.png,SRF,579,62.87392044067383,114.11540985107422,-51.24148941040039,-0.44903216381795286,1369
61_18.png,SRF,2991,44.66432571411133,111.01187133789062,-66.3475456237793,-0.5976617169332729,2949
61_18.png,PED,883,60.711212158203125,99.82117462158203,-39.109962463378906,-0.39180026293662806,1124
61_19.png,SRF,3326,45.65634536743164,111.64872741699219,-65.99238204956055,-0.5910715113042744,2992
61_19.png,SRF,553,69.7088623046875,115.13434600830078,-45.42548370361328,-0.3945432903257058,1444
61_19.png,PED,754,61.179046630859375,94.32111358642578,-33.142066955566406,-0.35137484806303265,1009
61_2.png,SRF,2561,57.38617706298828,111.11834716796875,-53.73217010498047,-0.4835580394636165,4191
61_2.png,PED,116,103.68103790283203,102.34526062011719,1.3357772827148438,0.013051676986518716,559
61_2.png,PED,37,115.72972869873047,110.17430877685547,5.555419921875,0.05042391446382315,327
61_2.png,PED,282,120.09928894042969,119.86061096191406,0.238677978515625,0.0019912961948063603,947
61_20.png,SRF,3355,45.99195098876953,110.80567932128906,-64.81372833251953,-0.5849314649710999,3098
61_20.png,SRF,373,60.14745330810547,117.35389709472656,-57.206443786621094,-0.4874694850606008,1167
61_20.png,PED,666,64.31681823730469,99.98593139648438,-35.66911315917969,-0.3567413201137001,995
61_21.png,SRF,237,76.25316619873047,113.0788803100586,-36.825714111328125,-0.32566394370330887,786
61_21.png,SRF,509,62.2691535949707,122.45096588134766,-60.18181228637695,-0.4914768279140552,1295
61_21.png,SRF,3487,45.95526123046875,110.98921203613281,-65.03395080566406,-0.5859483963584866,3152
61_21.png,PED,446,70.49102783203125,102.14027404785156,-31.649246215820312,-0.3098605962325204,884
61_22.png,SRF,4710,55.47324752807617,111.73844146728516,-56.265193939208984,-0.5035437509273148,3785
61_22.png,SRF,1110,78.14594268798828,115.73667907714844,-37.590736389160156,-0.32479536037233886,1895
61_22.png,SRF,181,66.98342895507812,113.35578155517578,-46.372352600097656,-0.40908678819814737,683
61_22.png,PED,304,88.0098648071289,103.21286010742188,-15.202995300292969,-0.147297490685463,700
61_23.png,SRF,6047,56.92872619628906,116.70089721679688,-59.77217102050781,-0.5121826176663254,5453
61_23.png,PED,130,120.42308044433594,110.95909881591797,9.463981628417969,0.08529252426715171,489
61_24.png,SRF,5496,49.64155578613281,117.6244888305664,-67.9829330444336,-0.5779658106940675,5169
61_3.png,SRF,2394,59.33041000366211,108.11012268066406,-48.77971267700195,-0.4512039341689361,3932
61_3.png,PED,162,95.82098388671875,104.41842651367188,-8.597442626953125,-0.08233645070132743,521
61_3.png,PED,99,105.8484878540039,116.67293548583984,-10.824447631835938,-0.0927759945934476,532
61_4.png,SRF,3168,66.52903747558594,111.87334442138672,-45.34430694580078,-0.40531823894532965,5061
61_4.png,PED,282,95.43617248535156,105.26166534423828,-9.825492858886719,-0.09334350569843552,707
61_5.png,SRF,823,69.43985748291016,115.3715591430664,-45.93170166015625,-0.39811979660601343,1125
61_5.png,SRF,1987,55.3487663269043,103.39176177978516,-48.04299545288086,-0.4646694729431923,2453
61_5.png,PED,342,100.97660827636719,99.12515258789062,1.8514556884765625,0.01867796053917743,839
61_6.png,SRF,300,82.33000183105469,120.49755859375,-38.16755676269531,-0.3167496271968036,820
61_6.png,SRF,1821,50.91323471069336,103.00081634521484,-52.087581634521484,-0.5057006680407863,2453
61_6.png,PED,746,95.97721099853516,110.20228576660156,-14.225074768066406,-0.12908148564353578,1923
61_7.png,SRF,1855,50.10296630859375,102.04017639160156,-51.93721008300781,-0.508987850860698,2514
61_7.png,PED,610,97.8557357788086,104.38800811767578,-6.5322723388671875,-0.06257684629352644,1634
61_8.png,SRF,1734,50.746829986572266,103.14002990722656,-52.3931999206543,-0.5079812364586423,2378
61_8.png,PED,772,89.64896392822266,99.35128784179688,-9.702323913574219,-0.09765675034855936,1634
61_9.png,SRF,240,64.05000305175781,111.3135757446289,-47.263572692871094,-0.4245984586938548,1046
61_9.png,SRF,1806,49.861572265625,104.10456085205078,-54.24298858642578,-0.521043344714875,2391
61_9.png,PED,780,90.33077239990234,95.94002532958984,-5.6092529296875,-0.058466243993761935,1584
61_9.png,PED,65,140.38461303710938,109.72451782226562,30.66009521484375,0.27942793300315705,363
62_10.png,PED,279,96.03225708007812,110.17176818847656,-14.139511108398438,-0.12834060250543716,751
62_5.png,PED,475,99.08000183105469,99.54381561279297,-0.46381378173828125,-0.004659393241890898,833
62_6.png,PED,715,107.36503601074219,108.33662414550781,-0.971588134765625,-0.008968233433789455,1316
62_7.png,PED,636,99.68710327148438,107.41635131835938,-7.729248046875,-0.07195597273609808,1052
62_8.png,PED,802,101.87531280517578,105.27323913574219,-3.3979263305664062,-0.032277208894323346,893
62_9.png,PED,630,96.13174438476562,107.80101013183594,-11.669265747070312,-0.10824820410123531,1191
63_10.png,SRF,461,70.40347290039062,139.05857849121094,-68.65510559082031,-0.4937135582409221,990
63_10.png,SRF,119,72.21849060058594,134.76744079589844,-62.5489501953125,-0.46412508708272615,645
63_11.png,SRF,807,88.32341766357422,131.26663208007812,-42.943214416503906,-0.3271449395479786,1639
63_12.png,SRF,665,76.35037231445312,141.28341674804688,-64.93304443359375,-0.4595942392120227,1182
63_13.png,SRF,666,79.72071838378906,138.50929260253906,-58.78857421875,-0.4244377623633342,1237
63_14.png,SRF,871,79.59815979003906,141.1973876953125,-61.59922790527344,-0.4362632263296357,1378
63_15.png,SRF,907,80.26791381835938,147.2615966796875,-66.99368286132812,-0.4549297601807742,906
63_15.png,PED,157,173.59872436523438,134.08056640625,39.518157958984375,0.29473441989533755,782
63_15.png,PED,117,123.37606811523438,112.52104949951172,10.855018615722656,0.0964710039944105,570
63_16.png,SRF,827,72.34220123291016,139.03982543945312,-66.69762420654297,-0.4797015818722198,954
63_16.png,PED,180,182.58888244628906,129.62240600585938,52.96647644042969,0.40862130300247185,866
63_17.png,SRF,1047,77.85100555419922,143.20033264160156,-65.34932708740234,-0.45634898943256724,1178
63_17.png,SRF,162,77.06172943115234,127.54192352294922,-50.480194091796875,-0.39579294946664134,644
63_17.png,SRF,68,76.19117736816406,133.85263061523438,-57.66145324707031,-0.4307831155953957,285
63_17.png,PED,257,183.96109008789062,140.03811645507812,43.9229736328125,0.31365013144048,997
63_18.png,SRF,1950,83.95230865478516,131.39903259277344,-47.44672393798828,-0.3610888375794459,2268
63_18.png,PED,175,124.68000030517578,115.86769104003906,8.812309265136719,0.07605493115498048,718
63_19.png,SRF,1523,69.0124740600586,142.8383331298828,-73.82585906982422,-0.5168490660185344,1633
63_2.png,PED,134,134.98507690429688,113.20112609863281,21.783950805664062,0.19243581363919982,532
63_20.png,SRF,2735,72.89653015136719,141.8575439453125,-68.96101379394531,-0.48612863211934976,1776
63_20.png,SRF,264,78.79545593261719,123.06623840332031,-44.270782470703125,-0.3597313369213104,619
63_21.png,SRF,3414,75.57147216796875,141.3057403564453,-65.73426818847656,-0.46519177510171306,2090
63_21.png,SRF,185,77.16756439208984,123.27145385742188,-46.10388946533203,-0.3740029668073573,641
63_22.png,SRF,2871,63.77603530883789,131.12010192871094,-67.34406661987305,-0.5136059660515482,2448
63_22.png,SRF,254,74.93700408935547,119.28704071044922,-44.35003662109375,-0.3717925799563306,972
63_22.png,PED,87,151.58621215820312,141.09107971191406,10.495132446289062,0.0743855137243154,527
63_23.png,SRF,4465,67.68667602539062,122.52498626708984,-54.83831024169922,-0.4475683851305092,3042
63_23.png,SRF,215,74.38604736328125,118.56484985351562,-44.178802490234375,-0.3726129839055703,586
63_24.png,SRF,5310,67.09774017333984,123.32445526123047,-56.226715087890625,-0.4559251039770587,4654
63_25.png,SRF,8944,69.59805297851562,117.6302261352539,-48.03217315673828,-0.4083318950820497,7372
63_26.png,SRF,4895,75.29417419433594,122.42240905761719,-47.12823486328125,-0.38496411911891637,4240
63_26.png,SRF,4053,54.32469940185547,105.2523422241211,-50.927642822265625,-0.48386232311887056,3527
63_26.png,PED,210,169.1619110107422,130.68785095214844,38.47406005859375,0.29439660824081565,724
63_26.png,PED,30,155.46665954589844,113.80487823486328,41.661781311035156,0.36608080389187025,451
63_27.png,SRF,8180,54.58777618408203,114.46903991699219,-59.881263732910156,-0.523121918173974,6541
63_27.png,PED,247,167.90283203125,126.38752746582031,41.51530456542969,0.3284762776663774,818
63_27.png,PED,92,145.04347229003906,136.0541229248047,8.989349365234375,0.06607186296149709,388
63_27.png,PED,60,145.56666564941406,120.45429229736328,25.11237335205078,0.20848051881834423,361
63_27.png,PED,58,130.15516662597656,114.77367401123047,15.381492614746094,0.1340158598847418,623
63_28.png,SRF,8966,55.54528045654297,111.97525024414062,-56.429969787597656,-0.503950378896791,6627
63_28.png,PED,481,159.21414184570312,120.83551025390625,38.378631591796875,0.3176105394114162,1149
63_28.png,PED,46,136.9130401611328,123.15673828125,13.756301879882812,0.11169751709782932,319
63_3.png,PED,40,178.5,127.11328125,51.38671875,0.4042592421867798,512
63_4.png,SRF,67,75.17910766601562,128.5016632080078,-53.32255554199219,-0.41495615084513005,602
63_4.png,PED,181,107.47513580322266,100.06221008300781,7.412925720214844,0.07408317000059625,643
63_5.png,SRF,84,65.73809814453125,138.93568420410156,-73.19758605957031,-0.5268451116708103,622
63_5.png,PED,198,104.71212005615234,112.87999725341797,-8.167877197265625,-0.07235894220415835,550
63_7.png,SRF,156,70.57051086425781,136.24058532714844,-65.67007446289062,-0.4820155044489864,690
63_7.png,PED,123,73.47967529296875,89.57069396972656,-16.091018676757812,-0.17964601996046067,389
63_8.png,SRF,273,67.02930450439453,143.06414794921875,-76.03484344482422,-0.5314737796629042,795
63_9.png,SRF,460,70.8065185546875,141.20457458496094,-70.39805603027344,-0.4985536498175975,1007
63_9.png,SRF,140,76.87857055664062,137.33177185058594,-60.45320129394531,-0.4401982183679762,642
64_1.png,SRF,1279,53.56059265136719,132.85946655273438,-79.29887390136719,-0.5968628051798778,2391
64_10.png,SRF,2603,52.38340377807617,137.08030700683594,-84.69690322875977,-0.6178633902865135,2864
64_10.png,IRF,65,51.10769271850586,95.95173645019531,-44.84404373168945,-0.4673604187972793,518
64_10.png,IRF,116,45.017242431640625,79.32267761230469,-34.30543518066406,-0.4324795406974832,688
64_10.png,IRF,207,51.21255874633789,61.9796142578125,-10.76705551147461,-0.17371930497481963,883
64_11.png,SRF,2727,50.64943313598633,137.1480255126953,-86.49859237670898,-0.6306951343510382,2986
64_11.png,IRF,52,82.75,110.9260025024414,-28.176002502441406,-0.2540071927844084,500
64_11.png,IRF,181,48.79005432128906,78.4071044921875,-29.617050170898438,-0.3777342673564675,732
64_11.png,IRF,181,49.160221099853516,86.35832977294922,-37.1981086730957,-0.43074140932201765,720
64_11.png,IRF,296,40.47635269165039,68.58869171142578,-28.11233901977539,-0.40986842463846446,902
64_11.png,IRF,128,50.765625,80.85106658935547,-30.08544158935547,-0.3721093964308493,705
64_11.png,IRF,191,57.858638763427734,75.21138000488281,-17.352741241455078,-0.23071962301886387,861
64_11.png,IRF,433,57.533485412597656,85.96404266357422,-28.430557250976562,-0.3307261544485683,1168
64_12.png,SRF,2930,52.888397216796875,138.92250061035156,-86.03410339355469,-0.6192956721594169,3174
64_12.png,IRF,667,51.14392852783203,106.0235595703125,-54.87963104248047,-0.5176173226487977,849
64_12.png,IRF,1916,58.136741638183594,102.6006851196289,-44.46394348144531,-0.433368874970005,1743
64_12.png,IRF,1960,52.66887664794922,102.77086639404297,-50.10198974609375,-0.4875116023055915,1977
64_13.png,SRF,3097,52.30610275268555,137.5540313720703,-85.24792861938477,-0.6197414046615427,3211
64_13.png,IRF,337,51.40949630737305,104.9505615234375,-53.54106521606445,-0.5101551095951754,708
64_13.png,IRF,457,49.42013168334961,114.36363983154297,-64.94350814819336,-0.5678684959997321,770
64_13.png,IRF,720,46.704166412353516,83.87873840332031,-37.1745719909668,-0.44319421940060144,1138
64_13.png,IRF,128,47.578125,90.0,-42.421875,-0.4713541666666667,558
64_13.png,IRF,235,57.842552185058594,97.02294921875,-39.180397033691406,-0.4038260777391383,610
64_13.png,IRF,268,54.399253845214844,90.22110748291016,-35.82185363769531,-0.39704515536434476,796
64_13.png,IRF,780,48.982051849365234,85.93730926513672,-36.955257415771484,-0.4300257679904297,1292
64_14.png,SRF,3291,52.93588638305664,139.20054626464844,-86.2646598815918,-0.6197149522501528,3261
64_14.png,IRF,435,52.55862045288086,107.7453384399414,-55.18671798706055,-0.5121958758134331,805
64_14.png,IRF,467,52.36616516113281,102.36418914794922,-49.998023986816406,-0.48843276543277414,821
64_14.png,IRF,982,51.46537780761719,92.00462341308594,-40.53924560546875,-0.4406218307470709,1297
64_14.png,IRF,364,66.60164642333984,106.93092346191406,-40.32927703857422,-0.37715261154495155,912
64_14.png,IRF,1804,57.58647537231445,118.85336303710938,-61.26688766479492,-0.515482996014725,1739
64_15.png,SRF,3679,53.97037124633789,139.4357147216797,-85.4653434753418,-0.612937249584403,3399
64_15.png,IRF,1276,47.86833953857422,96.86907958984375,-49.00074005126953,-0.5058450050185779,1604
64_15.png,IRF,884,49.614253997802734,102.38065338134766,-52.76639938354492,-0.5153942433537764,1106
64_15.png,IRF,117,57.41880416870117,107.48910522460938,-50.0703010559082,-0.465817451464325,505
64_15.png,IRF,228,57.03508758544922,107.68435668945312,-50.649269104003906,-0.4703493679223012,716
64_15.png,IRF,1297,48.533538818359375,89.99685668945312,-41.46331787109375,-0.4607196228438154,1591
64_16.png,SRF,3676,52.20048904418945,132.09889221191406,-79.89840316772461,-0.6048377986361231,3155
64_16.png,IRF,1401,46.09992980957031,101.16786193847656,-55.06793212890625,-0.5443223873051191,1531
64_16.png,IRF,1061,52.984920501708984,109.919189453125,-56.934268951416016,-0.5179647815333974,1386
64_16.png,IRF,250,60.09600067138672,112.99694061279297,-52.90093994140625,-0.46816258612418626,653
64_16.png,IRF,1548,47.68927764892578,94.8488998413086,-47.15962219238281,-0.4972078987872862,1456
64_17.png,SRF,3869,54.16386795043945,139.3036651611328,-85.13979721069336,-0.6111813146639896,3247
64_17.png,IRF,1248,45.1137809753418,97.29572296142578,-52.181941986083984,-0.5363230818149347,1427
64_17.png,IRF,574,53.38327407836914,107.97377014160156,-54.59049606323242,-0.5055903483933185,953
64_17.png,IRF,128,62.0703125,116.05842590332031,-53.98811340332031,-0.46518047253453026,445
64_17.png,IRF,2093,53.26947021484375,114.09617614746094,-60.82670593261719,-0.5331178308202296,1882
64_17.png,PED,1494,122.68072509765625,128.388916015625,-5.70819091796875,-0.044460153532833474,1697
64_18.png,SRF,3884,54.95648956298828,141.3636932373047,-86.4072036743164,-0.611240423163437,3162
64_18.png,SRF,2314,56.747623443603516,123.6532974243164,-66.90567398071289,-0.541074725659163,1621
64_18.png,IRF,1207,44.22121047973633,101.36759948730469,-57.14638900756836,-0.5637539933529292,1469
64_18.png,IRF,265,58.12075424194336,105.18567657470703,-47.06492233276367,-0.44744611495973313,824
64_18.png,PED,1420,103.84648132324219,118.56538391113281,-14.718902587890625,-0.12414165165545067,1797
64_19.png,SRF,4428,63.90266418457031,138.57070922851562,-74.66804504394531,-0.538844359386304,3606
64_19.png,IRF,94,68.13829803466797,118.68421173095703,-50.54591369628906,-0.425885743007424,608
64_19.png,IRF,497,58.27565383911133,95.28665924072266,-37.01100540161133,-0.3884174940807867,1357
64_19.png,IRF,66,70.80303192138672,127.40257263183594,-56.59954071044922,-0.4442574395574322,544
64_19.png,IRF,1781,52.718135833740234,101.95433807373047,-49.236202239990234,-0.48292405375025843,1949
64_19.png,PED,2816,88.26029968261719,112.4668197631836,-24.206520080566406,-0.2152325470884391,2984
64_2.png,SRF,1556,50.856685638427734,131.4629364013672,-80.60625076293945,-0.6131481082762515,2577
64_20.png,SRF,2136,56.03089904785156,112.72476959228516,-56.693870544433594,-0.5029406646781357,1526
64_20.png,SRF,3999,56.24956130981445,140.142822265625,-83.89326095581055,-0.5986268836287618,3515
64_20.png,IRF,184,61.21195602416992,104.63761901855469,-43.425662994384766,-0.4150100451605687,723
64_20.png,IRF,107,49.663551330566406,102.97575378417969,-53.31220245361328,-0.517716069020936,495
64_20.png,PED,2548,82.26766204833984,114.24879455566406,-31.98113250732422,-0.27992533865853997,2701
64_21.png,SRF,4084,55.34892272949219,141.6167755126953,-86.26785278320312,-0.6091640801090659,3528
64_21.png,IRF,457,47.726478576660156,100.88796997070312,-53.16149139404297,-0.5269358815474288,848
64_21.png,IRF,887,47.412628173828125,115.4679946899414,-68.05536651611328,-0.5893872730608847,1156
64_21.png,IRF,146,53.904109954833984,98.62848663330078,-44.7243766784668,-0.4534630734500809,323
64_21.png,IRF,2216,62.62139129638672,120.54496765136719,-57.92357635498047,-0.480514263544402,1868
64_21.png,PED,2873,80.96345520019531,115.17449951171875,-34.21104431152344,-0.2970366223127589,2831
64_22.png,SRF,4130,53.86125946044922,140.8372039794922,-86.97594451904297,-0.6175636980957663,3311
64_22.png,SRF,145,57.386207580566406,124.05245208740234,-66.66624450683594,-0.5374036819511282,896
64_22.png,IRF,694,47.14265060424805,100.78065490722656,-53.638004302978516,-0.5322252008816065,1158
64_22.png,IRF,1372,44.413265228271484,109.901123046875,-65.48785781860352,-0.5958797872399507,1426
64_22.png,IRF,1144,52.08478927612305,92.13938903808594,-40.05459976196289,-0.4347174447337204,1277
64_22.png,PED,2683,73.23704528808594,110.80638885498047,-37.56934356689453,-0.33905394765697106,2066
64_22.png,PED,158,153.46202087402344,156.47900390625,-3.0169830322265625,-0.019280433520870974,524
64_23.png,SRF,4099,58.247379302978516,142.52203369140625,-84.27465438842773,-0.5913096537122267,3358
64_23.png,SRF,141,62.18439865112305,127.32965850830078,-65.14525985717773,-0.511626753895133,816
64_23.png,IRF,850,46.3411750793457,98.79596710205078,-52.45479202270508,-0.530940619959944,1191
64_23.png,IRF,1750,40.80914306640625,110.73955535888672,-69.93041229248047,-0.6314853989240677,1340
64_23.png,IRF,1392,50.6056022644043,90.65339660644531,-40.047794342041016,-0.44176827169423105,1532
64_23.png,PED,2100,76.50714111328125,109.66748046875,-33.16033935546875,-0.3023716712897208,2054
64_23.png,PED,204,178.3627471923828,156.4553985595703,21.9073486328125,0.14002296395334218,639
64_24.png,SRF,4022,59.85330581665039,144.2389373779297,-84.3856315612793,-0.5850405798551822,3344
64_24.png,SRF,253,63.268775939941406,134.88577270507812,-71.61699676513672,-0.5309455202642028,928
64_24.png,IRF,1862,40.01826095581055,105.19569396972656,-65.17743301391602,-0.6195827087054809,1441
64_24.png,IRF,567,47.09700012207031,86.72173309326172,-39.624732971191406,-0.45691813986902724,902
64_24.png,IRF,534,59.05617904663086,91.68061065673828,-32.62443161010742,-0.35584875991126064,980
64_24.png,IRF,1124,44.32295227050781,88.67689514160156,-44.35394287109375,-0.500174738868205,1238
64_24.png,IRF,112,49.64285659790039,78.71399688720703,-29.07114028930664,-0.36932618643370424,500
64_24.png,PED,1498,85.21361541748047,115.92912292480469,-30.71550750732422,-0.26495074518287587,1820
64_24.png,PED,108,204.3333282470703,169.6758575439453,34.657470703125,0.20425693557581617,435
64_24.png,PED,124,141.98387145996094,155.60105895996094,-13.6171875,-0.08751346289683001,752
64_25.png,SRF,3897,59.231971740722656,146.08401489257812,-86.85204315185547,-0.5945348860771763,3190
64_25.png,SRF,323,65.08358764648438,119.70649719238281,-54.62290954589844,-0.4563069743667532,954
64_25.png,IRF,2848,43.3837776184082,102.14832305908203,-58.76454544067383,-0.5752864430939776,2299
64_25.png,PED,3084,92.92574310302734,96.82162475585938,-3.8958816528320312,-0.040237722333783324,1609
64_25.png,PED,660,133.53334045410156,143.4871826171875,-9.953842163085938,-0.06937094994499965,1482
64_25.png,PED,456,158.1907958984375,143.0515899658203,15.139205932617188,0.1058303926313188,2578
64_26.png,SRF,3489,57.26053237915039,144.2903289794922,-87.0297966003418,-0.6031575173185116,3217
64_26.png,SRF,551,59.3974609375,107.54269409179688,-48.145233154296875,-0.4476848340176489,1054
64_26.png,IRF,2406,48.87738800048828,98.7444839477539,-49.867095947265625,-0.5050114594112467,2446
64_26.png,PED,1922,91.4719009399414,101.66775512695312,-10.195854187011719,-0.10028601668523217,1225
64_26.png,PED,173,194.76300048828125,156.72254943847656,38.04045104980469,0.24272481009338068,674
64_26.png,PED,437,133.64988708496094,143.13429260253906,-9.484405517578125,-0.0662622865920384,1035
64_26.png,PED,946,156.38478088378906,129.56838989257812,26.816390991210938,0.2069670774904568,2632
64_27.png,SRF,3183,57.954444885253906,140.0662841796875,-82.1118392944336,-0.5862355796423813,3153
64_27.png,SRF,702,64.5698013305664,124.63323211669922,-60.06343078613281,-0.4819214728371399,1625
64_27.png,IRF,922,46.853580474853516,92.0860595703125,-45.232479095458984,-0.49119790016556886,1406
64_27.png,PED,594,150.32997131347656,142.4051513671875,7.9248199462890625,0.05564981231511174,1592
64_27.png,PED,218,165.56422424316406,152.80067443847656,12.7635498046875,0.08353071641595795,1189
64_28.png,SRF,3021,59.83548355102539,147.00132751464844,-87.16584396362305,-0.5929595700755635,2998
64_28.png,SRF,588,64.59353637695312,112.31101989746094,-47.71748352050781,-0.4248691140377275,1180
64_28.png,IRF,535,39.370094299316406,64.77355194091797,-25.403457641601562,-0.392188738773703,1104
64_28.png,PED,1484,130.3632049560547,130.6261749267578,-0.262969970703125,-0.0020131491322514226,2453
64_28.png,PED,713,152.01963806152344,138.77838134765625,13.241256713867188,0.09541296407468736,2572
64_29.png,SRF,2416,61.781044006347656,139.93209838867188,-78.15105438232422,-0.5584926924003799,2769
64_29.png,SRF,400,60.36000061035156,113.39503479003906,-53.0350341796875,-0.4677015556976243,967
64_29.png,IRF,2683,39.958255767822266,84.83670806884766,-44.87845230102539,-0.5289980401479641,2223
64_29.png,PED,1211,132.00743103027344,142.12106323242188,-10.113632202148438,-0.07116209217777107,2255
64_29.png,PED,621,139.90660095214844,141.1562042236328,-1.249603271484375,-0.008852627331241049,2183
64_3.png,SRF,1744,49.85837173461914,131.32386779785156,-81.46549606323242,-0.6203403648500001,2640
64_30.png,SRF,2215,61.785552978515625,136.8762664794922,-75.09071350097656,-0.5486028763958667,2675
64_30.png,SRF,330,64.43939208984375,117.85442352294922,-53.41503143310547,-0.4532289059366891,1051
64_30.png,IRF,5094,39.195133209228516,94.30424499511719,-55.10911178588867,-0.5843757276116475,3060
64_30.png,PED,1566,130.82630920410156,141.64646911621094,-10.820159912109375,-0.07638849015877831,2922
64_30.png,PED,515,162.1961212158203,138.76512145996094,23.430999755859375,0.16885366804957627,2546
64_31.png,SRF,2079,59.683502197265625,130.1690673828125,-70.48556518554688,-0.54149243443726,2153
64_31.png,IRF,5512,40.299346923828125,89.96781921386719,-49.66847229003906,-0.5520693146064767,3480
64_31.png,PED,1262,128.7440643310547,144.49012756347656,-15.746063232421875,-0.10897674116527031,2483
64_31.png,PED,91,126.28571319580078,144.70932006835938,-18.423606872558594,-0.12731458391108083,1008
64_31.png,PED,410,152.21951293945312,137.51011657714844,14.709396362304688,0.10696955779287812,2274
64_32.png,SRF,1999,56.80139923095703,127.52674865722656,-70.72534942626953,-0.5545922731580731,2187
64_32.png,IRF,4563,41.444664001464844,83.95365142822266,-42.50898742675781,-0.5063387560111243,3409
64_32.png,PED,963,143.51609802246094,135.6052703857422,7.91082763671875,0.05833716944935578,2090
64_32.png,PED,105,158.74285888671875,141.41946411132812,17.323394775390625,0.12249653811269795,832
64_32.png,PED,371,162.33963012695312,137.99708557128906,24.342544555664062,0.17639897578191058,1712
64_33.png,SRF,1822,54.7996711730957,122.86907958984375,-68.06940841674805,-0.5539994980346106,2238
64_33.png,IRF,1387,37.41960906982422,89.98391723632812,-52.564308166503906,-0.5841522549907702,1057
64_33.png,IRF,1228,45.72882843017578,76.14437866210938,-30.415550231933594,-0.39944577349435834,1316
64_33.png,IRF,1839,46.417076110839844,100.82813262939453,-54.41105651855469,-0.5396416168744176,1699
64_33.png,PED,714,146.0070037841797,132.6220703125,13.384933471679688,0.10092538474282979,2093
64_33.png,PED,137,147.50364685058594,133.99020385742188,13.513442993164062,0.10085396248477711,817
64_33.png,PED,134,144.37313842773438,134.3485565185547,10.024581909179688,0.0746162234187846,832
64_34.png,SRF,1448,59.26726531982422,130.03419494628906,-70.76692962646484,-0.5442178471262524,1813
64_34.png,IRF,5504,47.16297149658203,90.01573944091797,-42.85276794433594,-0.47605861164382757,3621
64_34.png,PED,497,134.67001342773438,141.72872924804688,-7.0587158203125,-0.04980441056490863,1305
64_34.png,PED,211,99.540283203125,119.42349243164062,-19.883209228515625,-0.16649328221494614,647
64_34.png,PED,331,153.5377655029297,123.3099365234375,30.227828979492188,0.24513700867688623,1339
64_4.png,SRF,2037,51.27638626098633,129.76646423339844,-78.49007797241211,-0.6048564121408099,2749
64_5.png,SRF,2076,51.312137603759766,131.89321899414062,-80.58108139038086,-0.6109569696222267,2772
64_6.png,SRF,4568,50.18038558959961,125.66756439208984,-75.48717880249023,-0.6006894393764648,4094
64_6.png,PED,114,176.5,151.04920959472656,25.450790405273438,0.16849337029673525,752
64_7.png,SRF,2308,50.421142578125,130.32168579101562,-79.90054321289062,-0.6131024374640108,2832
64_8.png,SRF,2431,48.778690338134766,133.96719360351562,-85.18850326538086,-0.6358907802271474,2865
64_9.png,SRF,2448,50.444854736328125,136.75604248046875,-86.31118774414062,-0.631132534830901,2816
65_1.png,PED,1309,100.6424789428711,159.14950561523438,-58.50702667236328,-0.3676230500760209,4060
65_10.png,SRF,1135,48.92334747314453,125.99539947509766,-77.07205200195312,-0.6117052870425322,1955
65_10.png,PED,3483,51.68130874633789,120.43441772460938,-68.75310897827148,-0.5708759196684569,2859
65_10.png,PED,143,68.24475860595703,136.90225219726562,-68.6574935913086,-0.5015074075799602,665
65_11.png,SRF,696,55.92672348022461,128.8926544189453,-72.9659309387207,-0.5660984426742924,1416
65_11.png,PED,4659,44.85297393798828,123.57660675048828,-78.7236328125,-0.6370431660374826,3283
65_11.png,PED,343,107.65597534179688,149.25291442871094,-41.59693908691406,-0.27870101730430463,1115
65_12.png,SRF,199,53.40201187133789,127.39297485351562,-73.99096298217773,-0.5808088167126731,626
65_12.png,PED,6490,45.52342224121094,130.8235626220703,-85.30014038085938,-0.6520242888299771,4517
65_13.png,PED,7781,41.3720588684082,125.45618438720703,-84.08412551879883,-0.6702270273044668,4770
65_14.png,PED,8901,40.82429122924805,126.43022918701172,-85.60593795776367,-0.6771002355072694,4916
65_15.png,PED,10508,38.231632232666016,122.0411605834961,-83.80952835083008,-0.6867316563536829,4640
65_15.png,PED,63,89.0,145.33041381835938,-56.330413818359375,-0.3876023768071266,572
65_16.png,PED,11046,35.971031188964844,119.91488647460938,-83.94385528564453,-0.7000286432612243,4594
65_17.png,PED,12045,35.6589469909668,124.07817077636719,-88.41922378540039,-0.7126090208467302,4746
65_2.png,PED,246,98.84959411621094,142.0340576171875,-43.18446350097656,-0.30404301774837716,881
65_2.png,PED,648,58.09104919433594,152.8611297607422,-94.77008056640625,-0.6199750107482531,1325
65_2.png,PED,280,139.82142639160156,168.064697265625,-28.243270874023438,-0.1680499910661497,1592
65_3.png,PED,454,73.60352325439453,141.97569274902344,-68.3721694946289,-0.48157658660270347,1152
65_3.png,PED,663,56.09803771972656,155.47601318359375,-99.37797546386719,-0.6391852571271992,1334
65_3.png,PED,382,135.5,163.072509765625,-27.572509765625,-0.16908128663288144,1917
65_4.png,SRF,200,93.72000122070312,151.9420623779297,-58.22206115722656,-0.38318593446763427,863
65_4.png,PED,693,61.26118469238281,139.33575439453125,-78.07456970214844,-0.5603340653044382,1236
65_4.png,PED,1176,97.98724365234375,156.7012176513672,-58.71397399902344,-0.37468741391436894,3029
65_5.png,SRF,358,55.885475158691406,147.65695190429688,-91.77147674560547,-0.6215181578791271,1064
65_5.png,SRF,48,65.75,147.27415466308594,-81.52415466308594,-0.5535537097434778,507
65_5.png,PED,696,70.462646484375,141.70420837402344,-71.24156188964844,-0.5027483848723021,1305
65_5.png,PED,602,89.7973403930664,151.2885284423828,-61.491188049316406,-0.4064497730423421,1875
65_6.png,SRF,1023,51.349952697753906,133.9855499267578,-82.6355972290039,-0.616750069497614,1522
65_6.png,PED,631,68.35499572753906,129.2945556640625,-60.93955993652344,-0.47132348012284964,1195
65_6.png,PED,740,110.45945739746094,153.2751922607422,-42.81573486328125,-0.27933897346183584,2133
65_7.png,SRF,1204,52.79817199707031,131.18211364746094,-78.38394165039062,-0.597520038905912,1576
65_7.png,PED,1708,82.26405334472656,141.6673583984375,-59.40330505371094,-0.419315399999483,3397
65_8.png,SRF,1325,50.32075500488281,130.6649169921875,-80.34416198730469,-0.6148870242814182,1716
65_8.png,PED,1842,68.35396575927734,131.5089569091797,-63.154991149902344,-0.48023338207691274,2177
65_8.png,PED,65,195.6923065185547,178.72030639648438,16.972000122070312,0.09496402767136354,640
65_8.png,PED,453,63.0,156.88272094726562,-93.88272094726562,-0.5984261388405117,1296
65_9.png,SRF,1294,47.158424377441406,130.85842895507812,-83.70000457763672,-0.6396225695661513,1554
65_9.png,PED,2183,64.6848373413086,121.59854125976562,-56.91370391845703,-0.4680459430584351,2197
65_9.png,PED,429,74.91142272949219,157.31112670898438,-82.39970397949219,-0.5238008633167215,1141
66_1.png,SRF,183,77.7486343383789,134.37326049804688,-56.62462615966797,-0.4213980218221393,1077
66_1.png,SRF,897,62.012264251708984,120.19720458984375,-58.184940338134766,-0.48407898117666537,2003
66_1.png,PED,1548,111.38307189941406,122.5578842163086,-11.174812316894531,-0.09117987299104757,3006
66_10.png,SRF,4186,53.3994255065918,123.8294906616211,-70.4300651550293,-0.5687664931731641,3689
66_10.png,SRF,345,64.29855346679688,145.5726776123047,-81.27412414550781,-0.5583061703512832,1032
66_10.png,PED,4042,96.93270874023438,124.37906646728516,-27.44635772705078,-0.22066701822585127,4337
66_11.png,SRF,4615,54.639652252197266,124.20060729980469,-69.56095504760742,-0.56006936326564,3629
66_11.png,SRF,361,64.639892578125,138.2714385986328,-73.63154602050781,-0.532514500223301,1061
66_11.png,PED,4104,91.79678344726562,126.0021743774414,-34.20539093017578,-0.2714666718981612,4135
66_11.png,PED,202,117.21781921386719,110.51582336425781,6.701995849609375,0.06064286222181722,853
66_12.png,SRF,5112,52.18172836303711,124.9542236328125,-72.77249526977539,-0.5823932409329589,4063
66_12.png,SRF,391,68.53196716308594,144.81126403808594,-76.279296875,-0.5267497482442957,1208
66_12.png,PED,5016,91.509765625,120.69396209716797,-29.18419647216797,-0.24180328464710135,5251
66_13.png,SRF,5390,52.27569580078125,123.07749938964844,-70.80180358886719,-0.5752619604718915,4258
66_13.png,SRF,333,69.8258285522461,141.80381774902344,-71.97798919677734,-0.5075885144655989,994
66_13.png,PED,4608,86.36045837402344,122.66651153564453,-36.306053161621094,-0.29597363377429425,4369
66_14.png,SRF,5856,53.35775375366211,122.73249053955078,-69.37473678588867,-0.5652516011115454,4041
66_14.png,SRF,309,72.64401245117188,144.01136779785156,-71.36735534667969,-0.4955675127456458,1144
66_14.png,PED,4240,88.72901153564453,117.89075469970703,-29.1617431640625,-0.247362426666482,5117
66_15.png,SRF,5905,51.486873626708984,118.66898345947266,-67.18210983276367,-0.5661303221301076,3879
66_15.png,SRF,407,65.37100982666016,140.87313842773438,-75.50212860107422,-0.5359583057759842,1206
66_15.png,PED,3975,92.5172348022461,117.18887329101562,-24.67163848876953,-0.21052884796922952,4871
66_16.png,SRF,5947,49.90499496459961,117.74813842773438,-67.84314346313477,-0.5761716861856986,4022
66_16.png,SRF,493,71.42596435546875,141.0642547607422,-69.63829040527344,-0.49366361820991655,1245
66_16.png,PED,3817,93.63426971435547,116.10116577148438,-22.466896057128906,-0.19351137353219414,4972
66_17.png,SRF,7060,56.57096481323242,123.24994659423828,-66.67898178100586,-0.541006171795964,4761
66_17.png,SRF,436,63.25688171386719,139.4207000732422,-76.163818359375,-0.5462877343132239,1179
66_17.png,PED,3302,99.91278076171875,117.08553314208984,-17.172752380371094,-0.1466684390421744,4244
66_18.png,SRF,5807,53.9278450012207,122.79412841796875,-68.86628341674805,-0.5608271690511114,4124
66_18.png,SRF,369,67.89701843261719,139.9170379638672,-72.02001953125,-0.5147337349283279,1109
66_18.png,PED,2739,97.26688385009766,118.44963073730469,-21.18274688720703,-0.17883337208695668,4368
66_19.png,SRF,5364,55.359806060791016,124.85710906982422,-69.4973030090332,-0.5566147056165461,4143
66_19.png,SRF,401,68.0997543334961,132.64781188964844,-64.54805755615234,-0.4866123054472302,1096
66_19.png,PED,2463,100.40763092041016,120.50745391845703,-20.099822998046875,-0.16679319282314012,3756
66_2.png,SRF,242,71.47933959960938,131.9732208251953,-60.49388122558594,-0.4583799716892028,896
66_2.png,SRF,1231,58.17546844482422,120.3093032836914,-62.13383483886719,-0.5164507909446914,2192
66_2.png,PED,1813,126.36072540283203,121.93666076660156,4.424064636230469,0.03628166138400782,3284
66_20.png,SRF,4980,56.118473052978516,124.92274475097656,-68.80427169799805,-0.5507745753998107,3974
66_20.png,SRF,428,62.525699615478516,129.9352569580078,-67.4095573425293,-0.518793427747748,1174
66_20.png,PED,2241,106.30789947509766,122.63296508789062,-16.32506561279297,-0.13312134792706717,3877
66_21.png,SRF,4295,55.77625274658203,124.89918518066406,-69.12293243408203,-0.5534298108838512,3809
66_21.png,SRF,509,67.68959045410156,131.1588897705078,-63.46929931640625,-0.4839115322450515,1221
66_21.png,PED,1923,107.61986541748047,120.49071502685547,-12.870849609375,-0.10682026085168714,3230
66_22.png,SRF,491,61.19755554199219,137.5929718017578,-76.39541625976562,-0.5552276054465569,1280
66_22.png,SRF,3887,58.84872817993164,125.72108459472656,-66.87235641479492,-0.5319104319722033,3761
66_22.png,PED,1482,108.05802917480469,126.28202056884766,-18.22399139404297,-0.14431184512214418,3248
66_23.png,SRF,484,64.75619506835938,130.3736572265625,-65.61746215820312,-0.5033030717560797,1587
66_23.png,SRF,3105,58.71626281738281,127.18839263916016,-68.47212982177734,-0.5383520335541641,3429
66_23.png,PED,408,108.70098114013672,134.06439208984375,-25.36341094970703,-0.18918827404005717,1351
66_23.png,PED,835,123.38203430175781,123.31143951416016,0.07059478759765625,0.0005724917969962526,2010
66_3.png,SRF,260,66.7576904296875,137.2779541015625,-70.520263671875,-0.5137042151699166,975
66_3.png,SRF,1515,54.79471969604492,119.4448471069336,-64.65012741088867,-0.5412550560093256,2194
66_3.png,PED,1850,109.80378723144531,125.57232666015625,-15.768539428710938,-0.12557336355952264,3512
66_4.png,SRF,215,72.80000305175781,145.60543823242188,-72.80543518066406,-0.5000186535921055,920
66_4.png,SRF,2244,54.00178146362305,122.84115600585938,-68.83937454223633,-0.5603934119518769,2984
66_4.png,PED,2340,96.88247680664062,125.23150634765625,-28.349029541015625,-0.22637298206982867,3352
66_5.png,SRF,290,74.92069244384766,142.29238891601562,-67.37169647216797,-0.473473648066534,985
66_5.png,SRF,2569,56.00428009033203,122.68287658691406,-66.67859649658203,-0.5435036930304118,3002
66_5.png,PED,2728,103.59713745117188,126.77103424072266,-23.17389678955078,-0.1828011968849792,3542
66_6.png,SRF,2881,57.926761627197266,120.6819076538086,-62.75514602661133,-0.5200045909667955,3128
66_6.png,SRF,241,72.92530822753906,141.68658447265625,-68.76127624511719,-0.4853054825270861,820
66_6.png,PED,3175,98.91243743896484,127.5135498046875,-28.601112365722656,-0.22429861304568008,3764
66_7.png,SRF,3077,55.57426071166992,125.37554931640625,-69.80128860473633,-0.5567376492890257,3395
66_7.png,SRF,227,87.13215637207031,141.65367126464844,-54.521514892578125,-0.3848930592890655,898
66_7.png,PED,3390,98.56755065917969,126.93757629394531,-28.370025634765625,-0.22349588248849228,3989
66_8.png,SRF,3573,55.80408477783203,124.4319076538086,-68.62782287597656,-0.5515291388677509,3936
66_8.png,SRF,260,71.48846435546875,142.26589965820312,-70.77743530273438,-0.49750105592962673,865
66_8.png,PED,3205,87.43775177001953,126.00906372070312,-38.571311950683594,-0.30609950436721145,3862
66_9.png,SRF,4077,54.73485565185547,124.08460235595703,-69.34974670410156,-0.558890832443178,3676
66_9.png,SRF,330,67.30000305175781,145.32366943359375,-78.02366638183594,-0.5368957905201339,1035
66_9.png,PED,3748,95.58084106445312,125.17737579345703,-29.596534729003906,-0.23643677255096207,3952
67_1.png,PED,170,123.45882415771484,126.12938690185547,-2.670562744140625,-0.02117320007444941,912
67_1.png,PED,217,66.28571319580078,110.2149429321289,-43.929229736328125,-0.39857780231651563,977
67_10.png,SRF,1116,60.689964294433594,118.55923461914062,-57.86927032470703,-0.4881042839944617,2085
67_10.png,PED,271,72.67527770996094,90.36294555664062,-17.687667846679688,-0.19574027537197575,788
67_11.png,SRF,1260,65.02063751220703,116.92384338378906,-51.90320587158203,-0.4439060876678141,2311
67_11.png,PED,523,73.21988677978516,84.23609924316406,-11.016212463378906,-0.13077780859223365,1025
67_12.png,SRF,1613,59.72721481323242,122.90797424316406,-63.18075942993164,-0.514049310624332,3173
67_12.png,PED,855,78.3625717163086,78.96995544433594,-0.6073837280273438,-0.007691326715455402,832
67_13.png,SRF,1790,56.16592025756836,120.84199523925781,-64.67607498168945,-0.5352119091846822,2791
67_13.png,PED,732,73.25955963134766,82.39219665527344,-9.132637023925781,-0.11084347055506324,1076
67_14.png,SRF,2091,55.6274528503418,123.70040130615234,-68.07294845581055,-0.5503049928458468,2974
67_14.png,PED,1057,69.44276428222656,97.42718505859375,-27.984420776367188,-0.2872342124996946,1236
67_15.png,SRF,2489,59.980716705322266,123.81171417236328,-63.830997467041016,-0.5155489356861606,3431
67_15.png,PED,1005,77.27164459228516,108.0052490234375,-30.733604431152344,-0.2845565813609952,1523
67_16.png,SRF,2892,56.44121551513672,123.97813415527344,-67.53691864013672,-0.5447486292667684,3705
67_16.png,PED,494,100.24089050292969,114.9593734741211,-14.718482971191406,-0.12803203885331488,1083
67_16.png,PED,123,100.08943176269531,115.86451721191406,-15.77508544921875,-0.1361511343491503,465
67_17.png,SRF,3913,56.506771087646484,123.5119400024414,-67.00516891479492,-0.5424995260658237,4606
67_17.png,SRF,402,63.3756217956543,115.54888153076172,-52.17325973510742,-0.45152544138835066,1166
67_17.png,PED,594,98.10942840576172,112.28791809082031,-14.178489685058594,-0.1262690583824949,1101
67_17.png,PED,47,127.19149017333984,117.65727996826172,9.534210205078125,0.08103374655312444,426
67_2.png,PED,72,137.31944274902344,129.83560180664062,7.4838409423828125,0.05764090001699396,736
67_2.png,PED,607,69.74958801269531,107.9062728881836,-38.15668487548828,-0.35360951550080527,1387
67_2.png,PED,140,132.028564453125,106.04463958740234,25.983924865722656,0.24502817838620328,560
67_3.png,PED,899,57.59177017211914,107.58435821533203,-49.99258804321289,-0.4646826813164775,1624
67_3.png,PED,266,82.36466217041016,85.4250259399414,-3.06036376953125,-0.03582514299361007,1007
67_4.png,SRF,72,62.09722137451172,114.7396011352539,-52.64237976074219,-0.4587986993147019,553
67_4.png,PED,1107,71.1960220336914,69.56473541259766,1.63128662109375,0.02344990764959247,811
67_4.png,PED,1128,59.7969856262207,108.73387145996094,-48.936885833740234,-0.45006110034222646,1736
67_4.png,PED,112,148.375,116.0736312866211,32.301368713378906,0.2782834340179899,747
67_5.png,PED,2345,65.3360366821289,91.53639221191406,-26.200355529785156,-0.2862288418482699,2638
67_6.png,SRF,21,62.28571319580078,125.11480712890625,-62.82909393310547,-0.5021715284936052,331
67_6.png,PED,100,143.97000122070312,119.9375,24.032501220703125,0.20037520559210525,640
67_6.png,PED,1585,66.83154296875,92.42346954345703,-25.59192657470703,-0.2768985702562685,2744
67_7.png,SRF,39,82.4102554321289,125.30252075195312,-42.89226531982422,-0.34230967631316106,476
67_7.png,PED,103,158.37864685058594,128.18899536132812,30.189651489257812,0.23550891715908856,672
67_7.png,PED,1438,77.01669311523438,96.49837493896484,-19.48168182373047,-0.2018861129635874,2466
67_8.png,PED,1349,79.50556182861328,100.38422393798828,-20.878662109375,-0.20798748339452883,2181
67_9.png,SRF,647,65.82070922851562,134.3411102294922,-68.52040100097656,-0.510047898844401,1199
67_9.png,PED,1013,82.71076202392578,99.40569305419922,-16.694931030273438,-0.16794743356570954,1511
68_1.png,SRF,591,60.63621139526367,124.19242095947266,-63.556209564208984,-0.5117559435043874,1741
68_1.png,IRF,59,60.47457504272461,91.86607360839844,-31.391498565673828,-0.34170937466520834,560
68_1.png,PED,298,116.5671157836914,128.28619384765625,-11.719078063964844,-0.09135104653491867,1202
68_10.png,SRF,292,60.96232986450195,126.05394744873047,-65.09161758422852,-0.5163790496184424,1038
68_10.png,SRF,150,60.586666107177734,104.47814178466797,-43.891475677490234,-0.4201019938500787,709
68_10.png,IRF,157,41.21018981933594,72.80915832519531,-31.598968505859375,-0.43399716783877007,786
68_10.png,PED,2383,103.15232849121094,118.42478942871094,-15.2724609375,-0.1289633784545902,5624
68_11.png,SRF,285,61.75438690185547,124.3761978149414,-62.62181091308594,-0.5034870981203378,1042
68_11.png,IRF,785,39.5643310546875,74.59601593017578,-35.03168487548828,-0.46961871138371575,1406
68_11.png,IRF,101,44.21782302856445,79.4107666015625,-35.19294357299805,-0.4431759707040227,706
68_11.png,PED,2777,101.1796875,114.6188735961914,-13.439186096191406,-0.11725107457902961,6570
68_12.png,SRF,170,53.72352981567383,122.14080047607422,-68.41727066040039,-0.5601508291555894,973
68_12.png,IRF,673,48.01188659667969,79.84449768066406,-31.832611083984375,-0.39868258939142,1254
68_12.png,IRF,561,42.22994613647461,63.90512466430664,-21.67517852783203,-0.33917747037802765,1054
68_12.png,IRF,961,35.91779327392578,61.51496887207031,-25.59717559814453,-0.41611295701665285,1503
68_12.png,IRF,38,29.394737243652344,71.33333587646484,-41.9385986328125,-0.5879242589389316,480
68_12.png,PED,2239,97.59624481201172,115.90684509277344,-18.31060028076172,-0.1579768672515041,6956
68_13.png,SRF,303,69.39604187011719,121.44186401367188,-52.04582214355469,-0.42856573856355984,1376
68_13.png,IRF,698,47.4842414855957,76.17407989501953,-28.689838409423828,-0.3766351815337076,1327
68_13.png,IRF,1171,35.760887145996094,65.39104461669922,-29.630157470703125,-0.45312255897402093,1652
68_13.png,IRF,694,32.96541976928711,59.78548812866211,-26.820068359375,-0.4486049909244955,1268
68_13.png,PED,967,131.59048461914062,120.86305236816406,10.727432250976562,0.08875691984262862,2950
68_13.png,PED,1390,92.83381652832031,99.47875213623047,-6.644935607910156,-0.0667975368127889,3342
68_14.png,SRF,192,65.453125,119.55477905273438,-54.101654052734375,-0.4525260678108961,1150
68_14.png,IRF,4578,39.29008483886719,71.3728256225586,-32.082740783691406,-0.44950918649844107,4372
68_14.png,PED,2414,102.0265121459961,107.24437713623047,-5.217864990234375,-0.04865397263304743,6314
68_15.png,SRF,476,64.7983169555664,117.44346618652344,-52.64514923095703,-0.4482594982963644,1698
68_15.png,IRF,3329,37.94292449951172,66.32799530029297,-28.38507080078125,-0.4279500785795025,4186
68_15.png,PED,1914,104.95245361328125,106.89665222167969,-1.9441986083984375,-0.018187647302242968,6212
68_16.png,SRF,582,55.74055099487305,118.08631896972656,-62.345767974853516,-0.5279677486672856,1703
68_16.png,IRF,2795,38.918785095214844,61.75303268432617,-22.834247589111328,-0.36976722594074307,4284
68_16.png,PED,2233,99.90326690673828,103.45246124267578,-3.5491943359375,-0.034307490544975075,6542
68_17.png,SRF,793,57.65321731567383,126.23995971679688,-68.58674240112305,-0.543304533326758,1842
68_17.png,IRF,2713,42.84998321533203,71.22466278076172,-28.374679565429688,-0.39838278564786533,4144
68_17.png,IRF,288,33.67013931274414,55.859947204589844,-22.189807891845703,-0.39724004411558833,764
68_17.png,PED,1684,102.82244873046875,100.27139282226562,2.551055908203125,0.02544151264284277,5435
68_18.png,SRF,950,54.784210205078125,125.30889892578125,-70.52468872070312,-0.5628067066687253,2046
68_18.png,IRF,2321,42.50150680541992,74.39664459228516,-31.895137786865234,-0.4287174235028971,3875
68_18.png,PED,588,112.0544204711914,108.9841537475586,3.0702667236328125,0.028171680176042026,2840
68_19.png,SRF,989,53.3104133605957,120.9375,-67.6270866394043,-0.5591903804808624,2192
68_19.png,IRF,2705,45.09279251098633,81.99647521972656,-36.903682708740234,-0.45006425715067827,4251
68_2.png,SRF,327,62.04281234741211,123.23487091064453,-61.19205856323242,-0.4965482424824523,1388
68_2.png,IRF,225,45.040000915527344,91.1977767944336,-46.15777587890625,-0.5061283016026721,991
68_2.png,PED,1287,121.24552917480469,122.29875183105469,-1.05322265625,-0.008611883935699829,3451
68_20.png,SRF,870,52.46781539916992,119.3857192993164,-66.91790390014648,-0.560518496624995,2017
68_20.png,IRF,2439,48.28413391113281,77.80987548828125,-29.525741577148438,-0.37946007999454046,4213
68_20.png,PED,255,106.4745101928711,113.4056167602539,-6.9311065673828125,-0.061117842002795825,1637
68_3.png,IRF,271,49.29151153564453,93.10283660888672,-43.81132507324219,-0.4705691756448629,953
68_3.png,PED,1194,118.06532287597656,125.7091293334961,-7.643806457519531,-0.060805499950931444,3548
68_4.png,SRF,68,79.52941131591797,125.97235870361328,-46.44294738769531,-0.36867569890443896,832
68_4.png,IRF,283,50.29682159423828,90.30313873291016,-40.006317138671875,-0.44302244307364186,1082
68_4.png,PED,1275,115.54039001464844,128.53564453125,-12.995254516601562,-0.10110234063082879,3310
68_5.png,IRF,555,47.093692779541016,88.14717102050781,-41.0534782409668,-0.4657378990803407,1522
68_5.png,PED,1833,120.42171478271484,118.87836456298828,1.5433502197265625,0.0129825996967582,5163
68_6.png,IRF,327,54.93272018432617,90.9401626586914,-36.007442474365234,-0.3959465369498534,986
68_6.png,PED,1795,115.4468002319336,114.84387969970703,0.6029205322265625,0.005249914351579508,4663
68_7.png,SRF,35,71.0857162475586,118.60470581054688,-47.51898956298828,-0.4006501195567459,425
68_7.png,IRF,166,46.83132553100586,77.84732055664062,-31.015995025634766,-0.39842084228278557,727
68_7.png,IRF,231,51.92640686035156,80.70199584960938,-28.775588989257812,-0.35656601409067995,953
68_7.png,IRF,19,51.421051025390625,92.58101654052734,-41.15996551513672,-0.4445832099620438,432
68_7.png,PED,2065,115.83438110351562,120.26131439208984,-4.426933288574219,-0.036810950478563864,6165
68_8.png,SRF,57,77.52631378173828,128.10488891601562,-50.578575134277344,-0.3948215837994769,572
68_8.png,SRF,196,90.15306091308594,117.30724334716797,-27.15418243408203,-0.23147916240534167,856
68_8.png,IRF,175,42.645713806152344,83.16466522216797,-40.518951416015625,-0.4872135456539431,832
68_8.png,PED,2181,110.58413696289062,117.76520538330078,-7.181068420410156,-0.06097784483147888,5575
68_9.png,SRF,151,72.18543243408203,116.41207885742188,-44.226646423339844,-0.3799145832410342,745
68_9.png,SRF,179,85.4245834350586,114.03358459472656,-28.60900115966797,-0.25088224018690525,655
68_9.png,IRF,337,42.735904693603516,80.46033477783203,-37.724430084228516,-0.4688574834841743,958
68_9.png,IRF,101,48.594058990478516,78.22036743164062,-29.62630844116211,-0.37875440136552063,658
68_9.png,PED,2747,114.16927337646484,116.29167175292969,-2.1223983764648438,-0.018250648085737706,6281
69_1.png,SRF,2406,48.347049713134766,103.36570739746094,-55.01865768432617,-0.5322718633634353,4654
69_1.png,PED,243,82.9547348022461,109.62738800048828,-26.672653198242188,-0.24330282500321349,942
69_10.png,SRF,1456,43.40727996826172,92.81468963623047,-49.40740966796875,-0.532323168472703,2110
69_10.png,PED,8538,43.288475036621094,85.82117462158203,-42.53269958496094,-0.49559680081872187,3126
69_11.png,SRF,740,42.355403900146484,93.20315551757812,-50.84775161743164,-0.5455582628620524,1393
69_11.png,SRF,106,57.0,110.02059936523438,-53.020599365234375,-0.48191520198160687,631
69_11.png,PED,10335,44.314659118652344,86.98343658447266,-42.66877746582031,-0.49053910883807367,3984
69_12.png,SRF,353,42.27478790283203,86.51747131347656,-44.24268341064453,-0.5113728214540753,1059
69_12.png,PED,13639,42.1180419921875,87.45238494873047,-45.33434295654297,-0.5183888693615448,4547
69_13.png,SRF,551,45.12522506713867,80.50521850585938,-35.3799934387207,-0.4394745346371013,1534
69_13.png,SRF,165,53.76969528198242,106.44099426269531,-52.67129898071289,-0.4948403511782373,805
69_13.png,PED,10779,41.834678649902344,81.58829498291016,-39.75361633300781,-0.4872465632641886,3726
69_14.png,SRF,356,45.08988952636719,79.01116943359375,-33.92127990722656,-0.42932259008944634,1253
69_14.png,SRF,83,58.301204681396484,103.59574127197266,-45.29453659057617,-0.4372239247911091,517
69_14.png,PED,12893,41.825252532958984,82.48625183105469,-40.6609992980957,-0.49294274373596303,4218
69_15.png,SRF,433,40.29792022705078,77.30609130859375,-37.00817108154297,-0.4787225748332324,1297
69_15.png,SRF,337,63.92878341674805,101.9383544921875,-38.00957107543945,-0.3728682031879619,1022
69_15.png,PED,12282,44.20875930786133,80.95098876953125,-36.74222946166992,-0.45388240489903875,4142
69_15.png,PED,226,95.6460189819336,105.70117950439453,-10.055160522460938,-0.09512817708947982,850
69_16.png,SRF,373,37.23860549926758,76.44245910644531,-39.203853607177734,-0.5128544275712897,1121
69_16.png,SRF,457,58.63238525390625,102.1159896850586,-43.483604431152344,-0.42582561815502606,1138
69_16.png,PED,12173,45.167667388916016,80.28923797607422,-35.1215705871582,-0.4374380860062995,3893
69_16.png,PED,162,102.91358184814453,104.20191192626953,-1.288330078125,-0.012363785407666873,733
69_17.png,SRF,487,47.09856414794922,87.7527847290039,-40.65422058105469,-0.4632812588979609,1347
69_17.png,SRF,686,49.64723205566406,96.01704406738281,-46.36981201171875,-0.4829331340295933,1291
69_17.png,PED,12236,44.55238723754883,78.8659439086914,-34.31355667114258,-0.43508712342135625,4513
69_17.png,PED,214,100.32243347167969,99.48291778564453,0.8395156860351562,0.008438792354724231,849
69_18.png,SRF,443,45.580135345458984,85.02023315429688,-39.44009780883789,-0.4638907274843742,1285
69_18.png,SRF,1135,47.257266998291016,97.49327850341797,-50.23601150512695,-0.5152766660048852,1859
69_18.png,PED,11111,44.95608139038086,79.54232788085938,-34.586246490478516,-0.43481561845012534,4158
69_19.png,SRF,520,47.91538619995117,96.12490844726562,-48.20952224731445,-0.5015299678934136,1401
69_19.png,SRF,1728,48.78645706176758,96.58636474609375,-47.79990768432617,-0.4948929158891379,2362
69_19.png,PED,8930,44.85184860229492,78.87911224365234,-34.02726364135742,-0.4313849721869265,3648
69_2.png,SRF,2345,49.34072494506836,104.0682144165039,-54.72748947143555,-0.5258809308710158,4486
69_2.png,PED,324,84.39814758300781,109.60965728759766,-25.211509704589844,-0.23001175561053896,1222
69_2.png,PED,171,88.22807312011719,112.12718963623047,-23.89911651611328,-0.21314291915857503,912
69_20.png,SRF,526,43.60076141357422,100.41741180419922,-56.816650390625,-0.5658047680158299,1114
69_20.png,SRF,1802,45.86737060546875,99.73422241210938,-53.866851806640625,-0.5401039934322515,2171
69_20.png,PED,7677,48.35704040527344,77.459228515625,-29.102188110351562,-0.3757097594185449,3262
69_20.png,PED,1,94.0,90.71359252929688,3.286407470703125,0.03622839068623312,206
69_21.png,SRF,2645,43.377315521240234,84.22737121582031,-40.85005569458008,-0.48499739579795015,2784
69_21.png,SRF,761,55.10118103027344,107.97313690185547,-52.87195587158203,-0.4896769454761803,1303
69_21.png,IRF,69,53.91304397583008,93.91319274902344,-40.00014877319336,-0.4259268330924603,576
69_22.png,SRF,3689,40.12849044799805,92.94986724853516,-52.82137680053711,-0.5682781306109885,4807
69_22.png,IRF,211,42.080570220947266,92.04993438720703,-49.969364166259766,-0.5428506223161896,741
69_22.png,IRF,184,54.244564056396484,98.48774719238281,-44.24318313598633,-0.44922525285874504,449
69_3.png,SRF,2443,48.19647979736328,103.70063018798828,-55.504150390625,-0.5352344560491792,4259
69_3.png,PED,534,79.39138793945312,106.51996612548828,-27.128578186035156,-0.2546806873189925,1327
69_3.png,PED,394,82.7461929321289,109.01422882080078,-26.268035888671875,-0.24095970014934165,1335
69_4.png,SRF,2396,45.70951461791992,102.61219787597656,-56.90268325805664,-0.5545411211913883,4131
69_4.png,PED,918,61.363834381103516,99.60382080078125,-38.239986419677734,-0.3839208788602796,1151
69_4.png,PED,325,70.73230743408203,109.57638549804688,-38.844078063964844,-0.3544931500287278,1008
69_5.png,SRF,2303,47.996524810791016,101.56051635742188,-53.56399154663086,-0.5274096023510074,3850
69_5.png,PED,1839,62.83251953125,103.14034271240234,-40.307823181152344,-0.3908055967348016,2330
69_6.png,SRF,2024,43.96936798095703,99.38690948486328,-55.41754150390625,-0.5575939707869314,3515
69_6.png,PED,3204,56.411983489990234,97.04454803466797,-40.632564544677734,-0.41870012656622657,2963
69_7.png,SRF,2071,44.695316314697266,99.29098510742188,-54.59566879272461,-0.5498552434912206,3471
69_7.png,PED,3689,46.20954132080078,91.89253997802734,-45.68299865722656,-0.49713500865412946,2615
69_8.png,SRF,1808,47.38108444213867,98.35151672363281,-50.97043228149414,-0.5182475469567059,3098
69_8.png,PED,6334,43.84385681152344,85.0882339477539,-41.24437713623047,-0.4847247994541225,3128
69_9.png,SRF,1595,43.679622650146484,96.74412536621094,-53.06450271606445,-0.5485036173017889,2298
69_9.png,PED,7470,43.12811279296875,85.2845230102539,-42.156410217285156,-0.49430317165772997,2882
6_1.png,SRF,867,87.1614761352539,115.78278350830078,-28.621307373046875,-0.24719830104097415,2288
6_11.png,IRF,104,49.0,85.66291809082031,-36.66291809082031,-0.4279905343867702,623
6_11.png,IRF,233,52.63090133666992,86.0530014038086,-33.42210006713867,-0.38838970776049486,566
6_11.png,IRF,748,59.981285095214844,102.17178344726562,-42.19049835205078,-0.4129368885278072,1368
6_12.png,IRF,218,59.688072204589844,84.50752258300781,-24.81945037841797,-0.2936951601443407,731
6_12.png,IRF,610,59.831146240234375,108.9286880493164,-49.09754180908203,-0.4507310488018877,1262
6_13.png,IRF,687,57.46288299560547,88.81858825683594,-31.35570526123047,-0.3530308900042348,1345
6_14.png,IRF,379,54.60686111450195,97.30733489990234,-42.70047378540039,-0.4388207099631833,859
6_2.png,SRF,1261,81.87152862548828,112.97185516357422,-31.100326538085938,-0.27529269562808495,2416
6_3.png,SRF,929,76.91926574707031,100.38422393798828,-23.46495819091797,-0.23375145287185065,1762
6_4.png,SRF,937,74.94023132324219,94.47991180419922,-19.53968048095703,-0.20681306859654136,1892
6_5.png,SRF,491,67.00203704833984,86.60391998291016,-19.601882934570312,-0.22633944212269397,1275
6_5.png,SRF,314,73.82484436035156,110.66566467285156,-36.8408203125,-0.33290199287564365,999
6_6.png,SRF,951,72.52681732177734,89.40072631835938,-16.87390899658203,-0.1887446522133769,1919
6_7.png,SRF,795,80.02264404296875,87.00896453857422,-6.986320495605469,-0.08029426085754854,1785
6_8.png,SRF,648,73.13888549804688,91.81450653076172,-18.675621032714844,-0.2034059947428648,1310
6_9.png,SRF,631,66.60697174072266,91.67304229736328,-25.066070556640625,-0.2734290248089823,1150
70_1.png,SRF,2732,70.42276763916016,131.98760986328125,-61.564842224121094,-0.4664441025024451,3713
70_1.png,PED,486,128.899169921875,138.79122924804688,-9.892059326171875,-0.07127294267631887,1140
70_1.png,PED,391,112.89258575439453,150.57740783691406,-37.68482208251953,-0.2502687662370629,1098
70_10.png,SRF,13106,60.34053039550781,114.24404907226562,-53.90351867675781,-0.4718278029751981,7605
70_10.png,PED,194,135.09278869628906,141.88784790039062,-6.7950592041015625,-0.0478903535760997,856
70_10.png,PED,1430,91.10209655761719,113.20437622070312,-22.102279663085938,-0.19524227243649447,3792
70_11.png,SRF,14628,54.99986267089844,110.96512603759766,-55.96526336669922,-0.504350018471,6824
70_11.png,PED,2456,102.10138702392578,113.27152252197266,-11.170135498046875,-0.09861380203378187,5296
70_12.png,SRF,13430,50.63752746582031,106.87760925292969,-56.240081787109375,-0.5262101405544655,6700
70_12.png,PED,2372,98.18254852294922,112.9696273803711,-14.787078857421875,-0.13089428725504662,5465
70_13.png,SRF,14119,51.40484619140625,102.81391906738281,-51.40907287597656,-0.5000205550211909,6653
70_13.png,PED,2689,99.69058990478516,108.85787200927734,-9.167282104492188,-0.0842133135186669,5488
70_2.png,SRF,2894,69.54112243652344,130.06820678710938,-60.52708435058594,-0.4653488031064681,3871
70_2.png,PED,635,139.39527893066406,134.85122680664062,4.5440521240234375,0.033696780011790516,1257
70_2.png,PED,596,118.55536651611328,132.57232666015625,-14.016960144042969,-0.10573066413758336,1106
70_3.png,SRF,3402,71.161376953125,128.3268585205078,-57.16548156738281,-0.44546778613961974,3549
70_3.png,PED,830,119.31686401367188,136.0037384033203,-16.686874389648438,-0.12269423315529285,1339
70_3.png,PED,925,103.38594818115234,138.16470336914062,-34.77875518798828,-0.25171953718938167,2040
70_4.png,SRF,3729,69.75623321533203,123.82463836669922,-54.06840515136719,-0.4366530430821599,3832
70_4.png,SRF,188,71.63298034667969,135.9331817626953,-64.30020141601562,-0.4730280023038627,868
70_4.png,PED,845,110.62840270996094,140.19384765625,-29.565444946289062,-0.21088974616619705,1171
70_4.png,PED,1139,97.28797149658203,123.43524932861328,-26.14727783203125,-0.211829910615088,1861
70_5.png,SRF,4169,70.30535125732422,121.45349884033203,-51.14814758300781,-0.4211335866927091,3828
70_5.png,SRF,1766,63.46885681152344,123.43196105957031,-59.963104248046875,-0.4857988460469139,2359
70_5.png,SRF,249,65.64257049560547,140.96009826660156,-75.3175277709961,-0.5343180708383592,852
70_5.png,PED,2164,111.44131469726562,133.8332977294922,-22.391983032226562,-0.16731249556060332,3911
70_6.png,SRF,4510,68.2594223022461,118.83794403076172,-50.578521728515625,-0.4256091952871816,4122
70_6.png,SRF,467,72.9122085571289,134.3439178466797,-61.43170928955078,-0.45727197981273604,1323
70_6.png,SRF,2275,59.92219924926758,120.36959075927734,-60.447391510009766,-0.5021815819819164,2289
70_6.png,PED,187,120.33155059814453,139.1628875732422,-18.831336975097656,-0.13531867082871948,706
70_6.png,PED,1808,95.8335189819336,126.50411224365234,-30.67059326171875,-0.2424474012563787,2676
70_7.png,SRF,3651,63.789920806884766,122.29621124267578,-58.506290435791016,-0.4783982254339454,2640
70_7.png,SRF,5686,66.30900573730469,119.3139877319336,-53.004981994628906,-0.4442478455561877,4739
70_7.png,IRF,234,61.68803405761719,101.88980865478516,-40.20177459716797,-0.3945612925172564,726
70_7.png,PED,1931,103.14810943603516,123.29338836669922,-20.145278930664062,-0.16339301885959992,3555
70_8.png,SRF,10197,62.91889953613281,117.77758026123047,-54.858680725097656,-0.4657820325686875,7450
70_8.png,PED,1863,100.3043441772461,123.9947738647461,-23.6904296875,-0.19105990477745133,3444
70_9.png,SRF,12718,63.701133728027344,116.91130828857422,-53.210174560546875,-0.45513282965927704,7351
70_9.png,IRF,180,63.349998474121094,91.7850341796875,-28.435035705566406,-0.3098003499121562,628
70_9.png,PED,1442,88.38973999023438,119.61082458496094,-31.221084594726562,-0.26102223359015364,3528
70_9.png,PED,135,146.46665954589844,142.27960205078125,4.1870574951171875,0.02942837507812805,794
71_1.png,SRF,3330,55.6435432434082,124.8461685180664,-69.2026252746582,-0.5543031564051879,5350
71_1.png,PED,1004,131.67031860351562,130.3015594482422,1.3687591552734375,0.010504549301400571,1605
71_10.png,SRF,3736,62.777034759521484,132.7802734375,-70.00323867797852,-0.5272111351007965,3641
71_10.png,PED,1944,151.17335510253906,131.6913299560547,19.482025146484375,0.14793703695592955,2433
71_11.png,SRF,3115,54.73065948486328,137.03878784179688,-82.3081283569336,-0.6006192090078426,2862
71_11.png,PED,768,145.8333282470703,148.73521423339844,-2.901885986328125,-0.01951041655659583,1979
71_12.png,SRF,5360,67.13208770751953,131.26806640625,-64.13597869873047,-0.4885878222677682,4234
71_12.png,PED,578,141.36158752441406,141.94821166992188,-0.5866241455078125,-0.004132663163604443,1680
71_13.png,SRF,4830,72.0211181640625,133.8428955078125,-61.82177734375,-0.4618980866275522,3679
71_13.png,PED,772,149.61917114257812,138.54824829101562,11.0709228515625,0.07990662450172899,1720
71_14.png,SRF,5811,63.92841339111328,129.49652099609375,-65.56810760498047,-0.5063310357732184,4733
71_14.png,PED,166,156.18072509765625,133.26315307617188,22.917572021484375,0.17197230811719516,817
71_15.png,SRF,6815,66.31739044189453,127.33385467529297,-61.01646423339844,-0.47918492995435624,4481
71_15.png,SRF,402,64.83582305908203,132.0272979736328,-67.19147491455078,-0.5089210787906119,989
71_15.png,PED,256,171.26953125,155.8337860107422,15.435745239257812,0.09905262289009503,1113
71_16.png,SRF,6775,63.17889404296875,127.03673553466797,-63.85784149169922,-0.5026722484873094,4709
71_16.png,SRF,770,85.14155578613281,127.32334899902344,-42.181793212890625,-0.33129660462523775,1302
71_16.png,PED,332,160.72288513183594,149.92897033691406,10.793914794921875,0.0719935231374313,1422
71_17.png,SRF,6016,60.890625,131.72837829589844,-70.83775329589844,-0.5377562087402095,4499
71_17.png,SRF,529,68.1587905883789,125.74373626708984,-57.58494567871094,-0.45795478477270524,878
71_17.png,PED,878,149.4772186279297,146.93724060058594,2.53997802734375,0.017286142144509697,2119
71_18.png,SRF,7028,61.24317169189453,127.4027328491211,-66.15956115722656,-0.5192946782042516,4323
71_18.png,SRF,1131,65.68081665039062,121.1644058227539,-55.48358917236328,-0.45791987172806997,1107
71_18.png,PED,1071,151.93743896484375,141.34706115722656,10.590377807617188,0.07492464095760042,2161
71_19.png,SRF,10623,62.11296081542969,126.44547271728516,-64.33251190185547,-0.5087767123595971,7538
71_2.png,SRF,3088,55.188148498535156,122.96119689941406,-67.7730484008789,-0.5511742737533637,4149
71_2.png,SRF,153,66.90196228027344,131.11070251464844,-64.208740234375,-0.48972920595251357,822
71_2.png,PED,807,117.78190612792969,120.58985137939453,-2.8079452514648438,-0.02328508758693639,1675
71_20.png,SRF,14495,72.18026733398438,124.19754028320312,-52.01727294921875,-0.4188269174301331,8616
71_21.png,SRF,14766,69.05282592773438,122.49302673339844,-53.44020080566406,-0.4362713717734699,8320
71_22.png,SRF,14207,61.66579818725586,122.84252166748047,-61.17672348022461,-0.49800934277320064,8236
71_23.png,SRF,13851,58.610496520996094,121.82097625732422,-63.210479736328125,-0.5188800950240926,8189
71_23.png,PED,230,168.295654296875,125.88241577148438,42.413238525390625,0.3369274275954777,944
71_24.png,SRF,12456,50.72374725341797,121.45332336425781,-70.72957611083984,-0.5823601541038989,8098
71_24.png,IRF,104,61.16345977783203,122.125,-60.96154022216797,-0.49917330785807956,672
71_3.png,SRF,3613,59.78245162963867,125.81513977050781,-66.03268814086914,-0.5248389681982278,5166
71_3.png,PED,1661,120.2227554321289,121.80364990234375,-1.5808944702148438,-0.012979040213346055,2847
71_4.png,SRF,3741,58.49826431274414,128.72666931152344,-70.2284049987793,-0.5455622007031339,4800
71_4.png,PED,1192,114.51929473876953,121.22721099853516,-6.707916259765625,-0.05533342064469898,2117
71_5.png,SRF,3975,60.77484130859375,126.6771240234375,-65.90228271484375,-0.5202382294584669,5005
71_5.png,PED,2558,126.23181915283203,113.62422943115234,12.607589721679688,0.11095863782573707,3260
71_6.png,SRF,4325,61.21271514892578,121.84900665283203,-60.63629150390625,-0.49763468057371263,6444
71_6.png,PED,2322,136.94444274902344,118.07667541503906,18.867767333984375,0.15979250150518082,3469
71_7.png,SRF,5103,65.87399291992188,125.10785675048828,-59.233863830566406,-0.4734623817327542,6490
71_7.png,PED,1559,135.5753631591797,121.45374298095703,14.121620178222656,0.11627159304951855,2724
71_8.png,SRF,5464,69.78788757324219,129.56346130371094,-59.77557373046875,-0.4613613524136119,5468
71_8.png,PED,1743,139.99713134765625,129.7889404296875,10.20819091796875,0.07865224019991893,2729
71_9.png,SRF,4291,62.40782928466797,126.88763427734375,-64.47980499267578,-0.5081646084735058,5393
71_9.png,PED,1923,144.21893310546875,131.51876831054688,12.700164794921875,0.09656541768193712,2664
72_10.png,PED,198,170.3030242919922,163.66354370117188,6.6394805908203125,0.040567865272079964,1067
72_11.png,PED,661,175.0423583984375,158.1879119873047,16.854446411132812,0.10654699337889649,1538
72_12.png,PED,508,167.1712646484375,160.35342407226562,6.817840576171875,0.042517586485083816,1709
72_2.png,IRF,96,58.94791793823242,111.46283721923828,-52.51491928100586,-0.47114285434627245,592
72_3.png,IRF,988,70.93623352050781,120.26712799072266,-49.330894470214844,-0.41017770436839734,1299
72_3.png,IRF,23,40.739131927490234,104.71195983886719,-63.97282791137695,-0.6109409852496276,368
72_3.png,IRF,305,77.81311798095703,129.74571228027344,-51.932594299316406,-0.4002644356148966,932
72_4.png,PED,265,133.58868408203125,133.6726531982422,-0.0839691162109375,-0.0006281697430394215,1280
72_5.png,PED,418,128.2200927734375,129.0143280029297,-0.7942352294921875,-0.006156178478673716,1536
72_6.png,IRF,87,66.47126770019531,110.54920196533203,-44.07793426513672,-0.3987177969765847,752
72_6.png,IRF,27,77.9259262084961,117.53794860839844,-39.612022399902344,-0.33701475029037514,448
72_6.png,PED,216,173.75462341308594,130.16009521484375,43.59452819824219,0.334930057682307,1168
72_7.png,IRF,69,53.826087951660156,108.17500305175781,-54.348915100097656,-0.5024165802342864,560
72_7.png,PED,200,187.89999389648438,138.7858428955078,49.11415100097656,0.3538844451011817,1088
72_8.png,IRF,25,55.91999816894531,116.52164459228516,-60.601646423339844,-0.5200891785846992,462
72_8.png,IRF,18,60.05555725097656,115.03546142578125,-54.97990417480469,-0.47793874596032027,423
72_8.png,IRF,21,69.14286041259766,119.26911926269531,-50.126258850097656,-0.42027860321239097,353
72_8.png,IRF,36,58.25,107.67742156982422,-49.42742156982422,-0.45903236583142587,496
72_8.png,PED,463,169.380126953125,148.21331787109375,21.16680908203125,0.14281313842822652,1847
72_9.png,PED,303,174.01319885253906,152.92710876464844,21.086090087890625,0.13788327169868664,1317
73_1.png,PED,263,79.80988311767578,106.97614288330078,-27.166259765625,-0.2539468991255406,1048
73_1.png,PED,205,90.19999694824219,89.36932373046875,0.8306732177734375,0.009294836114892022,815
73_10.png,PED,1321,66.29674530029297,79.00386810302734,-12.707122802734375,-0.1608417803817311,1808
73_11.png,PED,1361,78.0374755859375,84.13926696777344,-6.1017913818359375,-0.07252013954641431,1989
73_12.png,PED,1245,84.9518051147461,86.65735626220703,-1.7055511474609375,-0.019681550661438327,2040
73_13.png,PED,831,71.24067687988281,85.75991821289062,-14.519241333007812,-0.169301016553738,1487
73_13.png,PED,1,101.0,81.24242401123047,19.75757598876953,0.24319284203088723,231
73_14.png,PED,786,51.62849807739258,87.52445983886719,-35.89596176147461,-0.41012491625265884,1472
73_15.png,PED,600,65.11499786376953,87.89024353027344,-22.775245666503906,-0.259132808736149,1312
73_2.png,PED,863,86.80069732666016,93.92366790771484,-7.1229705810546875,-0.0758378664263133,2214
73_3.png,PED,1138,71.15992736816406,90.4245834350586,-19.26465606689453,-0.21304666646023404,2042
73_4.png,PED,1513,69.96430969238281,84.962646484375,-14.998336791992188,-0.17652859712591987,2249
73_5.png,PED,1628,68.20085906982422,84.87740325927734,-16.676544189453125,-0.19647802064008515,2341
73_6.png,PED,1848,66.3912353515625,82.46552276611328,-16.07428741455078,-0.19492130620623466,2509
73_7.png,PED,1900,67.88894653320312,81.60667419433594,-13.717727661132812,-0.16809565879949703,2456
73_8.png,PED,1493,59.41794967651367,79.23008728027344,-19.812137603759766,-0.2500582579655009,1808
73_9.png,PED,1473,64.76171112060547,76.27421569824219,-11.512504577636719,-0.15093573198029012,1889
74_1.png,SRF,72,73.90277862548828,114.44902038574219,-40.546241760253906,-0.3542733841110716,510
74_1.png,PED,465,92.90107727050781,119.78678131103516,-26.885704040527344,-0.22444633494840005,1135
74_10.png,SRF,5978,53.024757385253906,112.31289672851562,-59.28813934326172,-0.5278836275283139,4551
74_10.png,PED,658,133.38601684570312,136.7414093017578,-3.3553924560546875,-0.024538232223788804,1659
74_11.png,SRF,7302,53.38852310180664,108.78914642333984,-55.4006233215332,-0.5092477066227578,4624
74_11.png,PED,1140,128.5394744873047,129.32383728027344,-0.78436279296875,-0.00606510608921124,2353
74_12.png,SRF,7962,51.89324188232422,105.55957794189453,-53.66633605957031,-0.5083985471134703,4859
74_12.png,PED,946,119.98837280273438,122.81977081298828,-2.8313980102539062,-0.023053275474395233,1892
74_12.png,PED,461,84.08460235595703,113.7032241821289,-29.618621826171875,-0.26049060648209066,930
74_13.png,SRF,7954,53.43814468383789,101.6798095703125,-48.24166488647461,-0.4744468453505026,5122
74_13.png,PED,1252,122.86981201171875,120.38082885742188,2.488983154296875,0.020675909760056625,3025
74_13.png,PED,515,67.49903106689453,95.56370544433594,-28.064674377441406,-0.29367503328749167,1036
74_14.png,SRF,5805,53.245479583740234,108.84075164794922,-55.595272064208984,-0.510794635487585,2606
74_14.png,SRF,1301,58.493465423583984,113.38780212402344,-54.89433670043945,-0.4841291185836383,2344
74_14.png,PED,4796,93.8221435546875,113.76660919189453,-19.94446563720703,-0.17531036372514128,4366
74_15.png,SRF,6067,53.2239990234375,105.16487884521484,-51.940879821777344,-0.4938994880432055,2802
74_15.png,SRF,1302,53.37327194213867,110.66607666015625,-57.29280471801758,-0.517708826833698,2258
74_15.png,IRF,256,59.23046875,112.90919494628906,-53.67872619628906,-0.4754150113445061,848
74_15.png,IRF,37,63.16216278076172,116.60606384277344,-53.44390106201172,-0.4583286606267163,528
74_15.png,IRF,66,40.15151596069336,59.87867736816406,-19.727161407470703,-0.329452190237574,544
74_15.png,PED,4432,76.2323989868164,102.80379486083984,-26.571395874023438,-0.2584670722514841,2161
74_15.png,PED,1290,116.46434020996094,120.73292541503906,-4.268585205078125,-0.035355601551144145,2445
74_16.png,SRF,5727,55.063209533691406,106.40837860107422,-51.34516906738281,-0.48252938107323506,2865
74_16.png,SRF,1469,53.71477127075195,110.41963195800781,-56.70486068725586,-0.5135396639324111,2109
74_16.png,IRF,587,49.22487258911133,109.46785736083984,-60.242984771728516,-0.550325787168274,1120
74_16.png,IRF,80,56.875,116.29166412353516,-59.416664123535156,-0.5109279721065613,576
74_16.png,PED,5715,69.19842529296875,99.72286224365234,-30.524436950683594,-0.3060926678588847,2432
74_16.png,PED,337,113.0207748413086,117.53656768798828,-4.5157928466796875,-0.03842032258987925,1135
74_16.png,PED,621,105.29790496826172,127.32412719726562,-22.026222229003906,-0.17299331017504854,1484
74_17.png,SRF,5104,56.44337844848633,102.48007202148438,-46.03669357299805,-0.449225812051993,3864
74_17.png,SRF,1537,51.30253601074219,110.8338394165039,-59.53130340576172,-0.5371220894193539,1986
74_17.png,IRF,184,50.3532600402832,102.35478210449219,-52.001522064208984,-0.5080517098958948,575
74_17.png,IRF,561,49.005348205566406,103.87797546386719,-54.87262725830078,-0.5282412081412544,1049
74_17.png,PED,7135,73.59495544433594,102.54181671142578,-28.946861267089844,-0.28229323602245504,2798
74_17.png,PED,671,122.23993682861328,123.22608947753906,-0.9861526489257812,-0.008002791073764712,1694
74_18.png,SRF,3565,53.755401611328125,101.65335845947266,-47.89795684814453,-0.47118912325204265,2354
74_18.png,SRF,1925,50.52103805541992,105.62650299072266,-55.105464935302734,-0.5217011202211507,2332
74_18.png,IRF,1368,45.921783447265625,108.7210464477539,-62.79926300048828,-0.5776182721959596,1796
74_18.png,PED,9621,68.45026397705078,104.92399597167969,-36.473731994628906,-0.34762050050470467,3263
74_18.png,PED,967,122.53878021240234,118.58360290527344,3.9551773071289062,0.03335349247474263,1878
74_19.png,SRF,3107,54.11039733886719,104.27964782714844,-50.16925048828125,-0.48110299117466004,2049
74_19.png,SRF,2302,55.970027923583984,108.5152359008789,-52.54520797729492,-0.48421963552925695,2626
74_19.png,IRF,1255,44.114742279052734,104.9834213256836,-60.86867904663086,-0.5797932500008902,1568
74_19.png,PED,10023,68.50005340576172,106.8861083984375,-38.38605499267578,-0.3591304386308532,3240
74_19.png,PED,865,119.74219512939453,120.96619415283203,-1.2239990234375,-0.010118521393597502,2130
74_2.png,PED,478,108.7907943725586,113.01773071289062,-4.226936340332031,-0.03740064778924033,1297
74_20.png,SRF,2606,56.6147346496582,105.68924713134766,-49.07451248168945,-0.4643283381581952,1934
74_20.png,SRF,2572,54.71695327758789,101.34964752197266,-46.632694244384766,-0.4601169849581842,2554
74_20.png,IRF,1176,42.59608840942383,105.5458755493164,-62.94978713989258,-0.596421099472326,1504
74_20.png,IRF,42,62.404762268066406,110.38900756835938,-47.98424530029297,-0.4346831841076051,473
74_20.png,PED,11957,73.74617004394531,102.5713882446289,-28.825218200683594,-0.28102591467258425,3516
74_20.png,PED,1198,113.42904663085938,114.7148208618164,-1.2857742309570312,-0.011208440385448135,2125
74_21.png,SRF,2560,54.16093826293945,106.66851806640625,-52.5075798034668,-0.4922500167366938,1979
74_21.png,SRF,3073,54.301334381103516,105.92198944091797,-51.62065505981445,-0.48734597350635905,2538
74_21.png,IRF,576,51.31423568725586,109.81675720214844,-58.50252151489258,-0.5327285471305835,1146
74_21.png,IRF,94,55.59574508666992,112.85785675048828,-57.26211166381836,-0.5073825900346155,598
74_21.png,IRF,63,74.87301635742188,118.01736450195312,-43.14434814453125,-0.36557627198849396,576
74_21.png,PED,11909,70.36695098876953,101.47053527832031,-31.10358428955078,-0.3065282370319398,3377
74_21.png,PED,1159,110.44607543945312,120.81330108642578,-10.367225646972656,-0.08581195575109972,2180
74_22.png,SRF,3135,51.39808654785156,101.43780517578125,-50.03971862792969,-0.4933044296573257,2846
74_22.png,SRF,2219,50.786842346191406,101.73707580566406,-50.950233459472656,-0.5008030067307683,2012
74_22.png,IRF,283,33.363956451416016,80.14167022705078,-46.777713775634766,-0.5836877824371266,960
74_22.png,IRF,339,49.64306640625,88.42982482910156,-38.78675842285156,-0.4386162530323948,912
74_22.png,IRF,248,60.665321350097656,108.03605651855469,-47.37073516845703,-0.43847153158835755,832
74_22.png,PED,12477,73.21183013916016,107.31433868408203,-34.102508544921875,-0.3177814722906205,5370
74_23.png,SRF,2512,51.158042907714844,103.78287506103516,-52.62483215332031,-0.5070666246466137,2593
74_23.png,SRF,3242,46.968231201171875,100.99131774902344,-54.02308654785156,-0.5349280289827087,2649
74_23.png,IRF,703,43.19203567504883,87.99182891845703,-44.7997932434082,-0.5091358344753198,1101
74_23.png,IRF,457,39.7089729309082,85.5840835571289,-45.8751106262207,-0.5360238577024459,892
74_23.png,IRF,151,54.754966735839844,108.31111145019531,-53.55614471435547,-0.49446584009048955,720
74_23.png,PED,12130,74.24476623535156,108.2868423461914,-34.042076110839844,-0.3143694596062543,5191
74_24.png,SRF,2781,54.91477966308594,105.87928009033203,-50.964500427246094,-0.481345362225406,2543
74_24.png,SRF,3394,48.425750732421875,102.70284271240234,-54.27709197998047,-0.5284867540811117,2571
74_24.png,IRF,562,43.44662094116211,92.59765625,-49.15103530883789,-0.530802153092702,1024
74_24.png,IRF,359,45.85793685913086,89.00242614746094,-43.14448928833008,-0.4847563280673659,824
74_24.png,IRF,147,60.63945388793945,107.85369110107422,-47.214237213134766,-0.4377619044014759,704
74_24.png,IRF,110,55.28181838989258,109.97479248046875,-54.69297409057617,-0.4973228215028413,595
74_24.png,IRF,136,62.97793960571289,108.49004364013672,-45.51210403442383,-0.41950489194555246,653
74_24.png,PED,11896,67.79447174072266,104.10511779785156,-36.310646057128906,-0.34878829038583786,4414
74_25.png,SRF,2885,53.48734664916992,102.28850555419922,-48.8011589050293,-0.4770932827752695,3324
74_25.png,SRF,3250,49.27692413330078,105.59514617919922,-56.31822204589844,-0.5333410112461433,2349
74_25.png,IRF,281,44.185054779052734,104.74603271484375,-60.560977935791016,-0.5781696582309681,819
74_25.png,IRF,237,44.966243743896484,106.30904388427734,-61.34280014038086,-0.5770233453247452,796
74_25.png,IRF,245,47.159183502197266,93.09208679199219,-45.93290328979492,-0.4934136173403096,771
74_25.png,IRF,37,44.0,102.84308624267578,-58.84308624267578,-0.5721637534663778,376
74_25.png,IRF,74,45.378379821777344,103.53529357910156,-58.15691375732422,-0.5617110044981135,510
74_25.png,IRF,83,68.93975830078125,114.49305725097656,-45.55329895019531,-0.39786953064183955,576
74_25.png,PED,11854,69.72321319580078,104.49942016601562,-34.776206970214844,-0.33278851609862287,4329
74_26.png,SRF,3263,54.35243606567383,99.96051788330078,-45.60808181762695,-0.4562609596608158,3318
74_26.png,SRF,3079,46.68366241455078,99.51370239257812,-52.830039978027344,-0.5308820665682266,2445
74_26.png,IRF,419,53.68496322631836,105.9063949584961,-52.221431732177734,-0.49309044796249474,1079
74_26.png,PED,11770,74.09379577636719,103.4649887084961,-29.371192932128906,-0.2838756694293929,4841
74_27.png,SRF,3268,51.58139419555664,102.63867950439453,-51.05728530883789,-0.49744682565457055,3025
74_27.png,SRF,3422,47.30683898925781,103.28914642333984,-55.98230743408203,-0.5419960312638611,2497
74_27.png,IRF,34,48.97058868408203,99.48706817626953,-50.5164794921875,-0.5077693052797901,464
74_27.png,IRF,305,55.86557388305664,105.66736602783203,-49.80179214477539,-0.4713072163799176,950
74_27.png,IRF,269,57.836429595947266,108.82262420654297,-50.9861946105957,-0.46852568555804186,778
74_27.png,IRF,87,57.701148986816406,108.01901245117188,-50.31786346435547,-0.4658241389412886,526
74_27.png,IRF,88,67.57954406738281,103.58255767822266,-36.003013610839844,-0.34757795538011865,539
74_27.png,IRF,31,48.0,91.35420989990234,-43.354209899902344,-0.4745726545870842,463
74_27.png,PED,11302,70.79499053955078,104.26551055908203,-33.47052001953125,-0.3210123830982939,4433
74_28.png,SRF,4162,51.74411392211914,100.98562622070312,-49.241512298583984,-0.487609119648049,3618
74_28.png,SRF,3424,48.45268630981445,102.4433822631836,-53.99069595336914,-0.5270296114849429,2711
74_28.png,IRF,21,40.761905670166016,108.90277862548828,-68.14087295532227,-0.625703713122469,432
74_28.png,IRF,83,48.638553619384766,103.71652221679688,-55.07796859741211,-0.5310433421811385,575
74_28.png,IRF,100,43.27000045776367,102.26644897460938,-58.9964485168457,-0.576889577260019,623
74_28.png,IRF,180,56.64444351196289,107.25108337402344,-50.60663986206055,-0.4718520155696408,693
74_28.png,IRF,120,52.07500076293945,105.19207000732422,-53.117069244384766,-0.5049531703358093,656
74_28.png,PED,11013,73.05575561523438,106.38116455078125,-33.325408935546875,-0.3132641861580574,5255
74_29.png,SRF,4094,50.73497772216797,103.74943542480469,-53.01445770263672,-0.5109855054687062,3113
74_29.png,SRF,3291,50.276206970214844,105.54450988769531,-55.26830291748047,-0.5236492450084683,2404
74_29.png,IRF,53,57.075469970703125,112.84280395507812,-55.767333984375,-0.4942037243825983,528
74_29.png,IRF,74,49.297298431396484,109.0037841796875,-59.706485748291016,-0.5477469080327316,529
74_29.png,IRF,125,59.880001068115234,106.90958404541016,-47.02958297729492,-0.43990053274661484,553
74_29.png,IRF,121,61.62809753417969,110.05194854736328,-48.423851013183594,-0.4400090289391225,616
74_29.png,IRF,53,51.54716873168945,97.88636016845703,-46.33919143676758,-0.4733978396685747,528
74_29.png,IRF,54,54.185184478759766,97.73674011230469,-43.55155563354492,-0.4456006572707651,528
74_29.png,PED,10777,76.03340148925781,108.21483612060547,-32.181434631347656,-0.29738468203640245,5083
74_3.png,SRF,99,74.8484878540039,108.0986328125,-33.250144958496094,-0.30759080011834533,730
74_3.png,PED,376,128.77394104003906,124.74402618408203,4.029914855957031,0.03230547369066134,1172
74_30.png,SRF,4953,50.95235061645508,100.81396484375,-49.86161422729492,-0.4945903506976902,3408
74_30.png,SRF,3178,45.615482330322266,100.83775329589844,-55.22227096557617,-0.5476348803957568,2527
74_30.png,IRF,77,50.40259552001953,93.52083587646484,-43.11824035644531,-0.4610549077363017,624
74_30.png,IRF,102,50.32352828979492,90.04306030273438,-39.71953201293945,-0.4411170819760918,627
74_30.png,IRF,31,42.032257080078125,89.60775756835938,-47.57550048828125,-0.530930599976092,464
74_30.png,PED,8878,73.90943908691406,105.87663269042969,-31.967193603515625,-0.30192869560730917,4677
74_31.png,SRF,5365,50.49245071411133,97.97325897216797,-47.48080825805664,-0.4846302833668612,3478
74_31.png,SRF,3365,50.691532135009766,105.36125946044922,-54.66972732543945,-0.518878832745555,2638
74_31.png,IRF,53,54.943397521972656,89.20683288574219,-34.26343536376953,-0.38408980854252267,527
74_31.png,IRF,81,62.2716064453125,92.54483795166016,-30.273231506347656,-0.32711961224850344,591
74_31.png,PED,8468,82.0218505859375,99.27032470703125,-17.24847412109375,-0.1737525707908967,4084
74_32.png,SRF,5773,49.498008728027344,98.34522247314453,-48.84721374511719,-0.49669127301487437,3812
74_32.png,SRF,3400,47.26441192626953,102.44229888916016,-55.177886962890625,-0.5386240601901333,2747
74_32.png,IRF,118,62.694915771484375,98.82764434814453,-36.132728576660156,-0.3656135772028906,615
74_32.png,IRF,139,56.59712219238281,93.51036834716797,-36.913246154785156,-0.3947503021027625,627
74_32.png,PED,6684,81.71424102783203,96.77339172363281,-15.059150695800781,-0.1556125131875813,4126
74_33.png,SRF,7833,47.62989807128906,93.95863342285156,-46.3287353515625,-0.4930758746039291,4206
74_33.png,SRF,3196,43.56508255004883,95.71675109863281,-52.151668548583984,-0.5448541446506421,2549
74_33.png,IRF,178,54.741573333740234,92.7155990600586,-37.97402572631836,-0.40957536931536015,872
74_33.png,IRF,201,54.71144104003906,92.78958129882812,-38.07814025878906,-0.410370859807619,960
74_33.png,PED,2722,76.82255554199219,95.36143493652344,-18.53887939453125,-0.19440646427847383,3226
74_34.png,SRF,12299,45.36075973510742,100.49124908447266,-55.130489349365234,-0.5486098526153527,6455
74_34.png,IRF,37,51.24324417114258,88.64112854003906,-37.397884368896484,-0.4219021687207414,496
74_34.png,PED,1977,86.37986755371094,103.47904968261719,-17.09918212890625,-0.16524293739990384,2983
74_4.png,SRF,84,73.78571319580078,123.03247833251953,-49.24676513671875,-0.4002745112848955,585
74_4.png,SRF,696,69.44396209716797,120.66922760009766,-51.22526550292969,-0.42450976542828417,2083
74_4.png,PED,260,115.69615173339844,127.85195922851562,-12.155807495117188,-0.09507720936360904,1020
74_5.png,SRF,1204,63.16694259643555,114.50055694580078,-51.333614349365234,-0.44832632887248025,2679
74_5.png,PED,173,141.410400390625,146.95774841308594,-5.5473480224609375,-0.03774791109937127,710
74_6.png,SRF,2176,55.61121368408203,115.47887420654297,-59.86766052246094,-0.518429547688376,3195
74_6.png,PED,206,138.1165008544922,134.7990264892578,3.317474365234375,0.02461052169021967,617
74_7.png,SRF,2920,55.98424530029297,113.72779846191406,-57.743553161621094,-0.5077347310205661,3795
74_7.png,PED,294,115.39795684814453,130.32240295410156,-14.924446105957031,-0.11451942081833232,732
74_8.png,SRF,3841,55.520957946777344,113.27025604248047,-57.749298095703125,-0.5098363870038842,3789
74_8.png,PED,411,134.36495971679688,133.1572723388672,1.2076873779296875,0.009069631396896498,1170
74_9.png,SRF,4691,54.5655517578125,116.54137420654297,-61.97582244873047,-0.5317924459934072,4592
75_1.png,IRF,42,52.761905670166016,69.52822875976562,-16.76632308959961,-0.24114411353021395,496
75_1.png,IRF,146,47.082191467285156,69.34375,-22.261558532714844,-0.32103193918290895,736
75_1.png,IRF,267,40.88764190673828,63.83258819580078,-22.9449462890625,-0.3594550516842732,896
75_10.png,SRF,900,71.08555603027344,88.02552032470703,-16.939964294433594,-0.1924437848472323,1920
75_10.png,IRF,442,41.264705657958984,68.0190200805664,-26.754314422607422,-0.3933357815346027,999
75_10.png,PED,324,140.22531127929688,122.332275390625,17.893035888671875,0.14626586345702122,1264
75_10.png,PED,209,111.19139099121094,102.54120635986328,8.650184631347656,0.08435813209560128,728
75_10.png,PED,251,71.83665466308594,75.2359848022461,-3.3993301391601562,-0.045182237570161675,678
75_11.png,SRF,4341,56.272979736328125,86.68974304199219,-30.416763305664062,-0.35086922902667156,4016
75_11.png,IRF,270,40.285186767578125,64.86556243896484,-24.58037567138672,-0.3789433830087512,848
75_11.png,IRF,602,42.93189239501953,71.92463684082031,-28.99274444580078,-0.40309893409633674,1380
75_11.png,PED,208,138.8076934814453,124.11458587646484,14.693107604980469,0.11838340756826907,960
75_11.png,PED,126,66.76190185546875,66.001953125,0.75994873046875,0.011514033971532566,513
75_12.png,SRF,7058,55.6260986328125,83.47315979003906,-27.847061157226562,-0.333604972272172,3986
75_12.png,PED,310,148.6032257080078,124.0492935180664,24.553932189941406,0.19793689664476322,1136
75_13.png,SRF,7992,57.65290451049805,84.25321960449219,-26.60031509399414,-0.3157186778008407,4344
75_13.png,IRF,328,44.06402587890625,69.46666717529297,-25.40264129638672,-0.36568101406514014,960
75_13.png,IRF,276,49.25,72.7717514038086,-23.521751403808594,-0.3232264024166052,977
75_13.png,PED,329,154.0,118.22916412353516,35.770835876464844,0.3025550940974991,1152
75_14.png,SRF,8153,58.28075408935547,80.41695404052734,-22.136199951171875,-0.2752678239966164,4293
75_14.png,IRF,59,36.38983154296875,70.4798355102539,-34.090003967285156,-0.48368449955201015,496
75_14.png,IRF,70,43.900001525878906,71.14464569091797,-27.244644165039062,-0.38294721831072387,560
75_14.png,IRF,223,46.327354431152344,75.25399017333984,-28.9266357421875,-0.3843867371757692,752
75_14.png,IRF,18,38.33333206176758,73.4375,-35.10416793823242,-0.47801420171210107,432
75_14.png,IRF,257,36.51750946044922,63.03472137451172,-26.5172119140625,-0.42067627707139854,864
75_14.png,PED,152,158.875,120.0864486694336,38.788551330566406,0.32300523298295786,937
75_15.png,SRF,6675,57.1818733215332,86.05537414550781,-28.87350082397461,-0.33552234373129897,3431
75_15.png,IRF,179,51.17877197265625,74.06575012207031,-22.886978149414062,-0.3090089293862986,730
75_15.png,IRF,737,41.8941650390625,67.89146423339844,-25.997299194335938,-0.3829244145473425,1594
75_15.png,PED,247,98.7125473022461,87.23835754394531,11.474189758300781,0.13152688887477954,730
75_16.png,SRF,336,54.55952453613281,95.4970474243164,-40.937522888183594,-0.42867841459315814,678
75_16.png,IRF,342,42.32163619995117,63.76725769042969,-21.445621490478516,-0.33631086339936983,1130
75_16.png,PED,1966,68.47660064697266,66.30990600585938,2.1666946411132812,0.03267527842554662,2291
75_17.png,SRF,360,59.82222366333008,92.39771270751953,-32.57548904418945,-0.352557310020277,963
75_17.png,PED,1614,62.657371520996094,67.00210571289062,-4.344734191894531,-0.06484474100727616,2372
75_18.png,SRF,253,54.60869598388672,96.63479614257812,-42.026100158691406,-0.43489614337970695,1161
75_18.png,PED,1513,60.13086700439453,67.95336151123047,-7.8224945068359375,-0.11511563714979921,2337
75_19.png,SRF,214,64.25233459472656,93.7425537109375,-29.490219116210938,-0.31458732399318173,571
75_19.png,PED,1846,63.57583999633789,69.5899887084961,-6.014148712158203,-0.08642261370885879,2178
75_2.png,SRF,485,57.03092956542969,92.48958587646484,-35.458656311035156,-0.38337998786583455,1728
75_2.png,IRF,237,47.24050521850586,69.67253112792969,-22.432025909423828,-0.3219636999872319,910
75_2.png,IRF,107,39.8317756652832,72.51487731933594,-32.683101654052734,-0.4507089146703673,672
75_2.png,IRF,56,33.80356979370117,69.65862274169922,-35.85505294799805,-0.5147252635320108,580
75_20.png,SRF,57,33.26315689086914,80.97916412353516,-47.716007232666016,-0.5892380805496387,672
75_20.png,IRF,149,33.87919616699219,61.192935943603516,-27.313739776611328,-0.4463544583280683,736
75_20.png,PED,2082,62.31940460205078,79.4171142578125,-17.09770965576172,-0.2152899890098911,2793
75_21.png,SRF,162,75.93209838867188,93.53233337402344,-17.600234985351562,-0.18817273503666962,665
75_21.png,IRF,521,44.33781051635742,70.21617889404297,-25.878368377685547,-0.3685527863419669,1323
75_21.png,IRF,162,36.302467346191406,58.94166564941406,-22.639198303222656,-0.38409498703143136,720
75_21.png,PED,1546,74.0342788696289,83.2335205078125,-9.199241638183594,-0.11052327934777348,3019
75_22.png,SRF,84,60.85714340209961,99.03890991210938,-38.181766510009766,-0.3855228873570359,514
75_22.png,IRF,36,36.38888931274414,74.83472442626953,-38.44583511352539,-0.5137432576691576,478
75_22.png,IRF,283,45.01060104370117,70.24539184570312,-25.234790802001953,-0.35923766867770063,1031
75_22.png,IRF,45,40.75555419921875,66.3531265258789,-25.597572326660156,-0.3857779379344942,640
75_22.png,PED,851,91.7955322265625,85.27698516845703,6.518547058105469,0.07643969876782891,2455
75_3.png,SRF,621,50.008052825927734,88.34261322021484,-38.33456039428711,-0.43393056869088936,1760
75_3.png,IRF,75,52.959999084472656,67.31890869140625,-14.358909606933594,-0.21329682679135012,624
75_3.png,IRF,206,50.83495330810547,71.72671508789062,-20.891761779785156,-0.29126890523545307,816
75_3.png,IRF,114,42.438594818115234,70.21428680419922,-27.775691986083984,-0.3955846203143779,784
75_4.png,SRF,809,52.419036865234375,89.09528350830078,-36.676246643066406,-0.4116519438388607,2120
75_4.png,IRF,80,48.337501525878906,67.28618621826172,-18.948684692382812,-0.28161329624058956,608
75_5.png,SRF,1580,54.431644439697266,83.12299346923828,-28.691349029541016,-0.3451674179679171,2992
75_5.png,IRF,63,44.57143020629883,70.96691131591797,-26.39548110961914,-0.3719406779888785,544
75_5.png,IRF,172,44.66279220581055,72.23231506347656,-27.569522857666016,-0.3816785165121508,848
75_6.png,SRF,2271,60.81637954711914,87.75534057617188,-26.938961029052734,-0.3069780238123473,3699
75_6.png,IRF,125,53.57600021362305,67.55952453613281,-13.983524322509766,-0.20698079831854008,672
75_6.png,IRF,815,44.17546081542969,63.067543029785156,-18.89208221435547,-0.2995531664430503,1673
75_7.png,SRF,2149,56.479759216308594,90.42607879638672,-33.946319580078125,-0.37540408731551195,2293
75_7.png,IRF,130,45.35384750366211,67.86956787109375,-22.51572036743164,-0.33174987072551093,736
75_7.png,IRF,397,43.69017791748047,66.25605010986328,-22.565872192382812,-0.3405858356325941,992
75_7.png,IRF,235,43.536170959472656,65.11084747314453,-21.574676513671875,-0.3313530287341217,848
75_7.png,PED,173,156.14451599121094,120.25240325927734,35.892112731933594,0.29847314281566806,832
75_7.png,PED,266,110.018798828125,95.14183044433594,14.876968383789062,0.1563662199298661,973
75_7.png,PED,781,79.62227630615234,72.06906127929688,7.553215026855469,0.1048052367101563,1419
75_8.png,SRF,4,63.5,90.15217590332031,-26.652175903320312,-0.2956354146338326,138
75_8.png,SRF,1,160.0,72.34751892089844,87.65248107910156,1.2115478510733297,141
75_8.png,SRF,78,103.17948913574219,94.54723358154297,8.632255554199219,0.09130098499131935,614
75_8.png,SRF,4,72.0,100.37179565429688,-28.371795654296875,-0.28266701287297624,156
75_8.png,SRF,14,76.42857360839844,110.2239990234375,-33.79542541503906,-0.3066067799613491,250
75_8.png,SRF,18,78.77777862548828,126.20318603515625,-47.42540740966797,-0.37578613424590357,251
75_8.png,PED,135,149.92591857910156,127.7421875,22.183731079101562,0.1736601784676778,768
75_8.png,PED,125,142.75999450683594,126.38541412353516,16.37458038330078,0.12956068148256003,768
75_8.png,PED,1068,91.2977523803711,81.91580200195312,9.381950378417969,0.11453163063940061,2506
75_9.png,SRF,1178,59.66893005371094,89.30289459228516,-29.63396453857422,-0.3318365510308362,1763
75_9.png,IRF,512,44.068359375,66.74909210205078,-22.68073272705078,-0.3397908797377327,1104
75_9.png,PED,492,146.5,116.54661560058594,29.953384399414062,0.2570077581837861,1641
75_9.png,PED,481,107.96881866455078,97.4251708984375,10.543647766113281,0.10822303588365971,1009
75_9.png,PED,203,83.93595886230469,75.4871826171875,8.448776245117188,0.11192332197590198,585
76_1.png,SRF,246,85.5406494140625,77.32086944580078,8.219779968261719,0.10630739187462832,1150
76_10.png,SRF,43,62.79069900512695,99.69464111328125,-36.9039421081543,-0.37016976736212936,560
76_2.png,SRF,233,82.66952514648438,79.1966323852539,3.4728927612304688,0.04385152065982426,1424
76_3.png,SRF,145,81.32413482666016,88.99256134033203,-7.668426513671875,-0.08616929772754492,1344
76_3.png,PED,450,66.55110931396484,82.63667297363281,-16.08556365966797,-0.1946540571012636,889
76_4.png,PED,742,66.60377502441406,102.68922424316406,-36.08544921875,-0.35140443882700945,1448
76_5.png,IRF,19,46.52631759643555,78.99553680419922,-32.46921920776367,-0.411025996167896,448
76_5.png,IRF,102,37.411766052246094,48.051612854003906,-10.639846801757812,-0.22142538345351806,465
76_5.png,PED,739,57.408660888671875,99.40552520751953,-41.996864318847656,-0.42248018136994664,1376
76_6.png,IRF,60,28.883333206176758,49.912105560302734,-21.028772354125977,-0.4213160738875154,603
76_6.png,PED,780,67.94102478027344,97.50694274902344,-29.56591796875,-0.30321859280165064,1369
77_1.png,SRF,2406,58.18412399291992,93.27348327636719,-35.089359283447266,-0.37619865851346307,2779
77_1.png,SRF,211,102.96208190917969,108.71174621582031,-5.749664306640625,-0.052889080589562855,843
77_1.png,PED,914,67.4759292602539,94.36861419677734,-26.892684936523438,-0.2849748845569231,1351
77_10.png,SRF,3713,53.3681640625,61.83206558227539,-8.46390151977539,-0.13688531088312259,1578
77_10.png,SRF,2293,54.16353988647461,83.06253814697266,-28.898998260498047,-0.34791855516579007,1631
77_10.png,SRF,110,73.20909118652344,117.82059478759766,-44.61150360107422,-0.3786392666027369,301
77_10.png,IRF,109,73.89908599853516,122.64592742919922,-48.74684143066406,-0.3974599275528699,675
77_10.png,IRF,45,47.266666412353516,97.5101089477539,-50.24344253540039,-0.5152639359917126,445
77_10.png,PED,7166,52.625732421875,75.2413558959961,-22.615623474121094,-0.3005743743557998,3182
77_11.png,SRF,6555,42.21632385253906,71.88136291503906,-29.6650390625,-0.41269444344791995,3633
77_11.png,IRF,113,65.0531005859375,114.01676940917969,-48.96366882324219,-0.4294426958154108,656
77_11.png,IRF,61,56.22950744628906,79.3834457397461,-23.15393829345703,-0.2916721248075555,592
77_11.png,PED,9309,51.86969757080078,79.92898559570312,-28.059288024902344,-0.35105272281111966,3774
77_2.png,SRF,2701,63.027767181396484,95.3867416381836,-32.35897445678711,-0.33923975073527113,3077
77_2.png,SRF,185,95.654052734375,113.16981506347656,-17.515762329101562,-0.15477415350795645,901
77_2.png,PED,1810,60.80110549926758,89.34086608886719,-28.53976058959961,-0.31944799551429426,1725
77_3.png,SRF,3122,65.4333724975586,93.06230163574219,-27.628929138183594,-0.29688637238230764,3162
77_3.png,SRF,206,98.60679626464844,109.15831756591797,-10.551521301269531,-0.09666254974017653,878
77_3.png,PED,2188,59.247257232666016,87.30542755126953,-28.058170318603516,-0.321379450345473,1899
77_4.png,SRF,3400,66.6932373046875,89.6307144165039,-22.937477111816406,-0.25591090354617185,3301
77_4.png,SRF,200,93.7699966430664,103.22222137451172,-9.452224731445312,-0.09157160740758206,828
77_4.png,PED,2870,59.7557487487793,89.16383361816406,-29.408084869384766,-0.3298207768333761,2057
77_5.png,SRF,3508,59.14081954956055,89.58876037597656,-30.447940826416016,-0.3398634013757456,3042
77_5.png,SRF,122,64.91802978515625,112.041015625,-47.12298583984375,-0.420586921467794,707
77_5.png,IRF,111,35.68468475341797,67.78044891357422,-32.09576416015625,-0.47352539964851886,583
77_5.png,PED,4362,57.817745208740234,83.18302917480469,-25.365283966064453,-0.3049334006911514,2546
77_6.png,SRF,2282,48.450042724609375,72.5614013671875,-24.111358642578125,-0.33228904332436665,2451
77_6.png,SRF,217,67.14286041259766,109.7227554321289,-42.57989501953125,-0.3880680434230423,624
77_6.png,IRF,28,35.17856979370117,82.26007843017578,-47.08150863647461,-0.5723494255653848,496
77_6.png,IRF,326,44.69325256347656,68.80966186523438,-24.116409301757812,-0.3504799856303678,1014
77_6.png,IRF,198,57.5,69.24413299560547,-11.744132995605469,-0.16960473743458962,639
77_6.png,IRF,128,45.65625,67.88095092773438,-22.224700927734375,-0.32740703575874547,588
77_6.png,IRF,140,46.11428451538086,78.78114318847656,-32.6668586730957,-0.4146532704525914,594
77_6.png,IRF,89,54.03370666503906,76.74067687988281,-22.70697021484375,-0.29589223262111036,563
77_6.png,PED,5292,55.624717712402344,84.71501922607422,-29.090301513671875,-0.3433901305746059,2716
77_7.png,SRF,3013,51.13309097290039,72.39966583251953,-21.26657485961914,-0.2937385775897725,2412
77_7.png,SRF,240,65.82917022705078,103.76825714111328,-37.9390869140625,-0.36561360823926686,630
77_7.png,IRF,257,50.86381149291992,79.6729507446289,-28.809139251708984,-0.3615924725073789,902
77_7.png,IRF,144,54.11111068725586,73.48084259033203,-19.369731903076172,-0.26360247406341897,757
77_7.png,PED,5872,59.28780746459961,77.48741912841797,-18.19961166381836,-0.23487182653040226,2862
77_8.png,SRF,2387,52.65940475463867,68.39566040039062,-15.736255645751953,-0.23007681413749576,1658
77_8.png,SRF,1256,57.899681091308594,86.24889373779297,-28.349212646484375,-0.3286907393000239,1358
77_8.png,IRF,179,49.49720764160156,91.58536529541016,-42.088157653808594,-0.45955112498653605,738
77_8.png,PED,6551,57.27751541137695,78.95703887939453,-21.679523468017578,-0.27457366405460903,2956
77_9.png,SRF,136,37.57352828979492,70.6736068725586,-33.10007858276367,-0.46835134143430696,913
77_9.png,SRF,2335,49.49507522583008,67.2637710571289,-17.768695831298828,-0.2641644313430985,1543
77_9.png,SRF,1373,53.38965606689453,79.15727996826172,-25.767623901367188,-0.3255243726375991,1278
77_9.png,SRF,191,63.450260162353516,101.23017883300781,-37.7799186706543,-0.373208060147529,391
77_9.png,IRF,114,48.1315803527832,86.31407165527344,-38.182491302490234,-0.44236693473325955,675
77_9.png,PED,6981,51.58229446411133,72.04161071777344,-20.45931625366211,-0.28399304304580986,3004
78_1.png,SRF,6486,47.29262924194336,109.55146789550781,-62.25883865356445,-0.5683067497821943,5052
78_10.png,SRF,4487,51.40316390991211,118.09735107421875,-66.69418716430664,-0.5647390611021615,3431
78_10.png,SRF,368,70.32608795166016,109.56047058105469,-39.23438262939453,-0.35810710214473085,1108
78_10.png,PED,2137,93.35049438476562,120.83827209472656,-27.487777709960938,-0.22747575940520684,2900
78_11.png,SRF,4326,57.34442901611328,111.37096405029297,-54.02653503417969,-0.4851043132730929,2728
78_11.png,SRF,347,67.40057373046875,106.75021362304688,-39.349639892578125,-0.3686141559540891,1177
78_11.png,PED,2069,95.86756896972656,116.59290313720703,-20.72533416748047,-0.1777581105694813,2282
78_12.png,SRF,4315,52.82155227661133,115.2479019165039,-62.42634963989258,-0.5416701614674072,3578
78_12.png,SRF,253,61.181819915771484,107.23707580566406,-46.05525588989258,-0.4294713889192046,1219
78_12.png,PED,2183,101.06687927246094,116.45710754394531,-15.390228271484375,-0.13215361944033208,2448
78_13.png,SRF,3943,50.65381622314453,114.17607879638672,-63.52226257324219,-0.55635351330048,3453
78_13.png,SRF,282,69.2127685546875,102.44552612304688,-33.232757568359375,-0.3243944252718626,1028
78_13.png,PED,2116,93.34593200683594,115.12763977050781,-21.781707763671875,-0.1891961635545636,2460
78_14.png,SRF,3790,53.03614807128906,111.05905151367188,-58.02290344238281,-0.5224509182418141,3912
78_14.png,IRF,175,50.005714416503906,89.77083587646484,-39.76512145996094,-0.4429625843596064,816
78_14.png,PED,2119,95.31099700927734,110.53591918945312,-15.224922180175781,-0.13773732820804624,2603
78_15.png,SRF,3536,53.624717712402344,112.79095458984375,-59.166236877441406,-0.5245654413742237,4310
78_15.png,PED,1576,88.97969818115234,111.18049621582031,-22.20079803466797,-0.19968248739934055,2000
78_16.png,SRF,2729,53.4202995300293,112.2069091796875,-58.7866096496582,-0.5239125654510068,2895
78_16.png,SRF,430,76.41162872314453,114.80134582519531,-38.38971710205078,-0.3344012809789329,1490
78_16.png,PED,1735,84.61959838867188,110.95577239990234,-26.33617401123047,-0.23735740323910942,2148
78_17.png,SRF,2340,50.58461380004883,109.49410247802734,-58.909488677978516,-0.5380151747424035,2712
78_17.png,SRF,233,71.72103118896484,111.55719757080078,-39.83616638183594,-0.3570918528726356,1014
78_17.png,PED,1047,74.10697174072266,117.77263641357422,-43.66566467285156,-0.37076239441149805,1447
78_18.png,SRF,2042,52.47698211669922,116.67552947998047,-64.19854736328125,-0.5502314636960497,2595
78_18.png,SRF,142,77.33098602294922,113.5767822265625,-36.24579620361328,-0.31913033186052336,827
78_18.png,PED,586,71.9334487915039,119.55062103271484,-47.61717224121094,-0.39830133737390266,1126
78_19.png,SRF,1889,56.1715202331543,116.4971694946289,-60.32564926147461,-0.5178293131341352,3182
78_2.png,SRF,5848,48.41501235961914,105.87065887451172,-57.45564651489258,-0.5426965990926215,5072
78_2.png,PED,86,133.7558135986328,113.84679412841797,19.909019470214844,0.1748755388558213,483
78_3.png,SRF,6609,53.68482208251953,108.78276062011719,-55.097938537597656,-0.506495130510674,4571
78_3.png,PED,1009,111.49950408935547,113.93063354492188,-2.4311294555664062,-0.021338681089733715,2393
78_4.png,SRF,5905,51.811683654785156,111.79933166503906,-59.987648010253906,-0.5365653543438197,4789
78_4.png,PED,1052,108.87642669677734,109.66682434082031,-0.7903976440429688,-0.0072072629876341375,2131
78_5.png,SRF,5873,56.48595428466797,108.87931823730469,-52.39336395263672,-0.4812058414844619,4400
78_5.png,PED,1588,88.93073272705078,109.85578918457031,-20.92505645751953,-0.19047750339641217,2323
78_6.png,SRF,5386,51.84886932373047,112.31375885009766,-60.46488952636719,-0.5383569221208966,4172
78_6.png,PED,1846,78.78873443603516,109.74559020996094,-30.95685577392578,-0.28207835699548695,1985
78_6.png,PED,220,109.3045425415039,117.12562561035156,-7.821083068847656,-0.06677516579391854,1003
78_7.png,SRF,5402,53.233985900878906,113.5521011352539,-60.318115234375,-0.5311932992109853,4242
78_7.png,PED,1877,80.3116683959961,110.87197875976562,-30.56031036376953,-0.2756360146686547,2070
78_8.png,SRF,5315,54.52229690551758,111.70924377441406,-57.186946868896484,-0.5119267209827322,3852
78_8.png,PED,2361,87.82422637939453,113.67379760742188,-25.849571228027344,-0.22740131650479495,3038
78_9.png,SRF,5648,56.11402130126953,117.58383178710938,-61.469810485839844,-0.5227743436455924,4873
78_9.png,PED,2279,87.11846923828125,118.54459381103516,-31.426124572753906,-0.2650996014449078,2859
79_1.png,SRF,707,59.731258392333984,128.4029998779297,-68.6717414855957,-0.5348141519347728,1665
79_10.png,SRF,2161,58.0462760925293,124.68891143798828,-66.64263534545898,-0.5344712258443484,3102
79_10.png,PED,290,130.1586151123047,132.18898010253906,-2.030364990234375,-0.015359563169784802,889
79_11.png,SRF,2347,55.74861526489258,123.0844955444336,-67.33588027954102,-0.5470703680564927,3089
79_11.png,PED,171,151.0877227783203,127.6723861694336,23.41533660888672,0.1834017308786906,699
79_12.png,SRF,2951,52.23483657836914,131.93154907226562,-79.69671249389648,-0.6040762278190377,3389
79_12.png,PED,379,105.85224151611328,109.5029067993164,-3.650665283203125,-0.033338523970816776,1205
79_13.png,SRF,2776,51.413543701171875,138.9684600830078,-87.55491638183594,-0.6300344432797065,3393
79_13.png,PED,645,114.48062133789062,117.19738006591797,-2.7167587280273438,-0.02318105342030083,1297
79_14.png,SRF,2787,50.833152770996094,128.83277893066406,-77.99962615966797,-0.6054330800521367,2709
79_14.png,PED,295,126.11186218261719,118.38790130615234,7.723960876464844,0.06524282288348537,1240
79_15.png,SRF,2562,53.178375244140625,133.60568237304688,-80.42730712890625,-0.6019751982130617,2323
79_2.png,SRF,29,43.72413635253906,108.0234375,-64.29930114746094,-0.5952347253109858,512
79_2.png,SRF,820,67.0207290649414,126.53496551513672,-59.51423645019531,-0.47033826743388124,2002
79_3.png,SRF,60,69.21666717529297,117.72532653808594,-48.50865936279297,-0.4120494781307714,608
79_3.png,SRF,525,62.657142639160156,126.67111206054688,-64.01396942138672,-0.5053557072333036,1125
79_3.png,SRF,226,66.70796203613281,129.35215759277344,-62.644195556640625,-0.4842918488755103,744
79_3.png,PED,352,124.23863983154297,129.69105529785156,-5.452415466308594,-0.0420415691258464,916
79_4.png,SRF,518,60.48262405395508,125.35935974121094,-64.87673568725586,-0.5175260612465311,1127
79_4.png,SRF,266,67.91728973388672,127.31322479248047,-59.39593505859375,-0.46653389822941527,862
79_4.png,PED,600,91.50666809082031,121.69757843017578,-30.19091033935547,-0.24808143866788246,992
79_5.png,SRF,601,60.490848541259766,123.01693725585938,-62.52608871459961,-0.5082721949462407,1240
79_5.png,SRF,239,71.93724060058594,126.94214630126953,-55.004905700683594,-0.43330688272862056,847
79_5.png,PED,850,87.77411651611328,117.1008071899414,-29.326690673828125,-0.25043969702326013,1240
79_6.png,SRF,633,59.26698303222656,120.41728973388672,-61.150306701660156,-0.5078199886145736,1203
79_6.png,SRF,184,77.1793441772461,132.0801544189453,-54.90081024169922,-0.41566282598034543,811
79_6.png,PED,952,89.26050567626953,115.99533081054688,-26.734825134277344,-0.2304819077411216,1285
79_7.png,SRF,722,58.88642501831055,120.3414306640625,-61.45500564575195,-0.5106720545587151,1441
79_7.png,SRF,186,88.19355010986328,134.03260803222656,-45.83905792236328,-0.34199929849415317,920
79_7.png,PED,914,100.74507904052734,128.52963256835938,-27.78455352783203,-0.21617235630899842,1620
79_8.png,SRF,788,56.23096466064453,123.39752197265625,-67.16655731201172,-0.5443104224321069,1532
79_8.png,SRF,489,74.7852783203125,126.79277801513672,-52.00749969482422,-0.41017714501543207,1274
79_8.png,PED,790,119.50633239746094,126.44306945800781,-6.936737060546875,-0.05486055574481755,1212
79_9.png,SRF,1749,63.090335845947266,121.34308624267578,-58.252750396728516,-0.480066497404129,2871
79_9.png,SRF,2,180.5,158.22377014160156,22.276229858398438,0.14078940122879413,143
79_9.png,PED,574,118.90069580078125,128.5655975341797,-9.664901733398438,-0.07517486729549858,1250
7_1.png,PED,987,105.78520965576172,101.92705535888672,3.858154296875,0.0378521118194809,3290
7_10.png,PED,1706,85.71688079833984,106.346923828125,-20.630043029785156,-0.19398815017091486,2600
7_11.png,SRF,97,51.96907043457031,101.72743225097656,-49.75836181640625,-0.48913415698574836,565
7_11.png,PED,2423,92.74659729003906,105.93553161621094,-13.188934326171875,-0.12449962845283555,2916
7_12.png,PED,1446,93.17219543457031,105.842529296875,-12.670333862304688,-0.11970928837845506,2483
7_13.png,PED,836,97.9892349243164,108.78302764892578,-10.793792724609375,-0.09922313211803645,1650
7_13.png,PED,398,99.92964935302734,99.99269104003906,-0.06304168701171875,-0.0006304629504018009,1095
7_2.png,SRF,88,64.5227279663086,97.40799713134766,-32.88526916503906,-0.33760338096979503,625
7_2.png,PED,838,102.31265258789062,107.23365783691406,-4.9210052490234375,-0.0458904913651974,3090
7_3.png,PED,961,101.07388305664062,105.83061981201172,-4.756736755371094,-0.04494669655928073,3011
7_4.png,IRF,321,56.314640045166016,78.59013366699219,-22.275493621826172,-0.2834388056421116,1054
7_4.png,IRF,200,56.25,67.97972106933594,-11.729721069335938,-0.1725473550762617,641
7_4.png,PED,536,99.28544616699219,110.3310775756836,-11.045631408691406,-0.10011350973269029,2362
7_5.png,PED,740,93.22161865234375,109.92755126953125,-16.7059326171875,-0.15197220736979977,2443
7_6.png,PED,1134,93.38712310791016,105.5473861694336,-12.160263061523438,-0.11521140885481289,2680
7_7.png,SRF,203,55.16256332397461,109.9047622680664,-54.7421989440918,-0.49808759706491373,714
7_7.png,PED,1583,90.91471862792969,107.49616241455078,-16.581443786621094,-0.15425149525502144,3128
7_8.png,SRF,200,64.66500091552734,108.0655746459961,-43.40057373046875,-0.401613315550687,671
7_8.png,PED,2067,93.8548583984375,105.92979431152344,-12.074935913085938,-0.1139899873455374,2920
7_9.png,PED,2581,96.51026916503906,105.23432922363281,-8.72406005859375,-0.08290127492573554,2983
80_1.png,PED,880,171.5477294921875,124.75721740722656,46.79051208496094,0.375052546517045,3913
80_10.png,PED,462,149.40475463867188,133.13926696777344,16.265487670898438,0.12216897419778887,1034
80_10.png,PED,175,146.1314239501953,137.02975463867188,9.101669311523438,0.06642111660728908,672
80_11.png,PED,408,169.28921508789062,134.28416442871094,35.00505065917969,0.2606789177867897,1105
80_11.png,PED,193,146.860107421875,117.37662506103516,29.483482360839844,0.251187000354701,616
80_12.png,PED,385,214.00259399414062,139.6528778076172,74.34971618652344,0.5323894312363975,1933
80_2.png,PED,239,150.41004943847656,136.64773559570312,13.762313842773438,0.10071380826603461,951
80_2.png,PED,459,172.27450561523438,123.99446868896484,48.28003692626953,0.3893725053766557,1808
80_2.png,PED,185,169.9027099609375,135.6200714111328,34.28263854980469,0.2527844012548609,1116
80_3.png,PED,425,142.23529052734375,126.94190216064453,15.293388366699219,0.12047549395742857,1136
80_3.png,PED,401,180.11720275878906,123.69853210449219,56.418670654296875,0.4560981419459221,1632
80_3.png,PED,131,163.10687255859375,141.26162719726562,21.845245361328125,0.1546438745946357,688
80_3.png,PED,76,138.7894744873047,146.16006469726562,-7.3705902099609375,-0.05042820845233813,656
80_4.png,PED,1257,141.51710510253906,131.4622039794922,10.054901123046875,0.07648510993026876,2540
80_4.png,PED,383,167.47781372070312,121.83490753173828,45.642906188964844,0.37462913637517853,1696
80_5.png,PED,1577,150.66519165039062,131.17184448242188,19.49334716796875,0.1486092327578806,2869
80_5.png,PED,779,176.64698791503906,109.65030670166016,66.9966812133789,0.6110031355923653,2445
80_6.png,PED,1768,134.20361328125,131.9862518310547,2.2173614501953125,0.016799942565484654,2546
80_6.png,PED,201,147.62188720703125,122.03528594970703,25.58660125732422,0.2096655984226474,992
80_7.png,PED,1713,142.61471557617188,129.05845642089844,13.556259155273438,0.10503968148404316,2686
80_7.png,PED,239,150.10877990722656,127.95496368408203,22.15381622314453,0.17313760705557163,1088
80_7.png,PED,51,168.80392456054688,131.30128479003906,37.50263977050781,0.28562279364194676,624
80_8.png,PED,1221,138.4946746826172,139.4184112548828,-0.923736572265625,-0.00662564265329966,2194
80_8.png,PED,216,124.38888549804688,133.47604370117188,-9.087158203125,-0.06808081773437534,960
80_8.png,PED,44,164.93182373046875,137.70265197753906,27.229171752929688,0.19773890598251578,528
80_9.png,PED,1083,148.74053955078125,138.17640686035156,10.564132690429688,0.07645395426374318,1967
80_9.png,PED,208,137.15866088867188,127.98636627197266,9.172294616699219,0.07166618510918558,880
80_9.png,PED,1,188.0,148.02056884765625,39.97943115234375,0.27009375429093807,243
81_1.png,SRF,744,70.17742156982422,119.81498718261719,-49.63756561279297,-0.41428511390763983,3216
81_1.png,IRF,1027,59.26679611206055,85.30902862548828,-26.042232513427734,-0.30526935932836236,2016
81_1.png,IRF,32,57.59375,92.91071319580078,-35.31696319580078,-0.38011723278211773,560
81_10.png,SRF,388,92.10566711425781,118.4046630859375,-26.298995971679688,-0.22211115074574395,1458
81_10.png,PED,1464,94.39207458496094,96.46632385253906,-2.074249267578125,-0.02150231484666998,980
81_11.png,IRF,157,53.83439636230469,81.34632873535156,-27.511932373046875,-0.3382074249786114,667
81_11.png,IRF,201,54.01492691040039,75.93269348144531,-21.917766571044922,-0.2886472949415482,936
81_11.png,IRF,85,45.411766052246094,71.56414794921875,-26.152381896972656,-0.3654397159249369,608
81_11.png,PED,2008,95.90288543701172,104.3685073852539,-8.465621948242188,-0.08111280078954435,1791
81_12.png,IRF,120,48.59166717529297,73.57201385498047,-24.9803466796875,-0.3395359916194064,736
81_12.png,IRF,204,48.54901885986328,75.55113983154297,-27.002120971679688,-0.3574019006448685,880
81_12.png,IRF,85,51.1529426574707,73.41345977783203,-22.260517120361328,-0.30322119659974295,624
81_12.png,PED,2175,98.3342514038086,107.87419128417969,-9.539939880371094,-0.08843579513138075,1542
81_13.png,IRF,135,48.36296463012695,72.26396942138672,-23.901004791259766,-0.3307458057263347,716
81_13.png,IRF,28,44.35714340209961,76.02054595947266,-31.663402557373047,-0.41651111758988335,438
81_13.png,PED,1397,96.97136688232422,102.56957244873047,-5.59820556640625,-0.054579593467687704,1078
81_14.png,IRF,249,50.530120849609375,76.9365234375,-26.406402587890625,-0.3432232366119594,898
81_14.png,PED,1243,100.63957977294922,104.48094177246094,-3.8413619995117188,-0.036766150212135855,892
81_15.png,PED,984,88.80386352539062,104.53567504882812,-15.7318115234375,-0.15049227468124393,939
81_16.png,PED,852,94.1408462524414,93.31707000732422,0.8237762451171875,0.008827712282999578,779
81_16.png,PED,185,127.4648666381836,108.75746154785156,18.70740509033203,0.1720103138128235,536
81_17.png,PED,876,80.98287963867188,81.13797760009766,-0.15509796142578125,-0.001911533489165924,761
81_18.png,IRF,162,43.62345504760742,58.23503494262695,-14.611579895019531,-0.25090703404599707,685
81_18.png,IRF,112,39.85714340209961,57.49750518798828,-17.640361785888672,-0.30680221216926634,601
81_18.png,PED,547,85.05484771728516,84.85811614990234,0.1967315673828125,0.0023183588831418916,585
81_18.png,PED,172,128.06976318359375,115.97722625732422,12.092536926269531,0.10426647813976203,527
81_19.png,IRF,807,44.32837677001953,63.30925750732422,-18.980880737304688,-0.29981208885775984,1426
81_19.png,PED,404,88.910888671875,92.55252838134766,-3.6416397094726562,-0.03934673393759565,771
81_19.png,PED,64,117.03125,132.08935546875,-15.05810546875,-0.11399938636472855,470
81_2.png,SRF,800,70.30500030517578,118.62124633789062,-48.316246032714844,-0.4073152788758165,3295
81_2.png,IRF,1505,63.845848083496094,85.1019058227539,-21.256057739257812,-0.24977181807806856,2365
81_20.png,IRF,411,46.43065643310547,61.470542907714844,-15.039886474609375,-0.24466819004980347,1256
81_20.png,PED,271,98.52398681640625,88.20346069335938,10.320526123046875,0.11700817679848567,693
81_20.png,PED,144,119.38888549804688,126.83888244628906,-7.4499969482421875,-0.058735908142339144,571
81_3.png,SRF,453,66.1898422241211,120.67639923095703,-54.48655700683594,-0.4515096353062094,1712
81_3.png,SRF,126,60.9603157043457,119.47115325927734,-58.51083755493164,-0.48974866282533414,832
81_3.png,IRF,150,57.65999984741211,75.31017303466797,-17.65017318725586,-0.23436638738209847,806
81_3.png,IRF,179,49.12849044799805,77.80850982666016,-28.68001937866211,-0.36859746372928537,1081
81_3.png,IRF,163,56.56441879272461,76.8670654296875,-20.30264663696289,-0.2641267300042084,835
81_4.png,SRF,766,78.3041763305664,122.21653747558594,-43.91236114501953,-0.3592996664120966,2092
81_4.png,SRF,356,108.59269714355469,116.47372436523438,-7.8810272216796875,-0.06766356330262634,1408
81_4.png,PED,103,144.2621307373047,134.1489715576172,10.1131591796875,0.07538752673436548,725
81_5.png,SRF,973,84.60431671142578,120.33858489990234,-35.73426818847656,-0.2969477181254901,2791
81_5.png,IRF,208,57.846153259277344,78.94974517822266,-21.103591918945312,-0.2673041169582709,995
81_5.png,IRF,164,56.57316970825195,79.72692108154297,-23.153751373291016,-0.2904132137450769,1040
81_5.png,PED,184,131.0380401611328,121.91888427734375,9.119155883789062,0.07479691056755906,715
81_6.png,SRF,575,72.5408706665039,119.33983612060547,-46.79896545410156,-0.39214873235460357,1589
81_6.png,IRF,112,51.55356979370117,77.7477798461914,-26.194210052490234,-0.3369126437347831,789
81_6.png,IRF,145,58.44137954711914,82.72281646728516,-24.281436920166016,-0.293527686279501,938
81_6.png,IRF,44,62.977272033691406,79.15957641601562,-16.18230438232422,-0.20442636399770076,564
81_6.png,IRF,29,68.27586364746094,103.5866928100586,-35.310829162597656,-0.3408819048537947,496
81_6.png,IRF,88,51.772727966308594,81.4643783569336,-29.691650390625,-0.3644740313432697,758
81_6.png,IRF,136,54.889705657958984,78.44693756103516,-23.557231903076172,-0.30029511202712805,801
81_6.png,IRF,40,51.25,94.37316131591797,-43.12316131591797,-0.4569430621441349,544
81_6.png,PED,827,134.0846405029297,116.49530029296875,17.589340209960938,0.1509875519933105,1064
81_7.png,SRF,440,65.30000305175781,116.20734405517578,-50.90734100341797,-0.43807335429030136,1389
81_7.png,IRF,172,54.395347595214844,78.91136169433594,-24.516014099121094,-0.3106778741708216,880
81_7.png,IRF,275,60.13090896606445,80.0494155883789,-19.918506622314453,-0.24882763323016818,1376
81_7.png,PED,685,117.67298889160156,107.20437622070312,10.468612670898438,0.09765098254334842,822
81_8.png,SRF,304,64.51973724365234,118.16006469726562,-53.64032745361328,-0.45396325392207226,1237
81_8.png,IRF,63,52.238094329833984,78.3023681640625,-26.064273834228516,-0.332866992983118,592
81_8.png,IRF,245,55.081634521484375,85.22708892822266,-30.14545440673828,-0.3537074278358429,1004
81_8.png,PED,849,103.59364318847656,113.49512481689453,-9.901481628417969,-0.08724147089482794,1230
81_8.png,PED,1,216.0,125.87019348144531,90.12980651855469,0.7160536106734502,208
81_9.png,SRF,142,68.61267852783203,112.76200103759766,-44.149322509765625,-0.39152659675705065,1000
81_9.png,SRF,51,54.01960754394531,105.24478912353516,-51.225181579589844,-0.486724159991069,576
81_9.png,IRF,79,49.987342834472656,83.95216369628906,-33.964820861816406,-0.40457350193724373,648
81_9.png,IRF,137,62.51824951171875,80.50819396972656,-17.989944458007812,-0.22345482578795095,915
81_9.png,IRF,34,49.94117736816406,78.65953063964844,-28.718353271484375,-0.3650969315218473,467
81_9.png,IRF,34,62.117645263671875,76.4384994506836,-14.320854187011719,-0.18735132544368185,374
81_9.png,PED,1363,99.98165893554688,98.04241180419922,1.9392471313476562,0.0197796759143434,896
82_1.png,PED,125,107.18399810791016,115.08695983886719,-7.902961730957031,-0.06866948038267705,736
82_1.png,PED,535,137.4112091064453,105.05705261230469,32.354156494140625,0.3079674870904496,2524
82_1.png,PED,134,110.69403076171875,128.0245361328125,-17.33050537109375,-0.13536862459798413,652
82_10.png,IRF,133,51.082706451416016,83.81021881103516,-32.72751235961914,-0.39049548878292584,548
82_10.png,IRF,284,48.845069885253906,83.12867736816406,-34.283607482910156,-0.41241613085064927,917
82_10.png,IRF,661,41.912254333496094,74.42789459228516,-32.51564025878906,-0.4368743793830154,1269
82_10.png,IRF,441,45.589569091796875,73.70211029052734,-28.11254119873047,-0.38143468467745717,1185
82_10.png,IRF,182,42.68681335449219,73.12832641601562,-30.441513061523438,-0.41627525958062306,865
82_10.png,IRF,71,44.943660736083984,71.33409881591797,-26.390438079833984,-0.3699554423184925,437
82_10.png,IRF,826,41.8692512512207,73.16069030761719,-31.291439056396484,-0.42770836257594125,1338
82_10.png,IRF,103,41.98058319091797,68.50431060791016,-26.523727416992188,-0.38718333461966853,696
82_10.png,IRF,230,42.13478088378906,70.39613342285156,-28.2613525390625,-0.40146171621818755,828
82_10.png,IRF,130,49.31538391113281,66.43266296386719,-17.117279052734375,-0.25766359933583405,698
82_10.png,IRF,75,51.746665954589844,77.38392639160156,-25.63726043701172,-0.3312995557665851,672
82_10.png,IRF,25,58.91999816894531,82.87255096435547,-23.952552795410156,-0.2890287859693429,306
82_10.png,PED,5354,79.36048126220703,88.74029541015625,-9.379814147949219,-0.1056996047240531,4251
82_11.png,SRF,357,67.08963775634766,74.22612762451172,-7.1364898681640625,-0.09614525365334264,597
82_11.png,IRF,474,51.18354415893555,78.00355529785156,-26.820011138916016,-0.34383062459788566,1125
82_11.png,IRF,301,42.69767379760742,63.26402282714844,-20.566349029541016,-0.3250875949784748,731
82_11.png,IRF,528,36.54924392700195,64.12723541259766,-27.577991485595703,-0.430051152340462,896
82_11.png,IRF,477,43.56813430786133,73.80633544921875,-30.238201141357422,-0.40969655189238224,821
82_11.png,IRF,392,45.73214340209961,78.61007690429688,-32.877933502197266,-0.41824069886389004,913
82_11.png,IRF,237,42.60759353637695,76.32129669189453,-33.71370315551758,-0.44173388840100825,831
82_11.png,IRF,165,36.29697036743164,65.13223266601562,-28.835262298583984,-0.4427187756090773,605
82_11.png,IRF,44,41.022727966308594,65.95465087890625,-24.931922912597656,-0.37801614564487723,441
82_11.png,IRF,53,49.641510009765625,77.3111572265625,-27.669647216796875,-0.35789979363147034,466
82_11.png,IRF,130,43.41538619995117,77.05015563964844,-33.634769439697266,-0.43653084358455857,658
82_11.png,IRF,612,40.71241760253906,69.66178131103516,-28.949363708496094,-0.4155702476116586,819
82_11.png,IRF,139,41.51079177856445,62.119144439697266,-20.608352661132812,-0.33175525592015453,747
82_11.png,IRF,221,56.65610885620117,74.65691375732422,-18.000804901123047,-0.24111370260543455,615
82_11.png,PED,5308,82.86266326904297,96.81548309326172,-13.95281982421875,-0.14411764914479733,4856
82_12.png,SRF,175,43.748573303222656,66.0434799194336,-22.294906616210938,-0.337579222709168,598
82_12.png,SRF,131,69.77099609375,67.76445770263672,2.0065383911132812,0.02961048400797881,467
82_12.png,IRF,1133,38.70256042480469,61.344295501708984,-22.641735076904297,-0.369092755760371,1490
82_12.png,IRF,1010,38.432674407958984,59.766170501708984,-21.33349609375,-0.3569493563777853,1407
82_12.png,IRF,320,41.78437423706055,68.40666198730469,-26.62228775024414,-0.38917682835021045,991
82_12.png,IRF,323,42.786376953125,65.62285614013672,-22.83647918701172,-0.3479958132002778,875
82_12.png,IRF,26,49.0,68.41081237792969,-19.410812377929688,-0.2837389544608287,370
82_12.png,IRF,371,43.22641372680664,67.96783447265625,-24.74142074584961,-0.36401661076612923,715
82_12.png,IRF,160,38.1875,67.92350769042969,-29.736007690429688,-0.4377866912579876,719
82_12.png,IRF,25,40.31999969482422,82.31531524658203,-41.99531555175781,-0.5101762099307708,444
82_12.png,PED,30,148.0,127.34590911865234,20.654090881347656,0.16218888399550838,477
82_12.png,PED,197,101.4974594116211,104.95065307617188,-3.4531936645507812,-0.03290302216646995,993
82_12.png,PED,5648,71.08038330078125,86.1173095703125,-15.03692626953125,-0.1746098008003141,4407
82_13.png,SRF,570,61.24561309814453,72.86579132080078,-11.62017822265625,-0.15947371203994695,1140
82_13.png,IRF,15,38.400001525878906,61.68693161010742,-23.286930084228516,-0.377501838337716,329
82_13.png,IRF,47,42.87234115600586,72.61663055419922,-29.74428939819336,-0.40960712678610134,433
82_13.png,IRF,2366,40.38630676269531,61.8155403137207,-21.42923355102539,-0.3466641793029659,2857
82_13.png,IRF,99,44.56565475463867,69.12171936035156,-24.55606460571289,-0.3552583013407842,534
82_13.png,IRF,37,32.5945930480957,65.41015625,-32.8155632019043,-0.5016891119550612,512
82_13.png,IRF,41,31.024391174316406,62.38330078125,-31.358909606933594,-0.5026811536775698,527
82_13.png,IRF,46,30.826086044311523,66.41563415527344,-35.589548110961914,-0.5358609996519333,486
82_13.png,IRF,45,33.75555419921875,63.24385452270508,-29.488300323486328,-0.4662634898842192,529
82_13.png,IRF,35,40.657142639160156,68.45397186279297,-27.796829223632812,-0.4060659807928738,478
82_13.png,IRF,311,38.514469146728516,66.09584045410156,-27.581371307373047,-0.4172936015016886,1033
82_13.png,IRF,100,49.400001525878906,67.67623901367188,-18.27623748779297,-0.2700539769076237,627
82_13.png,IRF,43,30.976743698120117,65.69259643554688,-34.71585273742676,-0.528459135748845,527
82_13.png,IRF,88,41.056819915771484,65.99442291259766,-24.937602996826172,-0.3778744005361374,538
82_13.png,PED,370,112.76757049560547,103.10140991210938,9.666160583496094,0.09375391269368852,1351
82_13.png,PED,5422,68.93876647949219,84.23898315429688,-15.300216674804688,-0.18162869614392124,3699
82_14.png,SRF,381,50.71390914916992,67.32051086425781,-16.60660171508789,-0.2466796746176322,624
82_14.png,IRF,270,54.05185317993164,68.91402435302734,-14.862171173095703,-0.2156625057471748,756
82_14.png,IRF,2239,44.372039794921875,61.11370086669922,-16.741661071777344,-0.2739428448015959,2146
82_14.png,IRF,86,44.5,70.9613037109375,-26.4613037109375,-0.3728976544558458,491
82_14.png,IRF,431,52.45475769042969,70.40733337402344,-17.95257568359375,-0.25498161659133783,955
82_14.png,IRF,79,43.35443115234375,72.06161499023438,-28.707183837890625,-0.3983699760514798,633
82_14.png,IRF,330,39.09394073486328,69.13786315917969,-30.043922424316406,-0.43455092552028585,972
82_14.png,IRF,170,38.51176452636719,66.69075775146484,-28.178993225097656,-0.4225322094871341,844
82_14.png,IRF,249,48.28514099121094,67.51541900634766,-19.23027801513672,-0.2848279444630082,908
82_14.png,PED,295,107.21016693115234,106.50206756591797,0.708099365234375,0.006648691254713029,1209
82_14.png,PED,5158,68.15354919433594,89.57971954345703,-21.426170349121094,-0.2391855037983994,4547
82_2.png,PED,1132,119.29328918457031,105.5899658203125,13.703323364257812,0.1297786513879303,3568
82_2.png,PED,1274,110.16012573242188,111.26129150390625,-1.101165771484375,-0.009897114770105957,3720
82_3.png,IRF,238,45.85293960571289,72.8175277709961,-26.964588165283203,-0.37030353804490806,833
82_3.png,IRF,58,48.17241287231445,69.70220947265625,-21.529796600341797,-0.30888255570704404,544
82_3.png,IRF,87,45.804595947265625,67.4898681640625,-21.685272216796875,-0.3213115213691291,592
82_3.png,PED,4040,108.64876556396484,98.7800064086914,9.868759155273438,0.099906443763959,6641
82_4.png,IRF,98,49.11224365234375,78.30044555664062,-29.188201904296875,-0.3727718494677383,679
82_4.png,IRF,97,47.402061462402344,71.03453826904297,-23.632476806640625,-0.3326899474891036,608
82_4.png,IRF,81,47.74074172973633,75.49236297607422,-27.75162124633789,-0.3676083268864323,589
82_4.png,IRF,388,45.164947509765625,73.3336410522461,-28.16869354248047,-0.3841169364877418,1088
82_4.png,IRF,181,43.51933670043945,77.66435241699219,-34.145015716552734,-0.4396484957889399,721
82_4.png,PED,4031,99.8987808227539,101.65608978271484,-1.7573089599609375,-0.017286804594954453,6179
82_5.png,IRF,327,53.12538146972656,76.94104766845703,-23.81566619873047,-0.30953134796595716,916
82_5.png,IRF,692,44.92340850830078,74.78559875488281,-29.86219024658203,-0.3993040203429849,1208
82_5.png,IRF,63,43.4603157043457,74.01136016845703,-30.551044464111328,-0.41278858265236834,528
82_5.png,IRF,426,44.89671325683594,71.06378936767578,-26.167076110839844,-0.36821954392910905,972
82_5.png,PED,3424,92.58177947998047,93.1189193725586,-0.537139892578125,-0.005768321799666587,4524
82_5.png,PED,490,101.19999694824219,99.25995635986328,1.9400405883789062,0.01954504776674857,954
82_5.png,PED,557,85.03949737548828,78.1424789428711,6.8970184326171875,0.08826208901895094,751
82_6.png,IRF,937,44.436500549316406,74.99492645263672,-30.558425903320312,-0.40747324317491773,1576
82_6.png,IRF,79,46.86075973510742,70.85983276367188,-23.999073028564453,-0.33868373791686673,585
82_6.png,IRF,360,47.88333511352539,72.05674743652344,-24.173412322998047,-0.3354774283184653,934
82_6.png,PED,5230,91.2103271484375,93.52540588378906,-2.3150787353515625,-0.024753474347154258,4566
82_6.png,PED,266,112.0338363647461,103.14517211914062,8.888664245605469,0.0861762510351757,1171
82_7.png,IRF,514,49.78793716430664,77.55418395996094,-27.766246795654297,-0.3580238405962628,1218
82_7.png,IRF,98,48.806121826171875,75.10989379882812,-26.30377197265625,-0.3502038232553944,546
82_7.png,IRF,1330,46.19473648071289,76.35858154296875,-30.16384506225586,-0.39502888153156646,2033
82_7.png,IRF,147,46.18367385864258,74.62688446044922,-28.44321060180664,-0.3811389261048541,662
82_7.png,PED,247,103.63157653808594,102.19456481933594,1.43701171875,0.014061527844366407,1141
82_7.png,PED,182,157.95054626464844,104.2401351928711,53.710411071777344,0.5152565369605407,912
82_7.png,PED,4704,81.25042724609375,92.30091857910156,-11.050491333007812,-0.11972244158694456,4247
82_8.png,SRF,410,64.86341094970703,77.99901580810547,-13.135604858398438,-0.16840731542965723,1020
82_8.png,SRF,118,65.19491577148438,115.41017150878906,-50.21525573730469,-0.43510251376310055,924
82_8.png,IRF,174,60.45977020263672,79.37676239013672,-18.9169921875,-0.2383190195453299,568
82_8.png,IRF,272,56.86397171020508,79.33618927001953,-22.472217559814453,-0.2832530496685516,818
82_8.png,IRF,309,51.8284797668457,77.52420043945312,-25.695720672607422,-0.33145418497641826,847
82_8.png,IRF,59,37.949153900146484,73.98124694824219,-36.0320930480957,-0.48704360272954056,480
82_8.png,IRF,446,45.446189880371094,78.90447998046875,-33.458290100097656,-0.42403536666586733,848
82_8.png,IRF,164,46.81097412109375,68.78655242919922,-21.97557830810547,-0.31947491961782126,684
82_8.png,IRF,302,44.87748336791992,75.05281066894531,-30.17532730102539,-0.4020545937197136,587
82_8.png,IRF,794,43.11083221435547,81.84395599365234,-38.733123779296875,-0.4732557622495782,1224
82_8.png,IRF,205,48.90243911743164,79.90071105957031,-30.998271942138672,-0.3879599008703162,564
82_8.png,PED,66,99.01515197753906,109.69439697265625,-10.679244995117188,-0.09735451663752001,589
82_8.png,PED,5714,81.92964935302734,99.55934143066406,-17.62969207763672,-0.1770772267503852,5022
82_8.png,PED,301,181.9700927734375,108.4297103881836,73.5403823852539,0.6782309214142119,1252
82_9.png,IRF,71,37.54929733276367,71.62254333496094,-34.073246002197266,-0.47573353885026276,559
82_9.png,IRF,360,45.411109924316406,69.34782409667969,-23.93671417236328,-0.3451689290062289,966
82_9.png,IRF,343,41.20699691772461,72.8502197265625,-31.64322280883789,-0.43436001878385827,1135
82_9.png,IRF,149,51.79194641113281,73.20772552490234,-21.41577911376953,-0.2925344143697613,751
82_9.png,IRF,699,41.05865478515625,73.01771545410156,-31.959060668945312,-0.437689134344864,1129
82_9.png,IRF,199,38.804019927978516,67.87397003173828,-29.069950103759766,-0.4282930568252672,730
82_9.png,IRF,69,46.23188400268555,61.5,-15.268115997314453,-0.24826204873682037,650
82_9.png,IRF,179,47.379886627197266,72.87354278564453,-25.493656158447266,-0.34983418102007385,601
82_9.png,IRF,43,60.395347595214844,80.83769989013672,-20.442352294921875,-0.2528814194701761,382
82_9.png,PED,5471,81.51380157470703,95.06791687011719,-13.554115295410156,-0.1425729703736744,3946
83_1.png,SRF,7465,51.85197448730469,117.57263946533203,-65.72066497802734,-0.5589792427634154,6388
83_10.png,SRF,2513,47.92319869995117,114.35031127929688,-66.4271125793457,-0.5809088915997759,2906
83_10.png,SRF,1148,46.86323928833008,124.81214904785156,-77.94890975952148,-0.6245298262562305,1794
83_10.png,PED,6918,43.10624313354492,93.06456756591797,-49.95832443237305,-0.5368135880176672,3841
83_11.png,SRF,2262,48.148983001708984,113.52754211425781,-65.37855911254883,-0.5758828024898991,2796
83_11.png,SRF,900,45.936668395996094,120.4135971069336,-74.4769287109375,-0.6185092921424653,1574
83_11.png,PED,7900,41.21189880371094,93.33565521240234,-52.123756408691406,-0.558454925827373,4162
83_12.png,SRF,1781,46.55418395996094,111.00153350830078,-64.44734954833984,-0.5805987314897809,2602
83_12.png,SRF,570,47.945613861083984,122.49404907226562,-74.54843521118164,-0.6085882193934306,1261
83_12.png,PED,9677,39.79652786254883,93.27800750732422,-53.48147964477539,-0.5733557252557738,4802
83_13.png,SRF,785,49.79872512817383,120.40797424316406,-70.60924911499023,-0.5864167183179643,1505
83_13.png,SRF,2042,46.65230178833008,111.53604888916016,-64.88374710083008,-0.5817289364921724,2649
83_13.png,PED,8886,41.284603118896484,92.03518676757812,-50.75058364868164,-0.5514258777661317,4462
83_14.png,SRF,187,56.8609619140625,115.03585052490234,-58.174888610839844,-0.5057109444176836,781
83_14.png,SRF,1291,44.07048797607422,115.44603729248047,-71.37554931640625,-0.6182589804756795,2094
83_14.png,PED,11601,39.59589767456055,92.27169799804688,-52.67580032348633,-0.5708771103854762,5565
83_15.png,SRF,1060,42.33490753173828,113.62347412109375,-71.28856658935547,-0.6274105517437354,2045
83_15.png,PED,12127,37.99183654785156,91.33350372314453,-53.34166717529297,-0.584031762725159,5985
83_16.png,SRF,136,67.1617660522461,112.75466918945312,-45.59290313720703,-0.40435490135313806,803
83_16.png,SRF,600,51.970001220703125,108.97425842285156,-57.00425720214844,-0.523098372286742,1476
83_16.png,PED,13165,40.427799224853516,90.2568359375,-49.829036712646484,-0.5520804734075934,6253
83_17.png,SRF,934,47.22269821166992,107.84060668945312,-60.6179084777832,-0.5621065231239252,1650
83_17.png,SRF,448,52.47321319580078,103.83572387695312,-51.362510681152344,-0.4946516359053622,1187
83_17.png,PED,12710,41.61314010620117,87.70106506347656,-46.08792495727539,-0.5255115764434299,6105
83_18.png,SRF,1499,41.739158630371094,97.362548828125,-55.623390197753906,-0.5713017055043041,1666
83_18.png,SRF,931,46.798065185546875,95.41939544677734,-48.62133026123047,-0.5095539542414129,1712
83_18.png,PED,9864,44.50405502319336,85.56668853759766,-41.0626335144043,-0.4798904131525616,5001
83_19.png,SRF,1116,46.34677505493164,94.5,-48.15322494506836,-0.5095579359266493,1536
83_19.png,SRF,984,46.73170852661133,97.70685577392578,-50.97514724731445,-0.5217151533896536,1999
83_19.png,PED,8460,44.31761169433594,89.1221923828125,-44.80458068847656,-0.5027320299305975,4984
83_2.png,SRF,7608,49.73659133911133,116.26512145996094,-66.52853012084961,-0.5722139992238388,6348
83_2.png,PED,659,72.91046905517578,88.51886749267578,-15.6083984375,-0.17632849221428945,1272
83_20.png,SRF,1933,49.90791702270508,94.53907012939453,-44.63115310668945,-0.4720921524360596,3660
83_20.png,PED,7792,48.9377555847168,90.88374328613281,-41.945987701416016,-0.46153455155732126,5032
83_21.png,SRF,2010,48.01243591308594,91.04817962646484,-43.035743713378906,-0.47267000713180396,2532
83_21.png,SRF,132,51.318180084228516,95.53125,-44.213069915771484,-0.4628126389612978,672
83_21.png,PED,6706,53.42036819458008,90.23441314697266,-36.81404495239258,-0.40798231703940196,4859
83_22.png,SRF,2193,50.557228088378906,89.0934829711914,-38.5362548828125,-0.4325373034891148,2824
83_22.png,PED,4602,53.269447326660156,91.85093688964844,-38.58148956298828,-0.420044594747475,3636
83_22.png,PED,685,83.45401763916016,93.92742156982422,-10.473403930664062,-0.11150528520447346,1116
83_23.png,SRF,1716,44.88286590576172,90.36898803710938,-45.486122131347656,-0.5033377391884604,1851
83_23.png,SRF,82,52.5,85.83747863769531,-33.33747863769531,-0.38837905267938805,683
83_23.png,PED,3198,56.52876663208008,88.84012603759766,-32.31135940551758,-0.3637023138828419,3140
83_23.png,PED,821,84.14494323730469,95.18783569335938,-11.042892456054688,-0.11601159303199786,1480
83_24.png,SRF,1778,47.30708694458008,89.08292388916016,-41.77583694458008,-0.46895448780463156,2050
83_24.png,SRF,152,57.09868240356445,95.90930938720703,-38.81062698364258,-0.4046596439033412,827
83_24.png,PED,1347,71.39421081542969,95.4583740234375,-24.064163208007812,-0.25209064635963147,2210
83_24.png,PED,619,89.78514099121094,101.91036987304688,-12.125228881835938,-0.11897934328901698,1138
83_25.png,SRF,2990,49.52006530761719,91.59146881103516,-42.07140350341797,-0.45933757859279034,3985
83_25.png,PED,611,85.15875244140625,102.83423614501953,-17.67548370361328,-0.1718832595662679,923
83_25.png,PED,137,95.86131286621094,91.37561798095703,4.485694885253906,0.049090720088905325,607
83_3.png,SRF,7454,48.841426849365234,116.63418579101562,-67.79275894165039,-0.5812426132345195,6301
83_3.png,PED,996,66.48393249511719,84.26557159423828,-17.781639099121094,-0.21101902903767789,1461
83_4.png,SRF,7452,48.267982482910156,115.90257263183594,-67.63459014892578,-0.5835469275023497,6374
83_4.png,PED,1331,62.755821228027344,85.9205093383789,-23.164688110351562,-0.26960603805457634,1560
83_5.png,SRF,6881,49.63522720336914,114.58185577392578,-64.94662857055664,-0.5668142493581072,6438
83_5.png,PED,2255,55.30244064331055,88.06465911865234,-32.7622184753418,-0.37202458742502154,2026
83_6.png,SRF,3839,52.01458740234375,110.65482330322266,-58.640235900878906,-0.5299383628329475,3772
83_6.png,SRF,2289,46.58016586303711,123.10963439941406,-76.52946853637695,-0.621636713566109,2636
83_6.png,PED,3071,50.08173370361328,89.37081909179688,-39.289085388183594,-0.43961872328626606,2392
83_7.png,SRF,3661,51.850040435791016,110.6334457397461,-58.78340530395508,-0.5313348500618614,3642
83_7.png,SRF,2118,46.290367126464844,121.69615173339844,-75.4057846069336,-0.6196234107067425,2442
83_7.png,PED,3841,49.33793258666992,87.38470458984375,-38.04677200317383,-0.4353939534584843,2641
83_8.png,SRF,3355,50.92876434326172,111.27269744873047,-60.34393310546875,-0.5423067337185078,3381
83_8.png,SRF,1932,46.894927978515625,124.53553009033203,-77.6406021118164,-0.6234413749674464,2336
83_8.png,PED,4485,47.9832763671875,91.2003402709961,-43.217063903808594,-0.47386954670774034,2930
83_9.png,SRF,2989,48.119773864746094,111.20907592773438,-63.08930206298828,-0.5673035364846015,3085
83_9.png,SRF,1432,47.52304458618164,116.3759536743164,-68.85290908813477,-0.5916420610465877,2104
83_9.png,PED,5781,44.44957733154297,90.95573425292969,-46.50615692138672,-0.5113053872124478,3524
84_1.png,PED,149,168.75167846679688,138.42971801757812,30.32196044921875,0.21904227562876635,1003
84_1.png,PED,200,155.89999389648438,117.74223327636719,38.15776062011719,0.32407879108724263,869
84_1.png,PED,307,148.58306884765625,122.69136810302734,25.891700744628906,0.21103115194613306,1147
84_10.png,PED,87,154.0459747314453,137.07994079589844,16.966033935546875,0.12376744428864325,688
84_10.png,PED,122,142.39344787597656,136.31858825683594,6.074859619140625,0.044563692280139136,904
84_11.png,IRF,112,40.96428680419922,79.95387268066406,-38.989585876464844,-0.48765099887267915,672
84_11.png,PED,303,115.51815032958984,140.23663330078125,-24.718482971191406,-0.17626266681812663,1496
84_2.png,PED,992,103.7883071899414,126.48931884765625,-22.701011657714844,-0.1794697913193441,2013
84_2.png,PED,79,147.22784423828125,147.4783172607422,-0.2504730224609375,-0.0016983718495926442,784
84_2.png,PED,597,141.66163635253906,122.61019897460938,19.051437377929688,0.15538215855823656,1883
84_2.png,PED,36,166.97222900390625,125.544921875,41.42730712890625,0.3299799506837381,512
84_3.png,PED,1056,96.71117401123047,122.03507995605469,-25.32390594482422,-0.20751333103517003,1853
84_3.png,PED,110,172.0454559326172,139.40489196777344,32.64056396484375,0.23414217036507834,736
84_3.png,PED,773,135.4696044921875,127.63766479492188,7.831939697265625,0.061360725377178967,2172
84_4.png,PED,815,107.91902160644531,116.69871520996094,-8.779693603515625,-0.07523384972764657,1716
84_4.png,PED,1253,129.0845947265625,125.47470092773438,3.609893798828125,0.028769893629052756,2945
84_5.png,PED,465,119.09892272949219,114.17474365234375,4.9241790771484375,0.0431284443444192,1156
84_5.png,PED,205,148.94146728515625,128.47666931152344,20.464797973632812,0.1592880488208396,793
84_5.png,PED,581,132.26161193847656,122.98663330078125,9.274978637695312,0.07541452586161976,1347
84_5.png,PED,52,158.5,143.94485473632812,14.555145263671875,0.10111612040828657,544
84_5.png,PED,368,153.63314819335938,115.28303527832031,38.35011291503906,0.33266050657369395,1120
84_6.png,SRF,32,58.75,121.5180435180664,-62.768043518066406,-0.5165327032996093,471
84_6.png,PED,450,111.77333068847656,116.04896545410156,-4.275634765625,-0.03684336821870293,1205
84_6.png,PED,68,165.51470947265625,139.73878479003906,25.775924682617188,0.1844579135373629,624
84_6.png,PED,365,146.75616455078125,127.06285858154297,19.69330596923828,0.15498868976412997,1050
84_6.png,PED,150,144.0399932861328,140.0960235595703,3.9439697265625,0.02815190343275862,781
84_6.png,PED,357,146.96078491210938,124.98542022705078,21.975364685058594,0.17582342520541794,1166
84_7.png,PED,113,158.14158630371094,129.7083282470703,28.433258056640625,0.21920919374182776,768
84_7.png,PED,196,137.03060913085938,140.8026885986328,-3.7720794677734375,-0.02678982557304708,892
84_7.png,PED,68,165.01470947265625,125.22525787353516,39.789451599121094,0.3177430198570996,586
84_7.png,PED,60,161.4499969482422,119.31756591796875,42.13243103027344,0.35311172086128234,592
84_8.png,PED,329,157.17933654785156,126.6576919555664,30.521644592285156,0.24097742601367353,1040
84_9.png,PED,90,154.6888885498047,141.76454162597656,12.924346923828125,0.09116769804064954,688
85_1.png,IRF,119,53.52941131591797,59.9683952331543,-6.438983917236328,-0.10737295690841588,791
85_10.png,IRF,199,49.38190841674805,83.92375946044922,-34.54185104370117,-0.4115860784332442,1233
85_10.png,IRF,59,42.62711715698242,78.97427368164062,-36.3471565246582,-0.46024046604315816,583
85_10.png,PED,1545,103.80776977539062,95.78556823730469,8.022201538085938,0.08375167246710144,1497
85_11.png,IRF,57,36.47368240356445,84.0640640258789,-47.59038162231445,-0.5661204008369602,640
85_11.png,IRF,19,36.26315689086914,76.79545593261719,-40.53229904174805,-0.5277955388052178,396
85_11.png,IRF,98,46.34693908691406,75.61064147949219,-29.263702392578125,-0.3870315318051533,714
85_11.png,PED,1082,114.32532501220703,110.64280700683594,3.6825180053710938,0.03328294088872468,1397
85_12.png,IRF,209,43.43062210083008,77.98722839355469,-34.55660629272461,-0.44310596753532744,1096
85_12.png,IRF,52,37.92307662963867,86.77083587646484,-48.84775924682617,-0.5629513505709506,576
85_12.png,PED,919,131.3090362548828,113.7489013671875,17.560134887695312,0.15437630321378018,1370
85_13.png,IRF,289,44.965396881103516,79.10086822509766,-34.13547134399414,-0.4315435735402384,1150
85_13.png,IRF,124,46.040321350097656,75.94976806640625,-29.909446716308594,-0.3938056359850558,657
85_13.png,PED,398,137.8492431640625,130.7940216064453,7.0552215576171875,0.053941468202928305,1204
85_13.png,PED,109,151.587158203125,122.6023941040039,28.984764099121094,0.2364127088295947,669
85_14.png,IRF,32,33.25,73.24105834960938,-39.991058349609375,-0.546019667803212,531
85_14.png,IRF,29,39.0,78.03023529052734,-39.030235290527344,-0.5001937408647735,463
85_14.png,IRF,26,39.42307662963867,62.2931022644043,-22.870025634765625,-0.36713576308486534,464
85_14.png,PED,360,159.7111053466797,119.7543716430664,39.95673370361328,0.33365574179376284,1087
85_14.png,PED,41,151.85365295410156,123.10984802246094,28.743804931640625,0.23348095536919536,528
85_15.png,PED,407,153.66830444335938,117.34148406982422,36.326820373535156,0.30958207714433567,1104
85_15.png,PED,16,163.9375,136.62962341308594,27.307876586914062,0.19986790495902518,432
85_16.png,PED,164,156.59756469726562,132.51959228515625,24.077972412109375,0.181693680133714,868
85_3.png,PED,624,125.58654022216797,105.77762603759766,19.808914184570312,0.18726941534431318,733
85_4.png,IRF,12,49.83333206176758,103.25,-53.41666793823242,-0.5173527161087886,416
85_4.png,IRF,175,49.817142486572266,82.33261108398438,-32.51546859741211,-0.3949281842190613,923
85_4.png,PED,1381,126.53077697753906,105.63162994384766,20.899147033691406,0.1978493283195678,1094
85_5.png,PED,1236,104.75485229492188,94.60987854003906,10.144973754882812,0.10722953999554541,992
85_6.png,PED,1587,103.65658569335938,99.62435913085938,4.0322265625,0.04047430365101328,1166
85_7.png,PED,1475,107.07660675048828,103.62248992919922,3.4541168212890625,0.03333365974557369,1343
85_8.png,IRF,32,54.96875,86.40431213378906,-31.435562133789062,-0.3638193668518998,371
85_8.png,IRF,44,57.1363639831543,85.37197875976562,-28.235614776611328,-0.3307363280879967,414
85_8.png,IRF,67,53.149253845214844,84.58613586425781,-31.43688201904297,-0.3716552564771639,476
85_8.png,IRF,77,52.74026107788086,85.74845886230469,-33.00819778442383,-0.38494216948468496,648
85_8.png,PED,555,102.97297668457031,83.74002838134766,19.232948303222656,0.22967448990627073,677
85_9.png,PED,1657,112.71394348144531,100.84272766113281,11.8712158203125,0.11772009837143615,1437
86_1.png,SRF,609,59.379310607910156,111.771728515625,-52.392417907714844,-0.4687448123376808,1542
86_1.png,SRF,651,81.6635971069336,116.54996490478516,-34.88636779785156,-0.2993254251629487,1491
86_1.png,IRF,24,47.66666793823242,92.56404113769531,-44.89737319946289,-0.4850411957779046,445
86_1.png,PED,1481,101.63133239746094,111.77215576171875,-10.140823364257812,-0.09072763511760931,2629
86_10.png,SRF,310,60.82903289794922,91.0065689086914,-30.177536010742188,-0.3315973382209352,913
86_10.png,SRF,9,82.88888549804688,118.87052154541016,-35.98163604736328,-0.30269603918258076,363
86_10.png,PED,3906,82.12749481201172,78.24954986572266,3.8779449462890625,0.04955868695658533,2236
86_10.png,PED,213,147.64788818359375,123.26545715332031,24.382431030273438,0.19780424778651515,1375
86_11.png,PED,5122,92.50566101074219,94.37520599365234,-1.8695449829101562,-0.019809704924362247,4880
86_12.png,SRF,101,74.85148620605469,97.48516845703125,-22.633682250976562,-0.23217564896503062,472
86_12.png,PED,5053,84.09083557128906,100.64051055908203,-16.54967498779297,-0.1644434720755646,4384
86_13.png,PED,6254,83.46498107910156,99.8486328125,-16.383651733398438,-0.16408488801408383,4347
86_13.png,PED,141,87.49645233154297,127.38802337646484,-39.891571044921875,-0.31315009046833137,768
86_14.png,PED,5364,86.0287094116211,101.45130157470703,-15.422592163085938,-0.15201965794129316,4199
86_14.png,PED,105,80.1047592163086,132.3259735107422,-52.221214294433594,-0.39464069607010516,816
86_15.png,PED,5838,86.44124603271484,102.77581787109375,-16.334571838378906,-0.15893400000831415,4657
86_15.png,PED,50,129.32000732421875,119.25757598876953,10.062431335449219,0.08437561515082946,528
86_16.png,SRF,73,78.5616455078125,102.58547973632812,-24.023834228515625,-0.23418357344785293,427
86_16.png,SRF,69,48.5217399597168,116.24955749511719,-67.72781753540039,-0.582607099715155,561
86_16.png,PED,556,137.7931671142578,132.31349182128906,5.47967529296875,0.041414335133486954,1697
86_16.png,PED,3555,75.35189819335938,84.38166046142578,-9.029762268066406,-0.10701095734178247,2476
86_17.png,SRF,570,70.52104949951172,113.83110046386719,-43.31005096435547,-0.3804764320810827,1794
86_17.png,PED,5019,95.52281188964844,103.78455352783203,-8.261741638183594,-0.07960473266349825,4493
86_18.png,SRF,115,76.59130096435547,130.04148864746094,-53.45018768310547,-0.4110241142194821,675
86_18.png,PED,3648,96.88568878173828,115.31214141845703,-18.42645263671875,-0.15979629213415497,4498
86_19.png,SRF,166,76.19879150390625,127.3689193725586,-51.170127868652344,-0.40174736600361594,740
86_19.png,PED,4389,93.67259216308594,112.01105499267578,-18.338462829589844,-0.16372011522245697,5155
86_2.png,SRF,1025,58.05268478393555,109.50257873535156,-51.449893951416016,-0.4698509801834105,2324
86_2.png,IRF,106,95.05660247802734,85.47443389892578,9.582168579101562,0.11210566881826389,704
86_2.png,PED,1479,100.50845336914062,112.49811553955078,-11.989662170410156,-0.1065765600864218,2648
86_20.png,SRF,159,87.01258087158203,141.05075073242188,-54.038169860839844,-0.38311153666492787,729
86_20.png,IRF,187,55.05347442626953,116.78666687011719,-61.733192443847656,-0.5285979478505319,825
86_20.png,PED,5423,101.63617706298828,122.61278533935547,-20.976608276367188,-0.17108010570276352,5914
86_21.png,SRF,172,60.54069900512695,124.29124450683594,-63.750545501708984,-0.5129126010014546,594
86_21.png,SRF,155,68.49032592773438,138.88792419433594,-70.39759826660156,-0.5068662281113745,696
86_21.png,IRF,94,52.691490173339844,77.95569610595703,-25.264205932617188,-0.3240841554192293,632
86_21.png,IRF,72,48.95833206176758,76.94915008544922,-27.99081802368164,-0.36375733835395013,531
86_21.png,IRF,8,25.125,77.71785736083984,-52.592857360839844,-0.6767152253909167,280
86_21.png,PED,4215,101.90937042236328,126.69819641113281,-24.78882598876953,-0.1956525561605498,6143
86_22.png,SRF,85,44.16470718383789,119.87476348876953,-75.71005630493164,-0.6315762726157499,535
86_22.png,SRF,37,57.297298431396484,118.97882080078125,-61.681522369384766,-0.5184243880905882,425
86_22.png,SRF,170,83.95882415771484,138.80166625976562,-54.84284210205078,-0.39511659751557354,842
86_22.png,PED,4680,110.236328125,131.1053009033203,-20.868972778320312,-0.15917718531998576,5964
86_23.png,SRF,195,75.96410369873047,122.15580749511719,-46.19170379638672,-0.37813759937883507,783
86_23.png,SRF,147,77.11564636230469,135.53018188476562,-58.41453552246094,-0.43100757860804634,845
86_23.png,PED,4413,112.74937438964844,126.48258972167969,-13.73321533203125,-0.10857791070099598,5858
86_24.png,SRF,327,88.81651306152344,122.22822570800781,-33.411712646484375,-0.2733551309687006,907
86_24.png,SRF,218,78.18807220458984,140.50277709960938,-62.31470489501953,-0.44351226489168644,1082
86_24.png,PED,4240,114.89551544189453,131.8905029296875,-16.99498748779297,-0.12885679491913996,5735
86_3.png,SRF,190,47.84737014770508,96.32777404785156,-48.480403900146484,-0.5032858319352783,720
86_3.png,SRF,716,67.06005859375,116.44332122802734,-49.383262634277344,-0.42409699511723503,2073
86_3.png,PED,1840,101.38369750976562,111.85498809814453,-10.471290588378906,-0.09361487374341428,2717
86_4.png,SRF,1092,62.010074615478516,112.8265380859375,-50.816463470458984,-0.4503945998214817,2208
86_4.png,SRF,54,78.55555725097656,115.06542205810547,-36.509864807128906,-0.3172965792337879,535
86_4.png,SRF,35,62.85714340209961,125.8046875,-62.94754409790039,-0.5003592898547631,512
86_4.png,PED,1476,93.1009521484375,108.00654602050781,-14.905593872070312,-0.13800639332767944,2139
86_5.png,SRF,856,59.81308364868164,113.25651550292969,-53.44343185424805,-0.471879534849945,2148
86_5.png,PED,1488,87.46236419677734,101.51863098144531,-14.056266784667969,-0.13845997181775482,1986
86_6.png,SRF,869,80.31645202636719,121.03997039794922,-40.72351837158203,-0.336446863277422,2902
86_6.png,PED,2027,90.41094970703125,108.38388061523438,-17.972930908203125,-0.1658266045299439,2829
86_7.png,SRF,604,65.57450103759766,111.54090118408203,-45.966400146484375,-0.4121035392265974,1577
86_7.png,PED,2445,82.17546081542969,105.25948333740234,-23.084022521972656,-0.21930586955265913,2347
86_8.png,SRF,462,58.138526916503906,105.0371322631836,-46.89860534667969,-0.446495485321985,1562
86_8.png,SRF,30,70.36666870117188,117.78515625,-47.418487548828125,-0.4025845790634431,512
86_8.png,SRF,9,74.33333587646484,123.5081558227539,-49.17481994628906,-0.39815038625351723,368
86_8.png,PED,2813,78.99147033691406,87.82685852050781,-8.83538818359375,-0.10060007078051941,1698
86_9.png,SRF,57,52.94736862182617,83.65286254882812,-30.705493927001953,-0.36705849616418296,314
86_9.png,SRF,216,57.76852035522461,98.89805603027344,-41.12953567504883,-0.4158781003992512,824
86_9.png,PED,3622,79.7048568725586,82.88998413085938,-3.1851272583007812,-0.038425960527056977,2127
87_1.png,SRF,353,85.45325469970703,142.49087524414062,-57.037620544433594,-0.4002896357167196,1371
87_1.png,IRF,43,62.69767379760742,135.19300842285156,-72.49533462524414,-0.5362358266227495,544
87_10.png,SRF,1086,71.34990692138672,116.50892639160156,-45.159019470214844,-0.38760136985924615,1456
87_10.png,SRF,36,81.66666412353516,146.69444274902344,-65.02777862548828,-0.44328726710351934,504
87_11.png,SRF,1300,74.45230865478516,120.38264465332031,-45.930335998535156,-0.3815361934505261,1832
87_12.png,SRF,1456,68.26854705810547,119.13751220703125,-50.86896514892578,-0.42697689591275184,1738
87_12.png,SRF,181,100.20994567871094,129.21722412109375,-29.007278442382812,-0.2244846121690335,801
87_13.png,SRF,1150,68.22348022460938,124.48040771484375,-56.256927490234375,-0.4519339912438765,1557
87_13.png,SRF,108,79.51851654052734,122.93074035644531,-43.41222381591797,-0.353143759567717,823
87_13.png,PED,250,147.4759979248047,129.0762481689453,18.399749755859375,0.1425494621735233,682
87_14.png,SRF,1307,76.7834701538086,121.2195816040039,-44.43611145019531,-0.36657535739859026,1348
87_14.png,SRF,161,69.01863098144531,118.57003021240234,-49.55139923095703,-0.41790829556332515,614
87_14.png,IRF,5,26.600000381469727,92.14146423339844,-65.54146385192871,-0.7113134612871927,205
87_14.png,IRF,109,65.65137481689453,95.02404022216797,-29.372665405273438,-0.30910773038695893,624
87_14.png,IRF,101,63.801979064941406,101.55244445800781,-37.750465393066406,-0.37173369478738955,572
87_14.png,IRF,62,70.5,99.86245727539062,-29.362457275390625,-0.2940289882354667,269
87_14.png,PED,1146,124.41535949707031,124.45195007324219,-0.036590576171875,-0.00029401368279356646,2414
87_15.png,SRF,1249,72.9615707397461,105.81000518798828,-32.84843444824219,-0.3104473380365281,1179
87_15.png,SRF,400,76.19499969482422,132.81277465820312,-56.617774963378906,-0.42629765931090674,908
87_15.png,IRF,57,59.842105865478516,89.64070129394531,-29.798595428466797,-0.33242260489186415,398
87_15.png,IRF,53,65.60377502441406,104.0372543334961,-38.43347930908203,-0.36942035384634225,510
87_15.png,PED,1634,123.62178802490234,122.9053726196289,0.7164154052734375,0.005828999904590181,2716
87_16.png,SRF,829,93.53558349609375,117.64176940917969,-24.106185913085938,-0.2049117930999507,1379
87_16.png,SRF,1307,76.36648559570312,116.635986328125,-40.269500732421875,-0.3452579431114349,1434
87_16.png,PED,1823,126.04608154296875,131.44125366210938,-5.395172119140625,-0.041046261876121266,3447
87_17.png,SRF,1259,74.4360580444336,122.47227478027344,-48.036216735839844,-0.39222115227320836,1605
87_17.png,SRF,722,82.05817413330078,124.59048461914062,-42.532310485839844,-0.3413768765396204,1072
87_17.png,PED,1067,125.23617553710938,123.0686264038086,2.1675491333007812,0.017612523976571353,2448
87_18.png,SRF,989,72.4064712524414,114.54364776611328,-42.137176513671875,-0.3678700419923049,1409
87_18.png,SRF,1057,68.66698455810547,120.71138763427734,-52.044403076171875,-0.4311474177883884,1625
87_18.png,PED,1071,130.25582885742188,112.33650207519531,17.919326782226562,0.15951472986253215,2000
87_19.png,SRF,1120,84.71696472167969,113.29312896728516,-28.57616424560547,-0.25223210362437076,1252
87_19.png,SRF,1208,75.85844421386719,112.5971908569336,-36.738746643066406,-0.32628475331810713,1497
87_19.png,PED,1018,132.63555908203125,115.44149017333984,17.194068908691406,0.14894184822869014,2256
87_2.png,SRF,365,81.69041442871094,146.71185302734375,-65.02143859863281,-0.4431914481137001,1527
87_2.png,IRF,348,72.0862045288086,106.27937316894531,-34.19316864013672,-0.321729114696434,1217
87_20.png,SRF,1089,71.22772979736328,102.51270294189453,-31.28497314453125,-0.3051814287080496,1299
87_20.png,SRF,1239,69.31961059570312,113.43464660644531,-44.11503601074219,-0.38890266184542943,1599
87_20.png,PED,1394,131.87948608398438,115.72425842285156,16.155227661132812,0.13960104719014307,2263
87_21.png,SRF,1278,76.0594711303711,110.5414810180664,-34.48200988769531,-0.31193728879079996,1603
87_21.png,SRF,1382,76.11650085449219,110.36952209472656,-34.253021240234375,-0.3103485508511682,1621
87_21.png,PED,954,134.83018493652344,121.0401840209961,13.790000915527344,0.11392911393075277,1966
87_22.png,SRF,1110,71.35224914550781,98.13653564453125,-26.784286499023438,-0.27292879581607704,1311
87_22.png,SRF,1041,69.29203033447266,113.79598999023438,-44.50395965576172,-0.3910854825339708,1397
87_22.png,PED,1030,139.9786376953125,121.21246337890625,18.76617431640625,0.1548205010712784,2311
87_22.png,PED,24,151.625,149.21444702148438,2.410552978515625,0.016154957020807416,443
87_23.png,SRF,1148,74.07142639160156,115.31245422363281,-41.24102783203125,-0.35764591179414057,1405
87_23.png,SRF,755,72.01457214355469,107.94200134277344,-35.92742919921875,-0.33284012481045255,1207
87_23.png,PED,939,129.58360290527344,123.03959655761719,6.54400634765625,0.053186181771912845,2172
87_23.png,PED,88,133.51136779785156,141.68296813964844,-8.171600341796875,-0.057675248119750125,593
87_24.png,SRF,904,69.65044403076172,125.47325134277344,-55.82280731201172,-0.4448980696253138,1458
87_24.png,SRF,540,68.35740661621094,115.85575103759766,-47.49834442138672,-0.40997830488339326,1130
87_24.png,IRF,130,61.63846206665039,86.42401123046875,-24.78554916381836,-0.2867900807996774,783
87_24.png,IRF,140,58.20000076293945,89.43939208984375,-31.239391326904297,-0.34928000511814383,660
87_24.png,IRF,28,58.78571319580078,105.20643615722656,-46.42072296142578,-0.44123463028489984,373
87_24.png,PED,599,126.57262420654297,132.7346954345703,-6.162071228027344,-0.04642396780926694,1715
87_25.png,SRF,495,72.43838500976562,120.6462173461914,-48.20783233642578,-0.399580139326661,1467
87_25.png,SRF,707,66.97171020507812,126.44915771484375,-59.477447509765625,-0.4703664981612101,1367
87_25.png,PED,429,114.2727279663086,130.1452178955078,-15.872489929199219,-0.12195983983017393,1212
87_26.png,SRF,616,76.34740447998047,123.24739074707031,-46.899986267089844,-0.3805353280325303,1342
87_26.png,SRF,238,74.85294342041016,121.83316802978516,-46.980224609375,-0.3856111219063885,1013
87_26.png,PED,421,125.00475311279297,127.81021118164062,-2.8054580688476562,-0.021950187257421948,1038
87_27.png,SRF,671,85.00447082519531,129.4556121826172,-44.451141357421875,-0.3433697512836806,1712
87_27.png,SRF,296,77.92229461669922,127.29930877685547,-49.37701416015625,-0.38788124330439083,1303
87_27.png,SRF,11,85.2727279663086,127.52644348144531,-42.25371551513672,-0.33133297190464267,416
87_27.png,PED,299,141.59866333007812,137.23165893554688,4.36700439453125,0.0318221351283255,872
87_28.png,SRF,277,77.23826599121094,128.8814239501953,-51.643157958984375,-0.40070288158005807,1324
87_28.png,SRF,86,96.48837280273438,125.49004364013672,-29.001670837402344,-0.23110734522150134,653
87_28.png,IRF,661,59.30257034301758,89.83111572265625,-30.528545379638672,-0.3398437738866811,2404
87_28.png,PED,204,151.40196228027344,132.0391845703125,19.362777709960938,0.14664417818825606,1021
87_3.png,SRF,145,90.96551513671875,140.32618713378906,-49.36067199707031,-0.35175666784139953,699
87_3.png,SRF,185,88.4810791015625,141.44371032714844,-52.96263122558594,-0.3744431696756783,1057
87_4.png,SRF,238,82.54621887207031,123.16248321533203,-40.61626434326172,-0.3297778940706317,917
87_4.png,SRF,69,101.840576171875,139.84547424316406,-38.00489807128906,-0.2717635181043181,563
87_5.png,SRF,141,100.64539337158203,145.0956573486328,-44.45026397705078,-0.3063514428295164,784
87_5.png,SRF,183,73.40983581542969,127.41214752197266,-54.00231170654297,-0.42383958481847334,774
87_5.png,IRF,149,59.28858947753906,97.95291137695312,-38.66432189941406,-0.3947235600851289,807
87_5.png,PED,204,135.68136596679688,123.67646789550781,12.004898071289062,0.09706695441392942,646
87_6.png,SRF,300,73.31666564941406,127.52591705322266,-54.209251403808594,-0.42508419195436553,926
87_6.png,SRF,130,90.6076889038086,142.5380096435547,-51.930320739746094,-0.36432612514801094,684
87_6.png,PED,294,131.1904754638672,129.48387145996094,1.70660400390625,0.013180050802187876,589
87_7.png,SRF,534,67.28651428222656,127.73872375488281,-60.45220947265625,-0.4732488919229981,1064
87_7.png,SRF,167,84.7784423828125,137.19911193847656,-52.42066955566406,-0.3820773240804268,899
87_7.png,PED,327,128.99082946777344,123.51473236083984,5.476097106933594,0.044335578455010134,645
87_8.png,SRF,589,77.65874481201172,129.2138214111328,-51.555076599121094,-0.398990417867784,1216
87_8.png,SRF,180,73.16666412353516,130.30564880371094,-57.13898468017578,-0.4384996752232013,831
87_8.png,PED,298,118.57047271728516,127.16609954833984,-8.595626831054688,-0.06759369723207732,590
87_9.png,SRF,830,72.68795013427734,122.45221710205078,-49.76426696777344,-0.4063974352240618,1444
87_9.png,SRF,235,99.20425415039062,131.98536682128906,-32.78111267089844,-0.2483692962363377,957
88_1.png,SRF,124,73.15322875976562,123.95903015136719,-50.80580139160156,-0.4098596232123006,537
88_1.png,IRF,150,52.86000061035156,77.23177337646484,-24.37177276611328,-0.31556665994594646,768
88_10.png,SRF,282,74.30850982666016,131.62286376953125,-57.314353942871094,-0.435443754234274,875
88_10.png,SRF,629,65.19554901123047,128.06101989746094,-62.86547088623047,-0.4909024692804036,1737
88_10.png,PED,114,81.71052551269531,113.59259033203125,-31.882064819335938,-0.28067028602961364,648
88_11.png,SRF,694,65.81555938720703,127.6662826538086,-61.85072326660156,-0.4844718744911024,1732
88_11.png,SRF,237,67.87342071533203,126.26233673095703,-58.388916015625,-0.46244127526359324,770
88_11.png,PED,60,117.23332977294922,116.42337036132812,0.8099594116210938,0.006957017384974578,522
88_12.png,SRF,132,83.75,126.28172302246094,-42.53172302246094,-0.3368003065249283,930
88_12.png,SRF,582,63.77663040161133,124.8938980102539,-61.11726760864258,-0.4893535119195719,1753
88_12.png,PED,160,128.1374969482422,125.30288696289062,2.8346099853515625,0.022622064455634236,624
88_13.png,SRF,527,69.87286376953125,131.57550048828125,-61.70263671875,-0.46895232387313274,1404
88_13.png,IRF,35,41.514286041259766,61.33333206176758,-19.819046020507812,-0.3231366265988687,528
88_13.png,PED,292,96.66780853271484,128.85440063476562,-32.18659210205078,-0.24979039864756208,783
88_14.png,SRF,351,57.75498580932617,123.31742858886719,-65.56244277954102,-0.5316559348486111,1383
88_14.png,IRF,34,37.911766052246094,81.55844116210938,-43.64667510986328,-0.5351582802215298,462
88_14.png,PED,77,99.15584564208984,129.59808349609375,-30.442237854003906,-0.23489728422505163,627
88_15.png,SRF,322,64.2732925415039,126.93475341796875,-62.661460876464844,-0.4936509441991365,1364
88_15.png,PED,102,132.1666717529297,128.89950561523438,3.2671661376953125,0.025346614962572615,607
88_2.png,SRF,416,67.43029022216797,117.1556625366211,-49.725372314453125,-0.4244384883992246,1227
88_3.png,SRF,569,64.08787536621094,115.40986633300781,-51.321990966796875,-0.4446932710129872,1581
88_3.png,IRF,29,38.0,78.3366928100586,-40.336692810058594,-0.5149144208559093,496
88_4.png,SRF,679,65.07363891601562,116.25627136230469,-51.18263244628906,-0.44025695858403974,1514
88_5.png,SRF,591,56.8426399230957,115.5606918334961,-58.71805191040039,-0.5081144027330974,1557
88_6.png,SRF,625,63.563201904296875,120.11893463134766,-56.55573272705078,-0.4708311216763933,1278
88_6.png,PED,75,101.57333374023438,116.35610961914062,-14.78277587890625,-0.12704769803058522,483
88_7.png,SRF,76,105.64473724365234,132.07635498046875,-26.431617736816406,-0.20012376735203719,537
88_7.png,SRF,562,61.11743927001953,121.72986602783203,-60.6124267578125,-0.4979256836112365,1403
88_7.png,PED,90,103.88888549804688,111.64791107177734,-7.759025573730469,-0.06949548360777004,551
88_8.png,SRF,125,85.7040023803711,131.85841369628906,-46.15441131591797,-0.3500300816770474,565
88_8.png,SRF,500,66.2979965209961,126.51589965820312,-60.21790313720703,-0.47597103051784356,1132
88_8.png,PED,118,112.5762710571289,107.5308609008789,5.04541015625,0.046920578092467975,567
88_9.png,SRF,185,85.8270263671875,128.7439422607422,-42.91691589355469,-0.33335095337251697,660
88_9.png,SRF,549,66.56101989746094,124.00346374511719,-57.44244384765625,-0.46323257522649747,1443
88_9.png,PED,88,127.45454406738281,111.21946716308594,16.235076904296875,0.1459733382869986,524
89_1.png,SRF,91,109.78022003173828,131.9984588623047,-22.218238830566406,-0.16832195634756275,650
89_1.png,SRF,42,86.95237731933594,130.33717346191406,-43.384796142578125,-0.3328658662009088,347
89_1.png,SRF,551,69.71869659423828,131.05897521972656,-61.34027862548828,-0.4680356955534591,1170
89_1.png,IRF,20,46.75,88.74390411376953,-41.99390411376953,-0.47320325303621324,328
89_1.png,IRF,85,50.070587158203125,86.38201904296875,-36.311431884765625,-0.4203586844468562,890
89_1.png,IRF,77,47.79220962524414,89.0129623413086,-41.22075271606445,-0.463087078913393,540
89_1.png,IRF,35,45.4571418762207,77.35685729980469,-31.899715423583984,-0.4123708813551365,496
89_1.png,PED,2193,96.14318084716797,116.81636810302734,-20.673187255859375,-0.17697166579966306,3213
89_1.png,PED,512,122.71875,116.13162231445312,6.587127685546875,0.056721223334938946,1983
89_10.png,PED,13506,57.12875747680664,109.04914855957031,-51.92039108276367,-0.4761191789993766,9299
89_11.png,SRF,458,104.97816467285156,93.18830108642578,11.789863586425781,0.12651656322708887,940
89_11.png,PED,14421,55.36134719848633,106.88184356689453,-51.5204963684082,-0.4820322577628714,9352
89_12.png,SRF,227,56.8458137512207,107.43656921386719,-50.590755462646484,-0.4708895288897272,804
89_12.png,PED,13594,47.92055130004883,100.3160171508789,-52.39546585083008,-0.5223040880104461,6025
89_12.png,PED,1272,100.39151000976562,115.12378692626953,-14.732276916503906,-0.12796900892375196,3296
89_13.png,PED,13915,45.264678955078125,100.53345489501953,-55.268775939941406,-0.5497550640993583,6098
89_13.png,PED,1068,97.1226577758789,109.28536224365234,-12.162704467773438,-0.11129307912853524,3252
89_14.png,IRF,51,53.588233947753906,103.36570739746094,-49.77747344970703,-0.48156661143238844,659
89_14.png,PED,14886,44.85684585571289,100.4656982421875,-55.60885238647461,-0.5535108336421571,6195
89_14.png,PED,1358,96.34241485595703,111.01976776123047,-14.677352905273438,-0.13220486046088595,3136
89_15.png,SRF,253,57.3636360168457,107.57708740234375,-50.21345138549805,-0.4667671583047903,934
89_15.png,PED,15247,42.48003005981445,98.5490493774414,-56.06901931762695,-0.5689453086745001,5240
89_15.png,PED,241,115.23236846923828,111.16411590576172,4.0682525634765625,0.03659681481140356,981
89_15.png,PED,1087,88.90432739257812,112.43440246582031,-23.530075073242188,-0.2092782507595507,2843
89_16.png,SRF,887,51.56595230102539,93.67826843261719,-42.1123161315918,-0.4495419998276676,1523
89_16.png,PED,15894,42.8922233581543,97.23878479003906,-54.346561431884766,-0.558897990644695,5440
89_16.png,PED,966,92.1832275390625,112.61324310302734,-20.430015563964844,-0.18141752249576792,2658
89_17.png,SRF,351,104.52706909179688,90.94635772705078,13.580711364746094,0.14932661080836987,727
89_17.png,SRF,565,47.23185729980469,96.22110748291016,-48.98925018310547,-0.5091320549579671,1298
89_17.png,SRF,245,47.85306167602539,96.8458023071289,-48.992740631103516,-0.50588398736924,1096
89_17.png,PED,16611,43.02835464477539,96.75126647949219,-53.7229118347168,-0.5552683059306943,5327
89_17.png,PED,905,98.91602325439453,113.11846923828125,-14.202445983886719,-0.1255537321139806,2583
89_18.png,SRF,606,45.92079162597656,99.2725830078125,-53.35179138183594,-0.5374272509625068,1273
89_18.png,SRF,308,51.58766174316406,99.88018798828125,-48.29252624511719,-0.48350455899004974,1060
89_18.png,IRF,20,50.29999923706055,122.764892578125,-72.46489334106445,-0.5902737486203502,319
89_18.png,IRF,15,43.79999923706055,94.88220977783203,-51.082210540771484,-0.5383750089756675,416
89_18.png,PED,16834,41.931209564208984,101.34001922607422,-59.408809661865234,-0.5862324688268825,5232
89_18.png,PED,422,104.63507080078125,119.18682861328125,-14.5517578125,-0.12209199608553445,1579
89_2.png,SRF,412,68.40291595458984,130.94796752929688,-62.54505157470703,-0.47763285490256946,961
89_2.png,SRF,123,93.23577117919922,148.63983154296875,-55.40406036376953,-0.37274033338603013,683
89_2.png,SRF,284,80.85211181640625,128.06907653808594,-47.21696472167969,-0.3686835729438404,883
89_2.png,IRF,10,52.900001525878906,107.921875,-55.021873474121094,-0.5098305924922181,384
89_2.png,PED,2710,97.26014709472656,111.57322692871094,-14.313079833984375,-0.12828417917077575,4295
89_3.png,SRF,1,90.0,102.39583587646484,-12.395835876464844,-0.1210580075875328,192
89_3.png,SRF,196,69.96939086914062,121.21585083007812,-51.2464599609375,-0.4227702863116097,593
89_3.png,SRF,164,64.20731353759766,112.15646362304688,-47.94915008544922,-0.42752016724247194,441
89_3.png,PED,3159,98.8053207397461,107.60078430175781,-8.795463562011719,-0.08174163059393269,3587
89_3.png,PED,700,122.7057113647461,112.35910034179688,10.346611022949219,0.09208520708580598,2406
89_4.png,IRF,476,61.50840377807617,84.79608154296875,-23.287677764892578,-0.27463153180128974,1736
89_4.png,IRF,66,43.42424392700195,83.3590087890625,-39.93476486206055,-0.4790695743889456,688
89_4.png,PED,6012,81.9386215209961,117.87078094482422,-35.932159423828125,-0.304843652818828,6849
89_4.png,PED,510,71.47647094726562,92.50045013427734,-21.02397918701172,-0.22728515543970296,1107
89_5.png,SRF,465,89.4709701538086,111.7971420288086,-22.326171875,-0.1997025278986725,769
89_5.png,SRF,95,45.3684196472168,86.36772918701172,-40.99930953979492,-0.4747063506905371,688
89_5.png,PED,5945,71.57123565673828,110.95960235595703,-39.38836669921875,-0.35497934259769026,5619
89_5.png,PED,834,98.5011978149414,117.2839126586914,-18.78271484375,-0.16014740997266766,2374
89_6.png,SRF,521,102.60460662841797,122.64698028564453,-20.042373657226562,-0.16341514165736426,728
89_6.png,SRF,37,72.51351165771484,92.02393341064453,-19.510421752929688,-0.21201464694914782,376
89_6.png,IRF,105,43.88571548461914,68.90156555175781,-25.015850067138672,-0.36306649735479735,640
89_6.png,PED,9152,68.16444396972656,113.9400634765625,-45.77561950683594,-0.40175174657728707,8959
89_7.png,SRF,358,80.13966369628906,119.97753143310547,-39.837867736816406,-0.3320444024890474,890
89_7.png,IRF,21,54.619049072265625,89.49784851074219,-34.87879943847656,-0.38971662468835944,464
89_7.png,PED,10404,63.02931594848633,113.25820922851562,-50.2288932800293,-0.44349008890547514,9105
89_8.png,SRF,302,86.32781219482422,105.2428970336914,-18.915084838867188,-0.17972789966824937,704
89_8.png,IRF,38,40.44736862182617,83.54562377929688,-43.0982551574707,-0.5158649036043312,548
89_8.png,IRF,273,48.28571319580078,72.44742584228516,-24.161712646484375,-0.33350684811194475,970
89_8.png,PED,11358,60.14553451538086,112.2972183227539,-52.15168380737305,-0.46440761922956697,9192
89_9.png,IRF,47,36.914894104003906,67.76249694824219,-30.84760284423828,-0.45523120064185435,560
89_9.png,IRF,30,48.79999923706055,79.36458587646484,-30.564586639404297,-0.3851161862922045,480
89_9.png,PED,13105,58.14055633544922,111.79495239257812,-53.654396057128906,-0.4799357655139619,9276
8_1.png,SRF,1199,59.929107666015625,111.98240661621094,-52.05329895019531,-0.4648346157498986,2785
8_1.png,IRF,147,46.57143020629883,92.42082977294922,-45.84939956665039,-0.49609378837312834,720
8_10.png,SRF,648,57.65895080566406,116.84046173095703,-59.18151092529297,-0.506515551620871,1824
8_10.png,IRF,661,54.00302505493164,103.04812622070312,-49.045101165771484,-0.4759436485116598,1309
8_11.png,SRF,679,58.324005126953125,116.87186431884766,-58.54785919189453,-0.5009576901431584,1756
8_11.png,IRF,432,56.34953689575195,103.7216796875,-47.37214279174805,-0.4567236370879664,1024
8_11.png,IRF,221,64.97737884521484,98.05117797851562,-33.07379913330078,-0.337311593957063,723
8_12.png,SRF,640,57.990623474121094,120.38494873046875,-62.394325256347656,-0.5182900845523724,1608
8_12.png,IRF,534,50.953182220458984,105.52147674560547,-54.568294525146484,-0.5171297465510406,1327
8_13.png,SRF,674,58.76112747192383,122.01948547363281,-63.258358001708984,-0.5184283293456313,1591
8_13.png,IRF,214,52.3831787109375,103.75962829589844,-51.37644958496094,-0.49514874357921945,753
8_13.png,IRF,321,53.968849182128906,107.03411865234375,-53.065269470214844,-0.4957790108271505,850
8_14.png,SRF,598,57.205684661865234,119.53679656982422,-62.331111907958984,-0.5214387008568524,1617
8_14.png,IRF,230,55.70869445800781,103.18846130371094,-47.479766845703125,-0.46012670647309695,780
8_14.png,IRF,274,50.99270248413086,113.2525634765625,-62.25986099243164,-0.5497435032039364,879
8_15.png,SRF,627,58.933013916015625,117.24111938476562,-58.30810546875,-0.4973349433605509,1464
8_15.png,IRF,616,52.23214340209961,106.61849212646484,-54.386348724365234,-0.5101024000588492,1363
8_16.png,SRF,623,56.027286529541016,113.76860809326172,-57.7413215637207,-0.5075329876268443,1478
8_16.png,IRF,175,47.7542839050293,97.35877990722656,-49.604496002197266,-0.509502030011731,786
8_16.png,IRF,315,53.57777786254883,108.22740936279297,-54.64963150024414,-0.5049518585172001,1007
8_17.png,SRF,660,55.46666717529297,112.07172393798828,-56.60505676269531,-0.5050788439197752,1464
8_17.png,IRF,189,51.60846710205078,98.09689331054688,-46.488426208496094,-0.47390314453004084,547
8_17.png,IRF,320,48.375,109.74298858642578,-61.36798858642578,-0.559197351711419,856
8_18.png,SRF,704,53.54545593261719,112.7040786743164,-59.15862274169922,-0.5249022345735265,1666
8_18.png,IRF,211,56.075828552246094,100.72476196289062,-44.64893341064453,-0.44327663367518555,832
8_18.png,IRF,120,64.24166870117188,99.45426940917969,-35.21260070800781,-0.35405821104707313,656
8_19.png,SRF,781,51.239437103271484,109.50143432617188,-58.26199722290039,-0.5320660645353321,1747
8_2.png,SRF,957,56.87983322143555,115.62152099609375,-58.7416877746582,-0.5080515051920376,2769
8_2.png,IRF,257,46.35408401489258,86.36175537109375,-40.00767135620117,-0.46325681065987445,821
8_2.png,IRF,97,52.93814468383789,84.60344696044922,-31.665302276611328,-0.37427910344379184,580
8_20.png,SRF,742,48.14555358886719,111.72048950195312,-63.57493591308594,-0.5690535030458715,1796
8_3.png,SRF,913,57.33515930175781,110.88875579833984,-53.55359649658203,-0.48294884464186405,2436
8_3.png,IRF,254,48.27165222167969,88.06787109375,-39.79621887207031,-0.45188124088643455,663
8_4.png,SRF,877,55.8494873046875,111.31426239013672,-55.46477508544922,-0.4982719545052999,2272
8_4.png,IRF,216,46.89814758300781,97.55406951904297,-50.655921936035156,-0.5192599569221139,749
8_4.png,IRF,174,56.057472229003906,102.13243865966797,-46.07496643066406,-0.4511296022627827,672
8_5.png,SRF,871,53.48909378051758,113.14948272705078,-59.6603889465332,-0.5272705407805645,2221
8_5.png,IRF,377,49.69761276245117,97.1882553100586,-47.49064254760742,-0.4886459006399339,1073
8_5.png,IRF,58,44.620689392089844,87.43016815185547,-42.809478759765625,-0.48964195843030767,537
8_5.png,IRF,32,64.6875,85.45842742919922,-20.77092742919922,-0.24305300312725228,445
8_6.png,SRF,932,55.96995544433594,116.0636215209961,-60.093666076660156,-0.5177648714484505,2059
8_6.png,IRF,386,51.34455871582031,96.77251434326172,-45.427955627441406,-0.4694303536054043,1055
8_6.png,IRF,207,52.10144805908203,89.383544921875,-37.28209686279297,-0.41710246438960435,717
8_7.png,SRF,726,59.225894927978516,117.19762420654297,-57.97172927856445,-0.49464935548862415,1852
8_7.png,IRF,347,51.288185119628906,91.9470443725586,-40.65885925292969,-0.44219865391414626,812
8_7.png,IRF,197,61.52284240722656,106.0338363647461,-44.51099395751953,-0.4197810386149383,532
8_7.png,IRF,125,62.52000045776367,101.9139404296875,-39.39393997192383,-0.3865412308250657,581
8_8.png,SRF,787,59.38627624511719,119.50807189941406,-60.121795654296875,-0.5030772792058713,1734
8_8.png,IRF,374,52.82352828979492,99.9161148071289,-47.092586517333984,-0.4713212338994388,1061
8_8.png,IRF,241,61.904563903808594,100.17639923095703,-38.27183532714844,-0.38204442983534065,839
8_9.png,SRF,687,61.2518196105957,118.68843841552734,-57.43661880493164,-0.4839276644945522,1730
8_9.png,IRF,307,48.159610748291016,95.4252700805664,-47.26565933227539,-0.4953159607761085,823
8_9.png,IRF,185,76.09729766845703,105.06334686279297,-28.966049194335938,-0.2757008039365434,663
90_1.png,SRF,533,51.3958740234375,110.73976135253906,-59.34388732910156,-0.5358859961796452,1587
90_1.png,SRF,163,52.06748580932617,98.99549865722656,-46.92801284790039,-0.47404188558501387,889
90_1.png,PED,72,115.19444274902344,114.74805450439453,0.44638824462890625,0.0038901595896931812,385
90_10.png,SRF,323,57.662540435791016,117.6548080444336,-59.99226760864258,-0.50990068834234,1321
90_10.png,SRF,400,63.41749954223633,109.5702896118164,-46.15279006958008,-0.42121628256244764,1131
90_10.png,SRF,53,79.0943374633789,124.29696655273438,-45.20262908935547,-0.36366638980025107,165
90_10.png,SRF,68,33.10293960571289,82.07119750976562,-48.968257904052734,-0.5966558231129261,618
90_10.png,PED,3141,65.20343780517578,79.254150390625,-14.050712585449219,-0.17728677319984598,2829
90_11.png,SRF,890,60.464046478271484,111.49803924560547,-51.033992767333984,-0.4577120199837542,2299
90_11.png,SRF,141,34.680850982666016,83.34742736816406,-48.66657638549805,-0.5839001625152387,757
90_11.png,PED,3344,63.52840805053711,84.83003997802734,-21.301631927490234,-0.2511095354075959,3848
90_12.png,SRF,431,52.52436065673828,111.25568389892578,-58.7313232421875,-0.5278950358666087,1584
90_12.png,SRF,94,47.287235260009766,84.47826385498047,-37.1910285949707,-0.44024376091363154,644
90_12.png,PED,2837,65.58406829833984,80.99065399169922,-15.406585693359375,-0.19022671054043352,2568
90_13.png,SRF,357,54.19607925415039,110.7109375,-56.51485824584961,-0.5104722218240597,1408
90_13.png,SRF,51,58.35293960571289,78.90357208251953,-20.55063247680664,-0.2604524983395457,560
90_13.png,PED,2354,67.31181335449219,86.7051010131836,-19.393287658691406,-0.22366951231326793,2706
90_14.png,SRF,430,52.251163482666016,111.20954132080078,-58.958377838134766,-0.5301557504680321,1761
90_14.png,SRF,115,51.599998474121094,85.42217254638672,-33.822174072265625,-0.39594139395013866,893
90_14.png,PED,1440,63.528472900390625,91.58160400390625,-28.053131103515625,-0.3063184075954716,1685
90_15.png,SRF,185,58.73513412475586,105.29293060302734,-46.557796478271484,-0.4421740017266921,693
90_15.png,SRF,531,58.31450271606445,112.3723373413086,-54.05783462524414,-0.48105998241412595,1504
90_15.png,SRF,194,56.17525863647461,88.50831604003906,-32.33305740356445,-0.365310954384645,842
90_15.png,PED,1798,65.85706329345703,90.22575378417969,-24.368690490722656,-0.2700857512258933,1856
90_16.png,SRF,463,54.5485954284668,111.75447845458984,-57.20588302612305,-0.5118889535095277,1340
90_16.png,SRF,85,47.63529586791992,82.8602294921875,-35.22493362426758,-0.4251126727519958,601
90_16.png,PED,1959,71.65084075927734,91.9195556640625,-20.268714904785156,-0.22050492692611603,2337
90_17.png,SRF,414,54.41787338256836,106.0162124633789,-51.59833908081055,-0.4867023437442091,1295
90_17.png,SRF,131,67.08396911621094,96.52700805664062,-29.443038940429688,-0.3050238428933066,611
90_17.png,SRF,177,55.316383361816406,80.54846954345703,-25.232086181640625,-0.313253452544217,784
90_17.png,PED,619,78.33602905273438,92.02116394042969,-13.685134887695312,-0.14871725483231713,1323
90_17.png,PED,320,83.8218765258789,90.06507110595703,-6.243194580078125,-0.06931871038810729,1045
90_18.png,SRF,536,60.526119232177734,106.18780517578125,-45.661685943603516,-0.43000875541231914,1427
90_18.png,SRF,185,66.21080780029297,86.72486114501953,-20.514053344726562,-0.23654178368096068,716
90_18.png,SRF,411,48.91484069824219,82.75,-33.83515930175781,-0.40888410032335726,1168
90_19.png,SRF,444,52.18918991088867,106.82584381103516,-54.636653900146484,-0.5114553927305603,1246
90_19.png,SRF,224,54.12053680419922,93.53612518310547,-39.41558837890625,-0.42139428270891754,789
90_19.png,SRF,36,24.77777862548828,76.46484375,-51.68706512451172,-0.6759585528416348,512
90_2.png,SRF,552,54.28804397583008,109.07430267333984,-54.786258697509766,-0.5022838317984565,2086
90_2.png,SRF,176,65.6477279663086,102.7467041015625,-37.098976135253906,-0.36107217705574784,758
90_2.png,SRF,52,51.269229888916016,100.20186614990234,-48.93263626098633,-0.4883405683062123,322
90_2.png,PED,52,89.59615325927734,110.11090087890625,-20.514747619628906,-0.1863098699209615,523
90_20.png,SRF,529,52.57844924926758,106.45355224609375,-53.87510299682617,-0.5060902324074684,1464
90_20.png,SRF,40,70.80000305175781,108.89375305175781,-38.09375,-0.3498249342356106,480
90_20.png,SRF,93,51.15053939819336,84.51795959472656,-33.3674201965332,-0.3947968024374211,724
90_21.png,SRF,472,55.934322357177734,105.8827133178711,-49.94839096069336,-0.47173319794651475,1475
90_21.png,PED,46,121.3043441772461,94.16824340820312,27.13610076904297,0.28816615651852656,529
90_3.png,SRF,939,58.713523864746094,110.27628326416016,-51.56275939941406,-0.4675779584980988,2378
90_3.png,SRF,52,56.03845977783203,94.94932556152344,-38.910865783691406,-0.40980665795755117,592
90_3.png,SRF,39,50.02564239501953,100.64495086669922,-50.61930847167969,-0.5029493087906936,307
90_3.png,PED,83,107.4337387084961,123.07523345947266,-15.641494750976562,-0.12708888954597952,638
90_4.png,SRF,705,52.61134719848633,109.1409912109375,-56.52964401245117,-0.5179506195174274,2220
90_4.png,SRF,74,44.9594612121582,92.63908386230469,-47.679622650146484,-0.5146815001000626,568
90_4.png,SRF,174,56.83333206176758,93.06118774414062,-36.22785568237305,-0.38929070819487843,572
90_4.png,PED,66,75.31818389892578,79.76909637451172,-4.4509124755859375,-0.05579745387473285,589
90_5.png,SRF,530,55.32830047607422,109.74304962158203,-54.41474914550781,-0.49583777134991,1798
90_5.png,SRF,190,55.394737243652344,93.58687591552734,-38.192138671875,-0.4080928901435677,564
90_5.png,SRF,197,56.11675262451172,90.55425262451172,-34.4375,-0.3802968828288719,940
90_5.png,IRF,1009,42.128841400146484,58.045623779296875,-15.91678237915039,-0.2742115829380996,3200
90_5.png,PED,630,117.19206237792969,119.52857971191406,-2.336517333984375,-0.01954777124948538,1837
90_5.png,PED,69,76.98550415039062,83.55950164794922,-6.573997497558594,-0.07867444596852664,479
90_6.png,SRF,166,63.421688079833984,116.14239501953125,-52.720706939697266,-0.4539316322074417,920
90_6.png,SRF,544,54.42831039428711,110.85029602050781,-56.4219856262207,-0.5089926473067999,1336
90_6.png,SRF,301,55.189369201660156,95.08739471435547,-39.89802551269531,-0.4195932135121571,492
90_6.png,SRF,134,49.64179229736328,89.84033966064453,-40.19854736328125,-0.4474442941235966,833
90_6.png,SRF,90,53.11111068725586,82.65693664550781,-29.545825958251953,-0.35745125765990615,411
90_6.png,IRF,581,41.92082595825195,52.403526306152344,-10.48270034790039,-0.20003807161102607,1021
90_6.png,PED,1274,83.89482116699219,101.82719421386719,-17.932373046875,-0.17610593304978747,3096
90_7.png,SRF,169,71.08876037597656,117.89530181884766,-46.806541442871094,-0.3970178685728445,936
90_7.png,SRF,535,54.684112548828125,110.22884368896484,-55.54473114013672,-0.5039037812722459,1359
90_7.png,SRF,341,57.18768310546875,85.83024597167969,-28.642562866210938,-0.333711764913988,324
90_7.png,SRF,144,48.38888931274414,90.37272644042969,-41.98383712768555,-0.464563135155159,880
90_7.png,IRF,321,35.510902404785156,48.877498626708984,-13.366596221923828,-0.27347136407303146,800
90_7.png,PED,1264,80.04825592041016,98.4725341796875,-18.424278259277344,-0.1871006815530683,3058
90_8.png,SRF,155,62.774192810058594,117.97258758544922,-55.198394775390625,-0.467891701836324,912
90_8.png,SRF,227,56.96475601196289,106.00448608398438,-49.039730072021484,-0.462619384175578,1115
90_8.png,SRF,84,41.44047546386719,87.75743865966797,-46.31696319580078,-0.5277838996124596,672
90_8.png,IRF,341,42.01759719848633,56.08161163330078,-14.064014434814453,-0.2507776439588509,1066
90_8.png,PED,2314,87.6737289428711,92.90731811523438,-5.233589172363281,-0.05633129099552718,2665
90_8.png,PED,657,60.07305908203125,71.9728775024414,-11.899818420410156,-0.16533753871389262,1364
90_9.png,SRF,232,66.09913635253906,119.10590362548828,-53.00676727294922,-0.44503895826710255,1152
90_9.png,SRF,315,61.74603271484375,108.3145980834961,-46.568565368652344,-0.42993803413972137,1014
90_9.png,SRF,172,52.03488540649414,89.1181640625,-37.08327865600586,-0.4161135840949187,1024
90_9.png,PED,3025,78.4588394165039,86.21366119384766,-7.75482177734375,-0.08994887434263314,3880
91_1.png,SRF,504,64.76786041259766,113.66239929199219,-48.89453887939453,-0.43017338349322776,1561
91_1.png,IRF,215,53.748836517333984,94.73197174072266,-40.98313522338867,-0.4326220015303572,832
91_1.png,PED,556,97.8794937133789,113.21395874023438,-15.334465026855469,-0.13544676996976923,1318
91_10.png,SRF,243,62.23868179321289,126.83985137939453,-64.60116958618164,-0.5093128766995407,1099
91_10.png,SRF,65,64.16922760009766,113.23090362548828,-49.061676025390625,-0.43328874410171925,563
91_10.png,IRF,215,67.66046142578125,111.16796112060547,-43.50749969482422,-0.3913672541643827,899
91_10.png,IRF,175,54.97142791748047,105.4737548828125,-50.50232696533203,-0.4788141563884121,724
91_10.png,IRF,29,59.24137878417969,105.76201629638672,-46.52063751220703,-0.43986148469255665,437
91_10.png,IRF,87,69.6436767578125,115.58464050292969,-45.94096374511719,-0.3974659915471445,573
91_10.png,IRF,247,58.846153259277344,117.28193664550781,-58.43578338623047,-0.4982504983939375,869
91_10.png,IRF,91,51.868133544921875,116.6672592163086,-64.79912567138672,-0.5554182562156961,559
91_10.png,IRF,521,57.890594482421875,96.98600769042969,-39.09541320800781,-0.4031036449381104,1358
91_10.png,PED,14954,50.49665451049805,102.2164077758789,-51.71975326538086,-0.505982888566993,5180
91_11.png,SRF,268,65.50373077392578,132.04867553710938,-66.5449447631836,-0.5039425385564175,1089
91_11.png,IRF,68,45.70588302612305,108.10630798339844,-62.40042495727539,-0.5772135421261267,555
91_11.png,IRF,34,46.911766052246094,105.28094482421875,-58.369178771972656,-0.554413515849693,509
91_11.png,IRF,398,49.97236251831055,106.26073455810547,-56.28837203979492,-0.5297193951639335,955
91_11.png,IRF,152,60.625,108.05972290039062,-47.434722900390625,-0.43896765258333964,720
91_11.png,IRF,187,46.98930358886719,113.58377838134766,-66.59447479248047,-0.5863026898867135,752
91_11.png,PED,16479,49.680137634277344,101.60755157470703,-51.92741394042969,-0.5110586086925835,5458
91_12.png,SRF,230,59.83913040161133,123.7099609375,-63.87083053588867,-0.5162949697167645,1124
91_12.png,IRF,206,50.985435485839844,105.98798370361328,-55.00254821777344,-0.5189507932482569,832
91_12.png,IRF,192,51.80208206176758,100.45877838134766,-48.65669631958008,-0.48434489353310956,752
91_12.png,IRF,480,47.0625,105.7728042602539,-58.710304260253906,-0.5550604871531745,1184
91_12.png,IRF,28,61.75,97.9865951538086,-36.236595153808594,-0.3698117594241168,373
91_12.png,IRF,132,47.477272033691406,82.32386016845703,-34.846588134765625,-0.4232866153683758,704
91_12.png,IRF,134,50.70149230957031,104.2547836303711,-53.55329132080078,-0.5136770655116476,679
91_12.png,IRF,33,59.06060791015625,104.6637954711914,-45.603187561035156,-0.4357111965578143,464
91_12.png,PED,16710,49.62495422363281,102.03874969482422,-52.413795471191406,-0.5136655988822845,5548
91_12.png,PED,140,114.20714569091797,132.2132568359375,-18.00611114501953,-0.13618990694226063,769
91_13.png,SRF,254,58.21653366088867,122.70043182373047,-64.4838981628418,-0.5255392927669429,928
91_13.png,IRF,92,56.14130401611328,87.98076629638672,-31.839462280273438,-0.3618911680424981,624
91_13.png,IRF,12,68.33333587646484,116.15885162353516,-47.82551574707031,-0.4117251081481964,384
91_13.png,IRF,159,62.98113250732422,110.5971450805664,-47.61601257324219,-0.43053563940150064,700
91_13.png,IRF,278,48.90647506713867,104.00411987304688,-55.0976448059082,-0.5297640600503462,728
91_13.png,IRF,253,49.616600036621094,99.16970825195312,-49.55310821533203,-0.4996798829884235,713
91_13.png,IRF,524,48.774810791015625,106.531982421875,-57.757171630859375,-0.5421580479196985,1235
91_13.png,IRF,92,47.510868072509766,83.38851165771484,-35.87764358520508,-0.43024683942642106,592
91_13.png,IRF,96,57.9375,106.92147064208984,-48.983970642089844,-0.45813034882450643,624
91_13.png,IRF,15,51.13333511352539,123.03472137451172,-71.90138626098633,-0.5843991473116114,432
91_13.png,PED,17252,49.71771240234375,101.25054168701172,-51.53282928466797,-0.5089634922049857,5564
91_13.png,PED,394,125.47461700439453,131.59063720703125,-6.116020202636719,-0.04647762433899,1346
91_14.png,SRF,282,57.822696685791016,123.26335906982422,-65.4406623840332,-0.5309011767800635,1029
91_14.png,IRF,48,41.16666793823242,70.95265197753906,-29.78598403930664,-0.41980085605166334,528
91_14.png,IRF,1047,46.53868103027344,104.94609069824219,-58.40740966796875,-0.5565467877780326,1688
91_14.png,IRF,330,50.55454635620117,99.3577651977539,-48.803218841552734,-0.4911867607370056,914
91_14.png,IRF,158,51.436710357666016,104.01435089111328,-52.577640533447266,-0.5054844844293439,627
91_14.png,IRF,110,50.918182373046875,109.99295806884766,-59.07477569580078,-0.537077797824332,568
91_14.png,IRF,35,48.0,103.81041717529297,-55.81041717529297,-0.537618658068315,480
91_14.png,PED,17024,49.96223068237305,98.78834533691406,-48.826114654541016,-0.4942497466479606,5490
91_14.png,PED,1192,129.86325073242188,143.45806884765625,-13.594818115234375,-0.09476509912921835,2945
91_15.png,SRF,257,57.98832702636719,123.51862335205078,-65.5302963256836,-0.5305296848954526,1047
91_15.png,IRF,26,54.346153259277344,101.62091827392578,-47.27476501464844,-0.4652070244751798,459
91_15.png,IRF,1517,45.70665740966797,105.70679473876953,-60.00013732910156,-0.5676090877353566,1927
91_15.png,IRF,749,46.554073333740234,105.38243103027344,-58.8283576965332,-0.5582368628375394,1446
91_15.png,IRF,73,52.75342559814453,104.13814544677734,-51.38471984863281,-0.4934284130774576,485
91_15.png,IRF,138,56.58695602416992,97.24590301513672,-40.6589469909668,-0.4181044725826451,610
91_15.png,IRF,60,49.016666412353516,88.81066131591797,-39.79399490356445,-0.44807677720143246,544
91_15.png,PED,17317,50.427268981933594,101.16252899169922,-50.735260009765625,-0.5015222584434267,5599
91_15.png,PED,1341,135.31394958496094,144.58242797851562,-9.268478393554688,-0.06410515111097696,2936
91_16.png,SRF,254,68.03936767578125,125.2431411743164,-57.203773498535156,-0.4567417661532265,1057
91_16.png,IRF,16,66.5625,115.18518829345703,-48.62268829345703,-0.42212622138170336,432
91_16.png,IRF,1141,46.225242614746094,104.77449798583984,-58.54925537109375,-0.5588120821061497,1694
91_16.png,IRF,879,41.21729278564453,103.33577728271484,-62.11848449707031,-0.6011324067086781,1364
91_16.png,IRF,37,50.4054069519043,100.89492797851562,-50.48952102661133,-0.5004168399561421,552
91_16.png,IRF,29,63.68965530395508,105.47770690917969,-41.78805160522461,-0.3961789920329393,471
91_16.png,IRF,105,54.79999923706055,93.99198913574219,-39.19198989868164,-0.4169715978888478,624
91_16.png,PED,17259,54.33124923706055,98.55760192871094,-44.22635269165039,-0.4487360875890666,5538
91_17.png,SRF,180,77.25555419921875,129.97543334960938,-52.719879150390625,-0.405614182555438,855
91_17.png,IRF,72,56.11111068725586,93.72710418701172,-37.61599349975586,-0.4013352789039706,535
91_17.png,IRF,862,41.69257354736328,98.91586303710938,-57.223289489746094,-0.5785046779430933,1343
91_17.png,IRF,57,46.05263137817383,89.12421417236328,-43.07158279418945,-0.4832758773153437,475
91_17.png,IRF,140,47.68571472167969,98.93650817871094,-51.25079345703125,-0.5180170030304279,693
91_17.png,IRF,14,55.14285659790039,107.093505859375,-51.95064926147461,-0.48509616754624935,385
91_17.png,IRF,24,59.66666793823242,105.79310607910156,-46.12643814086914,-0.436006086317008,406
91_17.png,IRF,44,58.681819915771484,96.98245239257812,-38.30063247680664,-0.39492332408514874,456
91_17.png,IRF,95,37.0947380065918,88.92774963378906,-51.833011627197266,-0.5828665612325666,609
91_17.png,IRF,31,40.80644989013672,85.94136810302734,-45.134918212890625,-0.525182682207042,307
91_17.png,PED,16102,53.477333068847656,103.1419906616211,-49.66465759277344,-0.4815173458859132,5458
91_17.png,PED,263,125.84030151367188,139.45333862304688,-13.613037109375,-0.09761714738269615,1200
91_18.png,SRF,160,97.82499694824219,126.19059753417969,-28.3656005859375,-0.22478378849307262,808
91_18.png,IRF,31,50.290321350097656,106.50779724121094,-56.21747589111328,-0.5278249794594486,449
91_18.png,IRF,46,55.434783935546875,110.280517578125,-54.845733642578125,-0.49732930935624486,467
91_18.png,IRF,355,50.22816848754883,94.43524169921875,-44.20707321166992,-0.46812050688102,857
91_18.png,IRF,344,48.69767379760742,98.27108001708984,-49.57340621948242,-0.5044556975547776,937
91_18.png,IRF,357,47.66946792602539,98.77916717529297,-51.10969924926758,-0.5174137493847117,960
91_18.png,IRF,123,56.90243911743164,99.36570739746094,-42.4632682800293,-0.42734328967414315,659
91_18.png,IRF,214,47.09812927246094,92.73514556884766,-45.63701629638672,-0.4921221184961128,774
91_18.png,PED,17191,53.907508850097656,100.21586608886719,-46.30835723876953,-0.46208608522831346,5207
91_18.png,PED,384,137.078125,142.73382568359375,-5.65570068359375,-0.03962410911714134,1360
91_18.png,PED,2,29.0,49.81562423706055,-20.815624237060547,-0.4178533252540209,320
91_19.png,IRF,80,94.61250305175781,132.6964874267578,-38.083984375,-0.2870006969553023,682
91_19.png,IRF,319,57.9028205871582,98.31884002685547,-40.416019439697266,-0.4110709547494434,828
91_19.png,IRF,333,44.78678512573242,99.94669342041016,-55.159908294677734,-0.5518932783764661,938
91_19.png,IRF,728,47.79258346557617,104.55248260498047,-56.7598991394043,-0.5428842790262015,1448
91_19.png,IRF,21,47.904762268066406,104.74129486083984,-56.83653259277344,-0.5426372918941562,402
91_19.png,IRF,274,53.572994232177734,96.90448760986328,-43.33149337768555,-0.4471567256218082,869
91_19.png,IRF,107,51.85981369018555,92.9726791381836,-41.11286544799805,-0.44220372940842917,549
91_19.png,PED,18409,58.351783752441406,119.59825134277344,-61.24646759033203,-0.5121016979988877,8127
91_2.png,SRF,488,60.440574645996094,110.80733489990234,-50.36676025390625,-0.45454355796396506,1391
91_2.png,IRF,82,48.40243911743164,87.8108139038086,-39.40837478637695,-0.44878726246116374,592
91_2.png,IRF,8,35.25,81.57954406738281,-46.32954406738281,-0.5679063863009051,352
91_2.png,PED,1495,76.18795776367188,118.97333526611328,-42.785377502441406,-0.3596215690410068,1950
91_20.png,SRF,355,78.01689910888672,122.94685363769531,-44.929954528808594,-0.36544208492890734,1430
91_20.png,IRF,24,78.08333587646484,110.82128143310547,-32.737945556640625,-0.2954120827090605,498
91_20.png,IRF,56,61.03571319580078,110.22879791259766,-49.193084716796875,-0.44628160379470827,507
91_20.png,IRF,904,47.411502838134766,102.20664978027344,-54.79514694213867,-0.5361211531728975,1534
91_20.png,IRF,88,55.181819915771484,90.13286590576172,-34.951045989990234,-0.38777249162955996,572
91_20.png,IRF,75,40.733333587646484,96.05842590332031,-55.32509231567383,-0.5759525184324459,736
91_20.png,IRF,18,41.11111068725586,97.14663696289062,-56.035526275634766,-0.5768138561197952,416
91_20.png,IRF,94,51.76595687866211,98.42936706542969,-46.66341018676758,-0.47408016101280687,538
91_20.png,IRF,349,49.66189193725586,93.31140899658203,-43.64951705932617,-0.4677832810447117,745
91_20.png,PED,18492,60.653202056884766,121.6722640991211,-61.01906204223633,-0.5015034650175224,8754
91_3.png,SRF,767,59.371578216552734,113.96145629882812,-54.58987808227539,-0.47902053777840975,1453
91_3.png,IRF,42,45.30952453613281,86.94355010986328,-41.63402557373047,-0.4788627278403175,496
91_3.png,IRF,288,64.83333587646484,98.16056060791016,-33.32722473144531,-0.3395174653144725,928
91_3.png,PED,4252,60.212371826171875,110.9822006225586,-50.76982879638672,-0.45745920076905633,2977
91_4.png,SRF,649,59.20955276489258,117.50464630126953,-58.29509353637695,-0.4961088380021542,1399
91_4.png,IRF,488,75.92623138427734,99.01883697509766,-23.092605590820312,-0.23321426807535514,1168
91_4.png,IRF,76,43.828948974609375,90.78125,-46.952301025390625,-0.5172026274741824,640
91_4.png,PED,6457,53.54948043823242,109.20348358154297,-55.65400314331055,-0.5096357855814493,3563
91_5.png,SRF,563,56.216697692871094,115.87069702148438,-59.65399932861328,-0.514832488817707,1307
91_5.png,IRF,50,43.79999923706055,83.98848724365234,-40.1884880065918,-0.4784999626199262,608
91_5.png,IRF,29,52.86206817626953,81.2727279663086,-28.410659790039062,-0.3495718736279731,528
91_5.png,IRF,87,75.3563232421875,107.65724182128906,-32.30091857910156,-0.30003479591945204,566
91_5.png,IRF,159,55.63521957397461,95.2797622680664,-39.6445426940918,-0.41608565922481217,672
91_5.png,IRF,16,32.625,98.87963104248047,-66.25463104248047,-0.6700533804987227,432
91_5.png,PED,7971,50.800025939941406,111.51721954345703,-60.717193603515625,-0.544464736944547,4037
91_6.png,SRF,512,59.30078125,115.54196166992188,-56.241180419921875,-0.4867597849912799,1144
91_6.png,IRF,223,54.60538101196289,93.2387466430664,-38.633365631103516,-0.4143488305242726,800
91_6.png,IRF,98,60.31632614135742,98.73138427734375,-38.41505813598633,-0.3890865950797934,376
91_6.png,IRF,40,44.70000076293945,98.32765197753906,-53.62765121459961,-0.5453974557111335,528
91_6.png,PED,9050,50.06011199951172,109.5822525024414,-59.52214050292969,-0.5431731794489585,4237
91_7.png,SRF,406,60.46059036254883,108.25389862060547,-47.79330825805664,-0.44149272097401837,961
91_7.png,IRF,58,52.482757568359375,108.046875,-55.564117431640625,-0.5142593659616775,576
91_7.png,IRF,14,39.28571319580078,81.95052337646484,-42.66481018066406,-0.5206166894709163,384
91_7.png,IRF,17,52.882354736328125,112.89195251464844,-60.00959777832031,-0.5315666568042898,435
91_7.png,IRF,68,52.60293960571289,106.28794860839844,-53.68500900268555,-0.5050902732207175,639
91_7.png,IRF,126,51.19047546386719,98.29444122314453,-47.103965759277344,-0.47921291553347967,720
91_7.png,IRF,126,48.79365158081055,99.46875,-50.67509841918945,-0.5094574770386624,640
91_7.png,PED,11128,47.86214828491211,106.10685729980469,-58.24470901489258,-0.5489250223510276,4651
91_8.png,SRF,75,77.76000213623047,125.95423889160156,-48.194236755371094,-0.3826329084235736,590
91_8.png,SRF,288,60.80208206176758,108.42127227783203,-47.61919021606445,-0.4392052335821994,959
91_8.png,IRF,126,52.507938385009766,104.64778137207031,-52.13984298706055,-0.49824126516050793,653
91_8.png,IRF,22,63.40909194946289,111.32959747314453,-47.92050552368164,-0.4304381459318692,446
91_8.png,IRF,213,51.01408386230469,104.46810913085938,-53.45402526855469,-0.5116779246152223,784
91_8.png,IRF,122,60.573768615722656,115.87286376953125,-55.299095153808594,-0.4772393928555814,527
91_8.png,IRF,120,54.70833206176758,117.09648895263672,-62.38815689086914,-0.5327927203359953,570
91_8.png,IRF,17,33.117645263671875,86.02884674072266,-52.91120147705078,-0.6150402275706052,416
91_8.png,IRF,100,58.95000076293945,99.97723388671875,-41.0272331237793,-0.41036575557057364,615
91_8.png,PED,13292,49.256168365478516,103.56248474121094,-54.30631637573242,-0.5243821303770065,4937
91_9.png,SRF,116,68.02586364746094,126.97331237792969,-58.94744873046875,-0.46425069667407454,712
91_9.png,SRF,172,66.11046600341797,111.1195297241211,-45.009063720703125,-0.40505088378656856,845
91_9.png,IRF,153,56.3856201171875,101.67045593261719,-45.28483581542969,-0.4454080135673094,704
91_9.png,IRF,86,59.73255920410156,105.97122192382812,-46.23866271972656,-0.4363322596484054,556
91_9.png,IRF,238,52.0210075378418,101.84402465820312,-49.82301712036133,-0.4892090359505278,795
91_9.png,IRF,39,65.87179565429688,107.43541717529297,-41.563621520996094,-0.3868707602557206,480
91_9.png,IRF,26,54.80769348144531,112.63169860839844,-57.824005126953125,-0.5133901542939303,448
91_9.png,IRF,69,70.5362319946289,110.5950698852539,-40.058837890625,-0.3622117869466278,568
91_9.png,IRF,61,53.98360824584961,79.85037994384766,-25.866771697998047,-0.32394049616530396,528
91_9.png,IRF,11,55.272727966308594,95.41091918945312,-40.13819122314453,-0.42068760645145814,348
91_9.png,IRF,202,59.841583251953125,97.41836547851562,-37.5767822265625,-0.3857258540726551,784
91_9.png,PED,14147,49.60443878173828,103.52554321289062,-53.921104431152344,-0.5208483119984082,5090
92_1.png,IRF,347,82.76657104492188,90.5283203125,-7.761749267578125,-0.08573835503392628,1024
92_10.png,SRF,4845,74.10918426513672,94.04829406738281,-19.939109802246094,-0.21200926609004,3955
92_10.png,IRF,21,55.57143020629883,110.60185241699219,-55.03042221069336,-0.49755425436472006,432
92_10.png,IRF,63,53.28571319580078,87.59314727783203,-34.30743408203125,-0.39166801454471467,467
92_10.png,IRF,64,52.359375,90.80902862548828,-38.44965362548828,-0.42341223342517104,576
92_10.png,IRF,183,46.53005599975586,91.1568374633789,-44.62678146362305,-0.48956044006629,695
92_11.png,SRF,4819,70.77941131591797,100.41067504882812,-29.631263732910156,-0.2951007322528301,4271
92_11.png,IRF,179,55.94413375854492,73.40753173828125,-17.463397979736328,-0.23789654230574478,903
92_11.png,IRF,112,58.48214340209961,82.47882080078125,-23.99667739868164,-0.29094350726282864,850
92_11.png,IRF,172,43.953487396240234,74.12662506103516,-30.173137664794922,-0.407048582610508,616
92_12.png,SRF,4229,72.78032684326172,96.63265228271484,-23.852325439453125,-0.246835048774913,4674
92_12.png,IRF,156,52.91666793823242,70.65130615234375,-17.734638214111328,-0.25101642389838547,803
92_12.png,IRF,10,36.29999923706055,77.89266967773438,-41.59267044067383,-0.5339741289232393,382
92_12.png,IRF,149,45.68456268310547,77.76449584960938,-32.079933166503906,-0.41252672978866933,828
92_12.png,IRF,477,42.088050842285156,75.29821014404297,-33.21015930175781,-0.441048455710008,1006
92_12.png,IRF,43,38.093021392822266,71.31369018554688,-33.22066879272461,-0.4658385887238441,526
92_13.png,SRF,2003,50.268096923828125,103.78446197509766,-53.51636505126953,-0.5156491061649517,2510
92_13.png,SRF,80,67.2249984741211,109.14439392089844,-41.919395446777344,-0.38407282262392795,651
92_13.png,IRF,129,42.68217086791992,67.42411041259766,-24.741939544677734,-0.3669598218392645,672
92_13.png,IRF,406,42.41872024536133,78.91345977783203,-36.4947395324707,-0.46246533399011636,1040
92_13.png,IRF,72,44.11111068725586,72.74464416503906,-28.633533477783203,-0.3936170670217454,560
92_13.png,IRF,77,43.584415435791016,64.984375,-21.399959564208984,-0.32930930803303077,576
92_13.png,PED,1553,76.25305938720703,100.6121826171875,-24.35912322998047,-0.24210908258160796,2594
92_14.png,SRF,251,63.19123458862305,92.75872802734375,-29.567493438720703,-0.3187569953525526,659
92_14.png,SRF,1286,46.01788330078125,101.77153015136719,-55.75364685058594,-0.5478314688563907,2009
92_14.png,PED,1357,75.40457153320312,100.18452453613281,-24.779953002929688,-0.24734312128209468,2921
92_15.png,SRF,1214,43.16968536376953,95.93669128417969,-52.767005920410156,-0.5500190304052276,1706
92_15.png,SRF,278,64.56834411621094,99.86640930175781,-35.298065185546875,-0.3534528319616431,524
92_15.png,PED,952,69.96113586425781,98.80914306640625,-28.848007202148438,-0.29195686053830744,2646
92_16.png,SRF,67,64.80596923828125,96.45988464355469,-31.653915405273438,-0.3281562643604976,511
92_16.png,SRF,323,77.3931884765625,106.8315658569336,-29.438377380371094,-0.27555879336070294,659
92_16.png,SRF,1214,42.689456939697266,96.83197021484375,-54.142513275146484,-0.5591388170148661,1833
92_16.png,PED,839,76.77830505371094,106.20162200927734,-29.423316955566406,-0.2770514837616708,2346
92_17.png,SRF,403,69.95037078857422,120.02901458740234,-50.078643798828125,-0.41722115249360825,1103
92_17.png,SRF,1035,46.672462463378906,98.33667755126953,-51.664215087890625,-0.5253809298260519,1892
92_17.png,IRF,15,34.33333206176758,71.45138549804688,-37.1180534362793,-0.5194868255884824,432
92_17.png,IRF,62,36.45161437988281,64.4232177734375,-27.971603393554688,-0.43418513325311936,560
92_17.png,PED,472,81.45550537109375,108.81383514404297,-27.35832977294922,-0.25142326558689404,1735
92_17.png,PED,131,87.12976837158203,96.94256591796875,-9.812797546386719,-0.10122279571896366,592
92_18.png,SRF,1791,51.79676055908203,101.39519500732422,-49.59843444824219,-0.4891596139704596,3702
92_18.png,IRF,54,44.98147964477539,72.35713958740234,-27.375659942626953,-0.37834082578069683,560
92_18.png,PED,350,102.23143005371094,115.28727722167969,-13.05584716796875,-0.11324620966513387,912
92_19.png,SRF,531,52.95856857299805,102.9950942993164,-50.03652572631836,-0.4858146503648617,1427
92_19.png,SRF,256,46.609375,95.5692138671875,-48.9598388671875,-0.5122971811322731,903
92_19.png,PED,906,73.88631439208984,105.66343688964844,-31.777122497558594,-0.30073905821126773,1444
92_2.png,SRF,1167,94.02399444580078,89.15818786621094,4.865806579589844,0.054574982915661985,1985
92_2.png,IRF,46,58.673912048339844,88.27580261230469,-29.601890563964844,-0.3353341424033528,562
92_2.png,IRF,156,60.512821197509766,88.23674011230469,-27.723918914794922,-0.31419926528914,773
92_2.png,IRF,256,74.73828125,108.42784881591797,-33.68956756591797,-0.3107095449538431,596
92_20.png,SRF,496,54.9254035949707,107.91580200195312,-52.99039840698242,-0.4910346531643565,1354
92_20.png,SRF,197,59.84771728515625,101.69751739501953,-41.84980010986328,-0.41151250474785733,886
92_20.png,IRF,22,36.727272033691406,84.53863525390625,-47.811363220214844,-0.5655563645736242,440
92_20.png,PED,1177,69.07051849365234,103.61246490478516,-34.54194641113281,-0.3333763601018004,1476
92_3.png,SRF,655,85.59542083740234,97.7728271484375,-12.177406311035156,-0.1245479614959642,1413
92_3.png,IRF,58,50.05172348022461,75.33638000488281,-25.284656524658203,-0.3356234600470505,547
92_3.png,IRF,26,49.88461685180664,76.40509033203125,-26.52047348022461,-0.34710348963629784,432
92_3.png,IRF,342,68.35964965820312,96.81181335449219,-28.452163696289062,-0.29389144475692075,1185
92_3.png,PED,114,120.12281036376953,113.50909423828125,6.613716125488281,0.05826595807032515,880
92_4.png,SRF,1022,87.1761245727539,96.56787872314453,-9.391754150390625,-0.09725546708255167,1650
92_4.png,IRF,153,42.80392074584961,71.04779052734375,-28.24386978149414,-0.3975334007132014,816
92_4.png,IRF,47,47.1489372253418,82.66812133789062,-35.51918411254883,-0.4296599890950799,458
92_4.png,IRF,113,60.513275146484375,98.79525756835938,-38.281982421875,-0.38748805726212676,464
92_4.png,IRF,131,55.96946716308594,95.52173614501953,-39.552268981933594,-0.41406564179158123,805
92_4.png,IRF,60,61.233333587646484,94.60520935058594,-33.37187576293945,-0.3527488178718645,499
92_4.png,IRF,171,56.90643310546875,97.83646392822266,-40.930030822753906,-0.41835149370057023,746
92_4.png,IRF,220,80.46363830566406,107.27621459960938,-26.812576293945312,-0.24993961983109483,782
92_4.png,PED,98,101.2448959350586,115.9616470336914,-14.716751098632812,-0.12691050424936634,704
92_5.png,SRF,1172,81.41297149658203,97.91608428955078,-16.50311279296875,-0.16854343096652913,1728
92_5.png,SRF,252,54.20634841918945,92.70012664794922,-38.493778228759766,-0.415250546258141,787
92_5.png,PED,96,94.05208587646484,113.51403045654297,-19.461944580078125,-0.17144968337221378,784
92_6.png,SRF,39,61.0512809753418,109.26631927490234,-48.21503829956055,-0.44126166800088396,383
92_6.png,SRF,613,82.7031021118164,100.02245330810547,-17.319351196289062,-0.17315463301963982,1425
92_6.png,IRF,199,51.4572868347168,92.30672454833984,-40.84943771362305,-0.4425402148489271,476
92_6.png,IRF,231,69.96969604492188,104.01380920410156,-34.04411315917969,-0.3273037822543012,869
92_7.png,SRF,1090,82.46605682373047,99.23902130126953,-16.772964477539062,-0.1690158191566576,1640
92_7.png,IRF,97,49.783504486083984,90.8895034790039,-41.10599899291992,-0.4522634343845402,543
92_7.png,IRF,126,45.60317611694336,84.40266418457031,-38.79948806762695,-0.4596950634494297,601
92_7.png,IRF,52,45.846153259277344,80.77458190917969,-34.928428649902344,-0.43241856317095806,417
92_7.png,IRF,55,53.45454406738281,83.76952362060547,-30.314979553222656,-0.3618855431304594,525
92_7.png,IRF,233,53.59656524658203,91.59402465820312,-37.997459411621094,-0.4148464875674404,803
92_7.png,PED,95,109.61052703857422,109.1803970336914,0.4301300048828125,0.003939626678130516,704
92_8.png,SRF,1308,79.71482849121094,95.55994415283203,-15.845115661621094,-0.16581336251389495,2027
92_8.png,IRF,278,50.557552337646484,91.7874984741211,-41.22994613647461,-0.4491891251192463,640
92_8.png,PED,49,115.0,115.4588851928711,-0.45888519287109375,-0.003974446766089399,608
92_9.png,SRF,3011,72.77349853515625,95.7305679321289,-22.957069396972656,-0.23980918418084354,3396
92_9.png,IRF,164,52.04268264770508,73.05440521240234,-21.011722564697266,-0.28761746130991883,772
92_9.png,IRF,129,55.12403106689453,90.17241668701172,-35.04838562011719,-0.38868189306459494,580
93_1.png,SRF,150,52.40666580200195,86.93116760253906,-34.52450180053711,-0.3971475680435785,799
93_1.png,IRF,29,87.27586364746094,97.39019012451172,-10.114326477050781,-0.10385364751952722,469
93_1.png,IRF,35,82.02857208251953,91.14677429199219,-9.118202209472656,-0.10003867147576881,511
93_1.png,IRF,67,79.0447769165039,86.84603881835938,-7.801261901855469,-0.08982864397732636,656
93_1.png,IRF,125,36.551998138427734,58.063987731933594,-21.51198959350586,-0.3704876367228022,672
93_2.png,IRF,20,66.55000305175781,91.72881317138672,-25.178810119628906,-0.2744918335810652,413
93_2.png,IRF,21,59.66666793823242,84.34259033203125,-24.675922393798828,-0.2925677560608133,432
93_2.png,IRF,22,66.18181610107422,84.88838958740234,-18.706573486328125,-0.2203666906304962,448
93_3.png,IRF,30,69.13333129882812,90.11868286132812,-20.9853515625,-0.23286349618304583,455
93_3.png,IRF,25,71.16000366210938,88.91706085205078,-17.757057189941406,-0.1997036004090081,422
93_3.png,IRF,11,38.90909194946289,81.82499694824219,-42.9159049987793,-0.5244840403223656,400
93_3.png,IRF,20,46.650001525878906,79.9375,-33.287498474121094,-0.41641905831582293,432
93_4.png,IRF,31,63.48387145996094,91.80941772460938,-28.325546264648438,-0.3085254973472707,446
93_4.png,IRF,18,65.77777862548828,85.45137023925781,-19.67359161376953,-0.23023143524421974,401
93_4.png,IRF,56,49.07143020629883,59.70458221435547,-10.63315200805664,-0.17809607929054377,589
93_4.png,IRF,17,28.823530197143555,55.01785659790039,-26.194326400756836,-0.47610590489191235,448
93_4.png,IRF,25,31.360000610351562,52.31299591064453,-20.95299530029297,-0.40053135813675506,377
93_5.png,IRF,18,65.38888549804688,91.37036895751953,-25.981483459472656,-0.2843534917928604,432
93_5.png,IRF,22,26.18181800842285,52.36574172973633,-26.183923721313477,-0.5000201058251165,432
93_6.png,IRF,43,70.76744079589844,96.28782653808594,-25.5203857421875,-0.2650427022786011,608
93_7.png,IRF,23,58.21739196777344,94.58405303955078,-36.366661071777344,-0.3844904072420162,464
93_8.png,IRF,40,73.4749984741211,83.80714416503906,-10.332145690917969,-0.12328478429680366,560
93_8.png,IRF,67,60.31343460083008,77.11555480957031,-16.802120208740234,-0.21788237470678265,675
94_1.png,SRF,961,96.62123107910156,123.7238998413086,-27.10266876220703,-0.2190576662792686,2289
94_10.png,SRF,337,111.25816345214844,133.2272491455078,-21.969085693359375,-0.1648993417958006,2187
94_10.png,SRF,208,105.83654022216797,123.70970153808594,-17.87316131591797,-0.14447663436012284,1495
94_10.png,SRF,4,104.0,137.15408325195312,-33.154083251953125,-0.24172873651197693,318
94_2.png,SRF,323,112.13622283935547,129.1741180419922,-17.03789520263672,-0.13189867646007852,1654
94_2.png,SRF,957,97.92894744873047,125.95919036865234,-28.030242919921875,-0.2225343211391251,2132
94_3.png,SRF,318,110.02515411376953,129.6095428466797,-19.584388732910156,-0.15110298441587217,1488
94_3.png,SRF,651,95.1874008178711,129.8524627685547,-34.665061950683594,-0.26695729300467413,2074
94_4.png,SRF,392,124.10204315185547,134.32443237304688,-10.222389221191406,-0.07610223278518465,2096
94_4.png,SRF,320,76.6468734741211,122.44099426269531,-45.79412078857422,-0.3740097102635709,966
94_4.png,PED,582,153.58763122558594,125.6601333618164,27.92749786376953,0.22224628540984576,1327
94_5.png,SRF,445,129.04269409179688,130.6329345703125,-1.590240478515625,-0.012173350340374435,2016
94_5.png,SRF,148,86.49324035644531,115.37186431884766,-28.878623962402344,-0.2503090691383116,917
94_5.png,PED,804,139.4054718017578,125.1018295288086,14.303642272949219,0.11433599593885523,1640
94_6.png,SRF,284,126.02112579345703,130.24098205566406,-4.219856262207031,-0.032400371953610535,1664
94_6.png,SRF,114,98.29824829101562,118.5344009399414,-20.23615264892578,-0.17071966018691032,814
94_6.png,PED,845,141.0177459716797,125.31400299072266,15.703742980957031,0.12531514919461653,1535
94_7.png,SRF,207,112.22705078125,134.4642791748047,-22.237228393554688,-0.1653764741834975,1568
94_7.png,PED,657,142.71841430664062,136.0475616455078,6.6708526611328125,0.04903323940869086,1472
94_8.png,SRF,503,123.37177276611328,130.6182861328125,-7.246513366699219,-0.05547855190299292,2832
94_8.png,PED,326,162.29141235351562,141.90234375,20.389068603515625,0.14368380440168468,1280
94_9.png,SRF,675,109.28888702392578,130.85308837890625,-21.56420135498047,-0.1647970378241119,3635
94_9.png,PED,245,166.9959259033203,140.44297790527344,26.552947998046875,0.18906568625991693,912
95_1.png,PED,129,123.25581359863281,98.93206787109375,24.323745727539062,0.24586310840315553,736
95_10.png,PED,57,119.59648895263672,103.63651275634766,15.959976196289062,0.15399954872865526,608
95_2.png,PED,115,116.99130249023438,106.04246520996094,10.948837280273438,0.1032495543987502,942
95_2.png,PED,167,125.02993774414062,92.04817962646484,32.98175811767578,0.35830972705290925,768
95_3.png,PED,275,128.82908630371094,96.48599243164062,32.34309387207031,0.3352102523584973,928
95_3.png,PED,81,117.5308609008789,98.96802520751953,18.562835693359375,0.18756396982193177,688
95_4.png,PED,47,107.0,111.84134674072266,-4.841346740722656,-0.043287629144400035,624
95_4.png,PED,48,110.25,107.0625,3.1875,0.0297723292469352,720
95_4.png,PED,322,118.28571319580078,100.59027862548828,17.6954345703125,0.175915951442933,1008
95_4.png,PED,134,111.0447769165039,101.14241790771484,9.902359008789062,0.09790510463991725,976
95_5.png,PED,986,105.06795501708984,101.64460754394531,3.4233474731445312,0.03367957785330099,2282
95_6.png,PED,646,107.25077056884766,92.78125,14.469520568847656,0.15595306776797743,1472
95_7.png,PED,616,111.54058074951172,98.56818389892578,12.972396850585938,0.13160835816847502,1408
95_8.png,PED,536,124.94776153564453,94.97222137451172,29.975540161132812,0.3156242923173063,1296
96_1.png,SRF,6891,43.33144760131836,124.1396713256836,-80.80822372436523,-0.6509460099371682,4847
96_1.png,PED,688,128.87791442871094,136.04959106445312,-7.1716766357421875,-0.052713694908091455,2077
96_10.png,SRF,4534,42.281429290771484,122.57477569580078,-80.2933464050293,-0.6550560337495279,3497
96_10.png,SRF,1013,45.746299743652344,121.87791442871094,-76.1316146850586,-0.6246547214228025,1671
96_10.png,PED,211,76.23223114013672,132.9330596923828,-56.700828552246094,-0.42653669962503016,747
96_11.png,SRF,5684,43.264427185058594,124.98204040527344,-81.71761322021484,-0.6538348466326278,4845
96_11.png,PED,317,125.45426177978516,131.1263427734375,-5.672080993652344,-0.043256609417168516,1029
96_12.png,SRF,5772,42.15367126464844,127.74691009521484,-85.5932388305664,-0.670021989312856,4860
96_12.png,PED,57,130.0877227783203,137.31219482421875,-7.2244720458984375,-0.05261347730365027,410
96_12.png,PED,36,111.69444274902344,138.5291290283203,-26.834686279296875,-0.19371150650785443,412
96_2.png,SRF,7273,42.987762451171875,122.91226196289062,-79.92449951171875,-0.6502565182296406,5220
96_2.png,PED,352,129.0,144.6933135986328,-15.693313598632812,-0.10845914858349817,1076
96_3.png,SRF,7751,42.57128143310547,125.60628509521484,-83.03500366210938,-0.6610736365554108,5443
96_4.png,SRF,7725,42.560386657714844,125.45376586914062,-82.89337921142578,-0.660748432995554,5472
96_5.png,SRF,7823,42.930973052978516,122.9539794921875,-80.02300643920898,-0.6508370592778874,5541
96_6.png,SRF,7314,42.384056091308594,122.25599670410156,-79.87194061279297,-0.6533171604343343,5375
96_7.png,SRF,6818,42.626869201660156,121.57584381103516,-78.948974609375,-0.6493804372197908,4885
96_7.png,PED,518,134.22393798828125,131.00897216796875,3.2149658203125,0.024540043075756215,1895
96_8.png,SRF,6345,43.4884147644043,124.40709686279297,-80.91868209838867,-0.6504346145753476,4989
96_8.png,IRF,260,70.515380859375,98.0960693359375,-27.5806884765625,-0.2811599757591746,916
96_8.png,PED,207,126.09178924560547,133.96481323242188,-7.873023986816406,-0.0587693424627639,682
96_9.png,SRF,4796,42.4507942199707,122.92484283447266,-80.47404861450195,-0.6546605776251931,3526
96_9.png,SRF,1066,50.33677291870117,123.72024536132812,-73.38347244262695,-0.5931403726876604,1655
96_9.png,PED,319,84.71160125732422,137.66064453125,-52.94904327392578,-0.3846345733322929,719
97_1.png,PED,100,103.31999969482422,137.53659057617188,-34.216590881347656,-0.2487817295601601,656
97_1.png,PED,105,130.028564453125,125.46736145019531,4.5612030029296875,0.0363537014743095,674
97_1.png,PED,136,88.32353210449219,147.48097229003906,-59.157440185546875,-0.40111913602797966,736
97_10.png,IRF,57,52.70175552368164,95.03589630126953,-42.33414077758789,-0.4454542170401183,390
97_11.png,PED,594,163.74073791503906,124.76136016845703,38.97937774658203,0.3124314907592443,1232
97_12.png,PED,863,152.16339111328125,140.38681030273438,11.776580810546875,0.08388666132631334,1789
97_2.png,PED,100,157.91000366210938,139.6478729248047,18.262130737304688,0.13077270963617313,656
97_2.png,PED,1630,142.72760009765625,142.7177276611328,0.0098724365234375,6.917456356142727e-05,3238
97_2.png,PED,43,149.46511840820312,129.43560791015625,20.029510498046875,0.15474497954187186,528
97_3.png,PED,3625,139.2204132080078,135.00531005859375,4.2151031494140625,0.031221758222581487,3581
97_3.png,PED,77,117.14286041259766,126.38980102539062,-9.246940612792969,-0.07316207904255928,608
97_4.png,PED,5752,115.58101654052734,123.89398956298828,-8.312973022460938,-0.06709746818052528,5075
97_4.png,PED,47,159.14894104003906,152.45101928710938,6.6979217529296875,0.04393490961392369,592
97_5.png,PED,8540,129.93020629882812,125.42487335205078,4.505332946777344,0.035920570030248136,5291
97_6.png,IRF,60,63.150001525878906,103.4388656616211,-40.28886413574219,-0.38949445044707753,458
97_6.png,PED,76,176.42105102539062,145.83717346191406,30.583877563476562,0.20971249536363004,608
97_8.png,IRF,110,54.61818313598633,99.09429931640625,-44.47611618041992,-0.4488261836173695,509
97_8.png,PED,169,179.6627197265625,137.32888793945312,42.333831787109375,0.308266035080499,1125
98_1.png,IRF,35,35.74285888671875,63.45138931274414,-27.70853042602539,-0.43668910525273813,576
98_1.png,PED,311,143.76849365234375,115.37310791015625,28.3953857421875,0.2461178887917248,1056
98_2.png,PED,676,136.4792938232422,116.99124908447266,19.48804473876953,0.16657694392764655,1600
98_3.png,SRF,204,78.54901885986328,118.26143646240234,-39.71241760253906,-0.33580192149250976,1312
98_3.png,PED,843,143.79122924804688,108.5709457397461,35.22028350830078,0.3243987907476355,1776
98_4.png,SRF,429,72.32633972167969,127.43718719482422,-55.11084747314453,-0.4324549896796751,1592
98_4.png,PED,398,138.71607971191406,132.6040496826172,6.112030029296875,0.04609233310691332,1187
98_5.png,SRF,622,59.9630241394043,121.528076171875,-61.5650520324707,-0.5065911842906189,1763
98_5.png,PED,300,141.3300018310547,120.76084899902344,20.56915283203125,0.1703296474190703,1221
98_6.png,SRF,833,61.8991584777832,126.50276184082031,-64.60360336303711,-0.5106892720992801,2172
98_7.png,SRF,740,54.7675666809082,124.08223724365234,-69.31467056274414,-0.5586188007445043,1824
98_8.png,SRF,829,61.176116943359375,121.97607421875,-60.799957275390625,-0.4984580596220282,2048
98_9.png,SRF,522,57.74329376220703,121.9881591796875,-64.24486541748047,-0.526648371854258,1520
98_9.png,IRF,53,39.20754623413086,82.3327407836914,-43.12519454956055,-0.5237915577578204,565
99_1.png,SRF,43,60.46511459350586,119.4319839477539,-58.96686935424805,-0.49372762140536314,544
99_1.png,IRF,45,68.13333129882812,124.17943572998047,-56.046104431152344,-0.4513316081820559,496
99_1.png,IRF,223,65.53363037109375,115.65384674072266,-50.120216369628906,-0.4333640236108219,832
99_1.png,IRF,109,55.541282653808594,104.4361343383789,-48.89485168457031,-0.46817944760525376,548
99_1.png,IRF,1018,41.76620864868164,96.68142700195312,-54.915218353271484,-0.568001735764224,1626
99_1.png,IRF,245,55.1877555847168,98.48340606689453,-43.295650482177734,-0.439623812896655,904
99_1.png,IRF,34,55.264705657958984,90.453125,-35.188419342041016,-0.3890238103110425,512
99_1.png,PED,10097,64.45429229736328,91.69779205322266,-27.243499755859375,-0.2971009349935806,7068
99_10.png,IRF,32,51.96875,75.84427642822266,-23.875526428222656,-0.31479668015315465,533
99_10.png,IRF,55,52.9636344909668,97.37310791015625,-44.40947341918945,-0.4560753412550514,528
99_10.png,IRF,178,53.41011047363281,100.94230651855469,-47.532196044921875,-0.47088478244931675,572
99_10.png,IRF,126,57.66666793823242,80.22119140625,-22.554523468017578,-0.28115418223843985,755
99_10.png,IRF,187,50.935829162597656,103.05459594726562,-52.11876678466797,-0.5057393734417999,696
99_10.png,IRF,79,53.35443115234375,90.92280578613281,-37.56837463378906,-0.4131897856535224,570
99_10.png,IRF,157,42.61146545410156,95.30744934082031,-52.69598388671875,-0.5529051952516054,631
99_10.png,IRF,51,55.411766052246094,80.79596710205078,-25.384201049804688,-0.31417658529593095,397
99_10.png,IRF,9,28.55555534362793,94.390625,-65.83506965637207,-0.6974746661161749,384
99_10.png,IRF,208,56.17307662963867,86.81637573242188,-30.643299102783203,-0.3529668089028434,806
99_10.png,IRF,68,56.72058868408203,93.5540542602539,-36.833465576171875,-0.3937131946597042,592
99_10.png,IRF,54,45.092594146728516,76.71161651611328,-31.619022369384766,-0.4121803685722512,482
99_10.png,IRF,108,56.98147964477539,97.97101593017578,-40.98953628540039,-0.41838431393437575,414
99_10.png,IRF,177,46.87570571899414,89.66472625732422,-42.78902053833008,-0.47721129951963553,859
99_10.png,PED,8692,74.64311981201172,90.32987213134766,-15.686752319335938,-0.17366073868150733,6454
99_11.png,IRF,167,54.7784423828125,105.23302459716797,-50.45458221435547,-0.47945578308231296,648
99_11.png,IRF,166,58.33132553100586,102.12369537353516,-43.7923698425293,-0.42881693305702556,671
99_11.png,IRF,77,54.16883087158203,84.02896118164062,-29.860130310058594,-0.355355223843737,587
99_11.png,IRF,128,45.2421875,93.57450103759766,-48.332313537597656,-0.5165115816987155,604
99_11.png,IRF,46,43.65217208862305,95.609375,-51.95720291137695,-0.543432094513503,512
99_11.png,IRF,97,50.835052490234375,89.37865447998047,-38.543601989746094,-0.43123945212645043,581
99_11.png,IRF,345,52.16811752319336,85.17196655273438,-33.003849029541016,-0.38749661849250155,849
99_11.png,IRF,17,59.52941131591797,92.40277862548828,-32.87336730957031,-0.35576167512026047,432
99_11.png,IRF,134,46.649253845214844,83.55007934570312,-36.90082550048828,-0.44166116644611,629
99_11.png,IRF,34,50.117645263671875,91.61858367919922,-41.500938415527344,-0.4529751143156951,409
99_11.png,PED,6826,76.41078186035156,90.05036163330078,-13.639579772949219,-0.1514661299028618,5679
99_12.png,IRF,142,47.56338119506836,105.40116119384766,-57.8377799987793,-0.5487394953117019,688
99_12.png,IRF,41,50.878047943115234,98.63541412353516,-47.75736618041992,-0.48418072357466435,480
99_12.png,IRF,53,56.50943374633789,80.36042022705078,-23.85098648071289,-0.29680017119527474,480
99_12.png,IRF,225,47.56888961791992,77.52374267578125,-29.954853057861328,-0.38639585788753916,716
99_12.png,IRF,88,55.5113639831543,87.84380340576172,-32.33243942260742,-0.36806738971967967,589
99_12.png,IRF,543,43.20810317993164,87.26187896728516,-44.053775787353516,-0.504845601638597,1073
99_12.png,IRF,40,46.54999923706055,80.20494079589844,-33.65494155883789,-0.4196118247188951,405
99_12.png,PED,8327,79.11048126220703,89.73273468017578,-10.62225341796875,-0.11837657077797131,5646
99_13.png,IRF,36,40.61111068725586,76.0241928100586,-35.413082122802734,-0.4658133261773653,496
99_13.png,IRF,242,64.60743713378906,100.06835174560547,-35.460914611816406,-0.3543669301355679,790
99_13.png,IRF,200,53.625,86.26927947998047,-32.64427947998047,-0.37839981598033234,791
99_13.png,IRF,44,62.45454406738281,99.96038055419922,-37.505836486816406,-0.3752070198100184,530
99_13.png,IRF,28,46.0,88.27110290527344,-42.27110290527344,-0.4788781550700224,391
99_13.png,IRF,382,44.23822021484375,88.2204818725586,-43.982261657714844,-0.49854932464833585,957
99_13.png,IRF,88,44.068180084228516,82.47627258300781,-38.4080924987793,-0.46568657016020787,569
99_13.png,PED,8071,77.09527587890625,93.83653259277344,-16.741256713867188,-0.17840873113374683,5995
99_14.png,IRF,19,58.68421173095703,84.94196319580078,-26.25775146484375,-0.3091257898562655,448
99_14.png,IRF,11,50.09090805053711,104.78378295898438,-54.692874908447266,-0.5219593467994542,370
99_14.png,IRF,30,63.33333206176758,107.67146301269531,-44.338130950927734,-0.4117909212926727,417
99_14.png,IRF,166,56.072288513183594,103.9533920288086,-47.881103515625,-0.46060164638356116,708
99_14.png,IRF,181,48.613258361816406,84.22295379638672,-35.60969543457031,-0.42280273760830767,758
99_14.png,IRF,130,57.31538391113281,103.07516479492188,-45.75978088378906,-0.4439457455618201,612
99_14.png,IRF,76,54.27631759643555,86.19548797607422,-31.919170379638672,-0.37031138321879054,665
99_14.png,IRF,77,44.558441162109375,78.46154022216797,-33.903099060058594,-0.432098311657663,507
99_14.png,IRF,90,40.67777633666992,80.0155029296875,-39.33772659301758,-0.4916263118109131,645
99_14.png,PED,7109,80.33309936523438,91.35929107666016,-11.026191711425781,-0.12069042547816658,6755
99_15.png,IRF,32,65.59375,93.97265625,-28.37890625,-0.30199110446024025,512
99_15.png,IRF,320,55.025001525878906,101.4026107788086,-46.37760925292969,-0.4573610964918254,1073
99_15.png,IRF,24,59.375,105.1875,-45.8125,-0.4355317884729649,448
99_15.png,IRF,66,63.878787994384766,94.41220092773438,-30.53341293334961,-0.3234053716925919,541
99_15.png,IRF,89,57.7752799987793,85.2691650390625,-27.493885040283203,-0.3224364285458645,561
99_15.png,IRF,17,62.82352828979492,105.48558044433594,-42.662052154541016,-0.4044349187333098,416
99_15.png,IRF,280,41.96071243286133,84.42584991455078,-42.46513748168945,-0.5029873850801542,944
99_15.png,IRF,55,47.16363525390625,84.50961303710938,-37.345977783203125,-0.4419139603302168,624
99_15.png,PED,8114,78.37244415283203,97.42567443847656,-19.05323028564453,-0.19556682974441686,6855
99_16.png,IRF,28,36.17856979370117,108.48960876464844,-72.31103897094727,-0.6665250229431187,433
99_16.png,IRF,45,49.06666564941406,98.45358276367188,-49.38691711425781,-0.5016264083837989,474
99_16.png,IRF,73,48.61643981933594,88.4868392944336,-39.870399475097656,-0.4505799935110324,456
99_16.png,IRF,166,47.10843276977539,102.105712890625,-54.99728012084961,-0.5386307833701954,700
99_16.png,IRF,47,52.0,87.20858764648438,-35.208587646484375,-0.4037284468957196,489
99_16.png,IRF,110,53.95454406738281,82.82630920410156,-28.87176513671875,-0.34858205580032076,593
99_16.png,IRF,46,62.739131927490234,107.95525360107422,-45.216121673583984,-0.4188413269878517,514
99_16.png,IRF,165,47.38787841796875,83.09477233886719,-35.70689392089844,-0.429712879834159,612
99_16.png,IRF,69,42.739131927490234,81.56512451171875,-38.825992584228516,-0.47601217820307806,453
99_16.png,IRF,152,42.42763137817383,90.09156799316406,-47.663936614990234,-0.5290610173263591,688
99_16.png,IRF,45,52.33333206176758,90.23529052734375,-37.90195846557617,-0.4200347585082673,544
99_16.png,PED,8418,82.53160095214844,106.5826644897461,-24.051063537597656,-0.2256564297087123,8341
99_17.png,IRF,41,55.975608825683594,99.02620697021484,-43.05059814453125,-0.4347394438472235,496
99_17.png,IRF,255,50.537254333496094,88.27532958984375,-37.738075256347656,-0.42750421246446973,908
99_17.png,IRF,80,52.48749923706055,82.09642791748047,-29.608928680419922,-0.36066037745492957,560
99_17.png,IRF,90,51.35555648803711,84.94477081298828,-33.58921432495117,-0.3954241562308776,507
99_17.png,IRF,421,40.70783996582031,77.23809814453125,-36.53025817871094,-0.47295646910354977,1155
99_17.png,IRF,24,41.625,92.65096282958984,-51.025962829589844,-0.5507332171327823,467
99_17.png,PED,8829,84.32698822021484,110.29945373535156,-25.97246551513672,-0.23547229506189662,8048
99_18.png,IRF,38,52.76315689086914,104.16322326660156,-51.40006637573242,-0.49345694923606603,484
99_18.png,IRF,12,49.91666793823242,103.76056671142578,-53.84389877319336,-0.5189244862447753,355
99_18.png,IRF,186,58.05376434326172,96.25682830810547,-38.20306396484375,-0.39688679376138136,732
99_18.png,IRF,76,58.31578826904297,94.29340362548828,-35.97761535644531,-0.3815496521828836,576
99_18.png,IRF,87,48.33333206176758,81.05146026611328,-32.7181282043457,-0.4036710516617896,583
99_18.png,IRF,11,69.18181610107422,107.38999938964844,-38.20818328857422,-0.3557890260334352,400
99_18.png,IRF,170,58.858821868896484,109.91743469238281,-51.05861282348633,-0.4645178716768637,654
99_18.png,IRF,405,40.41728210449219,89.20863342285156,-48.791351318359375,-0.5469353071141324,973
99_18.png,IRF,237,46.29535675048828,82.2330551147461,-35.93769836425781,-0.43702253691184384,605
99_18.png,IRF,93,49.78494644165039,102.6771011352539,-52.892154693603516,-0.5151309698929856,607
99_18.png,IRF,10,33.20000076293945,78.14322662353516,-44.9432258605957,-0.5751391106117918,384
99_18.png,IRF,9,54.11111068725586,117.3905029296875,-63.27939224243164,-0.5390503546980595,379
99_18.png,PED,8571,91.06008911132812,111.42163848876953,-20.361549377441406,-0.18274322343135976,8282
99_19.png,IRF,62,69.83870697021484,103.19786071777344,-33.359153747558594,-0.32325431472644134,561
99_19.png,IRF,31,54.709678649902344,88.483642578125,-33.773963928222656,-0.38169726001506504,428
99_19.png,IRF,182,49.016483306884766,96.9708023071289,-47.95431900024414,-0.49452327772190385,685
99_19.png,IRF,5,50.79999923706055,91.14195251464844,-40.34195327758789,-0.44262770507471944,317
99_19.png,IRF,97,47.659793853759766,87.38374328613281,-39.72394943237305,-0.4545919863183174,529
99_19.png,IRF,367,53.41144561767578,109.72364807128906,-56.31220245361328,-0.5132184669710071,778
99_19.png,IRF,144,43.77777862548828,103.64889526367188,-59.871116638183594,-0.5776339099985367,544
99_19.png,IRF,223,51.085201263427734,79.02871704101562,-27.94351577758789,-0.3535868583452431,766
99_19.png,IRF,77,53.14285659790039,92.84375,-39.70089340209961,-0.4276097572760645,576
99_19.png,IRF,15,49.86666488647461,107.22704315185547,-57.36037826538086,-0.5349432062968184,392
99_19.png,PED,8740,93.89405059814453,111.56922149658203,-17.6751708984375,-0.15842335960889523,8422
99_2.png,IRF,82,69.53658294677734,129.3385467529297,-59.801963806152344,-0.46236768007289947,576
99_2.png,IRF,199,64.59296417236328,123.54904174804688,-58.956077575683594,-0.47718765553772985,785
99_2.png,IRF,228,60.83333206176758,114.53485870361328,-53.7015266418457,-0.46886622334612926,832
99_2.png,IRF,46,79.15217590332031,111.89717864990234,-32.74500274658203,-0.2926347486296573,496
99_2.png,IRF,43,59.83720779418945,95.94757843017578,-36.11037063598633,-0.3763552059030342,496
99_2.png,IRF,22,40.6363639831543,77.71527862548828,-37.078914642333984,-0.4771122911495708,432
99_2.png,IRF,224,44.95089340209961,87.42166900634766,-42.47077560424805,-0.485815199903862,766
99_2.png,IRF,118,53.779659271240234,84.57579803466797,-30.796138763427734,-0.36412471982592787,752
99_2.png,IRF,43,40.25581359863281,84.37890625,-44.12309265136719,-0.5229161482685987,512
99_2.png,IRF,76,51.96052551269531,90.24285888671875,-38.28233337402344,-0.42421454557505756,490
99_2.png,IRF,122,44.99180221557617,71.18181610107422,-26.190013885498047,-0.36793124030875646,528
99_2.png,IRF,341,42.04985427856445,87.76436614990234,-45.71451187133789,-0.5208778217945206,870
99_2.png,IRF,75,49.733333587646484,91.1312484741211,-41.39791488647461,-0.4542669565009914,640
99_2.png,IRF,108,43.12036895751953,75.36441040039062,-32.244041442871094,-0.4278417527791602,472
99_2.png,IRF,18,27.0,89.46634674072266,-62.466346740722656,-0.6982105452651691,416
99_2.png,IRF,264,43.44696807861328,93.09879302978516,-49.651824951171875,-0.5333240457294299,992
99_2.png,IRF,62,53.25806427001953,85.11607360839844,-31.858009338378906,-0.3742889913478747,560
99_2.png,PED,10769,69.7944107055664,103.27654266357422,-33.48213195800781,-0.3241988073426959,8270
99_20.png,IRF,305,54.0950813293457,95.48199462890625,-41.38691329956055,-0.43345254213018986,944
99_20.png,IRF,349,54.67048645019531,102.71444702148438,-48.04396057128906,-0.4677429705797851,872
99_20.png,IRF,181,60.690608978271484,109.7585678100586,-49.06795883178711,-0.4470535632052077,642
99_20.png,IRF,62,59.30644989013672,106.9231948852539,-47.61674499511719,-0.4453359726691458,638
99_20.png,IRF,364,41.126373291015625,76.87867736816406,-35.75230407714844,-0.4650483762348608,1088
99_20.png,IRF,61,51.62295150756836,82.14527130126953,-30.522319793701172,-0.37156514684527503,592
99_20.png,PED,9541,91.916259765625,110.62670135498047,-18.71044158935547,-0.16913133411903106,8299
99_21.png,IRF,278,56.59712219238281,103.33480072021484,-46.73767852783203,-0.4522936919806629,908
99_21.png,IRF,276,54.33695602416992,95.54827880859375,-41.21132278442383,-0.4313141303882621,901
99_21.png,IRF,28,74.14286041259766,94.94866180419922,-20.805801391601562,-0.21912685230368778,448
99_21.png,IRF,642,48.119937896728516,102.96057891845703,-54.840641021728516,-0.532637263677017,1649
99_21.png,IRF,180,44.06666564941406,92.35637664794922,-48.289710998535156,-0.5228627708361644,651
99_21.png,IRF,21,37.42856979370117,84.36637878417969,-46.937808990478516,-0.556356805482331,464
99_21.png,IRF,576,44.86631774902344,89.63084411621094,-44.7645263671875,-0.49943216320877243,1219
99_21.png,IRF,28,45.60714340209961,89.99193572998047,-44.38479232788086,-0.49320855216468285,496
99_21.png,IRF,109,52.76146697998047,87.02965545654297,-34.2681884765625,-0.3937530063378665,843
99_21.png,PED,9444,88.29913330078125,111.4015884399414,-23.102455139160156,-0.20737994370354157,7921
99_22.png,IRF,330,52.04545593261719,101.53483581542969,-49.4893798828125,-0.48741281241419876,976
99_22.png,IRF,160,56.974998474121094,91.4747314453125,-34.499732971191406,-0.3771504154873285,752
99_22.png,IRF,52,41.11538314819336,88.16602325439453,-47.05064010620117,-0.5336595478559932,518
99_22.png,IRF,75,44.040000915527344,99.51520538330078,-55.47520446777344,-0.5574545543477569,526
99_22.png,IRF,243,38.946502685546875,74.33002471923828,-35.383522033691406,-0.4760326956346801,806
99_22.png,IRF,79,55.531646728515625,97.25843048095703,-41.726783752441406,-0.42902999304118333,534
99_22.png,IRF,308,42.66233825683594,89.13961029052734,-46.477272033691406,-0.5213986451389101,881
99_22.png,IRF,59,45.915252685546875,106.80178833007812,-60.88653564453125,-0.5700891024067622,560
99_22.png,IRF,12,32.75,74.62712097167969,-41.87712097167969,-0.5611515013097138,295
99_22.png,IRF,16,35.625,76.89351654052734,-41.268516540527344,-0.5366969596035635,432
99_22.png,PED,7064,88.23343658447266,109.46361541748047,-21.230178833007812,-0.19394735640731928,7888
99_3.png,IRF,192,53.97395706176758,102.55585479736328,-48.5818977355957,-0.4737115967838898,752
99_3.png,IRF,49,52.57143020629883,113.4177474975586,-60.846317291259766,-0.5364796835924601,462
99_3.png,IRF,125,55.36000061035156,121.1744155883789,-65.81441497802734,-0.5431378782266576,688
99_3.png,IRF,89,49.59550476074219,103.41049194335938,-53.81498718261719,-0.5204016166182931,553
99_3.png,IRF,48,55.375,100.61883544921875,-45.24383544921875,-0.4496557254635771,446
99_3.png,IRF,110,55.0363655090332,93.19999694824219,-38.163631439208984,-0.4094810374339693,640
99_3.png,IRF,154,44.681819915771484,89.45682525634766,-44.77500534057617,-0.5005208402183827,637
99_3.png,IRF,100,51.58000183105469,75.48355102539062,-23.903549194335938,-0.3166722930972793,608
99_3.png,IRF,11,37.45454406738281,87.18873596191406,-49.73419189453125,-0.5704199211725725,355
99_3.png,IRF,122,59.71311569213867,87.46884155273438,-27.755725860595703,-0.3173212925640722,706
99_3.png,IRF,433,41.321014404296875,83.92635345458984,-42.60533905029297,-0.5076514979689366,1032
99_3.png,IRF,241,47.63900375366211,94.68064880371094,-47.04164505004883,-0.49684540235433056,930
99_3.png,PED,9459,72.65694427490234,102.5333251953125,-29.876380920410156,-0.29138215173944254,8132
99_4.png,IRF,22,74.2727279663086,94.515625,-20.242897033691406,-0.21417513806517607,512
99_4.png,IRF,68,82.02941131591797,125.54367065429688,-43.514259338378906,-0.34660655620148206,561
99_4.png,IRF,121,49.70248031616211,96.05640411376953,-46.35392379760742,-0.48256984243034623,656
99_4.png,IRF,56,61.08928680419922,100.08045959472656,-38.991172790527344,-0.38959825872524134,522
99_4.png,IRF,48,57.39583206176758,98.12525939941406,-40.729427337646484,-0.41507586921996653,487
99_4.png,IRF,33,51.45454406738281,95.21770477294922,-43.763160705566406,-0.4596115901966087,418
99_4.png,IRF,86,57.19767379760742,116.37673950195312,-59.1790657043457,-0.5085128347606999,576
99_4.png,IRF,175,44.31428527832031,78.2249984741211,-33.91071319580078,-0.4335022544873471,760
99_4.png,IRF,360,50.21111297607422,93.2314224243164,-43.02030944824219,-0.4614357298170078,1184
99_4.png,IRF,312,51.66345977783203,85.30776977539062,-33.644309997558594,-0.3943874055803088,1017
99_4.png,IRF,294,58.812923431396484,94.89261627197266,-36.07969284057617,-0.3802160195179761,1043
99_4.png,IRF,45,52.20000076293945,84.42010498046875,-32.2201042175293,-0.3816638729006991,388
99_4.png,IRF,248,43.50806427001953,85.01544189453125,-41.50737762451172,-0.48823339265830185,777
99_4.png,IRF,119,39.29411697387695,91.70625305175781,-52.41213607788086,-0.5715219446191977,640
99_4.png,PED,7060,66.91968536376953,86.96021270751953,-20.04052734375,-0.23045628247430766,6912
99_5.png,IRF,7,41.0,88.34091186523438,-47.340911865234375,-0.5358888748788757,352
99_5.png,IRF,169,61.46745681762695,122.91355895996094,-61.446102142333984,-0.4999131313279281,671
99_5.png,IRF,96,69.98958587646484,122.21761322021484,-52.22802734375,-0.4273363385819374,579
99_5.png,IRF,331,50.120845794677734,98.55113983154297,-48.430294036865234,-0.49142297206961677,1007
99_5.png,IRF,98,50.3979606628418,96.5446548461914,-46.14669418334961,-0.47798290083347944,571
99_5.png,IRF,77,52.19480514526367,102.86129760742188,-50.6664924621582,-0.49257100231741974,584
99_5.png,IRF,145,46.9862060546875,84.81783294677734,-37.831626892089844,-0.4460338772841432,774
99_5.png,IRF,66,57.287879943847656,104.44918823242188,-47.16130828857422,-0.45152393318395334,492
99_5.png,IRF,526,47.92015075683594,92.93258666992188,-45.01243591308594,-0.4843557844027433,1424
99_5.png,IRF,59,43.59321975708008,93.07321166992188,-49.4799919128418,-0.531624417220278,560
99_5.png,IRF,206,46.96116638183594,89.37625122070312,-42.41508483886719,-0.47456773202680663,800
99_5.png,PED,7123,68.54092407226562,85.78453826904297,-17.243614196777344,-0.2010107479123664,6391
99_6.png,IRF,86,84.81395721435547,121.9791030883789,-37.16514587402344,-0.3046845314733603,622
99_6.png,IRF,129,46.73643493652344,98.21028137207031,-51.473846435546875,-0.5241187146235521,642
99_6.png,IRF,155,64.02581024169922,95.6477279663086,-31.621917724609375,-0.3306081429947612,704
99_6.png,IRF,523,54.75334548950195,86.34786224365234,-31.59451675415039,-0.3658980770710741,1193
99_6.png,IRF,83,48.44578170776367,96.16984558105469,-47.724063873291016,-0.4962476916225036,577
99_6.png,IRF,174,71.73563385009766,101.91168975830078,-30.176055908203125,-0.29610004485030395,804
99_6.png,IRF,18,49.72222137451172,95.9076919555664,-46.18547058105469,-0.4815616937424811,390
99_6.png,IRF,172,47.401161193847656,95.1099853515625,-47.708824157714844,-0.5016174062204402,691
99_6.png,IRF,13,43.38461685180664,88.44044494628906,-45.05582809448242,-0.5094482295045594,361
99_6.png,IRF,80,52.92499923706055,87.70486450195312,-34.77986526489258,-0.39655571515212884,576
99_6.png,IRF,300,48.88999938964844,97.98123931884766,-49.09123992919922,-0.5010269340383413,853
99_6.png,IRF,19,57.47368240356445,94.37715148925781,-36.90346908569336,-0.3910212218038153,464
99_6.png,IRF,7,27.571428298950195,78.52381134033203,-50.952383041381836,-0.6488781195368604,231
99_6.png,IRF,139,43.61151123046875,66.25662994384766,-22.645118713378906,-0.34177890925890125,830
99_6.png,IRF,313,46.01597595214844,96.98274230957031,-50.966766357421875,-0.5255240792710854,869
99_6.png,IRF,52,48.82692337036133,82.68218994140625,-33.85526657104492,-0.40946262544614354,494
99_6.png,IRF,13,48.53845977783203,97.2555923461914,-48.717132568359375,-0.5009185733499588,313
99_6.png,IRF,21,63.71428680419922,90.42025756835938,-26.705970764160156,-0.29535384528151726,464
99_6.png,IRF,306,35.79411697387695,90.90292358398438,-55.10880661010742,-0.6062380002464156,855
99_6.png,IRF,187,45.556148529052734,95.27662658691406,-49.72047805786133,-0.5218538883983774,629
99_6.png,PED,9067,76.14006805419922,99.11292266845703,-22.972854614257812,-0.2317846552775402,8156
99_7.png,IRF,167,54.22754669189453,106.30823516845703,-52.0806884765625,-0.48990267211223054,704
99_7.png,IRF,29,57.75862121582031,98.58333587646484,-40.82471466064453,-0.41411374749787466,468
99_7.png,IRF,21,53.28571319580078,105.67684173583984,-52.39112854003906,-0.49576735715665166,393
99_7.png,IRF,63,47.507938385009766,94.5047836303711,-46.99684524536133,-0.49729594037457703,523
99_7.png,IRF,147,56.80952453613281,97.12482452392578,-40.31529998779297,-0.41508749370107406,721
99_7.png,IRF,764,45.69502639770508,98.41058349609375,-52.71555709838867,-0.5356695918836933,1739
99_7.png,IRF,50,53.13999938964844,91.73491668701172,-38.59491729736328,-0.4207222145199565,547
99_7.png,IRF,130,49.338462829589844,86.55000305175781,-37.21154022216797,-0.429942679492629,620
99_7.png,IRF,92,42.90217208862305,78.34475708007812,-35.44258499145508,-0.45239255710791637,496
99_7.png,IRF,204,44.539215087890625,89.93231201171875,-45.393096923828125,-0.5047473584123259,783
99_7.png,PED,9619,65.83584594726562,88.2764892578125,-22.440643310546875,-0.2542086063822579,6351
99_8.png,SRF,92,60.119564056396484,112.69664764404297,-52.577083587646484,-0.4665363583281854,656
99_8.png,IRF,118,59.423728942871094,109.8446044921875,-50.420875549316406,-0.45902004729692936,843
99_8.png,IRF,32,84.5,121.27620697021484,-36.776206970214844,-0.3032433804534058,496
99_8.png,IRF,28,46.82143020629883,95.21428680419922,-48.39285659790039,-0.5082520514743396,448
99_8.png,IRF,20,51.04999923706055,75.0625,-24.012500762939453,-0.3199000934280027,432
99_8.png,IRF,77,48.493507385253906,88.33333587646484,-39.83982849121094,-0.4510169133307428,576
99_8.png,IRF,321,48.33956527709961,100.13993072509766,-51.80036544799805,-0.5172798210755656,829
99_8.png,IRF,250,49.400001525878906,97.32111358642578,-47.921112060546875,-0.4924020111832223,791
99_8.png,IRF,318,49.588050842285156,88.00667572021484,-38.41862487792969,-0.43654216641550814,1048
99_8.png,IRF,40,38.349998474121094,88.35624694824219,-50.006248474121094,-0.5659616631681292,480
99_8.png,IRF,216,46.13888931274414,88.17610168457031,-42.03721237182617,-0.47674156113415644,795
99_8.png,IRF,14,31.571428298950195,77.88426208496094,-46.31283378601074,-0.5946366126636708,432
99_8.png,PED,8757,71.26173400878906,89.86038208007812,-18.598648071289062,-0.20697272413904355,6747
99_9.png,IRF,18,51.05555725097656,92.5445327758789,-41.488975524902344,-0.44831363107509425,393
99_9.png,IRF,486,56.695472717285156,83.90523529052734,-27.209762573242188,-0.3242915949049736,1203
99_9.png,IRF,72,57.02777862548828,100.73848724365234,-43.71070861816406,-0.43390276957844953,543
99_9.png,IRF,493,47.886409759521484,96.70052337646484,-48.81411361694336,-0.5047967881921912,1339
99_9.png,IRF,157,45.59235763549805,91.77374267578125,-46.1813850402832,-0.5032091281646106,716
99_9.png,IRF,114,44.1315803527832,91.71531677246094,-47.583736419677734,-0.5188199538985352,555
99_9.png,IRF,56,48.17856979370117,79.37860107421875,-31.200031280517578,-0.39305342823244827,486
99_9.png,IRF,208,41.028846740722656,77.9828872680664,-36.95404052734375,-0.47387371540007395,935
99_9.png,IRF,51,49.54901885986328,84.47142791748047,-34.92240905761719,-0.413422738535125,560
99_9.png,IRF,234,37.41880416870117,82.55439758300781,-45.13559341430664,-0.5467376025477401,864
99_9.png,PED,10318,78.9580307006836,97.11318969726562,-18.15515899658203,-0.18694843669719582,7695
9_1.png,SRF,144,126.98611450195312,165.32421875,-38.338104248046875,-0.23189647916026745,768
9_1.png,SRF,135,134.8148193359375,154.24215698242188,-19.427337646484375,-0.12595348785674984,797
9_1.png,PED,489,192.38650512695312,131.2230224609375,61.163482666015625,0.4661032913201095,1112
9_10.png,SRF,274,137.90145874023438,164.42408752441406,-26.522628784179688,-0.1613062245532702,1021
9_10.png,SRF,277,113.02165985107422,140.2204132080078,-27.198753356933594,-0.19397142494927627,1166
9_2.png,SRF,173,129.37571716308594,155.08460998535156,-25.708892822265625,-0.16577333382528378,851
9_2.png,SRF,347,130.5100860595703,149.60232543945312,-19.092239379882812,-0.12761993721554682,1373
9_2.png,PED,380,184.55526733398438,145.08570861816406,39.46955871582031,0.2720430502200332,945
9_3.png,SRF,281,133.16726684570312,160.2344512939453,-27.067184448242188,-0.16892237736433002,1045
9_3.png,SRF,615,139.26991271972656,150.9121551513672,-11.642242431640625,-0.0771458231443536,1662
9_3.png,PED,273,172.6593475341797,154.3804931640625,18.278854370117188,0.1184013212776304,820
9_5.png,SRF,953,130.65582275390625,150.28421020507812,-19.628387451171875,-0.1306084479825721,2558
9_6.png,SRF,91,139.38461303710938,174.9241180419922,-35.53950500488281,-0.2031709829535983,738
9_6.png,SRF,308,118.25,139.5975799560547,-21.347579956054688,-0.15292227818544493,1076
9_8.png,SRF,659,130.29893493652344,168.9668731689453,-38.667938232421875,-0.22884922652121797,2204
9_9.png,SRF,102,116.9117660522461,187.3470001220703,-70.43523406982422,-0.37596136593556606,683
9_9.png,SRF,150,117.63999938964844,149.19467163085938,-31.554672241210938,-0.2114999945794591,750
